datetime,open,high,low,close
2012-12-03 22:00:00,85.629,85.915,85.411,85.695
2012-12-04 22:00:00,85.694,86.247,85.653,86.135
2012-12-05 22:00:00,86.135,86.562,85.970,86.273
2012-12-06 22:00:00,86.274,86.701,86.085,86.473
2012-12-09 22:00:00,86.556,86.605,86.035,86.330
2012-12-10 22:00:00,86.331,86.949,86.148,86.939
2012-12-11 22:00:00,86.938,88.048,86.882,87.738
2012-12-12 22:00:00,87.740,88.293,87.674,87.993
2012-12-13 22:00:00,87.992,88.524,87.791,88.209
2012-12-16 22:00:00,88.905,88.908,88.066,88.434
2012-12-17 22:00:00,88.433,88.742,88.210,88.620
2012-12-18 22:00:00,88.622,88.866,87.876,88.055
2012-12-19 22:00:00,88.056,88.510,87.832,88.356
2012-12-20 22:00:00,88.357,88.472,87.522,87.601
2012-12-23 22:00:00,87.797,87.989,87.641,87.863
2012-12-25 22:00:00,88.365,88.832,88.339,88.627
2012-12-26 22:00:00,88.628,89.499,88.610,89.387
2012-12-27 22:00:00,89.388,89.805,89.015,89.025
2012-12-30 22:00:00,88.998,90.145,88.988,89.885
2012-12-31 22:00:00,90.067,90.261,89.910,90.009
2013-01-01 22:00:00,90.012,91.734,89.805,91.697
2013-01-02 22:00:00,91.693,91.700,91.100,91.430
2013-01-03 22:00:00,91.431,92.455,91.402,92.344
2013-01-06 22:00:00,92.813,92.819,91.745,91.876
2013-01-07 22:00:00,91.878,92.113,91.179,91.206
2013-01-08 22:00:00,91.203,92.537,91.201,92.476
2013-01-09 22:00:00,92.473,94.331,92.323,94.169
2013-01-10 22:00:00,94.175,94.495,93.772,93.934
2013-01-13 22:00:00,94.239,94.636,94.054,94.456
2013-01-14 22:00:00,94.455,94.622,93.094,93.783
2013-01-15 22:00:00,93.781,93.840,92.461,93.546
2013-01-16 22:00:00,93.548,94.980,92.528,94.825
2013-01-17 22:00:00,94.828,94.999,94.161,94.656
2013-01-20 22:00:00,94.675,94.758,93.930,94.407
2013-01-21 22:00:00,94.402,94.886,93.292,93.712
2013-01-22 22:00:00,93.711,93.783,92.793,93.251
2013-01-23 22:00:00,93.249,94.656,93.005,94.504
2013-01-24 22:00:00,94.504,95.080,94.331,94.730
2013-01-27 22:00:00,94.848,94.995,94.086,94.323
2013-01-28 22:00:00,94.321,95.036,94.169,94.975
2013-01-29 22:00:00,94.975,95.452,94.706,94.837
2013-01-30 22:00:00,94.837,95.712,94.245,95.679
2013-01-31 22:00:00,95.678,96.703,95.392,96.574
2013-02-03 22:00:00,96.697,97.068,95.956,96.083
2013-02-04 22:00:00,96.081,97.406,95.946,97.315
2013-02-05 22:00:00,97.316,97.344,96.097,96.391
2013-02-06 22:00:00,96.392,97.026,95.815,96.371
2013-02-07 22:00:00,96.370,96.386,95.123,95.605
2013-02-10 22:00:00,95.418,96.856,95.159,96.683
2013-02-11 22:00:00,96.684,96.861,95.787,96.113
2013-02-12 22:00:00,96.114,96.827,96.057,96.546
2013-02-13 22:00:00,96.545,96.964,95.975,96.248
2013-02-14 22:00:00,96.249,96.679,95.528,96.322
2013-02-17 22:00:00,96.475,96.912,96.451,96.734
2013-02-18 22:00:00,96.732,96.920,96.470,96.861
2013-02-19 22:00:00,96.859,97.060,95.831,96.118
2013-02-20 22:00:00,96.116,96.186,95.043,95.672
2013-02-21 22:00:00,95.673,96.558,95.620,96.379
2013-02-24 22:00:00,96.981,97.127,93.560,94.573
2013-02-25 22:00:00,94.577,95.287,93.043,94.016
2013-02-26 22:00:00,94.009,94.552,92.961,94.221
2013-02-27 22:00:00,94.222,95.096,94.098,94.653
2013-02-28 22:00:00,94.656,95.615,94.406,95.462
2013-03-03 22:00:00,95.412,95.502,94.446,95.267
2013-03-04 22:00:00,95.264,95.774,95.015,95.723
2013-03-05 22:00:00,95.719,96.384,95.628,96.110
2013-03-06 22:00:00,96.113,97.585,96.062,97.479
2013-03-07 22:00:00,97.480,98.952,97.356,98.198
2013-03-10 22:00:00,98.128,99.256,98.052,99.256
2013-03-11 22:00:00,99.257,99.568,98.468,98.905
2013-03-12 22:00:00,98.905,99.210,98.545,98.814
2013-03-13 22:00:00,98.819,99.972,98.811,99.683
2013-03-14 22:00:00,99.685,99.839,98.946,99.160
2013-03-17 22:00:00,98.284,99.343,97.720,99.105
2013-03-18 22:00:00,99.103,99.447,98.168,98.516
2013-03-19 22:00:00,98.513,99.774,98.284,99.629
2013-03-20 22:00:00,99.628,99.691,98.710,99.192
2013-03-21 22:00:00,99.200,99.209,98.348,98.642
2013-03-24 22:00:00,98.843,99.391,97.727,98.591
2013-03-25 22:00:00,98.594,99.186,98.244,99.172
2013-03-26 22:00:00,99.171,99.282,97.988,98.530
2013-03-27 22:00:00,98.528,98.664,97.809,98.166
2013-03-28 22:00:00,98.163,98.189,97.839,98.109
2013-03-31 21:00:00,98.126,98.246,97.049,97.151
2013-04-01 21:00:00,97.151,97.855,96.909,97.607
2013-04-02 21:00:00,97.607,98.101,96.989,97.333
2013-04-03 21:00:00,97.336,100.575,96.972,100.495
2013-04-04 21:00:00,100.490,101.728,99.768,101.246
2013-04-07 21:00:00,101.868,103.606,101.666,103.595
2013-04-08 21:00:00,103.595,104.345,102.833,104.018
2013-04-09 21:00:00,104.012,105.266,103.699,105.211
2013-04-10 21:00:00,105.211,105.420,104.389,105.174
2013-04-11 21:00:00,105.173,105.203,103.056,103.317
2013-04-14 21:00:00,103.219,103.828,98.731,99.603
2013-04-15 21:00:00,99.613,101.867,99.584,101.538
2013-04-16 21:00:00,101.525,102.065,99.907,101.282
2013-04-17 21:00:00,101.282,101.793,100.267,101.191
2013-04-18 21:00:00,101.191,102.866,100.883,102.210
2013-04-21 21:00:00,102.518,102.929,101.336,101.978
2013-04-22 21:00:00,101.981,102.141,100.758,102.049
2013-04-23 21:00:00,102.053,102.517,101.531,102.294
2013-04-24 21:00:00,102.301,102.654,102.021,102.226
2013-04-25 21:00:00,102.226,102.451,100.303,100.701
2013-04-28 21:00:00,100.753,101.607,100.309,101.203
2013-04-29 21:00:00,101.203,101.539,100.506,100.910
2013-04-30 21:00:00,100.910,101.117,99.758,99.978
2013-05-01 21:00:00,99.983,100.904,99.283,100.320
2013-05-02 21:00:00,100.323,102.323,100.323,102.091
2013-05-05 21:00:00,102.176,102.190,101.423,101.821
2013-05-06 21:00:00,101.821,101.878,100.437,100.772
2013-05-07 21:00:00,100.776,101.013,100.399,100.677
2013-05-08 21:00:00,100.676,102.135,100.464,101.551
2013-05-09 21:00:00,101.551,102.062,101.320,101.810
2013-05-12 21:00:00,101.874,102.032,101.180,101.287
2013-05-13 21:00:00,101.287,101.447,100.678,101.199
2013-05-14 21:00:00,101.206,101.584,100.897,101.112
2013-05-15 21:00:00,101.119,101.324,100.241,100.378
2013-05-16 21:00:00,100.379,100.557,99.594,100.397
2013-05-19 21:00:00,100.171,100.559,100.049,100.267
2013-05-20 21:00:00,100.275,100.935,100.133,100.482
2013-05-21 21:00:00,100.474,100.958,99.500,99.913
2013-05-22 21:00:00,99.906,100.044,97.296,99.320
2013-05-23 21:00:00,99.322,99.354,97.130,97.621
2013-05-26 21:00:00,97.710,97.710,96.961,97.384
2013-05-27 21:00:00,97.384,99.068,97.283,98.245
2013-05-28 21:00:00,98.260,98.293,97.045,97.420
2013-05-29 21:00:00,97.419,97.960,96.965,97.334
2013-05-30 21:00:00,97.344,97.914,96.061,96.070
2013-06-02 21:00:00,96.552,97.240,96.251,97.150
2013-06-03 21:00:00,97.143,97.365,96.152,96.531
2013-06-04 21:00:00,96.532,96.802,94.223,94.507
2013-06-05 21:00:00,94.507,94.644,92.546,93.031
2013-06-06 21:00:00,93.033,93.245,90.526,92.599
2013-06-09 21:00:00,92.012,93.790,91.905,93.446
2013-06-10 21:00:00,93.444,93.685,89.994,90.497
2013-06-11 21:00:00,90.495,92.493,90.453,91.031
2013-06-12 21:00:00,91.028,92.161,88.937,91.903
2013-06-13 21:00:00,92.290,92.296,89.952,89.952
2013-06-16 21:00:00,90.140,91.553,90.102,90.389
2013-06-17 21:00:00,90.400,90.728,89.830,90.469
2013-06-18 21:00:00,90.478,91.178,89.245,89.347
2013-06-19 21:00:00,89.344,90.431,89.097,89.561
2013-06-20 21:00:00,89.573,90.533,89.146,90.214
2013-06-23 21:00:00,90.467,91.056,89.599,90.400
2013-06-24 21:00:00,90.397,90.760,89.569,90.690
2013-06-25 21:00:00,90.690,91.142,90.207,90.714
2013-06-26 21:00:00,90.644,91.637,90.588,91.198
2013-06-27 21:00:00,91.202,91.668,90.456,90.494
2013-06-30 21:00:00,90.581,92.233,90.536,91.998
2013-07-01 21:00:00,92.000,92.160,91.301,92.027
2013-07-02 21:00:00,92.030,92.414,90.151,90.792
2013-07-03 21:00:00,90.792,91.841,90.527,91.503
2013-07-04 21:00:00,91.527,92.195,91.239,91.659
2013-07-07 21:00:00,91.687,92.346,91.382,92.136
2013-07-08 21:00:00,92.115,93.070,91.772,92.716
2013-07-09 21:00:00,92.717,92.916,91.075,91.789
2013-07-10 21:00:00,91.772,92.029,90.094,90.823
2013-07-11 21:00:00,90.822,91.023,89.690,89.721
2013-07-14 21:00:00,90.167,91.006,89.909,90.993
2013-07-15 21:00:00,90.994,91.891,90.780,91.625
2013-07-16 21:00:00,91.625,92.185,91.444,91.965
2013-07-17 21:00:00,91.961,92.252,91.588,92.174
2013-07-18 21:00:00,92.181,92.555,91.601,92.252
2013-07-21 21:00:00,92.117,92.564,91.865,92.080
2013-07-22 21:00:00,92.080,92.574,91.795,92.393
2013-07-23 21:00:00,92.399,92.733,91.672,91.881
2013-07-24 21:00:00,91.881,91.922,91.338,91.669
2013-07-25 21:00:00,91.669,91.921,90.569,91.002
2013-07-28 21:00:00,91.005,91.062,89.822,90.149
2013-07-29 21:00:00,90.151,90.301,88.682,88.893
2013-07-30 21:00:00,88.893,89.035,87.240,87.445
2013-07-31 21:00:00,87.445,88.967,87.366,88.887
2013-08-01 21:00:00,88.888,89.093,87.906,88.040
2013-08-04 21:00:00,88.187,88.234,87.474,87.756
2013-08-05 21:00:00,87.747,88.570,87.286,87.798
2013-08-06 21:00:00,87.794,87.828,86.405,86.666
2013-08-07 21:00:00,86.667,88.158,86.645,87.914
2013-08-08 21:00:00,87.912,88.767,87.783,88.482
2013-08-11 21:00:00,88.391,89.033,88.053,88.729
2013-08-12 21:00:00,88.726,89.646,88.510,89.385
2013-08-13 21:00:00,89.410,89.814,89.079,89.430
2013-08-14 21:00:00,89.430,90.070,88.734,88.871
2013-08-15 21:00:00,88.885,89.889,88.620,89.553
2013-08-18 21:00:00,89.687,90.124,88.836,89.011
2013-08-19 21:00:00,89.011,89.218,87.595,88.227
2013-08-20 21:00:00,88.226,88.460,87.540,87.691
2013-08-21 21:00:00,87.693,89.200,87.408,89.015
2013-08-22 21:00:00,89.017,89.408,88.896,89.032
2013-08-25 21:00:00,88.975,89.264,88.710,88.865
2013-08-26 21:00:00,88.875,88.965,86.930,87.101
2013-08-27 21:00:00,87.100,87.505,86.461,87.328
2013-08-28 21:00:00,87.335,88.001,87.275,87.716
2013-08-29 21:00:00,87.716,87.935,87.235,87.292
2013-09-01 21:00:00,87.828,89.511,87.741,89.347
2013-09-02 21:00:00,89.349,90.498,89.127,90.159
2013-09-03 21:00:00,90.165,91.565,89.988,91.393
2013-09-04 21:00:00,91.394,91.572,91.056,91.451
2013-09-05 21:00:00,91.451,91.463,90.641,90.949
2013-09-08 21:00:00,91.798,92.064,91.316,91.910
2013-09-09 21:00:00,91.913,93.566,91.853,93.456
2013-09-10 21:00:00,93.456,93.560,92.928,93.191
2013-09-11 21:00:00,93.191,93.258,91.725,92.146
2013-09-12 21:00:00,92.149,92.480,91.684,91.829
2013-09-15 21:00:00,92.356,92.811,92.169,92.339
2013-09-16 21:00:00,92.345,92.968,92.117,92.730
2013-09-17 21:00:00,92.737,93.369,92.421,93.181
2013-09-18 21:00:00,93.188,94.442,93.053,93.836
2013-09-19 21:00:00,93.833,94.096,93.255,93.266
2013-09-22 21:00:00,93.062,93.572,93.018,93.104
2013-09-23 21:00:00,93.113,93.381,92.240,92.668
2013-09-24 21:00:00,92.675,92.730,91.916,92.150
2013-09-25 21:00:00,92.153,93.010,92.043,92.678
2013-09-26 21:00:00,92.677,92.770,91.379,91.477
2013-09-29 21:00:00,91.005,91.893,90.735,91.581
2013-09-30 21:00:00,91.579,92.390,91.378,92.088
2013-10-01 21:00:00,92.088,92.196,90.797,91.403
2013-10-02 21:00:00,91.400,91.877,90.930,91.316
2013-10-03 21:00:00,91.316,92.019,91.289,91.955
2013-10-06 21:00:00,91.756,91.887,90.988,91.127
2013-10-07 21:00:00,91.136,92.199,91.056,91.261
2013-10-08 21:00:00,91.261,92.137,91.234,91.983
2013-10-09 21:00:00,91.986,93.028,91.792,92.983
2013-10-10 21:00:00,92.981,93.440,92.432,93.255
2013-10-13 21:00:00,92.648,93.663,92.648,93.627
2013-10-14 21:00:00,93.637,94.103,93.253,93.594
2013-10-15 21:00:00,93.592,94.469,93.267,94.422
2013-10-16 21:00:00,94.423,94.481,93.777,94.241
2013-10-17 21:00:00,94.245,94.670,94.148,94.549
2013-10-20 21:00:00,94.668,94.961,94.473,94.750
2013-10-21 21:00:00,94.753,95.680,94.704,95.228
2013-10-22 21:00:00,95.227,95.653,93.426,93.572
2013-10-23 21:00:00,93.571,94.355,93.178,93.575
2013-10-24 21:00:00,93.578,93.702,92.996,93.328
2013-10-27 22:00:00,93.492,93.973,93.149,93.157
2013-10-28 22:00:00,93.155,93.261,92.662,93.068
2013-10-29 22:00:00,93.070,93.512,92.847,93.222
2013-10-30 22:00:00,93.220,93.608,92.817,93.048
2013-10-31 22:00:00,93.046,93.372,92.731,93.055
2013-11-03 22:00:00,93.206,93.841,93.193,93.780
2013-11-04 22:00:00,93.782,93.865,92.977,93.586
2013-11-05 22:00:00,93.594,94.161,93.387,93.893
2013-11-06 22:00:00,93.901,94.089,92.339,92.836
2013-11-07 22:00:00,92.837,93.117,92.577,92.932
2013-11-10 22:00:00,93.018,93.062,92.723,92.740
2013-11-11 22:00:00,92.741,93.080,92.380,92.623
2013-11-12 22:00:00,92.625,93.014,92.308,92.814
2013-11-13 22:00:00,92.813,93.287,92.740,93.163
2013-11-14 22:00:00,93.168,94.003,93.143,93.820
2013-11-17 22:00:00,93.958,94.194,93.472,93.630
2013-11-18 22:00:00,93.630,94.479,93.317,94.457
2013-11-19 22:00:00,94.452,94.602,93.089,93.300
2013-11-20 22:00:00,93.300,93.754,92.916,93.377
2013-11-21 22:00:00,93.377,93.549,92.538,92.821
2013-11-24 22:00:00,92.842,93.339,92.770,93.179
2013-11-25 22:00:00,93.178,93.425,92.247,92.439
2013-11-26 22:00:00,92.443,92.984,92.270,92.787
2013-11-27 22:00:00,92.799,93.504,92.745,93.000
2013-11-28 22:00:00,93.003,93.576,92.744,93.252
2013-12-01 22:00:00,93.454,94.020,93.362,93.720
2013-12-02 22:00:00,93.721,93.970,93.127,93.528
2013-12-03 22:00:00,93.528,93.687,91.784,92.397
2013-12-04 22:00:00,92.397,92.619,91.912,92.222
2013-12-05 22:00:00,92.228,93.697,92.097,93.569
2013-12-08 22:00:00,93.997,94.145,93.501,93.732
2013-12-09 22:00:00,93.732,94.220,93.665,94.029
2013-12-10 22:00:00,94.029,94.138,92.570,92.603
2013-12-11 22:00:00,92.604,93.272,91.785,92.394
2013-12-12 22:00:00,92.411,92.943,92.069,92.433
2013-12-15 22:00:00,92.297,92.458,91.816,92.140
2013-12-16 22:00:00,92.140,92.298,91.218,91.464
2013-12-17 22:00:00,91.457,92.518,91.081,92.120
2013-12-18 22:00:00,92.126,92.429,91.697,92.283
2013-12-19 22:00:00,92.282,93.010,92.280,92.800
2013-12-22 22:00:00,92.808,93.104,92.769,92.968
2013-12-23 22:00:00,92.956,93.145,92.794,93.023
2013-12-25 22:00:00,93.087,93.291,92.961,93.032
2013-12-26 22:00:00,93.034,93.541,93.034,93.201
2013-12-29 22:00:00,93.140,93.763,93.072,93.507
2013-12-30 22:00:00,93.507,94.063,93.441,93.919
2013-12-31 22:00:00,93.485,93.715,93.482,93.658
2014-01-01 22:00:00,93.656,93.968,93.152,93.343
2014-01-02 22:00:00,93.351,94.039,92.893,93.746
2014-01-05 22:00:00,93.824,94.070,93.193,93.439
2014-01-06 22:00:00,93.439,93.538,92.990,93.274
2014-01-07 22:00:00,93.268,93.822,93.169,93.207
2014-01-08 22:00:00,93.208,93.425,92.931,93.196
2014-01-09 22:00:00,93.201,93.714,93.031,93.668
2014-01-12 22:00:00,93.558,93.852,93.178,93.315
2014-01-13 22:00:00,93.309,93.553,92.971,93.345
2014-01-14 22:00:00,93.342,93.418,92.728,93.111
2014-01-15 22:00:00,93.107,93.192,91.622,91.966
2014-01-16 22:00:00,91.983,92.106,91.403,91.574
2014-01-19 22:00:00,91.506,91.911,91.048,91.811
2014-01-20 22:00:00,91.812,92.429,91.544,91.784
2014-01-21 22:00:00,91.786,92.690,91.672,92.455
2014-01-22 22:00:00,92.456,92.615,90.228,90.487
2014-01-23 22:00:00,90.478,90.861,88.532,88.773
2014-01-26 22:00:00,88.728,90.075,88.583,89.630
2014-01-27 22:00:00,89.632,91.010,89.542,90.865
2014-01-28 22:00:00,90.860,91.111,89.025,89.237
2014-01-29 22:00:00,89.232,90.451,88.967,90.302
2014-01-30 22:00:00,90.305,90.729,88.856,89.255
2014-02-02 22:00:00,89.505,89.836,88.238,88.470
2014-02-03 22:00:00,88.460,90.894,88.258,90.599
2014-02-04 22:00:00,90.611,90.785,89.831,90.553
2014-02-05 22:00:00,90.549,91.643,90.520,91.249
2014-02-06 22:00:00,91.257,91.861,90.902,91.659
2014-02-09 22:00:00,91.841,91.856,90.925,91.401
2014-02-10 22:00:00,91.405,92.895,91.341,92.684
2014-02-11 22:00:00,92.681,92.970,92.295,92.432
2014-02-12 22:00:00,92.432,92.531,91.116,91.738
2014-02-13 22:00:00,91.744,92.291,91.328,91.930
2014-02-16 22:00:00,92.056,92.174,91.680,92.112
2014-02-17 22:00:00,92.113,92.979,92.033,92.352
2014-02-18 22:00:00,92.358,92.463,91.848,92.066
2014-02-19 22:00:00,92.075,92.326,91.065,92.199
2014-02-20 22:00:00,92.200,92.406,91.827,92.002
2014-02-23 22:00:00,92.004,92.744,91.575,92.590
2014-02-24 22:00:00,92.592,92.781,91.991,92.137
2014-02-25 22:00:00,92.135,92.369,91.586,91.691
2014-02-26 22:00:00,91.705,91.789,90.703,91.573
2014-02-27 22:00:00,91.581,91.607,90.685,90.814
2014-03-02 22:00:00,90.408,90.756,90.054,90.572
2014-03-03 22:00:00,90.575,91.605,90.487,91.547
2014-03-04 22:00:00,91.546,92.079,91.287,91.934
2014-03-05 22:00:00,91.931,93.868,91.869,93.610
2014-03-06 22:00:00,93.602,94.475,93.446,93.620
2014-03-09 22:00:00,93.416,93.607,92.892,93.229
2014-03-10 22:00:00,93.227,93.452,92.208,92.327
2014-03-11 22:00:00,92.327,92.458,91.648,92.370
2014-03-12 22:00:00,92.368,93.411,91.542,92.077
2014-03-13 22:00:00,92.078,92.083,91.295,91.518
2014-03-16 22:00:00,91.361,92.549,91.320,92.461
2014-03-17 22:00:00,92.461,92.809,91.923,92.561
2014-03-18 22:00:00,92.561,92.844,92.265,92.440
2014-03-19 22:00:00,92.440,92.712,92.124,92.510
2014-03-20 22:00:00,92.510,93.085,92.464,92.862
2014-03-23 22:00:00,92.980,93.554,92.587,93.329
2014-03-24 22:00:00,93.328,93.827,93.234,93.701
2014-03-25 22:00:00,93.696,94.692,93.643,94.074
2014-03-26 22:00:00,94.074,94.699,93.783,94.613
2014-03-27 22:00:00,94.612,95.239,94.560,95.074
2014-03-30 21:00:00,95.160,95.734,94.788,95.644
2014-03-31 21:00:00,95.644,96.052,95.394,95.780
2014-04-01 21:00:00,95.787,96.112,95.634,96.085
2014-04-02 21:00:00,96.085,96.134,95.659,95.901
2014-04-03 21:00:00,95.907,96.510,95.800,95.944
2014-04-06 21:00:00,95.936,96.052,95.332,95.509
2014-04-07 21:00:00,95.512,95.893,95.026,95.307
2014-04-08 21:00:00,95.307,95.788,95.194,95.678
2014-04-09 21:00:00,95.686,96.225,95.431,95.465
2014-04-10 21:00:00,95.466,95.699,95.054,95.462
2014-04-13 21:00:00,95.423,96.011,95.111,95.909
2014-04-14 21:00:00,95.911,95.999,94.832,95.286
2014-04-15 21:00:00,95.287,96.021,95.159,95.779
2014-04-16 21:00:00,95.783,95.913,95.336,95.522
2014-04-17 21:00:00,95.522,95.657,95.492,95.567
2014-04-20 21:00:00,95.578,95.851,95.570,95.676
2014-04-21 21:00:00,95.678,96.181,95.663,96.062
2014-04-22 21:00:00,96.065,96.243,94.809,95.221
2014-04-23 21:00:00,95.227,95.317,94.555,94.727
2014-04-24 21:00:00,94.725,94.987,94.521,94.700
2014-04-27 21:00:00,94.704,95.233,94.579,94.910
2014-04-28 21:00:00,94.910,95.275,94.580,95.137
2014-04-29 21:00:00,95.137,95.268,94.620,94.914
2014-04-30 21:00:00,94.902,95.148,94.682,94.786
2014-05-01 21:00:00,94.791,95.041,94.586,94.761
2014-05-04 21:00:00,94.905,94.910,94.262,94.779
2014-05-05 21:00:00,94.778,95.173,94.589,95.046
2014-05-06 21:00:00,95.046,95.143,94.733,95.018
2014-05-07 21:00:00,95.020,95.656,94.915,95.231
2014-05-08 21:00:00,95.236,95.389,95.025,95.339
2014-05-11 21:00:00,95.297,95.717,95.270,95.634
2014-05-12 21:00:00,95.633,95.900,95.473,95.711
2014-05-13 21:00:00,95.712,96.106,95.347,95.495
2014-05-14 21:00:00,95.491,95.794,94.720,95.021
2014-05-15 21:00:00,95.024,95.164,94.806,95.006
2014-05-18 21:00:00,95.076,95.134,94.502,94.629
2014-05-19 21:00:00,94.630,94.732,93.556,93.620
2014-05-20 21:00:00,93.619,93.839,93.034,93.776
2014-05-21 21:00:00,93.775,94.355,93.471,93.860
2014-05-22 21:00:00,93.851,94.243,93.829,94.093
2014-05-25 21:00:00,94.147,94.257,94.079,94.167
2014-05-26 21:00:00,94.167,94.539,94.149,94.445
2014-05-27 21:00:00,94.445,94.491,93.722,94.000
2014-05-28 21:00:00,94.001,94.742,93.691,94.653
2014-05-29 21:00:00,94.654,94.793,94.432,94.710
2014-06-01 21:00:00,94.770,94.864,94.280,94.604
2014-06-02 21:00:00,94.611,95.065,94.505,95.014
2014-06-03 21:00:00,95.017,95.417,94.918,95.291
2014-06-04 21:00:00,95.291,95.694,94.946,95.613
2014-06-05 21:00:00,95.613,95.800,95.407,95.634
2014-06-08 21:00:00,95.776,95.943,95.735,95.890
2014-06-09 21:00:00,95.890,95.948,95.679,95.903
2014-06-10 21:00:00,95.905,96.121,95.665,95.721
2014-06-11 21:00:00,95.720,96.096,95.413,95.883
2014-06-12 21:00:00,95.883,96.143,95.609,95.905
2014-06-15 21:00:00,95.923,95.932,95.482,95.708
2014-06-16 21:00:00,95.710,95.744,95.194,95.372
2014-06-17 21:00:00,95.374,95.924,95.328,95.787
2014-06-18 21:00:00,95.789,95.971,95.735,95.776
2014-06-19 21:00:00,95.784,95.927,95.748,95.805
2014-06-22 21:00:00,95.721,96.324,95.721,96.024
2014-06-23 21:00:00,96.027,96.098,95.491,95.512
2014-06-24 21:00:00,95.510,95.834,95.308,95.742
2014-06-25 21:00:00,95.752,95.819,95.400,95.693
2014-06-26 21:00:00,95.694,95.774,95.387,95.563
2014-06-29 21:00:00,95.559,95.616,95.165,95.524
2014-06-30 21:00:00,95.527,96.496,95.417,96.398
2014-07-01 21:00:00,96.398,96.433,95.859,96.089
2014-07-02 21:00:00,96.088,96.112,95.344,95.501
2014-07-03 21:00:00,95.501,95.618,95.387,95.528
2014-07-06 21:00:00,95.535,95.609,95.334,95.434
2014-07-07 21:00:00,95.435,95.701,95.331,95.439
2014-07-08 21:00:00,95.438,95.709,95.410,95.609
2014-07-09 21:00:00,95.610,95.906,94.708,95.145
2014-07-10 21:00:00,95.143,95.329,94.970,95.160
2014-07-13 21:00:00,95.074,95.442,95.069,95.383
2014-07-14 21:00:00,95.383,95.503,95.068,95.260
2014-07-15 21:00:00,95.259,95.316,94.917,95.158
2014-07-16 21:00:00,95.166,95.275,94.461,94.544
2014-07-17 21:00:00,94.543,95.307,94.384,95.172
2014-07-20 21:00:00,95.218,95.266,94.932,95.041
2014-07-21 21:00:00,95.041,95.559,94.934,95.314
2014-07-22 21:00:00,95.314,96.030,95.217,95.878
2014-07-23 21:00:00,95.879,96.180,95.683,95.850
2014-07-24 21:00:00,95.851,95.933,95.545,95.545
2014-07-27 21:00:00,95.651,95.868,95.529,95.776
2014-07-28 21:00:00,95.778,95.895,95.690,95.805
2014-07-29 21:00:00,95.808,96.116,95.705,95.874
2014-07-30 21:00:00,95.876,95.926,95.481,95.535
2014-07-31 21:00:00,95.532,95.790,95.276,95.276
2014-08-03 21:00:00,95.494,95.757,95.419,95.706
2014-08-04 21:00:00,95.709,95.823,95.288,95.480
2014-08-05 21:00:00,95.479,95.567,95.126,95.468
2014-08-06 21:00:00,95.468,95.551,94.578,94.630
2014-08-07 21:00:00,94.630,94.712,93.921,94.634
2014-08-10 21:00:00,94.716,94.862,94.529,94.678
2014-08-11 21:00:00,94.676,94.845,94.592,94.736
2014-08-12 21:00:00,94.739,95.398,94.737,95.273
2014-08-13 21:00:00,95.273,95.497,95.019,95.457
2014-08-14 21:00:00,95.457,95.693,95.021,95.375
2014-08-17 21:00:00,95.402,95.709,95.245,95.626
2014-08-18 21:00:00,95.626,95.937,95.612,95.685
2014-08-19 21:00:00,95.686,96.436,95.602,96.289
2014-08-20 21:00:00,96.285,96.610,95.985,96.608
2014-08-21 21:00:00,96.608,96.870,96.447,96.832
2014-08-24 21:00:00,96.817,97.120,96.603,96.738
2014-08-25 21:00:00,96.736,97.065,96.469,96.906
2014-08-26 21:00:00,96.909,97.154,96.833,96.955
2014-08-27 21:00:00,96.957,97.246,96.776,97.058
2014-08-28 21:00:00,97.054,97.261,96.926,97.153
2014-08-31 21:00:00,97.155,97.447,97.117,97.355
2014-09-01 21:00:00,97.357,97.589,97.344,97.486
2014-09-02 21:00:00,97.486,98.136,97.437,97.965
2014-09-03 21:00:00,97.964,98.590,97.881,98.391
2014-09-04 21:00:00,98.391,98.679,98.252,98.537
2014-09-07 21:00:00,98.486,98.595,98.074,98.334
2014-09-08 21:00:00,98.335,98.655,97.619,97.767
2014-09-09 21:00:00,97.765,97.917,97.266,97.840
2014-09-10 21:00:00,97.841,98.340,97.248,97.458
2014-09-11 21:00:00,97.454,97.498,96.927,96.982
2014-09-14 21:00:00,96.727,96.896,96.396,96.839
2014-09-15 21:00:00,96.840,97.532,96.367,97.353
2014-09-16 21:00:00,97.353,97.434,96.991,97.143
2014-09-17 21:00:00,97.141,97.807,97.029,97.732
2014-09-18 21:00:00,97.732,97.926,97.197,97.327
2014-09-21 21:00:00,97.373,97.475,96.499,96.536
2014-09-22 21:00:00,96.536,96.983,96.179,96.308
2014-09-23 21:00:00,96.308,96.919,96.090,96.852
2014-09-24 21:00:00,96.850,96.952,95.409,95.608
2014-09-25 21:00:00,95.602,95.995,95.368,95.792
2014-09-28 21:00:00,95.750,95.833,95.133,95.424
2014-09-29 21:00:00,95.424,96.032,95.125,95.881
2014-09-30 21:00:00,95.881,95.953,95.002,95.176
2014-10-01 21:00:00,95.174,95.815,94.886,95.376
2014-10-02 21:00:00,95.369,95.886,94.952,95.212
2014-10-05 21:00:00,95.213,95.563,95.029,95.243
2014-10-06 21:00:00,95.242,95.584,95.100,95.241
2014-10-07 21:00:00,95.239,95.700,94.711,95.503
2014-10-08 21:00:00,95.502,95.840,94.442,94.565
2014-10-09 21:00:00,94.565,94.640,93.446,93.481
2014-10-12 21:00:00,93.345,94.314,92.869,93.710
2014-10-13 21:00:00,93.716,94.515,92.951,93.417
2014-10-14 21:00:00,93.414,94.014,92.190,93.438
2014-10-15 21:00:00,93.436,93.436,91.760,93.003
2014-10-16 21:00:00,93.003,93.729,92.752,93.454
2014-10-19 21:00:00,93.799,94.207,93.584,93.905
2014-10-20 21:00:00,93.906,94.186,93.540,93.998
2014-10-21 21:00:00,93.996,94.562,93.520,93.936
2014-10-22 21:00:00,93.936,94.929,93.791,94.855
2014-10-23 21:00:00,94.855,95.278,94.115,95.043
2014-10-26 22:00:00,95.213,95.310,94.731,94.857
2014-10-27 22:00:00,94.853,95.834,94.826,95.687
2014-10-28 22:00:00,95.686,96.277,95.531,95.605
2014-10-29 22:00:00,95.603,96.675,95.372,96.511
2014-10-30 22:00:00,96.511,98.861,96.330,98.784
2014-11-02 22:00:00,98.915,99.390,98.130,98.841
2014-11-03 22:00:00,98.845,99.360,98.299,99.304
2014-11-04 22:00:00,99.302,99.707,98.215,98.343
2014-11-05 22:00:00,98.345,98.861,98.049,98.612
2014-11-06 22:00:00,98.609,99.251,98.480,98.956
2014-11-09 22:00:00,98.909,99.144,98.774,98.983
2014-11-10 22:00:00,98.986,100.790,98.979,100.663
2014-11-11 22:00:00,100.665,100.835,100.053,100.667
2014-11-12 22:00:00,100.668,101.199,100.263,100.815
2014-11-13 22:00:00,100.816,101.918,100.770,101.705
2014-11-16 22:00:00,102.111,102.394,101.243,101.469
2014-11-17 22:00:00,101.467,102.233,101.320,101.900
2014-11-18 22:00:00,101.904,101.944,101.333,101.617
2014-11-19 22:00:00,101.625,102.018,101.442,101.896
2014-11-20 22:00:00,101.895,102.836,101.477,102.106
2014-11-23 22:00:00,102.309,102.464,101.815,101.899
2014-11-24 22:00:00,101.891,102.008,100.402,100.627
2014-11-25 22:00:00,100.625,100.870,99.918,100.649
2014-11-26 22:00:00,100.621,101.055,100.331,100.539
2014-11-27 22:00:00,100.550,101.342,100.365,100.860
2014-11-30 22:00:00,100.582,100.815,100.090,100.514
2014-12-01 22:00:00,100.517,101.160,100.264,100.676
2014-12-02 22:00:00,100.689,100.892,99.981,100.655
2014-12-03 22:00:00,100.659,100.939,100.219,100.346
2014-12-04 22:00:00,100.381,101.359,100.345,100.904
2014-12-07 22:00:00,100.927,101.185,99.861,100.058
2014-12-08 22:00:00,100.001,100.202,98.558,99.248
2014-12-09 22:00:00,99.080,99.468,97.770,97.983
2014-12-10 22:00:00,97.930,98.778,97.443,97.915
2014-12-11 22:00:00,97.903,98.416,97.692,97.881
2014-12-14 22:00:00,97.620,98.020,96.603,96.603
2014-12-15 22:00:00,96.717,96.957,95.290,95.548
2014-12-16 22:00:00,95.587,96.629,95.214,96.172
2014-12-17 22:00:00,96.327,97.613,96.249,97.000
2014-12-18 22:00:00,96.854,97.785,96.854,97.035
2014-12-21 22:00:00,97.307,97.680,97.106,97.597
2014-12-22 22:00:00,97.596,97.886,97.177,97.787
2014-12-23 22:00:00,97.785,97.958,97.567,97.673
2014-12-25 22:00:00,97.694,97.882,97.614,97.623
2014-12-28 22:00:00,97.710,98.299,97.620,98.062
2014-12-29 22:00:00,98.062,98.209,97.297,97.717
2014-12-30 22:00:00,97.723,98.246,97.557,97.831
2015-01-01 22:00:00,98.034,98.082,97.332,97.455
2015-01-04 22:00:00,97.245,97.531,96.539,96.667
2015-01-05 22:00:00,96.662,97.205,95.658,95.659
2015-01-06 22:00:00,95.659,96.353,95.630,96.301
2015-01-07 22:00:00,96.302,97.254,96.242,97.168
2015-01-08 22:00:00,97.169,97.649,96.831,97.133
2015-01-11 22:00:00,97.138,97.590,96.376,96.502
2015-01-12 22:00:00,96.508,96.984,95.798,96.236
2015-01-13 22:00:00,96.238,96.328,94.250,95.606
2015-01-14 22:00:00,95.607,96.945,95.166,95.397
2015-01-15 22:00:00,95.393,96.896,94.949,96.647
2015-01-18 22:00:00,96.564,96.858,95.923,96.484
2015-01-19 22:00:00,96.514,97.383,96.339,97.052
2015-01-20 22:00:00,97.050,97.059,95.210,95.352
2015-01-21 22:00:00,95.359,95.814,94.820,95.067
2015-01-22 22:00:00,95.059,95.332,93.045,93.111
2015-01-25 22:00:00,92.629,93.960,92.158,93.850
2015-01-26 22:00:00,93.854,94.083,93.181,93.524
2015-01-27 22:00:00,93.522,94.616,92.629,92.692
2015-01-28 22:00:00,92.675,93.278,91.378,91.770
2015-01-29 22:00:00,91.774,92.209,90.856,91.121
2015-02-01 22:00:00,90.686,92.031,90.686,91.731
2015-02-02 22:00:00,91.691,92.026,89.365,91.596
2015-02-03 22:00:00,91.590,92.366,90.718,90.895
2015-02-04 22:00:00,90.893,91.930,90.741,91.627
2015-02-05 22:00:00,91.625,93.104,91.579,92.700
2015-02-08 22:00:00,92.359,92.978,92.112,92.523
2015-02-09 22:00:00,92.490,92.964,92.247,92.773
2015-02-10 22:00:00,92.771,93.097,92.464,92.954
2015-02-11 22:00:00,92.942,93.060,91.336,92.110
2015-02-12 22:00:00,92.111,92.381,91.847,92.046
2015-02-15 22:00:00,92.098,92.392,91.748,92.063
2015-02-16 22:00:00,92.060,93.367,91.586,93.204
2015-02-17 22:00:00,93.207,93.302,92.660,92.766
2015-02-18 22:00:00,92.762,92.977,92.177,92.665
2015-02-19 22:00:00,92.662,93.449,92.430,93.287
2015-02-22 22:00:00,93.428,93.456,92.621,92.689
2015-02-23 22:00:00,92.684,93.216,92.426,93.159
2015-02-24 22:00:00,93.146,93.961,93.057,93.734
2015-02-25 22:00:00,93.733,93.917,92.964,93.134
2015-02-26 22:00:00,93.129,93.635,92.730,93.418
2015-03-01 22:00:00,93.412,93.542,92.991,93.278
2015-03-02 22:00:00,93.280,93.810,92.979,93.581
2015-03-03 22:00:00,93.584,93.950,93.244,93.538
2015-03-04 22:00:00,93.536,93.896,93.177,93.480
2015-03-05 22:00:00,93.479,94.172,93.061,93.219
2015-03-08 22:00:00,93.148,93.594,92.923,93.379
2015-03-09 22:00:00,93.378,93.394,92.171,92.380
2015-03-10 22:00:00,92.402,92.723,91.797,92.195
2015-03-11 22:00:00,92.195,93.582,92.115,93.400
2015-03-12 22:00:00,93.417,93.543,92.294,92.638
2015-03-15 22:00:00,92.572,93.036,92.364,92.744
2015-03-16 22:00:00,92.749,92.998,92.256,92.481
2015-03-17 22:00:00,92.490,93.826,92.060,93.053
2015-03-18 22:00:00,93.067,93.530,92.002,92.376
2015-03-19 22:00:00,92.375,93.649,92.352,93.276
2015-03-22 22:00:00,93.446,94.584,93.206,94.266
2015-03-23 22:00:00,94.269,94.670,93.811,94.279
2015-03-24 22:00:00,94.275,94.392,93.594,93.741
2015-03-25 22:00:00,93.740,93.782,92.784,93.316
2015-03-26 22:00:00,93.315,93.363,92.253,92.306
2015-03-29 21:00:00,92.200,92.365,91.634,91.870
2015-03-30 21:00:00,91.871,92.063,91.107,91.352
2015-03-31 21:00:00,91.305,91.655,90.865,90.986
2015-04-01 21:00:00,90.987,91.030,90.193,90.868
2015-04-02 21:00:00,90.870,91.536,90.601,90.763
2015-04-05 21:00:00,90.763,91.200,90.635,90.733
2015-04-06 21:00:00,90.731,92.178,90.547,91.794
2015-04-07 21:00:00,91.791,92.597,91.788,92.300
2015-04-08 21:00:00,92.281,92.846,92.156,92.730
2015-04-09 21:00:00,92.732,93.050,91.927,92.299
2015-04-12 21:00:00,92.299,92.357,90.865,91.147
2015-04-13 21:00:00,91.148,91.377,90.462,91.022
2015-04-14 21:00:00,91.021,91.551,90.477,91.532
2015-04-15 21:00:00,91.532,93.013,91.383,92.761
2015-04-16 21:00:00,92.761,93.036,92.319,92.581
2015-04-19 21:00:00,92.581,93.055,91.947,92.071
2015-04-20 21:00:00,92.071,92.659,91.739,92.244
2015-04-21 21:00:00,92.244,93.200,92.229,92.914
2015-04-22 21:00:00,92.914,93.177,92.545,93.006
2015-04-23 21:00:00,93.006,93.272,92.828,93.041
2015-04-26 21:00:00,92.969,93.770,92.865,93.479
2015-04-27 21:00:00,93.459,95.415,93.322,95.371
2015-04-28 21:00:00,95.330,95.945,94.848,95.387
2015-04-29 21:00:00,95.254,95.401,93.993,94.348
2015-04-30 21:00:00,94.369,94.660,93.815,94.191
2015-05-03 21:00:00,94.119,94.304,93.728,94.158
2015-05-04 21:00:00,94.065,95.386,93.707,95.217
2015-05-05 21:00:00,95.120,95.936,94.972,95.130
2015-05-06 21:00:00,95.220,95.635,94.497,94.659
2015-05-07 21:00:00,94.648,95.319,94.303,94.975
2015-05-10 21:00:00,94.737,95.016,94.451,94.727
2015-05-11 21:00:00,94.727,95.925,94.724,95.593
2015-05-12 21:00:00,95.593,96.776,95.293,96.644
2015-05-13 21:00:00,96.633,97.294,96.132,96.264
2015-05-14 21:00:00,96.246,96.433,95.760,95.967
2015-05-17 21:00:00,95.896,96.081,95.633,95.842
2015-05-18 21:00:00,95.843,96.054,95.376,95.496
2015-05-19 21:00:00,95.495,95.881,95.259,95.526
2015-05-20 21:00:00,95.517,95.758,95.323,95.517
2015-05-21 21:00:00,95.526,95.758,94.940,95.180
2015-05-24 21:00:00,95.049,95.285,94.912,95.080
2015-05-25 21:00:00,95.074,95.760,95.045,95.197
2015-05-26 21:00:00,95.193,95.675,95.103,95.556
2015-05-27 21:00:00,95.565,95.994,94.573,94.789
2015-05-28 21:00:00,94.778,95.135,94.618,94.862
2015-05-31 21:00:00,94.752,95.173,94.602,94.879
2015-06-01 21:00:00,94.879,96.581,94.877,96.445
2015-06-02 21:00:00,96.436,96.982,96.246,96.736
2015-06-03 21:00:00,96.734,96.742,95.415,95.581
2015-06-04 21:00:00,95.551,96.353,95.462,95.619
2015-06-07 21:00:00,95.769,95.962,95.428,95.863
2015-06-08 21:00:00,95.865,96.094,95.170,95.610
2015-06-09 21:00:00,95.606,95.740,94.511,95.182
2015-06-10 21:00:00,95.181,95.816,94.391,95.692
2015-06-11 21:00:00,95.700,95.815,94.992,95.415
2015-06-14 21:00:00,95.342,95.986,95.136,95.814
2015-06-15 21:00:00,95.821,95.999,95.397,95.607
2015-06-16 21:00:00,95.603,95.776,95.040,95.619
2015-06-17 21:00:00,95.590,96.308,94.943,95.884
2015-06-18 21:00:00,95.867,96.059,95.082,95.318
2015-06-21 21:00:00,95.461,95.829,95.274,95.318
2015-06-22 21:00:00,95.318,95.949,95.184,95.870
2015-06-23 21:00:00,95.865,96.179,95.383,95.386
2015-06-24 21:00:00,95.364,95.805,95.362,95.638
2015-06-25 21:00:00,95.641,95.675,94.554,94.788
2015-06-28 21:00:00,93.549,94.718,92.660,94.082
2015-06-29 21:00:00,94.084,94.454,93.608,94.398
2015-06-30 21:00:00,94.374,94.981,94.087,94.150
2015-07-01 21:00:00,94.137,94.432,93.645,93.903
2015-07-02 21:00:00,93.907,94.004,92.086,92.345
2015-07-05 21:00:00,91.207,92.413,90.947,91.900
2015-07-06 21:00:00,91.900,92.014,90.431,91.294
2015-07-07 21:00:00,91.291,91.400,89.452,89.661
2015-07-08 21:00:00,89.660,91.007,89.154,90.330
2015-07-09 21:00:00,90.338,91.780,90.314,91.325
2015-07-12 21:00:00,90.669,91.875,90.669,91.417
2015-07-13 21:00:00,91.416,91.993,91.319,91.922
2015-07-14 21:00:00,91.923,92.423,91.099,91.306
2015-07-15 21:00:00,91.306,92.204,91.014,91.899
2015-07-16 21:00:00,91.899,92.090,91.362,91.530
2015-07-19 21:00:00,91.507,91.810,90.987,91.586
2015-07-20 21:00:00,91.585,92.251,91.340,91.893
2015-07-21 21:00:00,91.893,92.002,91.190,91.395
2015-07-22 21:00:00,91.402,91.804,91.046,91.099
2015-07-23 21:00:00,91.100,91.192,89.923,90.182
2015-07-26 21:00:00,89.970,90.211,89.525,89.575
2015-07-27 21:00:00,89.577,90.707,89.337,90.619
2015-07-28 21:00:00,90.579,90.824,90.280,90.404
2015-07-29 21:00:00,90.353,90.886,90.304,90.516
2015-07-30 21:00:00,90.494,91.014,89.922,90.402
2015-08-02 21:00:00,90.587,90.650,89.958,90.355
2015-08-03 21:00:00,90.345,92.029,90.039,91.709
2015-08-04 21:00:00,91.782,91.901,91.245,91.777
2015-08-05 21:00:00,91.826,92.224,91.335,91.585
2015-08-06 21:00:00,91.594,92.205,91.546,92.128
2015-08-09 21:00:00,92.029,92.434,91.734,92.331
2015-08-10 21:00:00,92.356,92.682,90.954,91.312
2015-08-11 21:00:00,91.343,91.728,90.333,91.587
2015-08-12 21:00:00,91.620,92.051,91.142,91.499
2015-08-13 21:00:00,91.549,91.911,91.484,91.665
2015-08-16 21:00:00,91.598,91.861,91.468,91.643
2015-08-17 21:00:00,91.666,91.887,91.080,91.280
2015-08-18 21:00:00,91.309,91.475,90.736,90.903
2015-08-19 21:00:00,90.942,91.303,90.238,90.508
2015-08-20 21:00:00,90.509,90.603,89.181,89.237
2015-08-23 21:00:00,88.949,89.158,81.994,84.677
2015-08-24 21:00:00,84.716,87.151,84.468,84.685
2015-08-25 21:00:00,84.689,85.630,84.136,85.315
2015-08-26 21:00:00,85.320,86.944,85.044,86.675
2015-08-27 21:00:00,86.689,87.310,86.037,87.248
2015-08-30 21:00:00,86.972,87.078,85.785,86.208
2015-08-31 21:00:00,86.184,86.457,83.664,83.766
2015-09-01 21:00:00,83.706,84.762,83.605,84.682
2015-09-02 21:00:00,84.676,85.138,83.822,84.215
2015-09-03 21:00:00,84.203,84.371,82.108,82.193
2015-09-06 21:00:00,82.328,83.076,82.207,82.547
2015-09-07 21:00:00,82.529,84.409,82.507,84.049
2015-09-08 21:00:00,84.015,85.480,84.015,84.535
2015-09-09 21:00:00,84.479,85.898,83.325,85.284
2015-09-10 21:00:00,85.145,85.595,84.778,85.472
2015-09-13 21:00:00,85.287,86.090,84.924,85.751
2015-09-14 21:00:00,85.743,86.315,84.939,85.980
2015-09-15 21:00:00,85.980,86.837,85.685,86.740
2015-09-16 21:00:00,86.733,87.504,85.839,86.062
2015-09-17 21:00:00,86.026,86.856,85.785,86.180
2015-09-20 21:00:00,86.254,86.369,85.706,85.947
2015-09-21 21:00:00,85.925,86.107,84.622,85.156
2015-09-22 21:00:00,85.162,85.198,83.992,84.214
2015-09-23 21:00:00,84.181,84.536,82.985,84.301
2015-09-24 21:00:00,84.349,84.994,83.845,84.699
2015-09-27 21:00:00,84.659,84.724,83.662,83.799
2015-09-28 21:00:00,83.804,84.296,82.810,83.615
2015-09-29 21:00:00,83.626,84.660,83.559,84.096
2015-09-30 21:00:00,84.106,85.044,83.901,84.288
2015-10-01 21:00:00,84.268,84.667,83.255,84.530
2015-10-04 21:00:00,84.657,85.517,84.497,85.305
2015-10-05 21:00:00,85.294,86.247,85.100,86.120
2015-10-06 21:00:00,86.125,86.880,85.934,86.496
2015-10-07 21:00:00,86.461,87.184,85.797,87.039
2015-10-08 21:00:00,87.038,88.323,86.881,88.128
2015-10-11 21:00:00,87.907,88.602,87.760,88.341
2015-10-12 21:00:00,88.334,88.391,86.747,86.747
2015-10-13 21:00:00,86.736,87.080,86.076,86.728
2015-10-14 21:00:00,86.714,87.498,86.281,87.125
2015-10-15 21:00:00,87.113,87.315,86.332,86.813
2015-10-18 21:00:00,86.613,87.196,86.262,86.604
2015-10-19 21:00:00,86.568,87.348,86.530,86.987
2015-10-20 21:00:00,86.972,87.290,86.355,86.433
2015-10-21 21:00:00,86.382,87.149,85.982,86.984
2015-10-22 21:00:00,86.890,88.096,86.890,87.615
2015-10-25 22:00:00,87.577,87.985,87.490,87.628
2015-10-26 22:00:00,87.628,87.740,86.468,86.672
2015-10-27 22:00:00,86.671,86.733,85.609,85.984
2015-10-28 22:00:00,85.990,86.049,85.506,85.689
2015-10-29 22:00:00,85.697,86.276,85.419,86.023
2015-11-01 22:00:00,85.660,86.342,85.660,86.276
2015-11-02 22:00:00,86.293,87.173,85.937,86.965
2015-11-03 22:00:00,86.968,87.572,86.738,86.871
2015-11-04 22:00:00,86.863,87.300,86.600,86.937
2015-11-05 22:00:00,86.928,87.370,86.500,86.751
2015-11-08 22:00:00,86.632,87.261,86.616,86.789
2015-11-09 22:00:00,86.740,87.085,86.456,86.597
2015-11-10 22:00:00,86.508,86.980,86.508,86.743
2015-11-11 22:00:00,86.701,87.942,86.689,87.334
2015-11-12 22:00:00,87.327,87.680,87.178,87.338
2015-11-15 22:00:00,87.028,87.606,86.813,87.398
2015-11-16 22:00:00,87.400,88.011,87.240,87.776
2015-11-17 22:00:00,87.750,87.898,87.377,87.885
2015-11-18 22:00:00,87.870,88.508,87.764,88.378
2015-11-19 22:00:00,88.341,89.004,88.279,88.835
2015-11-22 22:00:00,88.829,88.881,88.223,88.332
2015-11-23 22:00:00,88.291,88.915,88.026,88.882
2015-11-24 22:00:00,88.933,89.107,88.792,88.962
2015-11-25 22:00:00,88.931,89.076,88.369,88.557
2015-11-26 22:00:00,88.565,88.721,88.099,88.216
2015-11-29 22:00:00,88.319,89.409,88.037,88.950
2015-11-30 22:00:00,88.911,90.098,88.872,89.957
2015-12-01 22:00:00,89.931,90.476,89.800,90.078
2015-12-02 22:00:00,90.047,90.574,89.693,89.975
2015-12-03 22:00:00,90.002,90.715,89.598,90.296
2015-12-06 22:00:00,90.340,90.471,89.463,89.648
2015-12-07 22:00:00,89.600,89.656,88.256,88.692
2015-12-08 22:00:00,88.634,88.981,87.294,87.792
2015-12-09 22:00:00,87.766,89.124,87.759,88.515
2015-12-10 22:00:00,88.443,88.621,86.787,86.882
2015-12-13 22:00:00,87.261,87.709,86.498,87.607
2015-12-14 22:00:00,87.627,88.123,87.136,87.481
2015-12-15 22:00:00,87.437,88.512,87.428,88.364
2015-12-16 22:00:00,88.264,88.556,87.102,87.343
2015-12-17 22:00:00,87.301,87.991,86.204,86.867
2015-12-20 22:00:00,86.905,87.195,86.633,87.086
2015-12-21 22:00:00,87.079,87.716,87.026,87.563
2015-12-22 22:00:00,87.504,87.651,87.141,87.478
2015-12-23 22:00:00,87.416,87.649,87.362,87.434
2015-12-27 22:00:00,87.400,87.603,87.220,87.252
2015-12-28 22:00:00,87.246,87.912,87.213,87.841
2015-12-29 22:00:00,87.824,87.967,87.596,87.782
2015-12-30 22:00:00,87.767,88.204,87.426,87.631
2016-01-03 22:00:00,87.529,87.822,85.327,85.869
2016-01-04 22:00:00,85.830,86.337,84.878,85.237
2016-01-05 22:00:00,85.224,85.397,83.542,83.759
2016-01-06 22:00:00,83.751,84.116,81.982,82.462
2016-01-07 22:00:00,82.459,83.891,81.457,81.467
2016-01-10 22:00:00,81.630,83.014,80.948,82.343
2016-01-11 22:00:00,82.334,82.765,81.372,82.147
2016-01-12 22:00:00,82.122,83.389,81.762,81.820
2016-01-13 22:00:00,81.827,82.672,81.154,82.433
2016-01-14 22:00:00,82.441,82.793,79.554,80.237
2016-01-17 22:00:00,79.746,81.268,79.720,80.517
2016-01-18 22:00:00,80.496,82.148,80.179,81.216
2016-01-19 22:00:00,81.249,81.441,79.207,80.742
2016-01-20 22:00:00,80.710,82.629,80.080,82.352
2016-01-21 22:00:00,82.354,83.514,82.118,83.146
2016-01-24 22:00:00,83.086,83.485,82.201,82.253
2016-01-25 22:00:00,82.257,83.259,81.470,82.925
2016-01-26 22:00:00,82.925,84.206,82.692,83.363
2016-01-27 22:00:00,83.338,84.799,82.998,84.135
2016-01-28 22:00:00,84.138,86.355,83.990,85.779
2016-01-31 22:00:00,85.890,86.213,85.274,86.037
2016-02-01 22:00:00,86.035,86.153,84.369,84.407
2016-02-02 22:00:00,84.398,84.763,83.186,84.477
2016-02-03 22:00:00,84.477,85.047,83.903,84.056
2016-02-04 22:00:00,84.056,84.294,82.506,82.511
2016-02-07 22:00:00,82.552,83.475,81.588,82.071
2016-02-08 22:00:00,82.061,82.076,79.997,81.383
2016-02-09 22:00:00,81.339,81.930,80.351,80.356
2016-02-10 22:00:00,80.403,80.864,77.568,79.892
2016-02-11 22:00:00,79.896,80.640,79.272,80.369
2016-02-14 22:00:00,80.511,81.975,80.473,81.732
2016-02-15 22:00:00,81.733,82.418,80.454,81.075
2016-02-16 22:00:00,81.106,82.070,80.344,81.935
2016-02-17 22:00:00,81.952,82.016,80.829,81.015
2016-02-18 22:00:00,81.024,81.105,79.816,80.450
2016-02-21 22:00:00,80.561,82.015,80.251,81.592
2016-02-22 22:00:00,81.505,81.774,80.669,80.722
2016-02-23 22:00:00,80.709,80.811,79.596,80.700
2016-02-24 22:00:00,80.711,81.772,80.188,81.740
2016-02-25 22:00:00,81.746,82.010,81.001,81.130
2016-02-28 22:00:00,81.149,81.218,80.318,80.438
2016-02-29 22:00:00,80.444,81.961,79.800,81.765
2016-03-01 22:00:00,81.761,82.907,81.517,82.782
2016-03-02 22:00:00,82.755,83.788,82.604,83.557
2016-03-03 22:00:00,83.555,84.924,83.239,84.580
2016-03-06 22:00:00,84.361,85.008,83.890,84.706
2016-03-07 22:00:00,84.700,84.740,83.588,83.758
2016-03-08 22:00:00,83.750,85.221,83.338,84.795
2016-03-09 22:00:00,84.800,85.610,83.696,84.375
2016-03-10 22:00:00,84.334,86.199,84.061,86.042
2016-03-13 22:00:00,85.980,86.398,85.219,85.420
2016-03-14 22:00:00,85.441,85.660,83.892,84.430
2016-03-15 22:00:00,84.438,85.400,84.252,85.185
2016-03-16 22:00:00,85.182,85.861,84.287,85.085
2016-03-17 22:00:00,85.097,85.357,84.659,84.740
2016-03-20 22:00:00,84.690,85.075,84.209,84.870
2016-03-21 22:00:00,84.870,85.644,84.120,85.570
2016-03-22 22:00:00,85.568,85.860,84.509,84.671
2016-03-23 22:00:00,84.670,85.000,84.317,84.893
2016-03-24 22:00:00,84.897,85.213,84.746,84.844
2016-03-27 21:00:00,84.997,85.625,84.854,85.570
2016-03-28 21:00:00,85.546,86.148,85.278,85.935
2016-03-29 21:00:00,85.890,86.661,85.611,86.235
2016-03-30 21:00:00,86.215,86.693,85.760,86.191
2016-03-31 21:00:00,86.179,86.460,85.246,85.710
2016-04-03 21:00:00,85.599,85.790,84.499,84.635
2016-04-04 21:00:00,84.633,84.672,82.790,83.207
2016-04-05 21:00:00,83.186,83.660,83.027,83.406
2016-04-06 21:00:00,83.366,83.726,80.665,81.171
2016-04-07 21:00:00,81.175,82.458,81.108,81.415
2016-04-10 21:00:00,81.430,82.443,81.071,81.981
2016-04-11 21:00:00,81.933,83.464,81.853,83.362
2016-04-12 21:00:00,83.349,84.000,83.223,83.653
2016-04-13 21:00:00,83.647,84.471,83.402,84.154
2016-04-14 21:00:00,84.152,84.765,83.608,83.966
2016-04-17 21:00:00,82.755,84.482,82.455,84.295
2016-04-18 21:00:00,84.295,85.453,84.247,85.294
2016-04-19 21:00:00,85.293,85.812,84.595,85.590
2016-04-20 21:00:00,85.590,85.911,84.636,84.685
2016-04-21 21:00:00,84.659,86.373,84.625,86.022
2016-04-24 21:00:00,86.063,86.218,85.488,85.768
2016-04-25 21:00:00,85.762,86.297,85.233,86.212
2016-04-26 21:00:00,86.198,86.288,84.218,84.503
2016-04-27 21:00:00,84.772,84.875,82.088,82.385
2016-04-28 21:00:00,82.383,82.512,80.807,80.828
2016-05-01 21:00:00,80.660,81.618,80.643,81.534
2016-05-02 21:00:00,81.511,81.941,79.527,79.753
2016-05-03 21:00:00,79.737,80.456,79.480,79.733
2016-05-04 21:00:00,79.724,80.431,79.715,80.045
2016-05-05 21:00:00,80.035,80.284,78.171,78.860
2016-05-08 21:00:00,78.778,79.516,78.737,79.230
2016-05-09 21:00:00,79.218,80.515,79.108,80.436
2016-05-10 21:00:00,80.418,80.640,79.704,79.920
2016-05-11 21:00:00,79.927,80.367,79.442,79.813
2016-05-12 21:00:00,79.785,79.859,78.799,78.829
2016-05-15 21:00:00,78.714,79.514,78.627,79.458
2016-05-16 21:00:00,79.436,80.553,79.285,79.921
2016-05-17 21:00:00,79.920,80.032,79.300,79.649
2016-05-18 21:00:00,79.629,79.738,79.012,79.464
2016-05-19 21:00:00,79.427,79.947,79.374,79.511
2016-05-22 21:00:00,79.472,79.740,78.770,78.881
2016-05-23 21:00:00,78.877,79.095,78.302,78.992
2016-05-24 21:00:00,78.936,79.498,78.936,79.315
2016-05-25 21:00:00,79.290,79.493,78.441,79.297
2016-05-26 21:00:00,79.287,79.485,78.886,79.188
2016-05-29 21:00:00,79.230,79.899,79.169,79.797
2016-05-30 21:00:00,79.771,80.681,79.702,80.058
2016-05-31 21:00:00,80.059,80.779,79.011,79.473
2016-06-01 21:00:00,79.465,79.501,78.304,78.689
2016-06-02 21:00:00,78.636,78.998,78.094,78.458
2016-06-05 21:00:00,78.496,79.345,78.027,79.208
2016-06-06 21:00:00,79.193,80.301,79.009,80.023
2016-06-07 21:00:00,80.023,80.076,79.363,79.925
2016-06-08 21:00:00,79.878,80.265,78.970,79.535
2016-06-09 21:00:00,79.506,79.608,78.544,78.839
2016-06-12 21:00:00,78.779,78.861,78.078,78.441
2016-06-13 21:00:00,78.441,78.556,77.503,78.050
2016-06-14 21:00:00,78.041,78.730,77.737,78.489
2016-06-15 21:00:00,78.508,78.642,75.580,76.729
2016-06-16 21:00:00,76.730,77.527,76.718,76.768
2016-06-19 21:00:00,76.923,78.147,76.923,77.432
2016-06-20 21:00:00,77.452,78.554,77.297,78.021
2016-06-21 21:00:00,78.000,78.747,77.766,78.274
2016-06-22 21:00:00,78.274,80.814,78.182,80.696
2016-06-23 21:00:00,80.793,81.568,72.383,76.304
2016-06-26 21:00:00,75.223,76.151,74.516,74.721
2016-06-27 21:00:00,74.696,75.907,74.696,75.881
2016-06-28 21:00:00,75.855,76.660,75.433,76.589
2016-06-29 21:00:00,76.584,77.032,75.550,76.868
2016-06-30 21:00:00,76.854,76.949,76.411,76.843
2016-07-03 21:00:00,76.345,77.394,76.345,77.294
2016-07-04 21:00:00,77.253,77.290,75.655,75.911
2016-07-05 21:00:00,75.900,76.268,74.538,76.165
2016-07-06 21:00:00,76.142,76.262,75.174,75.332
2016-07-07 21:00:00,75.346,76.122,75.035,75.844
2016-07-10 21:00:00,76.079,77.591,75.926,77.411
2016-07-11 21:00:00,77.404,80.339,77.207,79.762
2016-07-12 21:00:00,79.741,79.988,78.846,79.481
2016-07-13 21:00:00,79.444,80.976,78.952,80.367
2016-07-14 21:00:00,80.330,81.499,79.120,79.189
2016-07-17 21:00:00,79.970,80.770,79.752,80.565
2016-07-18 21:00:00,80.553,80.587,79.331,79.614
2016-07-19 21:00:00,79.609,80.059,79.257,79.888
2016-07-20 21:00:00,79.840,80.445,79.040,79.276
2016-07-21 21:00:00,79.234,79.621,78.901,79.115
2016-07-24 21:00:00,79.147,79.707,78.948,79.025
2016-07-25 21:00:00,78.995,79.124,78.145,78.482
2016-07-26 21:00:00,78.471,79.562,78.441,78.939
2016-07-27 21:00:00,78.923,79.141,78.601,78.977
2016-07-28 21:00:00,78.905,79.473,77.486,77.540
2016-07-31 21:00:00,77.604,78.179,77.054,77.151
2016-08-01 21:00:00,77.150,77.463,76.492,76.737
2016-08-02 21:00:00,76.716,77.073,76.497,76.792
2016-08-03 21:00:00,76.789,77.342,76.750,77.159
2016-08-04 21:00:00,77.173,77.662,77.104,77.525
2016-08-07 21:00:00,77.607,78.666,77.482,78.367
2016-08-08 21:00:00,78.356,78.474,78.005,78.153
2016-08-09 21:00:00,78.082,78.361,77.838,77.959
2016-08-10 21:00:00,77.945,78.616,77.855,78.457
2016-08-11 21:00:00,78.450,78.537,77.325,77.466
2016-08-14 21:00:00,77.327,77.796,77.327,77.676
2016-08-15 21:00:00,77.676,77.767,76.976,77.160
2016-08-16 21:00:00,77.145,77.552,76.283,76.728
2016-08-17 21:00:00,76.719,77.269,76.321,76.748
2016-08-18 21:00:00,76.752,76.957,76.056,76.422
2016-08-21 21:00:00,76.583,76.764,76.335,76.496
2016-08-22 21:00:00,76.361,76.675,76.274,76.318
2016-08-23 21:00:00,76.299,76.615,76.095,76.460
2016-08-24 21:00:00,76.454,76.713,76.410,76.545
2016-08-25 21:00:00,76.545,77.186,76.515,76.875
2016-08-28 21:00:00,77.140,77.390,76.686,77.128
2016-08-29 21:00:00,77.102,77.454,77.073,77.301
2016-08-30 21:00:00,77.287,77.791,77.287,77.734
2016-08-31 21:00:00,77.702,78.191,77.477,77.936
2016-09-01 21:00:00,77.936,78.763,77.856,78.416
2016-09-04 21:00:00,78.749,78.886,78.271,78.385
2016-09-05 21:00:00,78.380,79.119,78.298,78.408
2016-09-06 21:00:00,78.405,78.435,77.573,78.029
2016-09-07 21:00:00,78.045,78.590,77.907,78.313
2016-09-08 21:00:00,78.222,78.328,77.269,77.269
2016-09-11 21:00:00,77.289,77.446,76.407,77.032
2016-09-12 21:00:00,77.017,77.122,76.106,76.511
2016-09-13 21:00:00,76.515,77.411,76.379,76.485
2016-09-14 21:00:00,76.431,76.880,75.958,76.698
2016-09-15 21:00:00,76.699,76.825,76.304,76.588
2016-09-18 21:00:00,76.421,77.017,76.375,76.771
2016-09-19 21:00:00,76.757,76.987,76.656,76.835
2016-09-20 21:00:00,76.814,77.519,76.125,76.454
2016-09-21 21:00:00,76.451,77.280,76.265,76.966
2016-09-22 21:00:00,76.989,77.330,76.745,76.745
2016-09-25 21:00:00,76.851,76.963,76.441,76.586
2016-09-26 21:00:00,76.547,77.490,76.172,76.948
2016-09-27 21:00:00,76.967,77.501,76.838,77.426
2016-09-28 21:00:00,77.406,78.162,76.895,77.098
2016-09-29 21:00:00,77.117,77.746,76.487,77.567
2016-10-02 21:00:00,77.474,78.000,77.352,77.959
2016-10-03 21:00:00,77.947,78.702,77.896,78.399
2016-10-04 21:00:00,78.358,79.009,78.150,78.848
2016-10-05 21:00:00,78.861,78.984,78.455,78.820
2016-10-06 21:00:00,78.808,78.875,77.976,78.005
2016-10-09 21:00:00,78.280,78.967,78.076,78.800
2016-10-10 21:00:00,78.773,78.908,77.736,78.030
2016-10-11 21:00:00,77.948,79.020,77.944,78.772
2016-10-12 21:00:00,78.776,78.950,77.888,78.451
2016-10-13 21:00:00,78.449,79.718,78.369,79.261
2016-10-16 21:00:00,79.436,79.476,78.802,79.220
2016-10-17 21:00:00,79.194,80.004,79.130,79.608
2016-10-18 21:00:00,79.592,79.899,79.137,79.884
2016-10-19 21:00:00,79.841,79.996,79.215,79.230
2016-10-20 21:00:00,79.232,79.502,78.712,78.927
2016-10-23 21:00:00,78.959,79.383,78.869,79.254
2016-10-24 21:00:00,79.257,80.003,79.160,79.677
2016-10-25 21:00:00,79.625,80.302,79.376,79.891
2016-10-26 21:00:00,79.871,80.028,79.547,79.846
2016-10-27 21:00:00,79.878,80.008,79.265,79.462
2016-10-30 22:00:00,79.441,79.975,79.365,79.674
2016-10-31 22:00:00,79.675,80.625,79.451,79.652
2016-11-01 22:00:00,79.641,79.668,78.975,79.117
2016-11-02 22:00:00,79.118,79.308,78.465,79.076
2016-11-03 22:00:00,79.076,79.383,78.846,79.034
2016-11-06 22:00:00,79.778,80.777,79.519,80.711
2016-11-07 22:00:00,80.649,81.784,80.252,81.609
2016-11-08 22:00:00,81.563,81.923,76.775,80.668
2016-11-09 22:00:00,80.645,82.448,80.382,81.259
2016-11-10 22:00:00,81.206,81.414,80.244,80.354
2016-11-13 22:00:00,80.582,81.959,80.333,81.852
2016-11-14 22:00:00,81.852,82.585,81.532,82.487
2016-11-15 22:00:00,82.459,82.598,81.466,81.552
2016-11-16 22:00:00,81.526,81.830,81.104,81.510
2016-11-17 22:00:00,81.506,81.899,81.098,81.238
2016-11-20 22:00:00,81.294,81.801,81.129,81.579
2016-11-21 22:00:00,81.545,82.272,81.407,82.175
2016-11-22 22:00:00,82.202,83.466,82.148,83.002
2016-11-23 22:00:00,83.014,84.008,82.914,83.879
2016-11-24 22:00:00,83.871,84.608,83.735,84.059
2016-11-27 22:00:00,83.803,84.257,83.155,83.737
2016-11-28 22:00:00,83.725,84.368,83.597,84.094
2016-11-29 22:00:00,84.050,84.512,83.958,84.478
2016-11-30 22:00:00,84.408,84.839,84.144,84.544
2016-12-01 22:00:00,84.545,84.803,84.317,84.566
2016-12-04 22:00:00,84.164,85.532,83.764,85.051
2016-12-05 22:00:00,85.000,85.165,84.557,85.033
2016-12-06 22:00:00,84.993,85.308,84.649,85.099
2016-12-07 22:00:00,85.054,85.265,84.782,85.072
2016-12-08 22:00:00,85.052,86.081,84.925,85.675
2016-12-11 22:00:00,85.805,86.604,85.720,86.180
2016-12-12 22:00:00,86.183,86.582,86.024,86.342
2016-12-13 22:00:00,86.302,86.862,86.158,86.647
2016-12-14 22:00:00,86.587,87.522,86.586,86.928
2016-12-15 22:00:00,86.883,87.134,85.751,85.883
2016-12-18 22:00:00,85.874,85.991,84.637,84.784
2016-12-19 22:00:00,84.784,85.709,84.755,85.528
2016-12-20 22:00:00,85.513,85.737,84.992,85.029
2016-12-21 22:00:00,84.889,85.289,84.616,84.769
2016-12-22 22:00:00,84.763,84.907,83.918,83.957
2016-12-25 22:00:00,84.147,84.884,82.523,84.130
2016-12-26 22:00:00,84.097,84.594,83.998,84.354
2016-12-27 22:00:00,84.278,84.854,84.054,84.095
2016-12-28 22:00:00,83.913,84.202,83.734,84.115
2016-12-29 22:00:00,84.053,84.583,83.965,83.965
2017-01-01 22:00:00,84.177,84.515,83.860,84.278
2017-01-02 22:00:00,84.230,85.476,84.230,84.940
2017-01-03 22:00:00,84.922,85.700,84.898,85.329
2017-01-04 22:00:00,85.291,85.444,84.544,84.567
2017-01-05 22:00:00,84.577,85.482,84.534,85.122
2017-01-08 22:00:00,85.241,85.909,85.241,85.262
2017-01-09 22:00:00,85.159,85.408,85.015,85.209
2017-01-10 22:00:00,85.236,86.091,85.212,85.863
2017-01-11 22:00:00,85.785,85.975,85.349,85.783
2017-01-12 22:00:00,85.745,86.270,85.626,85.626
2017-01-15 22:00:00,85.361,85.781,84.999,85.327
2017-01-16 22:00:00,85.306,85.589,84.989,85.171
2017-01-17 22:00:00,85.083,86.141,85.033,86.000
2017-01-18 22:00:00,85.960,87.061,85.929,86.820
2017-01-19 22:00:00,86.767,87.035,86.202,86.352
2017-01-22 22:00:00,86.312,87.662,85.321,85.432
2017-01-23 22:00:00,85.417,86.314,84.618,86.260
2017-01-24 22:00:00,86.198,86.498,85.374,85.705
2017-01-25 22:00:00,85.733,86.445,85.532,86.265
2017-01-26 22:00:00,86.256,87.080,86.148,86.770
2017-01-29 22:00:00,86.690,86.854,85.721,85.896
2017-01-30 22:00:00,85.851,86.073,85.184,85.502
2017-01-31 22:00:00,85.541,86.099,85.340,85.820
2017-02-01 22:00:00,85.831,86.508,85.805,86.350
2017-02-02 22:00:00,86.317,86.714,86.011,86.243
2017-02-05 22:00:00,86.302,86.481,85.455,85.548
2017-02-06 22:00:00,85.541,85.888,85.230,85.692
2017-02-07 22:00:00,85.647,85.812,85.355,85.542
2017-02-08 22:00:00,85.530,86.438,85.351,86.314
2017-02-09 22:00:00,86.315,87.174,86.281,86.799
2017-02-12 22:00:00,87.165,87.485,86.818,86.874
2017-02-13 22:00:00,86.840,87.565,86.823,87.507
2017-02-14 22:00:00,87.492,88.143,87.446,87.992
2017-02-15 22:00:00,87.933,88.170,86.998,87.083
2017-02-16 22:00:00,87.074,87.449,86.231,86.250
2017-02-19 22:00:00,86.571,86.998,86.468,86.892
2017-02-20 22:00:00,86.895,87.310,86.835,87.228
2017-02-21 22:00:00,87.200,87.382,86.677,87.277
2017-02-22 22:00:00,87.234,87.309,86.760,86.854
2017-02-23 22:00:00,86.819,87.071,85.837,85.837
2017-02-26 22:00:00,86.082,86.631,85.837,86.440
2017-02-27 22:00:00,86.419,86.600,85.841,86.319
2017-02-28 22:00:00,86.297,87.310,86.248,87.281
2017-03-01 22:00:00,87.240,87.473,86.538,86.615
2017-03-02 22:00:00,86.597,86.703,86.186,86.383
2017-03-05 22:00:00,86.363,86.593,86.152,86.306
2017-03-06 22:00:00,86.259,86.905,86.221,86.461
2017-03-07 22:00:00,86.416,86.540,86.024,86.038
2017-03-08 22:00:00,86.025,86.405,85.841,86.256
2017-03-09 22:00:00,86.213,87.061,86.166,86.479
2017-03-12 22:00:00,86.598,87.023,86.487,86.935
2017-03-13 22:00:00,86.938,86.998,86.599,86.725
2017-03-14 22:00:00,86.723,87.475,86.672,87.412
2017-03-15 22:00:00,87.412,87.479,86.685,87.014
2017-03-16 22:00:00,87.008,87.204,86.597,86.819
2017-03-19 22:00:00,86.727,87.231,86.677,86.948
2017-03-20 22:00:00,86.948,87.096,85.795,85.893
2017-03-21 22:00:00,85.895,85.926,84.809,85.381
2017-03-22 22:00:00,85.378,85.493,84.407,84.620
2017-03-23 22:00:00,84.622,85.074,84.342,84.828
2017-03-26 21:00:00,84.630,84.768,83.890,84.270
2017-03-27 21:00:00,84.259,84.912,83.814,84.833
2017-03-28 21:00:00,84.788,85.266,84.661,85.135
2017-03-29 21:00:00,85.107,85.602,84.881,85.471
2017-03-30 21:00:00,85.448,85.754,84.916,84.936
2017-04-02 21:00:00,84.892,85.074,84.225,84.305
2017-04-03 21:00:00,84.292,84.387,83.218,83.751
2017-04-04 21:00:00,83.744,84.400,83.571,83.766
2017-04-05 21:00:00,83.747,83.905,83.137,83.562
2017-04-06 21:00:00,83.554,83.699,82.785,83.085
2017-04-09 21:00:00,83.168,83.705,83.041,83.193
2017-04-10 21:00:00,83.168,83.246,81.951,82.151
2017-04-11 21:00:00,82.154,82.360,81.840,81.995
2017-04-12 21:00:00,81.942,82.890,81.900,82.546
2017-04-13 21:00:00,82.461,82.683,82.134,82.184
2017-04-16 21:00:00,82.353,82.746,81.988,82.630
2017-04-17 21:00:00,82.572,82.942,81.830,81.935
2017-04-18 21:00:00,81.920,82.151,81.477,81.587
2017-04-19 21:00:00,81.571,82.507,81.410,82.263
2017-04-20 21:00:00,82.261,82.430,81.969,82.073
2017-04-23 21:00:00,83.785,83.785,82.889,83.045
2017-04-24 21:00:00,83.050,83.799,82.830,83.684
2017-04-25 21:00:00,83.673,84.007,82.837,82.987
2017-04-26 21:00:00,82.974,83.400,82.722,83.031
2017-04-27 21:00:00,83.027,83.501,82.760,83.495
2017-04-30 21:00:00,83.128,84.254,83.106,84.139
2017-05-01 21:00:00,84.093,84.529,84.070,84.386
2017-05-02 21:00:00,84.369,84.505,83.586,83.679
2017-05-03 21:00:00,83.636,83.822,83.116,83.304
2017-05-04 21:00:00,83.270,83.676,82.663,83.525
2017-05-07 21:00:00,83.693,83.717,83.168,83.647
2017-05-08 21:00:00,83.644,84.024,83.191,83.691
2017-05-09 21:00:00,83.694,84.330,83.435,84.148
2017-05-10 21:00:00,84.148,84.235,83.516,84.006
2017-05-11 21:00:00,84.013,84.183,83.615,83.615
2017-05-14 21:00:00,83.617,84.498,83.617,84.335
2017-05-15 21:00:00,84.319,84.508,83.924,83.989
2017-05-16 21:00:00,83.984,84.005,82.317,82.332
2017-05-17 21:00:00,82.332,83.070,81.761,82.680
2017-05-18 21:00:00,82.680,83.413,82.326,82.879
2017-05-21 21:00:00,82.679,83.252,82.497,83.190
2017-05-22 21:00:00,83.186,83.660,82.807,83.557
2017-05-23 21:00:00,83.556,83.718,83.231,83.631
2017-05-24 21:00:00,83.631,83.871,83.291,83.337
2017-05-25 21:00:00,83.337,83.385,82.506,82.827
2017-05-28 21:00:00,82.714,82.958,82.622,82.754
2017-05-29 21:00:00,82.754,82.914,82.223,82.731
2017-05-30 21:00:00,82.731,82.940,82.101,82.300
2017-05-31 21:00:00,82.298,82.717,81.894,82.106
2017-06-01 21:00:00,82.109,82.536,81.878,81.900
2017-06-04 21:00:00,81.746,82.763,81.645,82.685
2017-06-05 21:00:00,82.662,82.717,81.769,82.116
2017-06-06 21:00:00,82.083,82.936,82.048,82.905
2017-06-07 21:00:00,82.905,83.200,82.563,83.018
2017-06-08 21:00:00,82.652,83.387,82.631,82.965
2017-06-11 21:00:00,83.051,83.153,82.581,82.903
2017-06-12 21:00:00,82.868,83.223,82.739,82.942
2017-06-13 21:00:00,82.907,83.654,82.842,83.144
2017-06-14 21:00:00,83.112,84.100,82.924,84.076
2017-06-15 21:00:00,84.076,84.800,83.996,84.181
2017-06-18 21:00:00,84.268,84.758,84.258,84.719
2017-06-19 21:00:00,84.719,85.077,84.350,84.462
2017-06-20 21:00:00,84.462,84.551,83.873,84.103
2017-06-21 21:00:00,84.103,84.245,83.716,83.934
2017-06-22 21:00:00,83.934,84.327,83.864,84.156
2017-06-25 21:00:00,84.058,84.900,84.058,84.832
2017-06-26 21:00:00,84.751,85.321,84.751,85.185
2017-06-27 21:00:00,85.149,85.847,84.900,85.783
2017-06-28 21:00:00,85.744,86.528,85.672,86.169
2017-06-29 21:00:00,86.169,86.492,85.840,86.343
2017-07-02 21:00:00,86.079,86.932,86.061,86.860
2017-07-03 21:00:00,86.795,86.973,85.841,86.097
2017-07-04 21:00:00,86.068,86.541,85.658,86.101
2017-07-05 21:00:00,86.101,86.314,85.720,85.832
2017-07-06 21:00:00,85.787,86.762,85.718,86.590
2017-07-09 21:00:00,86.627,86.915,86.546,86.725
2017-07-10 21:00:00,86.728,87.252,86.707,86.991
2017-07-11 21:00:00,86.991,87.028,86.632,86.869
2017-07-12 21:00:00,86.851,87.646,86.821,87.563
2017-07-13 21:00:00,87.563,88.122,87.510,87.919
2017-07-16 21:00:00,88.054,88.272,87.730,87.792
2017-07-17 21:00:00,87.792,89.133,87.483,88.699
2017-07-18 21:00:00,88.699,89.009,88.616,88.966
2017-07-19 21:00:00,88.929,89.331,88.703,89.020
2017-07-20 21:00:00,89.020,89.020,87.711,87.904
2017-07-23 21:00:00,87.822,88.259,87.639,88.022
2017-07-24 21:00:00,88.028,88.847,87.909,88.835
2017-07-25 21:00:00,88.835,89.065,88.174,88.942
2017-07-26 21:00:00,88.942,89.412,88.325,88.646
2017-07-27 21:00:00,88.580,88.820,88.263,88.367
2017-07-30 21:00:00,88.296,88.361,87.848,88.201
2017-07-31 21:00:00,88.198,88.692,87.812,87.938
2017-08-01 21:00:00,87.938,88.300,87.780,88.211
2017-08-02 21:00:00,88.116,88.218,87.362,87.388
2017-08-03 21:00:00,87.388,87.949,87.339,87.740
2017-08-06 21:00:00,87.622,88.007,87.506,87.612
2017-08-07 21:00:00,87.559,87.832,87.245,87.253
2017-08-08 21:00:00,87.289,87.306,86.277,86.777
2017-08-09 21:00:00,86.777,87.088,85.977,85.997
2017-08-10 21:00:00,85.997,86.234,85.441,86.145
2017-08-13 21:00:00,86.078,86.619,86.029,86.124
2017-08-14 21:00:00,86.124,86.778,86.036,86.547
2017-08-15 21:00:00,86.501,87.454,86.443,87.388
2017-08-16 21:00:00,87.388,87.546,86.330,86.372
2017-08-17 21:00:00,86.372,87.031,85.986,86.464
2017-08-20 21:00:00,86.599,86.740,86.173,86.512
2017-08-21 21:00:00,86.449,86.917,86.321,86.676
2017-08-22 21:00:00,86.676,86.859,86.063,86.163
2017-08-23 21:00:00,86.143,86.572,85.926,86.560
2017-08-24 21:00:00,86.515,86.964,86.431,86.684
2017-08-27 21:00:00,86.554,87.105,86.511,87.019
2017-08-28 21:00:00,87.007,87.381,85.695,87.182
2017-08-29 21:00:00,87.136,87.798,86.932,87.147
2017-08-30 21:00:00,87.147,87.480,87.032,87.370
2017-08-31 21:00:00,87.327,87.930,87.157,87.835
2017-09-03 21:00:00,87.089,87.561,86.978,87.110
2017-09-04 21:00:00,87.110,87.604,86.719,86.962
2017-09-05 21:00:00,86.962,87.498,86.548,87.409
2017-09-06 21:00:00,87.409,87.494,86.876,87.323
2017-09-07 21:00:00,87.236,87.718,86.662,86.823
2017-09-10 21:00:00,87.094,87.881,87.048,87.849
2017-09-11 21:00:00,87.793,88.480,87.469,88.319
2017-09-12 21:00:00,88.319,88.555,88.093,88.211
2017-09-13 21:00:00,88.210,88.745,87.988,88.218
2017-09-14 21:00:00,88.218,89.267,87.654,88.656
2017-09-17 21:00:00,88.806,89.339,88.557,88.785
2017-09-18 21:00:00,88.785,89.492,88.668,89.363
2017-09-19 21:00:00,89.364,90.155,89.228,90.119
2017-09-20 21:00:00,90.093,90.299,88.893,89.154
2017-09-21 21:00:00,89.151,89.376,88.462,88.942
2017-09-24 21:00:00,89.222,89.678,88.370,88.653
2017-09-25 21:00:00,88.653,88.773,88.248,88.516
2017-09-26 21:00:00,88.516,88.890,88.288,88.532
2017-09-27 21:00:00,88.532,88.673,88.011,88.228
2017-09-28 21:00:00,88.228,88.450,87.923,88.065
2017-10-01 21:00:00,88.132,88.481,88.032,88.229
2017-10-02 21:00:00,88.229,88.476,88.108,88.408
2017-10-03 21:00:00,88.408,88.702,88.329,88.659
2017-10-04 21:00:00,88.644,88.737,87.776,87.938
2017-10-05 21:00:00,87.938,87.985,87.189,87.189
2017-10-08 21:00:00,87.438,87.623,87.283,87.340
2017-10-09 21:00:00,87.344,87.771,87.246,87.447
2017-10-10 21:00:00,87.447,87.648,87.279,87.607
2017-10-11 21:00:00,87.607,87.994,87.518,87.776
2017-10-12 21:00:00,87.776,88.312,87.652,88.236
2017-10-15 21:00:00,88.124,88.284,87.774,88.063
2017-10-16 21:00:00,88.063,88.167,87.785,88.016
2017-10-17 21:00:00,88.016,88.630,87.954,88.605
2017-10-18 21:00:00,88.605,88.992,88.387,88.610
2017-10-19 21:00:00,88.611,88.987,88.577,88.609
2017-10-22 21:00:00,89.036,89.077,88.424,88.547
2017-10-23 21:00:00,88.542,88.694,88.386,88.551
2017-10-24 21:00:00,88.551,88.659,87.331,87.612
2017-10-25 21:00:00,87.612,87.807,87.241,87.269
2017-10-26 21:00:00,87.269,87.460,87.033,87.235
2017-10-29 22:00:00,87.266,87.327,86.775,86.996
2017-10-30 22:00:00,86.996,87.157,86.688,86.988
2017-10-31 22:00:00,86.989,87.726,86.938,87.626
2017-11-01 22:00:00,87.625,88.095,87.526,87.998
2017-11-02 22:00:00,87.998,88.019,87.191,87.235
2017-11-05 22:00:00,87.193,87.660,87.184,87.421
2017-11-06 22:00:00,87.420,87.694,86.935,87.121
2017-11-07 22:00:00,87.121,87.467,86.974,87.401
2017-11-08 22:00:00,87.401,87.670,86.787,87.130
2017-11-09 22:00:00,87.129,87.254,86.844,86.873
2017-11-12 22:00:00,86.818,87.089,86.515,86.593
2017-11-13 22:00:00,86.593,86.840,86.306,86.548
2017-11-14 22:00:00,86.548,86.585,85.499,85.652
2017-11-15 22:00:00,85.652,86.022,85.475,85.772
2017-11-16 22:00:00,85.772,85.847,84.639,84.785
2017-11-19 22:00:00,84.870,85.078,84.499,85.026
2017-11-20 22:00:00,85.026,85.313,84.746,85.189
2017-11-21 22:00:00,85.189,85.256,84.596,84.681
2017-11-22 22:00:00,84.681,84.936,84.521,84.777
2017-11-23 22:00:00,84.777,85.042,84.739,84.908
2017-11-26 22:00:00,84.919,85.054,84.349,84.445
2017-11-27 22:00:00,84.445,84.819,84.387,84.649
2017-11-28 22:00:00,84.649,84.915,84.450,84.669
2017-11-29 22:00:00,84.671,85.208,84.644,85.125
2017-11-30 22:00:00,85.125,85.714,84.971,85.303
2017-12-03 22:00:00,85.637,85.960,85.366,85.388
2017-12-04 22:00:00,85.388,86.200,85.360,85.628
2017-12-05 22:00:00,85.627,85.798,84.831,84.898
2017-12-06 22:00:00,84.898,85.044,84.664,84.930
2017-12-07 22:00:00,84.930,85.373,84.904,85.190
2017-12-10 22:00:00,85.239,85.523,85.170,85.449
2017-12-11 22:00:00,85.449,85.989,85.316,85.780
2017-12-12 22:00:00,85.780,86.120,85.661,85.932
2017-12-13 22:00:00,85.932,86.491,85.914,86.134
2017-12-14 22:00:00,86.134,86.328,85.964,86.075
2017-12-17 22:00:00,86.160,86.432,85.895,86.201
2017-12-18 22:00:00,86.201,86.633,86.153,86.493
2017-12-19 22:00:00,86.493,86.975,86.424,86.917
2017-12-20 22:00:00,86.917,87.415,86.707,87.250
2017-12-21 22:00:00,87.250,87.523,87.240,87.302
2017-12-25 22:00:00,87.430,87.518,87.382,87.493
2017-12-26 22:00:00,87.490,88.147,87.419,88.037
2017-12-27 22:00:00,88.032,88.112,87.761,87.910
2017-12-28 22:00:00,87.910,88.157,87.756,87.980
2018-01-01 22:00:00,87.877,88.399,87.630,87.878
2018-01-02 22:00:00,87.878,88.230,87.694,88.142
2018-01-03 22:00:00,88.141,88.706,88.077,88.627
2018-01-04 22:00:00,88.627,89.087,88.439,88.889
2018-01-07 22:00:00,88.960,89.070,88.474,88.664
2018-01-08 22:00:00,88.664,88.845,87.865,88.116
2018-01-09 22:00:00,88.116,88.165,87.211,87.374
2018-01-10 22:00:00,87.373,88.089,87.285,87.788
2018-01-11 22:00:00,87.788,87.936,87.391,87.916
2018-01-14 22:00:00,87.790,88.166,87.668,88.013
2018-01-15 22:00:00,88.013,88.415,87.718,87.877
2018-01-16 22:00:00,87.877,88.998,87.833,88.667
2018-01-17 22:00:00,88.667,88.983,88.399,88.856
2018-01-18 22:00:00,88.856,89.017,88.369,88.515
2018-01-21 22:00:00,88.402,88.992,88.371,88.902
2018-01-22 22:00:00,88.902,89.066,87.907,88.211
2018-01-23 22:00:00,88.211,88.424,87.871,88.039
2018-01-24 22:00:00,88.039,88.333,87.705,87.740
2018-01-25 22:00:00,87.740,88.501,87.740,88.041
2018-01-28 22:00:00,88.061,88.334,87.924,88.168
2018-01-29 22:00:00,88.157,88.305,87.459,87.884
2018-01-30 22:00:00,87.884,88.494,87.630,87.932
2018-01-31 22:00:00,87.932,88.124,87.490,87.936
2018-02-01 22:00:00,87.936,88.001,87.226,87.290
2018-02-04 22:00:00,87.169,87.509,85.893,85.913
2018-02-05 22:00:00,85.906,86.670,84.988,86.605
2018-02-06 22:00:00,86.605,86.730,85.415,85.488
2018-02-07 22:00:00,85.488,85.983,84.515,84.592
2018-02-08 22:00:00,84.593,85.435,84.006,85.006
2018-02-11 22:00:00,85.062,85.437,84.754,85.386
2018-02-12 22:00:00,85.386,85.593,84.285,84.727
2018-02-13 22:00:00,84.727,84.893,83.320,84.788
2018-02-14 22:00:00,84.788,84.821,83.868,84.281
2018-02-15 22:00:00,84.281,84.662,83.906,84.038
2018-02-18 22:00:00,84.061,84.505,83.999,84.331
2018-02-19 22:00:00,84.331,84.810,84.207,84.593
2018-02-20 22:00:00,84.585,84.861,83.990,84.113
2018-02-21 22:00:00,84.113,84.113,83.516,83.743
2018-02-22 22:00:00,83.743,83.854,83.270,83.822
2018-02-25 22:00:00,83.951,84.126,83.599,83.952
2018-02-26 22:00:00,83.952,84.162,83.576,83.585
2018-02-27 22:00:00,83.583,83.806,82.780,82.780
2018-02-28 22:00:00,82.780,83.173,82.125,82.362
2018-03-01 22:00:00,82.362,82.604,81.558,82.073
2018-03-04 22:00:00,81.869,82.486,81.486,82.450
2018-03-05 22:00:00,82.440,83.321,82.168,83.052
2018-03-06 22:00:00,83.057,83.070,82.012,82.969
2018-03-07 22:00:00,82.968,83.170,82.495,82.689
2018-03-08 22:00:00,82.689,83.901,82.625,83.802
2018-03-11 22:00:00,83.780,84.099,83.667,83.800
2018-03-12 22:00:00,83.800,84.523,83.541,83.627
2018-03-13 22:00:00,83.623,84.257,83.480,83.713
2018-03-14 22:00:00,83.713,83.765,82.698,82.923
2018-03-15 22:00:00,82.923,82.935,81.678,81.739
2018-03-18 22:00:00,81.747,82.006,81.254,81.790
2018-03-19 22:00:00,81.790,82.194,81.604,81.847
2018-03-20 22:00:00,81.847,82.573,81.469,82.339
2018-03-21 22:00:00,82.339,82.431,80.954,81.038
2018-03-22 22:00:00,81.030,81.461,80.496,80.606
2018-03-25 21:00:00,80.611,81.725,80.553,81.636
2018-03-26 21:00:00,81.636,81.894,80.858,80.869
2018-03-27 21:00:00,80.869,81.965,80.755,81.831
2018-03-28 21:00:00,81.831,81.919,81.468,81.696
2018-03-29 21:00:00,81.696,81.848,81.476,81.678
2018-04-01 21:00:00,81.654,81.798,80.824,81.111
2018-04-02 21:00:00,81.111,81.988,80.930,81.905
2018-04-03 21:00:00,81.920,82.459,81.250,82.371
2018-04-04 21:00:00,82.351,82.647,82.125,82.488
2018-04-05 21:00:00,82.493,82.579,81.900,82.141
2018-04-08 21:00:00,82.097,82.580,81.964,82.145
2018-04-09 21:00:00,82.158,83.374,82.064,83.177
2018-04-10 21:00:00,83.173,83.283,82.667,82.766
2018-04-11 21:00:00,82.727,83.309,82.699,83.183
2018-04-12 21:00:00,83.182,84.076,83.134,83.328
2018-04-15 21:00:00,83.484,83.650,83.105,83.311
2018-04-16 21:00:00,83.319,83.383,83.056,83.062
2018-04-17 21:00:00,83.069,83.570,83.069,83.442
2018-04-18 21:00:00,83.458,83.942,82.858,82.966
2018-04-19 21:00:00,82.947,83.153,82.423,82.547
2018-04-22 21:00:00,82.633,82.819,82.501,82.652
2018-04-23 21:00:00,82.654,83.091,82.479,82.726
2018-04-24 21:00:00,82.728,82.800,82.451,82.771
2018-04-25 21:00:00,82.761,82.911,82.526,82.552
2018-04-26 21:00:00,82.521,82.711,82.373,82.654
2018-04-29 21:00:00,82.627,82.725,82.230,82.303
2018-04-30 21:00:00,82.303,82.528,82.032,82.272
2018-05-01 21:00:00,82.272,82.651,82.074,82.281
2018-05-02 21:00:00,82.281,82.574,81.749,82.235
2018-05-03 21:00:00,82.235,82.461,81.669,82.238
2018-05-06 21:00:00,82.273,82.295,81.821,81.956
2018-05-07 21:00:00,81.957,82.017,81.136,81.313
2018-05-08 21:00:00,81.313,82.002,81.131,81.835
2018-05-09 21:00:00,81.835,82.463,81.726,82.369
2018-05-10 21:00:00,82.363,82.672,82.236,82.483
2018-05-13 21:00:00,82.394,82.787,82.357,82.501
2018-05-14 21:00:00,82.484,82.703,82.191,82.434
2018-05-15 21:00:00,82.377,82.971,82.175,82.956
2018-05-16 21:00:00,82.938,83.375,82.821,83.164
2018-05-17 21:00:00,83.166,83.429,83.046,83.177
2018-05-20 21:00:00,83.365,84.216,83.321,84.164
2018-05-21 21:00:00,84.141,84.477,83.978,83.989
2018-05-22 21:00:00,84.005,84.043,82.482,83.187
2018-05-23 21:00:00,83.186,83.327,82.379,82.741
2018-05-24 21:00:00,82.731,83.162,82.407,82.541
2018-05-27 21:00:00,82.954,83.065,82.427,82.532
2018-05-28 21:00:00,82.523,82.608,81.097,81.609
2018-05-29 21:00:00,81.610,82.607,81.024,82.457
2018-05-30 21:00:00,82.439,82.666,81.992,82.331
2018-05-31 21:00:00,82.312,82.937,82.204,82.874
2018-06-03 21:00:00,82.787,84.018,82.768,83.925
2018-06-04 21:00:00,83.924,84.180,83.338,83.595
2018-06-05 21:00:00,83.581,84.498,83.565,84.477
2018-06-06 21:00:00,84.467,84.533,83.393,83.585
2018-06-07 21:00:00,83.583,83.777,82.585,83.225
2018-06-10 21:00:00,82.937,83.808,82.937,83.687
2018-06-11 21:00:00,83.674,84.154,83.516,83.581
2018-06-12 21:00:00,83.590,83.986,83.440,83.593
2018-06-13 21:00:00,83.573,83.639,82.665,82.694
2018-06-14 21:00:00,82.688,82.842,82.270,82.331
2018-06-17 21:00:00,82.333,82.399,81.889,82.039
2018-06-18 21:00:00,82.035,82.083,80.627,81.187
2018-06-19 21:00:00,81.166,81.660,80.988,81.300
2018-06-20 21:00:00,81.282,81.647,81.070,81.088
2018-06-21 21:00:00,81.105,81.930,81.002,81.816
2018-06-24 21:00:00,81.712,81.858,80.984,81.349
2018-06-25 21:00:00,81.328,81.454,80.966,81.331
2018-06-26 21:00:00,81.327,81.637,80.749,80.906
2018-06-27 21:00:00,80.906,81.298,80.690,81.185
2018-06-28 21:00:00,81.213,82.043,81.046,82.029
2018-07-01 21:00:00,81.842,82.108,80.982,81.359
2018-07-02 21:00:00,81.356,82.076,81.028,81.645
2018-07-03 21:00:00,81.618,81.967,81.432,81.525
2018-07-04 21:00:00,81.553,81.930,81.272,81.711
2018-07-05 21:00:00,81.657,82.258,81.588,82.042
2018-07-08 21:00:00,82.022,82.793,82.004,82.749
2018-07-09 21:00:00,82.720,83.150,82.638,82.759
2018-07-10 21:00:00,82.758,82.825,82.059,82.488
2018-07-11 21:00:00,82.483,83.396,82.380,83.344
2018-07-12 21:00:00,83.295,83.604,82.991,83.387
2018-07-15 21:00:00,83.229,83.684,83.221,83.284
2018-07-16 21:00:00,83.284,83.601,83.213,83.377
2018-07-17 21:00:00,83.374,83.547,82.838,83.471
2018-07-18 21:00:00,83.469,83.924,82.588,82.713
2018-07-19 21:00:00,82.690,82.993,82.205,82.673
2018-07-22 21:00:00,82.574,82.755,82.132,82.166
2018-07-23 21:00:00,82.103,82.548,81.797,82.501
2018-07-24 21:00:00,82.502,82.889,82.079,82.714
2018-07-25 21:00:00,82.693,82.786,81.986,82.038
2018-07-26 21:00:00,82.032,82.299,81.856,82.152
2018-07-29 21:00:00,82.084,82.298,82.032,82.205
2018-07-30 21:00:00,82.197,83.249,82.140,82.999
2018-07-31 21:00:00,83.023,83.117,82.470,82.709
2018-08-01 21:00:00,82.674,82.728,81.949,82.140
2018-08-02 21:00:00,82.135,82.612,82.104,82.280
2018-08-05 21:00:00,82.282,82.418,82.165,82.288
2018-08-06 21:00:00,82.286,82.750,82.171,82.653
2018-08-07 21:00:00,82.620,82.788,82.071,82.414
2018-08-08 21:00:00,82.427,82.638,81.890,81.893
2018-08-09 21:00:00,81.893,81.983,80.607,80.929
2018-08-12 21:00:00,80.348,80.835,79.975,80.454
2018-08-13 21:00:00,80.401,80.807,80.207,80.434
2018-08-14 21:00:00,80.442,80.564,79.693,80.155
2018-08-15 21:00:00,80.131,80.820,79.827,80.489
2018-08-16 21:00:00,80.462,80.963,80.097,80.829
2018-08-19 21:00:00,80.882,80.943,80.582,80.744
2018-08-20 21:00:00,80.748,81.478,80.581,81.208
2018-08-21 21:00:00,81.173,81.360,80.903,81.200
2018-08-22 21:00:00,81.231,81.327,80.563,80.623
2018-08-23 21:00:00,80.597,81.694,80.581,81.478
2018-08-26 21:00:00,81.508,81.735,81.172,81.614
2018-08-27 21:00:00,81.623,81.771,81.414,81.561
2018-08-28 21:00:00,81.545,81.789,81.041,81.634
2018-08-29 21:00:00,81.639,81.694,80.482,80.554
2018-08-30 21:00:00,80.525,80.690,79.627,79.873
2018-09-02 21:00:00,79.859,80.255,79.513,80.062
2018-09-03 21:00:00,80.068,80.435,79.723,79.953
2018-09-04 21:00:00,79.935,80.571,79.586,80.198
2018-09-05 21:00:00,80.186,80.277,79.555,79.698
2018-09-06 21:00:00,79.703,79.737,78.676,78.861
2018-09-09 21:00:00,78.858,79.255,78.757,79.021
2018-09-10 21:00:00,79.019,79.497,78.898,79.412
2018-09-11 21:00:00,79.419,80.000,79.067,79.734
2018-09-12 21:00:00,79.717,80.795,79.681,80.454
2018-09-13 21:00:00,80.465,80.697,80.072,80.130
2018-09-16 21:00:00,80.119,80.590,79.941,80.273
2018-09-17 21:00:00,80.271,81.118,79.768,81.104
2018-09-18 21:00:00,81.064,81.652,80.937,81.527
2018-09-19 21:00:00,81.477,82.027,81.300,82.022
2018-09-20 21:00:00,81.990,82.350,81.878,81.985
2018-09-23 21:00:00,81.655,82.001,81.580,81.779
2018-09-24 21:00:00,81.784,82.033,81.653,81.894
2018-09-25 21:00:00,81.893,82.494,81.760,81.786
2018-09-26 21:00:00,81.784,81.942,81.293,81.683
2018-09-27 21:00:00,81.684,82.198,81.625,82.008
2018-09-30 21:00:00,82.158,82.392,82.058,82.268
2018-10-01 21:00:00,82.224,82.465,81.364,81.662
2018-10-02 21:00:00,81.629,81.913,81.314,81.334
2018-10-03 21:00:00,81.313,81.411,80.369,80.627
2018-10-04 21:00:00,80.530,80.764,79.988,80.143
2018-10-07 21:00:00,80.227,80.414,79.749,80.120
2018-10-08 21:00:00,80.113,80.284,79.816,80.221
2018-10-09 21:00:00,80.180,80.588,79.085,79.179
2018-10-10 21:00:00,79.098,80.142,79.042,79.897
2018-10-11 21:00:00,79.886,80.155,79.487,79.777
2018-10-14 21:00:00,79.722,79.960,79.471,79.696
2018-10-15 21:00:00,79.696,80.202,79.677,80.156
2018-10-16 21:00:00,80.153,80.329,79.654,80.068
2018-10-17 21:00:00,80.090,80.438,79.488,79.633
2018-10-18 21:00:00,79.616,80.479,79.525,80.124
2018-10-21 21:00:00,80.079,80.304,79.635,79.880
2018-10-22 21:00:00,79.871,79.910,79.032,79.659
2018-10-23 21:00:00,79.657,80.022,79.152,79.232
2018-10-24 21:00:00,79.230,79.794,78.980,79.583
2018-10-25 21:00:00,79.574,79.602,78.554,79.287
2018-10-28 22:00:00,79.317,79.755,79.092,79.320
2018-10-29 22:00:00,79.323,80.396,79.254,80.333
2018-10-30 22:00:00,80.335,80.377,79.822,79.910
2018-10-31 22:00:00,79.910,81.250,79.850,81.098
2018-11-01 22:00:00,81.097,81.932,81.020,81.479
2018-11-04 22:00:00,81.352,81.706,81.236,81.607
2018-11-05 22:00:00,81.604,82.199,81.590,82.171
2018-11-06 22:00:00,82.168,82.686,81.862,82.565
2018-11-07 22:00:00,82.583,83.042,82.502,82.755
2018-11-08 22:00:00,82.736,82.870,82.101,82.205
2018-11-11 22:00:00,82.120,82.502,81.640,81.640
2018-11-12 22:00:00,81.641,82.364,81.377,82.132
2018-11-13 22:00:00,82.147,82.459,81.776,82.110
2018-11-14 22:00:00,82.178,82.886,82.075,82.675
2018-11-15 22:00:00,82.675,82.811,82.078,82.686
2018-11-18 22:00:00,82.457,82.613,81.864,82.085
2018-11-19 22:00:00,82.083,82.215,81.265,81.326
2018-11-20 22:00:00,81.324,82.226,81.182,82.109
2018-11-21 22:00:00,82.108,82.232,81.688,81.912
2018-11-22 22:00:00,81.905,81.972,81.418,81.660
2018-11-25 22:00:00,81.599,82.372,81.574,82.002
2018-11-26 22:00:00,82.000,82.559,81.816,82.194
2018-11-27 22:00:00,82.198,83.178,82.157,83.036
2018-11-28 22:00:00,83.046,83.210,82.735,83.057
2018-11-29 22:00:00,83.052,83.077,82.726,82.995
2018-12-02 22:00:00,83.890,83.892,83.448,83.617
2018-12-03 22:00:00,83.606,83.644,82.560,82.736
2018-12-04 22:00:00,82.760,82.986,82.162,82.271
2018-12-05 22:00:00,82.253,82.290,80.921,81.499
2018-12-06 22:00:00,81.499,81.677,81.088,81.118
2018-12-09 22:00:00,80.888,81.521,80.712,81.478
2018-12-10 22:00:00,81.452,81.802,81.228,81.670
2018-12-11 22:00:00,81.654,82.052,81.582,81.767
2018-12-12 22:00:00,81.768,82.199,81.681,82.081
2018-12-13 22:00:00,82.089,82.118,81.243,81.317
2018-12-16 22:00:00,81.285,81.492,80.819,80.943
2018-12-17 22:00:00,80.962,81.198,80.655,80.779
2018-12-18 22:00:00,80.828,81.005,79.550,79.937
2018-12-19 22:00:00,79.939,80.199,78.823,79.075
2018-12-20 22:00:00,79.118,79.257,78.204,78.218
2018-12-23 22:00:00,78.177,78.496,77.686,77.710
2018-12-25 22:00:00,77.746,78.727,77.678,78.671
2018-12-26 22:00:00,78.697,78.707,77.521,78.034
2018-12-27 22:00:00,77.997,78.115,77.524,77.599
2018-12-30 22:00:00,77.650,78.049,77.143,77.207
2019-01-01 22:00:00,76.721,76.945,75.977,76.049
2019-01-02 22:00:00,76.049,76.049,70.309,75.410
2019-01-03 22:00:00,75.392,77.285,75.230,77.217
2019-01-06 22:00:00,77.168,77.721,77.019,77.695
2019-01-07 22:00:00,77.695,77.831,77.286,77.616
2019-01-08 22:00:00,77.615,78.106,77.396,77.567
2019-01-09 22:00:00,77.568,77.994,77.075,77.899
2019-01-10 22:00:00,77.901,78.341,77.811,78.290
2019-01-13 22:00:00,78.202,78.251,77.554,77.816
2019-01-14 22:00:00,77.818,78.508,77.760,78.240
2019-01-15 22:00:00,78.277,78.366,77.897,78.179
2019-01-16 22:00:00,78.181,78.965,77.748,78.569
2019-01-17 22:00:00,78.559,79.093,78.381,78.595
2019-01-20 22:00:00,78.550,78.701,78.274,78.488
2019-01-21 22:00:00,78.488,78.518,77.724,77.873
2019-01-22 22:00:00,77.861,78.407,77.826,78.257
2019-01-23 22:00:00,78.259,78.530,77.627,77.748
2019-01-24 22:00:00,77.732,78.825,77.499,78.610
2019-01-27 22:00:00,78.597,78.812,78.185,78.318
2019-01-28 22:00:00,78.324,78.473,77.953,78.261
2019-01-29 22:00:00,78.251,79.276,78.161,79.014
2019-01-30 22:00:00,79.021,79.386,78.860,79.186
2019-01-31 22:00:00,79.172,79.594,78.724,79.331
2019-02-03 22:00:00,79.346,79.524,79.158,79.389
2019-02-04 22:00:00,79.395,79.833,79.081,79.539
2019-02-05 22:00:00,79.546,79.647,78.046,78.120
2019-02-06 22:00:00,78.156,78.236,77.738,77.965
2019-02-07 22:00:00,77.999,78.005,77.428,77.797
2019-02-10 22:00:00,77.748,78.144,77.714,77.932
2019-02-11 22:00:00,77.933,78.465,77.883,78.374
2019-02-12 22:00:00,78.379,78.938,78.322,78.675
2019-02-13 22:00:00,78.676,79.227,78.234,78.479
2019-02-14 22:00:00,78.487,78.926,78.085,78.803
2019-02-17 22:00:00,78.769,79.184,78.763,78.835
2019-02-18 22:00:00,78.843,79.344,78.504,79.234
2019-02-19 22:00:00,79.230,79.563,79.111,79.392
2019-02-20 22:00:00,79.398,79.807,78.323,78.472
2019-02-21 22:00:00,78.476,79.086,78.388,78.867
2019-02-24 22:00:00,78.950,79.767,78.889,79.575
2019-02-25 22:00:00,79.603,79.655,79.157,79.427
2019-02-26 22:00:00,79.472,79.560,78.934,79.234
2019-02-27 22:00:00,79.243,79.460,78.922,78.999
2019-02-28 22:00:00,78.996,79.639,78.970,79.220
2019-03-03 22:00:00,79.453,79.548,79.026,79.225
2019-03-04 22:00:00,79.231,79.357,79.000,79.242
2019-03-05 22:00:00,79.250,79.332,78.378,78.582
2019-03-06 22:00:00,78.584,78.749,78.145,78.239
2019-03-07 22:00:00,78.273,78.406,77.718,78.296
2019-03-10 22:00:00,78.194,78.709,77.900,78.601
2019-03-11 22:00:00,78.605,78.919,78.500,78.814
2019-03-12 22:00:00,78.816,78.912,78.363,78.904
2019-03-13 22:00:00,78.909,78.970,78.561,78.878
2019-03-14 22:00:00,78.882,79.234,78.864,78.983
2019-03-17 22:00:00,78.955,79.404,78.907,79.107
2019-03-18 22:00:00,79.114,79.185,78.857,78.942
2019-03-19 22:00:00,78.942,79.301,78.701,78.830
2019-03-20 22:00:00,78.830,79.345,78.573,78.823
2019-03-21 22:00:00,78.823,78.853,77.767,77.814
2019-03-24 22:00:00,77.876,78.337,77.530,78.193
2019-03-25 22:00:00,78.193,78.991,78.180,78.909
2019-03-26 22:00:00,78.912,78.938,77.997,78.264
2019-03-27 22:00:00,78.264,78.433,77.902,78.281
2019-03-28 22:00:00,78.281,78.695,78.259,78.634
2019-03-31 21:00:00,79.007,79.256,78.786,79.177
2019-04-01 21:00:00,79.177,79.393,78.501,78.693
2019-04-02 21:00:00,78.702,79.454,78.482,79.283
2019-04-03 21:00:00,79.282,79.455,79.139,79.394
2019-04-04 21:00:00,79.411,79.625,79.245,79.353
2019-04-07 21:00:00,79.304,79.497,78.941,79.432
2019-04-08 21:00:00,79.442,79.603,79.128,79.179
2019-04-09 21:00:00,79.190,79.598,78.995,79.583
2019-04-10 21:00:00,79.600,79.623,79.413,79.506
2019-04-11 21:00:00,79.500,80.475,79.449,80.323
2019-04-14 21:00:00,80.327,80.434,80.182,80.348
2019-04-15 21:00:00,80.341,80.377,79.879,80.348
2019-04-16 21:00:00,80.360,80.710,80.087,80.407
2019-04-17 21:00:00,80.418,80.581,79.901,80.059
2019-04-18 21:00:00,80.009,80.101,79.937,80.020
2019-04-21 21:00:00,79.981,80.069,79.763,79.837
2019-04-22 21:00:00,79.860,79.901,79.246,79.421
2019-04-23 21:00:00,79.420,79.425,78.381,78.611
2019-04-24 21:00:00,78.614,78.701,78.098,78.301
2019-04-25 21:00:00,78.310,78.791,78.165,78.554
2019-04-28 21:00:00,78.512,78.934,78.480,78.755
2019-04-29 21:00:00,78.774,78.917,78.278,78.519
2019-04-30 21:00:00,78.511,78.691,78.108,78.108
2019-05-01 21:00:00,78.129,78.453,77.949,78.038
2019-05-02 21:00:00,78.036,78.172,77.820,78.017
2019-05-05 21:00:00,77.087,77.655,76.781,77.416
2019-05-06 21:00:00,77.413,78.034,77.107,77.278
2019-05-07 21:00:00,77.278,77.369,76.886,76.928
2019-05-08 21:00:00,76.918,76.984,76.332,76.681
2019-05-09 21:00:00,76.683,77.226,76.562,76.948
2019-05-12 21:00:00,76.736,76.869,75.722,75.885
2019-05-13 21:00:00,75.889,76.349,75.778,76.085
2019-05-14 21:00:00,76.082,76.159,75.515,75.901
2019-05-15 21:00:00,75.924,75.990,75.389,75.675
2019-05-16 21:00:00,75.684,75.830,75.320,75.559
2019-05-19 21:00:00,76.021,76.381,75.799,76.002
2019-05-20 21:00:00,76.001,76.272,75.609,76.031
2019-05-21 21:00:00,76.030,76.175,75.822,75.914
2019-05-22 21:00:00,75.918,75.927,75.435,75.602
2019-05-23 21:00:00,75.606,75.819,75.380,75.687
2019-05-26 21:00:00,75.770,75.999,75.701,75.729
2019-05-27 21:00:00,75.732,75.943,75.538,75.693
2019-05-28 21:00:00,75.704,75.855,75.444,75.783
2019-05-29 21:00:00,75.788,76.154,75.619,75.748
2019-05-30 21:00:00,75.748,75.777,75.072,75.076
2019-06-02 21:00:00,75.067,75.474,74.957,75.374
2019-06-03 21:00:00,75.372,75.685,75.060,75.589
2019-06-04 21:00:00,75.594,75.892,75.392,75.570
2019-06-05 21:00:00,75.563,75.764,75.265,75.601
2019-06-06 21:00:00,75.604,75.805,75.480,75.716
2019-06-09 21:00:00,75.972,75.994,75.404,75.444
2019-06-10 21:00:00,75.442,75.667,75.385,75.528
2019-06-11 21:00:00,75.531,75.578,75.133,75.162
2019-06-12 21:00:00,75.163,75.275,74.761,74.924
2019-06-13 21:00:00,74.924,74.958,74.472,74.565
2019-06-16 21:00:00,74.568,74.771,74.344,74.365
2019-06-17 21:00:00,74.364,74.656,73.917,74.567
2019-06-18 21:00:00,74.558,74.764,74.296,74.363
2019-06-19 21:00:00,74.392,74.669,74.121,74.255
2019-06-20 21:00:00,74.274,74.526,74.131,74.325
2019-06-23 21:00:00,74.359,74.775,74.334,74.698
2019-06-24 21:00:00,74.703,74.846,74.326,74.585
2019-06-25 21:00:00,74.582,75.343,74.521,75.270
2019-06-26 21:00:00,75.275,75.610,75.191,75.543
2019-06-27 21:00:00,75.532,75.778,75.316,75.755
2019-06-30 21:00:00,75.766,76.274,75.417,75.506
2019-07-01 21:00:00,75.505,75.735,75.304,75.445
2019-07-02 21:00:00,75.438,75.894,75.122,75.764
2019-07-03 21:00:00,75.764,75.916,75.606,75.677
2019-07-04 21:00:00,75.678,75.888,75.541,75.673
2019-07-07 21:00:00,75.602,75.885,75.590,75.786
2019-07-08 21:00:00,75.786,75.910,75.298,75.392
2019-07-09 21:00:00,75.392,75.617,75.288,75.466
2019-07-10 21:00:00,75.466,75.695,75.179,75.665
2019-07-11 21:00:00,75.665,75.905,75.536,75.724
2019-07-14 21:00:00,75.636,76.018,75.615,75.948
2019-07-15 21:00:00,75.946,76.141,75.818,75.892
2019-07-16 21:00:00,75.883,76.002,75.655,75.660
2019-07-17 21:00:00,75.654,75.984,75.437,75.905
2019-07-18 21:00:00,75.899,76.107,75.812,75.856
2019-07-21 21:00:00,75.869,76.158,75.840,75.876
2019-07-22 21:00:00,75.874,76.069,75.612,75.796
2019-07-23 21:00:00,75.793,75.825,75.340,75.460
2019-07-24 21:00:00,75.460,75.586,75.248,75.491
2019-07-25 21:00:00,75.491,75.582,75.021,75.055
2019-07-28 21:00:00,75.004,75.191,74.900,75.068
2019-07-29 21:00:00,75.067,75.190,74.583,74.617
2019-07-30 21:00:00,74.618,74.889,74.347,74.423
2019-07-31 21:00:00,74.422,74.851,72.944,72.968
2019-08-01 21:00:00,72.966,73.160,72.214,72.446
2019-08-04 21:00:00,72.388,72.461,71.396,71.561
2019-08-05 21:00:00,71.561,72.713,71.239,71.955
2019-08-06 21:00:00,71.960,72.050,70.737,71.791
2019-08-07 21:00:00,71.791,72.355,71.546,72.156
2019-08-08 21:00:00,72.155,72.232,71.474,71.673
2019-08-11 21:00:00,71.557,71.691,70.898,71.061
2019-08-12 21:00:00,71.065,72.926,70.961,72.555
2019-08-13 21:00:00,72.539,72.571,71.246,71.445
2019-08-14 21:00:00,71.446,72.502,71.325,71.882
2019-08-15 21:00:00,71.881,72.231,71.801,72.067
2019-08-18 21:00:00,71.998,72.304,71.970,72.121
2019-08-19 21:00:00,72.121,72.353,71.902,71.982
2019-08-20 21:00:00,71.982,72.397,71.958,72.285
2019-08-21 21:00:00,72.279,72.356,71.833,71.902
2019-08-22 21:00:00,71.894,72.105,71.027,71.169
2019-08-25 21:00:00,70.717,72.073,69.951,71.872
2019-08-26 21:00:00,71.878,71.931,71.255,71.384
2019-08-27 21:00:00,71.386,71.584,71.213,71.445
2019-08-28 21:00:00,71.442,71.804,71.115,71.660
2019-08-29 21:00:00,71.660,71.751,71.330,71.577
2019-09-01 21:00:00,71.299,71.530,71.203,71.315
2019-09-02 21:00:00,71.318,71.721,71.088,71.587
2019-09-03 21:00:00,71.586,72.342,71.541,72.297
2019-09-04 21:00:00,72.296,73.143,72.243,72.860
2019-09-05 21:00:00,72.852,73.279,72.838,73.216
2019-09-08 21:00:00,73.033,73.660,73.032,73.562
2019-09-09 21:00:00,73.557,73.830,73.410,73.778
2019-09-10 21:00:00,73.776,74.198,73.666,73.964
2019-09-11 21:00:00,73.964,74.477,73.868,74.206
2019-09-12 21:00:00,74.207,74.493,74.151,74.332
2019-09-15 21:00:00,74.298,74.298,73.786,74.213
2019-09-16 21:00:00,74.191,74.290,73.890,74.225
2019-09-17 21:00:00,74.214,74.257,73.844,74.027
2019-09-18 21:00:00,74.026,74.056,73.117,73.349
2019-09-19 21:00:00,73.346,73.454,72.688,72.741
2019-09-22 21:00:00,72.904,73.038,72.616,72.834
2019-09-23 21:00:00,72.829,73.299,72.714,72.802
2019-09-24 21:00:00,72.809,73.078,72.477,72.747
2019-09-25 21:00:00,72.738,72.988,72.620,72.751
2019-09-26 21:00:00,72.753,73.315,72.617,73.005
2019-09-29 21:00:00,72.988,73.094,72.697,72.941
2019-09-30 21:00:00,72.941,73.366,72.040,72.215
2019-10-01 21:00:00,72.210,72.480,71.730,71.849
2019-10-02 21:00:00,71.850,72.162,71.736,72.060
2019-10-03 21:00:00,72.052,72.451,71.989,72.308
2019-10-06 21:00:00,72.051,72.416,71.916,72.191
2019-10-07 21:00:00,72.191,72.539,71.944,72.031
2019-10-08 21:00:00,72.020,72.484,71.917,72.246
2019-10-09 21:00:00,72.247,73.076,71.838,72.978
2019-10-10 21:00:00,72.976,73.952,72.856,73.636
2019-10-13 21:00:00,73.536,73.743,72.991,73.415
2019-10-14 21:00:00,73.415,73.684,73.077,73.485
2019-10-15 21:00:00,73.484,73.554,73.026,73.479
2019-10-16 21:00:00,73.481,74.398,73.395,74.110
2019-10-17 21:00:00,74.102,74.352,74.061,74.295
2019-10-20 21:00:00,74.199,74.723,74.087,74.580
2019-10-21 21:00:00,74.582,74.820,74.297,74.356
2019-10-22 21:00:00,74.356,74.509,74.012,74.462
2019-10-23 21:00:00,74.462,74.498,73.924,74.031
2019-10-24 21:00:00,74.034,74.309,73.960,74.109
2019-10-27 22:00:00,74.158,74.578,74.065,74.517
2019-10-28 22:00:00,74.513,74.818,74.480,74.709
2019-10-29 22:00:00,74.709,75.141,74.524,75.103
2019-10-30 22:00:00,75.103,75.290,74.314,74.437
2019-10-31 22:00:00,74.437,74.881,74.348,74.770
2019-11-03 22:00:00,74.824,75.003,74.705,74.728
2019-11-04 22:00:00,74.728,75.406,74.661,75.240
2019-11-05 22:00:00,75.240,75.301,74.814,75.005
2019-11-06 22:00:00,75.003,75.668,74.562,75.370
2019-11-07 22:00:00,75.368,75.556,74.741,74.907
2019-11-10 22:00:00,74.912,74.956,74.602,74.698
2019-11-11 22:00:00,74.698,74.938,74.518,74.561
2019-11-12 22:00:00,74.560,74.704,74.191,74.399
2019-11-13 22:00:00,74.399,74.425,73.352,73.558
2019-11-14 22:00:00,73.556,74.197,73.524,74.172
2019-11-17 22:00:00,74.121,74.318,73.886,73.983
2019-11-18 22:00:00,73.985,74.275,73.588,74.100
2019-11-19 22:00:00,74.090,74.157,73.625,73.870
2019-11-20 22:00:00,73.870,74.047,73.486,73.705
2019-11-21 22:00:00,73.707,73.916,73.584,73.702
2019-11-24 22:00:00,73.738,73.995,73.718,73.807
2019-11-25 22:00:00,73.792,74.101,73.710,74.001
2019-11-26 22:00:00,73.994,74.290,73.896,74.219
2019-11-27 22:00:00,74.213,74.239,73.907,74.122
2019-11-28 22:00:00,74.124,74.271,73.921,73.997
2019-12-01 22:00:00,74.117,74.515,74.048,74.292
2019-12-02 22:00:00,74.293,74.840,74.181,74.371
2019-12-03 22:00:00,74.371,74.639,73.891,74.544
2019-12-04 22:00:00,74.536,74.623,74.162,74.308
2019-12-05 22:00:00,74.309,74.531,74.163,74.269
2019-12-08 22:00:00,74.205,74.287,73.970,74.062
2019-12-09 22:00:00,74.059,74.273,73.821,74.023
2019-12-10 22:00:00,74.023,74.751,73.938,74.638
2019-12-11 22:00:00,74.638,75.594,74.537,75.494
2019-12-12 22:00:00,75.490,75.971,74.971,75.170
2019-12-15 22:00:00,75.229,75.627,75.120,75.414
2019-12-16 22:00:00,75.411,75.429,74.938,75.006
2019-12-17 22:00:00,75.006,75.204,74.845,75.073
2019-12-18 22:00:00,75.073,75.428,75.033,75.293
2019-12-19 22:00:00,75.294,75.609,75.215,75.519
2019-12-22 22:00:00,75.517,75.790,75.372,75.712
2019-12-23 22:00:00,75.714,75.778,75.589,75.640
2019-12-25 22:00:00,75.876,76.182,75.821,76.143
2019-12-26 22:00:00,76.143,76.541,76.020,76.449
2019-12-29 22:00:00,76.445,76.503,76.085,76.145
2019-12-30 22:00:00,76.146,76.430,76.052,76.240
2020-01-01 22:00:00,76.158,76.234,75.666,75.879
2020-01-02 22:00:00,75.874,75.898,74.850,75.078
2020-01-05 22:00:00,74.887,75.267,74.730,75.196
2020-01-06 22:00:00,75.196,75.259,74.342,74.495
2020-01-07 22:00:00,74.495,75.063,73.757,74.908
2020-01-08 22:00:00,74.908,75.197,74.837,75.110
2020-01-09 22:00:00,75.104,75.692,75.008,75.538
2020-01-12 22:00:00,75.533,76.005,75.502,75.893
2020-01-13 22:00:00,75.893,76.102,75.737,75.895
2020-01-14 22:00:00,75.894,76.033,75.575,75.832
2020-01-15 22:00:00,75.828,76.241,75.824,75.961
2020-01-16 22:00:00,75.961,76.162,75.681,75.691
2020-01-19 22:00:00,75.662,75.891,75.520,75.717
2020-01-20 22:00:00,75.717,75.809,75.103,75.190
2020-01-21 22:00:00,75.190,75.402,75.026,75.172
2020-01-22 22:00:00,75.172,75.485,74.645,74.963
2020-01-23 22:00:00,74.962,75.168,74.420,74.582
2020-01-26 22:00:00,74.197,74.327,73.536,73.609
2020-01-27 22:00:00,73.610,73.828,73.289,73.804
2020-01-28 22:00:00,73.804,74.004,73.440,73.617
2020-01-29 22:00:00,73.575,73.640,72.798,73.216
2020-01-30 22:00:00,73.217,73.435,72.430,72.441
2020-02-02 22:00:00,72.473,72.919,72.407,72.716
2020-02-03 22:00:00,72.718,73.838,72.494,73.798
2020-02-04 22:00:00,73.794,74.339,73.535,74.084
2020-02-05 22:00:00,74.084,74.383,73.971,74.013
2020-02-06 22:00:00,74.013,74.087,73.041,73.284
2020-02-09 22:00:00,73.116,73.667,73.048,73.394
2020-02-10 22:00:00,73.393,73.998,73.317,73.705
2020-02-11 22:00:00,73.703,74.291,73.676,74.148
2020-02-12 22:00:00,74.147,74.169,73.641,73.785
2020-02-13 22:00:00,73.773,73.981,73.604,73.693
2020-02-16 22:00:00,73.804,73.948,73.690,73.761
2020-02-17 22:00:00,73.759,73.769,73.184,73.458
2020-02-18 22:00:00,73.461,74.470,73.419,74.300
2020-02-19 22:00:00,74.305,74.412,73.785,74.137
2020-02-20 22:00:00,74.131,74.291,73.422,73.925
2020-02-23 22:00:00,73.317,73.905,72.995,73.089
2020-02-24 22:00:00,73.088,73.495,72.521,72.750
2020-02-25 22:00:00,72.749,73.008,72.218,72.250
2020-02-26 22:00:00,72.249,72.586,71.978,71.989
2020-02-27 22:00:00,71.974,72.197,69.373,70.294
2020-03-01 22:00:00,69.566,71.195,69.535,70.797
2020-03-02 22:00:00,70.819,71.506,70.286,70.488
2020-03-03 22:00:00,70.481,71.314,70.296,71.240
2020-03-04 22:00:00,71.241,71.421,69.946,70.193
2020-03-05 22:00:00,70.192,70.423,69.577,69.985
2020-03-08 22:00:00,68.858,69.174,64.346,67.352
2020-03-09 22:00:00,67.351,68.977,67.048,68.312
2020-03-10 22:00:00,68.312,68.777,67.606,67.722
2020-03-11 22:00:00,67.714,67.952,65.032,66.014
2020-03-12 22:00:00,65.997,67.740,65.520,66.694
2020-03-15 22:00:00,66.732,67.099,64.042,64.574
2020-03-16 22:00:00,64.587,65.828,63.916,64.700
2020-03-17 22:00:00,64.700,64.784,61.666,62.454
2020-03-18 22:00:00,62.454,65.526,59.863,63.612
2020-03-19 22:00:00,63.612,65.620,62.748,64.312
2020-03-22 22:00:00,64.285,64.887,62.912,64.732
2020-03-23 22:00:00,64.732,66.635,64.515,66.386
2020-03-24 22:00:00,66.386,67.702,65.916,66.170
2020-03-25 22:00:00,66.198,66.585,64.905,66.048
2020-03-26 22:00:00,66.040,66.924,65.479,66.555
2020-03-29 21:00:00,66.262,66.636,65.726,66.475
2020-03-30 21:00:00,66.475,67.260,65.576,65.955
2020-03-31 21:00:00,65.911,66.349,64.865,65.023
2020-04-01 21:00:00,65.049,65.620,64.389,65.335
2020-04-02 21:00:00,65.340,65.610,64.830,65.002
2020-04-05 21:00:00,65.113,66.594,64.862,66.460
2020-04-06 21:00:00,66.467,67.670,66.362,67.095
2020-04-07 21:00:00,67.095,67.928,66.470,67.789
2020-04-08 21:00:00,67.789,68.872,67.484,68.744
2020-04-09 21:00:00,68.745,69.028,68.428,68.822
2020-04-12 21:00:00,68.811,68.970,68.333,68.765
2020-04-13 21:00:00,68.727,69.258,68.503,69.059
2020-04-14 21:00:00,69.058,69.075,67.580,67.883
2020-04-15 21:00:00,67.875,68.279,67.586,68.278
2020-04-16 21:00:00,68.278,68.942,68.071,68.422
2020-04-19 21:00:00,68.287,68.893,68.180,68.181
2020-04-20 21:00:00,68.185,68.354,67.289,67.694
2020-04-21 21:00:00,67.684,68.463,67.533,68.110
2020-04-22 21:00:00,68.112,69.006,67.748,68.525
2020-04-23 21:00:00,68.525,68.741,68.213,68.741
2020-04-26 21:00:00,68.632,69.376,68.558,69.311
2020-04-27 21:00:00,69.335,69.562,69.029,69.341
2020-04-28 21:00:00,69.341,69.931,69.281,69.892
2020-04-29 21:00:00,69.825,70.168,69.241,69.737
2020-04-30 21:00:00,69.737,69.789,68.498,68.624
2020-05-03 21:00:00,68.452,68.713,67.990,68.525
2020-05-04 21:00:00,68.525,68.986,68.457,68.538
2020-05-05 21:00:00,68.519,68.621,67.843,67.843
2020-05-06 21:00:00,67.943,69.156,67.628,68.987
2020-05-07 21:00:00,68.987,69.724,68.987,69.643
2020-05-10 21:00:00,69.557,70.172,69.378,69.806
2020-05-11 21:00:00,69.806,70.153,69.136,69.281
2020-05-12 21:00:00,69.291,69.759,68.888,69.053
2020-05-13 21:00:00,69.053,69.394,68.548,69.270
2020-05-14 21:00:00,69.270,69.530,68.675,68.748
2020-05-17 21:00:00,68.726,70.071,68.625,69.958
2020-05-18 21:00:00,69.958,70.959,69.873,70.370
2020-05-19 21:00:00,70.370,71.031,70.268,70.870
2020-05-20 21:00:00,70.870,71.082,70.493,70.626
2020-05-21 21:00:00,70.626,70.793,69.938,70.321
2020-05-24 21:00:00,70.246,70.576,70.196,70.495
2020-05-25 21:00:00,70.459,71.782,70.361,71.465
2020-05-26 21:00:00,71.465,71.922,70.813,71.292
2020-05-27 21:00:00,71.307,71.775,71.014,71.394
2020-05-28 21:00:00,71.394,71.928,71.136,71.860
2020-05-31 21:00:00,71.682,73.190,71.601,73.116
2020-06-01 21:00:00,73.116,74.972,72.928,74.919
2020-06-02 21:00:00,74.919,75.763,74.404,75.336
2020-06-03 21:00:00,75.336,76.202,74.852,75.755
2020-06-04 21:00:00,75.755,76.746,75.590,76.328
2020-06-07 21:00:00,76.298,76.787,75.554,76.095
2020-06-08 21:00:00,76.095,76.269,74.467,74.971
2020-06-09 21:00:00,74.985,75.609,74.720,74.958
2020-06-10 21:00:00,74.953,75.039,73.084,73.227
2020-06-11 21:00:00,73.227,74.298,72.526,73.748
2020-06-14 21:00:00,73.378,74.340,72.650,74.254
2020-06-15 21:00:00,74.254,75.087,73.318,73.929
2020-06-16 21:00:00,73.921,74.306,73.462,73.641
2020-06-17 21:00:00,73.641,73.889,72.982,73.287
2020-06-18 21:00:00,73.287,73.822,72.971,73.041
2020-06-21 21:00:00,72.693,73.990,72.693,73.825
2020-06-22 21:00:00,73.825,74.419,73.200,73.811
2020-06-23 21:00:00,73.795,74.158,73.303,73.518
2020-06-24 21:00:00,73.502,73.869,73.312,73.815
2020-06-25 21:00:00,73.808,73.906,73.306,73.554
2020-06-28 21:00:00,73.435,73.984,73.326,73.800
2020-06-29 21:00:00,73.817,74.591,73.603,74.493
2020-06-30 21:00:00,74.506,74.698,73.851,74.306
2020-07-01 21:00:00,74.309,74.700,74.177,74.393
2020-07-02 21:00:00,74.409,74.670,74.323,74.596
2020-07-05 21:00:00,74.462,75.157,74.400,74.814
2020-07-06 21:00:00,74.849,75.057,74.558,74.682
2020-07-07 21:00:00,74.733,74.957,74.505,74.872
2020-07-08 21:00:00,74.865,75.057,74.565,74.643
2020-07-09 21:00:00,74.650,74.688,73.979,74.268
2020-07-12 21:00:00,74.290,75.006,74.189,74.456
2020-07-13 21:00:00,74.455,74.817,74.242,74.792
2020-07-14 21:00:00,74.780,75.273,74.686,74.930
2020-07-15 21:00:00,74.921,75.096,74.679,74.749
2020-07-16 21:00:00,74.738,74.963,74.685,74.862
2020-07-19 21:00:00,74.785,75.302,74.749,75.255
2020-07-20 21:00:00,75.239,76.312,75.100,76.117
2020-07-21 21:00:00,76.120,76.870,75.985,76.510
2020-07-22 21:00:00,76.524,76.707,75.772,75.846
2020-07-23 21:00:00,75.845,75.966,74.861,75.396
2020-07-26 21:00:00,75.140,75.420,75.004,75.332
2020-07-27 21:00:00,75.332,75.575,75.003,75.173
2020-07-28 21:00:00,75.187,75.513,75.082,75.406
2020-07-29 21:00:00,75.349,75.475,74.823,75.342
2020-07-30 21:00:00,75.323,75.919,75.013,75.648
2020-08-02 21:00:00,75.401,75.802,75.098,75.468
2020-08-03 21:00:00,75.467,75.780,75.385,75.694
2020-08-04 21:00:00,75.694,76.406,75.596,75.936
2020-08-05 21:00:00,75.921,76.437,75.660,76.364
2020-08-06 21:00:00,76.350,76.434,75.724,75.822
2020-08-09 21:00:00,75.776,76.017,75.682,75.747
2020-08-10 21:00:00,75.729,76.333,75.676,76.060
2020-08-11 21:00:00,76.050,76.714,75.859,76.563
2020-08-12 21:00:00,76.524,76.700,76.311,76.430
2020-08-13 21:00:00,76.422,76.540,76.148,76.432
2020-08-16 21:00:00,76.326,76.677,76.326,76.469
2020-08-17 21:00:00,76.447,76.547,76.114,76.343
2020-08-18 21:00:00,76.342,76.677,76.141,76.193
2020-08-19 21:00:00,76.193,76.312,75.609,76.088
2020-08-20 21:00:00,76.065,76.274,75.627,75.755
2020-08-23 21:00:00,75.521,76.147,75.521,75.901
2020-08-24 21:00:00,75.882,76.556,75.855,76.534
2020-08-25 21:00:00,76.532,76.765,76.426,76.658
2020-08-26 21:00:00,76.654,77.420,76.592,77.351
2020-08-27 21:00:00,77.350,77.956,77.086,77.586
2020-08-30 21:00:00,77.519,78.458,77.406,78.112
2020-08-31 21:00:00,78.112,78.358,78.005,78.103
2020-09-01 21:00:00,78.103,78.169,77.535,77.914
2020-09-02 21:00:00,77.907,77.932,77.061,77.225
2020-09-03 21:00:00,77.229,77.523,76.767,77.382
2020-09-06 21:00:00,77.414,77.596,77.235,77.301
2020-09-07 21:00:00,77.302,77.639,76.450,76.478
2020-09-08 21:00:00,76.473,77.420,76.103,77.323
2020-09-09 21:00:00,77.305,77.731,76.922,77.020
2020-09-10 21:00:00,77.017,77.584,76.953,77.284
2020-09-13 21:00:00,77.197,77.346,76.953,77.051
2020-09-14 21:00:00,77.049,77.504,76.784,76.985
2020-09-15 21:00:00,76.988,77.179,76.441,76.665
2020-09-16 21:00:00,76.661,76.781,76.102,76.582
2020-09-17 21:00:00,76.600,76.851,75.981,76.206
2020-09-20 21:00:00,76.288,76.390,75.263,75.587
2020-09-21 21:00:00,75.587,75.767,75.114,75.227
2020-09-22 21:00:00,75.227,75.389,74.492,74.519
2020-09-23 21:00:00,74.520,74.632,73.972,74.252
2020-09-24 21:00:00,74.253,74.627,74.012,74.200
2020-09-27 21:00:00,74.148,74.644,74.113,74.571
2020-09-28 21:00:00,74.570,75.425,74.567,75.303
2020-09-29 21:00:00,75.330,75.701,74.870,75.532
2020-09-30 21:00:00,75.535,76.051,75.440,75.797
2020-10-01 21:00:00,75.781,75.869,74.928,75.443
2020-10-04 21:00:00,75.422,76.033,75.356,75.897
2020-10-05 21:00:00,75.895,76.162,74.998,75.011
2020-10-06 21:00:00,75.007,75.747,74.929,75.647
2020-10-07 21:00:00,75.633,75.999,75.529,75.977
2020-10-08 21:00:00,75.977,76.518,75.879,76.476
2020-10-11 21:00:00,76.460,76.511,75.868,75.910
2020-10-12 21:00:00,75.923,75.990,75.438,75.513
2020-10-13 21:00:00,75.512,75.716,75.173,75.321
2020-10-14 21:00:00,75.313,75.358,74.252,74.787
2020-10-15 21:00:00,74.787,74.821,74.389,74.578
2020-10-18 21:00:00,74.532,74.947,74.408,74.494
2020-10-19 21:00:00,74.481,74.611,74.202,74.352
2020-10-20 21:00:00,74.352,74.609,74.200,74.418
2020-10-21 21:00:00,74.431,74.672,74.185,74.636
2020-10-22 21:00:00,74.636,74.923,74.367,74.730
2020-10-25 22:00:00,74.740,74.943,74.498,74.626
2020-10-26 22:00:00,74.627,74.784,74.274,74.418
2020-10-27 22:00:00,74.418,74.629,73.387,73.496
2020-10-28 22:00:00,73.496,73.851,73.134,73.531
2020-10-29 22:00:00,73.533,73.918,73.142,73.552
2020-11-01 22:00:00,73.362,73.957,73.177,73.878
2020-11-02 22:00:00,73.880,75.011,73.607,74.815
2020-11-03 22:00:00,74.818,75.471,74.066,75.008
2020-11-04 22:00:00,74.989,75.458,74.560,75.373
2020-11-05 22:00:00,75.373,75.373,74.898,75.037
2020-11-08 22:00:00,75.134,77.035,75.071,76.708
2020-11-09 22:00:00,76.711,76.821,76.243,76.672
2020-11-10 22:00:00,76.674,77.098,76.505,76.753
2020-11-11 22:00:00,76.755,76.823,75.916,76.036
2020-11-12 22:00:00,76.017,76.301,75.756,76.043
2020-11-15 22:00:00,76.038,76.769,75.969,76.530
2020-11-16 22:00:00,76.541,76.572,75.894,76.054
2020-11-17 22:00:00,76.036,76.157,75.692,75.843
2020-11-18 22:00:00,75.839,75.871,75.403,75.566
2020-11-19 22:00:00,75.549,75.976,75.394,75.847
2020-11-22 22:00:00,75.731,76.216,75.731,76.132
2020-11-23 22:00:00,76.105,76.932,76.078,76.867
2020-11-24 22:00:00,76.874,77.042,76.453,76.914
2020-11-25 22:00:00,76.886,76.931,76.660,76.716
2020-11-26 22:00:00,76.689,76.952,76.497,76.864
2020-11-29 22:00:00,76.767,77.113,76.582,76.586
2020-11-30 22:00:00,76.579,76.975,76.540,76.900
2020-12-01 22:00:00,76.879,77.476,76.826,77.426
2020-12-02 22:00:00,77.431,77.562,77.161,77.199
2020-12-03 22:00:00,77.214,77.499,77.001,77.377
2020-12-06 22:00:00,77.344,77.501,76.898,77.194
2020-12-07 22:00:00,77.196,77.370,77.062,77.179
2020-12-08 22:00:00,77.177,77.943,77.109,77.608
2020-12-09 22:00:00,77.583,78.579,77.351,78.530
2020-12-10 22:00:00,78.529,78.778,78.190,78.389
2020-12-13 22:00:00,78.452,78.702,78.274,78.355
2020-12-14 22:00:00,78.354,78.543,78.144,78.346
2020-12-15 22:00:00,78.353,78.430,78.123,78.385
2020-12-16 22:00:00,78.398,78.821,78.284,78.560
2020-12-17 22:00:00,78.561,78.823,78.436,78.739
2020-12-20 22:00:00,78.517,78.635,77.490,78.358
2020-12-21 22:00:00,78.364,78.417,77.848,77.941
2020-12-22 22:00:00,77.933,78.582,77.863,78.449
2020-12-23 22:00:00,78.413,78.842,78.326,78.721
2020-12-27 22:00:00,78.661,78.880,78.476,78.637
2020-12-28 22:00:00,78.657,78.955,78.565,78.756
2020-12-29 22:00:00,78.776,79.393,78.699,79.297
2020-12-30 22:00:00,79.273,79.791,79.184,79.590
2021-01-03 22:00:00,79.373,79.680,78.848,79.007
2021-01-04 22:00:00,78.968,79.836,78.968,79.690
2021-01-05 22:00:00,79.699,80.511,79.528,80.362
2021-01-06 22:00:00,80.366,80.683,80.161,80.613
2021-01-07 22:00:00,80.604,80.924,80.382,80.725
2021-01-10 22:00:00,80.474,80.648,79.993,80.235
2021-01-11 22:00:00,80.232,80.689,80.138,80.631
2021-01-12 22:00:00,80.629,80.720,80.262,80.314
2021-01-13 22:00:00,80.331,80.851,80.266,80.736
2021-01-14 22:00:00,80.737,80.787,79.717,80.009
2021-01-17 22:00:00,79.987,80.065,79.509,79.615
2021-01-18 22:00:00,79.640,80.315,79.522,79.958
2021-01-19 22:00:00,79.952,80.342,79.888,80.178
2021-01-20 22:00:00,80.178,80.513,80.136,80.320
2021-01-21 22:00:00,80.322,80.442,79.900,80.058
2021-01-24 22:00:00,80.066,80.339,79.759,80.027
2021-01-25 22:00:00,80.006,80.344,79.603,80.195
2021-01-26 22:00:00,80.189,80.437,79.626,79.745
2021-01-27 22:00:00,79.739,80.234,79.199,80.018
2021-01-28 22:00:00,80.041,80.647,79.805,80.023
2021-01-31 22:00:00,79.822,80.207,79.686,79.940
2021-02-01 22:00:00,79.943,80.366,79.536,79.849
2021-02-02 22:00:00,79.846,80.123,79.814,80.021
2021-02-03 22:00:00,80.019,80.329,79.954,80.194
2021-02-04 22:00:00,80.179,80.918,80.039,80.903
2021-02-07 22:00:00,80.722,81.189,80.722,81.025
2021-02-08 22:00:00,81.025,81.157,80.644,80.922
2021-02-09 22:00:00,80.923,81.097,80.751,80.751
2021-02-10 22:00:00,80.751,81.371,80.671,81.186
2021-02-11 22:00:00,81.186,81.484,81.086,81.432
2021-02-14 22:00:00,81.399,82.052,81.393,81.969
2021-02-15 22:00:00,81.968,82.413,81.879,82.230
2021-02-16 22:00:00,82.226,82.292,81.759,82.034
2021-02-17 22:00:00,82.038,82.301,81.826,82.089
2021-02-18 22:00:00,82.084,83.156,81.991,82.949
2021-02-21 22:00:00,82.915,83.433,82.912,83.141
2021-02-22 22:00:00,83.140,83.364,82.912,83.258
2021-02-23 22:00:00,83.250,84.419,83.152,84.355
2021-02-24 22:00:00,84.355,84.951,83.505,83.622
2021-02-25 22:00:00,83.622,83.820,81.980,82.074
2021-02-28 22:00:00,82.074,83.129,82.043,82.950
2021-03-01 22:00:00,82.960,83.634,82.622,83.410
2021-03-02 22:00:00,83.410,83.753,83.122,83.165
2021-03-03 22:00:00,83.157,84.037,83.005,83.389
2021-03-04 22:00:00,83.343,83.590,82.775,83.256
2021-03-07 22:00:00,83.223,83.741,82.925,83.251
2021-03-08 22:00:00,83.252,83.912,83.026,83.708
2021-03-09 22:00:00,83.708,83.921,83.477,83.821
2021-03-10 22:00:00,83.821,84.534,83.744,84.500
2021-03-11 22:00:00,84.495,84.777,84.209,84.585
2021-03-14 22:00:00,84.529,84.729,84.111,84.605
2021-03-15 22:00:00,84.608,84.664,84.191,84.378
2021-03-16 22:00:00,84.376,85.007,84.123,84.855
2021-03-17 22:00:00,84.857,85.446,84.353,84.487
2021-03-18 22:00:00,84.486,84.583,84.111,84.334
2021-03-21 22:00:00,83.874,84.377,83.718,84.287
2021-03-22 22:00:00,84.286,84.305,82.689,82.864
2021-03-23 22:00:00,82.865,83.037,82.284,82.430
2021-03-24 22:00:00,82.429,83.062,82.417,82.757
2021-03-25 22:00:00,82.755,83.807,82.743,83.806
2021-03-28 21:00:00,83.719,83.932,83.337,83.810
2021-03-29 21:00:00,83.810,84.284,83.694,83.824
2021-03-30 21:00:00,83.819,84.475,83.738,84.060
2021-03-31 21:00:00,84.083,84.272,83.432,84.224
2021-04-01 21:00:00,84.224,84.483,84.021,84.202
2021-04-04 21:00:00,84.050,84.386,84.042,84.292
2021-04-05 21:00:00,84.292,84.462,83.788,84.089
2021-04-06 21:00:00,84.089,84.243,83.489,83.620
2021-04-07 21:00:00,83.620,83.784,83.289,83.611
2021-04-08 21:00:00,83.611,83.788,83.037,83.547
2021-04-11 21:00:00,83.331,83.686,83.153,83.365
2021-04-12 21:00:00,83.365,83.464,83.035,83.330
2021-04-13 21:00:00,83.286,84.286,83.108,84.138
2021-04-14 21:00:00,84.156,84.412,83.882,84.298
2021-04-15 21:00:00,84.295,84.376,84.077,84.134
2021-04-18 21:00:00,83.973,84.147,83.749,83.878
2021-04-19 21:00:00,83.878,84.716,83.357,83.483
2021-04-20 21:00:00,83.485,83.923,83.221,83.758
2021-04-21 21:00:00,83.756,83.860,83.123,83.179
2021-04-22 21:00:00,83.172,83.742,83.077,83.589
2021-04-25 21:00:00,83.496,84.498,83.467,84.291
2021-04-26 21:00:00,84.290,84.509,84.075,84.439
2021-04-27 21:00:00,84.439,84.753,84.133,84.591
2021-04-28 21:00:00,84.591,85.006,84.359,84.589
2021-04-29 21:00:00,84.559,84.850,84.138,84.310
2021-05-02 21:00:00,84.325,84.747,84.214,84.640
2021-05-03 21:00:00,84.640,84.733,83.929,84.254
2021-05-04 21:00:00,84.248,84.689,84.210,84.566
2021-05-05 21:00:00,84.566,84.930,84.240,84.887
2021-05-06 21:00:00,84.874,85.314,84.720,85.184
2021-05-09 21:00:00,85.259,85.802,85.131,85.142
2021-05-10 21:00:00,85.165,85.443,84.820,85.155
2021-05-11 21:00:00,85.150,85.259,84.592,84.676
2021-05-12 21:00:00,84.684,84.884,84.293,84.572
2021-05-13 21:00:00,84.573,85.169,84.492,85.111
2021-05-16 21:00:00,84.807,85.139,84.455,84.834
2021-05-17 21:00:00,84.834,85.147,84.623,84.829
2021-05-18 21:00:00,84.829,84.955,84.042,84.382
2021-05-19 21:00:00,84.366,84.649,84.229,84.534
2021-05-20 21:00:00,84.546,84.653,84.110,84.210
2021-05-23 21:00:00,84.091,84.381,83.971,84.283
2021-05-24 21:00:00,84.272,84.664,84.241,84.285
2021-05-25 21:00:00,84.264,84.801,84.245,84.499
2021-05-26 21:00:00,84.499,85.067,84.333,84.995
2021-05-27 21:00:00,84.990,85.151,84.549,84.683
2021-05-30 21:00:00,84.518,84.906,84.518,84.695
2021-05-31 21:00:00,84.695,85.052,84.640,84.851
2021-06-01 21:00:00,84.851,85.191,84.763,84.916
2021-06-02 21:00:00,84.910,84.989,84.304,84.363
2021-06-03 21:00:00,84.361,84.844,84.324,84.803
2021-06-06 21:00:00,84.632,84.877,84.502,84.703
2021-06-07 21:00:00,84.696,84.852,84.636,84.734
2021-06-08 21:00:00,84.737,84.834,84.649,84.717
2021-06-09 21:00:00,84.713,85.017,84.624,84.720
2021-06-10 21:00:00,84.708,85.052,84.387,84.483
2021-06-13 21:00:00,84.441,84.939,84.418,84.865
2021-06-14 21:00:00,84.865,84.929,84.517,84.575
2021-06-15 21:00:00,84.578,84.754,84.065,84.225
2021-06-16 21:00:00,84.221,84.623,83.066,83.220
2021-06-17 21:00:00,83.220,83.380,82.414,82.421
2021-06-20 21:00:00,82.326,83.242,82.130,83.171
2021-06-21 21:00:00,83.024,83.654,82.789,83.574
2021-06-22 21:00:00,83.574,84.144,83.417,84.020
2021-06-23 21:00:00,84.020,84.166,83.873,84.054
2021-06-24 21:00:00,84.054,84.255,84.003,84.106
2021-06-27 21:00:00,83.774,84.160,83.593,83.698
2021-06-28 21:00:00,83.698,83.724,82.999,83.028
2021-06-29 21:00:00,82.962,83.350,82.812,83.295
2021-06-30 21:00:00,83.291,83.655,83.109,83.295
2021-07-01 21:00:00,83.292,83.638,83.039,83.548
2021-07-04 21:00:00,83.342,83.614,83.322,83.523
2021-07-05 21:00:00,83.486,84.193,82.751,82.894
2021-07-06 21:00:00,82.863,83.345,82.648,82.768
2021-07-07 21:00:00,82.768,82.905,81.319,81.552
2021-07-08 21:00:00,81.472,82.544,81.343,82.455
2021-07-11 21:00:00,82.224,82.670,82.016,82.456
2021-07-12 21:00:00,82.461,82.818,82.080,82.357
2021-07-13 21:00:00,82.357,82.527,82.119,82.218
2021-07-14 21:00:00,82.226,82.332,81.427,81.488
2021-07-15 21:00:00,81.487,81.945,81.341,81.407
2021-07-18 21:00:00,81.380,81.596,80.012,80.356
2021-07-19 21:00:00,80.332,80.601,79.838,80.493
2021-07-20 21:00:00,80.488,81.192,80.087,81.129
2021-07-21 21:00:00,81.122,81.475,80.856,81.227
2021-07-22 21:00:00,81.223,81.656,81.057,81.389
2021-07-25 21:00:00,81.267,81.515,80.769,81.460
2021-07-26 21:00:00,81.440,81.507,80.636,80.747
2021-07-27 21:00:00,80.759,81.142,80.547,81.056
2021-07-28 21:00:00,81.047,81.355,80.751,80.929
2021-07-29 21:00:00,80.917,81.079,80.451,80.561
2021-08-01 21:00:00,80.359,80.761,80.301,80.463
2021-08-02 21:00:00,80.438,80.912,80.154,80.619
2021-08-03 21:00:00,80.605,81.034,80.519,80.775
2021-08-04 21:00:00,80.772,81.352,80.722,81.213
2021-08-05 21:00:00,81.225,81.396,81.013,81.045
2021-08-08 21:00:00,80.972,81.096,80.815,80.827
2021-08-09 21:00:00,80.850,81.321,80.707,81.227
2021-08-10 21:00:00,81.228,81.579,81.108,81.415
2021-08-11 21:00:00,81.371,81.460,80.948,80.963
2021-08-12 21:00:00,80.901,81.104,80.745,80.756
2021-08-15 21:00:00,80.633,80.875,79.890,80.100
2021-08-16 21:00:00,80.088,80.247,79.332,79.427
2021-08-17 21:00:00,79.432,79.771,79.245,79.406
2021-08-18 21:00:00,79.363,79.545,78.243,78.391
2021-08-19 21:00:00,78.375,78.631,77.894,78.396
2021-08-22 21:00:00,78.089,79.185,78.089,79.049
2021-08-23 21:00:00,79.036,79.744,79.010,79.572
2021-08-24 21:00:00,79.494,80.098,79.392,80.054
2021-08-25 21:00:00,79.996,80.090,79.590,79.648
2021-08-26 21:00:00,79.650,80.349,79.414,80.302
2021-08-29 21:00:00,80.227,80.378,79.975,80.182
2021-08-30 21:00:00,80.178,80.640,80.071,80.464
2021-08-31 21:00:00,80.450,81.227,80.367,81.032
2021-09-01 21:00:00,81.032,81.522,80.882,81.346
2021-09-02 21:00:00,81.327,82.024,81.250,81.721
2021-09-05 21:00:00,81.669,81.830,81.542,81.718
2021-09-06 21:00:00,81.680,81.987,81.283,81.447
2021-09-07 21:00:00,81.384,81.646,80.969,81.178
2021-09-08 21:00:00,81.160,81.245,80.777,80.825
2021-09-09 21:00:00,80.790,81.429,80.727,80.803
2021-09-12 21:00:00,80.709,81.128,80.667,81.036
2021-09-13 21:00:00,81.000,81.145,80.169,80.285
2021-09-14 21:00:00,80.245,80.344,79.826,80.181
2021-09-15 21:00:00,80.170,80.364,79.745,79.969
2021-09-16 21:00:00,79.982,80.503,79.849,79.879
2021-09-19 21:00:00,79.792,79.961,79.046,79.366
2021-09-20 21:00:00,79.097,79.829,78.856,78.969
2021-09-21 21:00:00,78.945,79.942,78.842,79.573
2021-09-22 21:00:00,79.573,80.594,79.351,80.461
2021-09-23 21:00:00,80.438,80.767,80.003,80.399
2021-09-26 21:00:00,80.230,80.959,80.191,80.871
2021-09-27 21:00:00,80.815,81.310,80.484,80.655
2021-09-28 21:00:00,80.655,80.927,80.179,80.318
2021-09-29 21:00:00,80.317,80.904,80.262,80.420
2021-09-30 21:00:00,80.385,80.810,79.896,80.645
2021-10-03 21:00:00,80.552,81.177,80.467,80.765
2021-10-04 21:00:00,80.752,81.344,80.548,81.258
2021-10-05 21:00:00,81.244,81.402,80.570,81.001
2021-10-06 21:00:00,80.992,81.672,80.962,81.600
2021-10-07 21:00:00,81.587,82.073,81.515,82.015
2021-10-10 21:00:00,81.925,83.556,81.852,83.242
2021-10-11 21:00:00,83.213,83.799,83.008,83.484
2021-10-12 21:00:00,83.452,83.710,83.115,83.544
2021-10-13 21:00:00,83.533,84.400,83.476,84.289
2021-10-14 21:00:00,84.277,84.925,84.222,84.764
2021-10-17 21:00:00,84.697,85.013,84.271,84.712
2021-10-18 21:00:00,84.696,85.538,84.654,85.455
2021-10-19 21:00:00,85.419,85.965,85.351,85.849
2021-10-20 21:00:00,85.849,86.252,84.886,85.091
2021-10-21 21:00:00,85.070,85.542,84.603,84.731
2021-10-24 21:00:00,84.758,85.304,84.670,85.173
2021-10-25 21:00:00,85.131,85.922,85.089,85.609
2021-10-26 21:00:00,85.565,86.057,85.043,85.552
2021-10-27 21:00:00,85.504,85.703,85.109,85.661
2021-10-28 21:00:00,85.656,85.873,85.319,85.701
2021-10-31 22:00:00,85.665,86.057,85.606,85.747
2021-11-01 22:00:00,85.740,85.909,84.493,84.673
2021-11-02 22:00:00,84.642,84.982,84.497,84.913
2021-11-03 22:00:00,84.906,85.207,83.895,84.175
2021-11-04 22:00:00,84.176,84.343,83.816,83.928
2021-11-07 22:00:00,83.769,84.175,83.768,84.031
2021-11-08 22:00:00,84.028,84.064,83.114,83.251
2021-11-09 22:00:00,83.237,83.956,82.994,83.435
2021-11-10 22:00:00,83.395,83.661,83.115,83.156
2021-11-11 22:00:00,83.156,83.555,83.083,83.497
2021-11-14 22:00:00,83.417,83.928,83.417,83.827
2021-11-15 22:00:00,83.819,84.160,83.692,83.838
2021-11-16 22:00:00,83.826,83.912,82.816,82.891
2021-11-17 22:00:00,82.871,83.257,82.681,83.125
2021-11-18 22:00:00,83.108,83.357,82.154,82.478
2021-11-21 22:00:00,82.411,83.211,82.297,82.977
2021-11-22 22:00:00,82.973,83.250,82.653,83.205
2021-11-23 22:00:00,83.186,83.236,82.739,83.044
2021-11-24 22:00:00,83.007,83.196,82.794,82.931
2021-11-25 22:00:00,82.888,82.932,80.474,80.724
2021-11-28 22:00:00,81.053,81.408,80.630,81.078
2021-11-29 22:00:00,81.073,81.390,80.109,80.639
2021-11-30 22:00:00,80.623,81.478,80.032,80.109
2021-12-01 22:00:00,80.091,80.560,79.908,80.267
2021-12-02 22:00:00,80.058,80.348,78.783,78.969
2021-12-05 22:00:00,78.955,80.055,78.916,79.984
2021-12-06 22:00:00,79.960,80.927,79.853,80.831
2021-12-07 22:00:00,80.799,81.714,80.671,81.520
2021-12-08 22:00:00,81.446,81.667,80.919,81.103
2021-12-09 22:00:00,81.128,81.553,80.821,81.304
2021-12-12 22:00:00,81.181,81.487,80.699,80.968
2021-12-13 22:00:00,81.013,81.149,80.477,80.775
2021-12-14 22:00:00,80.733,81.853,80.633,81.756
2021-12-15 22:00:00,81.730,82.434,81.417,81.618
2021-12-16 22:00:00,81.580,81.746,80.932,81.020
2021-12-19 22:00:00,80.929,81.077,80.268,80.784
2021-12-20 22:00:00,80.774,81.664,80.622,81.609
2021-12-21 22:00:00,81.604,82.471,81.260,82.285
2021-12-22 22:00:00,82.272,82.980,82.100,82.836
2021-12-23 22:00:00,82.810,82.873,82.538,82.580
2021-12-26 22:00:00,82.544,83.227,82.544,83.127
2021-12-27 22:00:00,83.090,83.434,82.866,82.978
2021-12-28 22:00:00,82.934,83.492,82.789,83.329
2021-12-29 22:00:00,83.263,83.760,83.203,83.409
2021-12-30 22:00:00,83.409,83.742,83.316,83.617
2022-01-02 22:00:00,83.478,83.861,82.823,82.910
2022-01-03 22:00:00,82.878,84.171,82.813,84.067
2022-01-04 22:00:00,84.052,84.291,83.756,83.840
2022-01-05 22:00:00,83.834,83.883,82.682,82.929
2022-01-06 22:00:00,82.921,83.217,82.626,82.974
2022-01-09 22:00:00,82.786,83.359,82.326,82.604
2022-01-10 22:00:00,82.632,83.218,82.415,83.115
2022-01-11 22:00:00,83.111,83.675,83.032,83.491
2022-01-12 22:00:00,83.477,83.745,82.996,83.153
2022-01-13 22:00:00,83.115,83.158,82.087,82.407
2022-01-16 22:00:00,82.293,82.761,82.255,82.629
2022-01-17 22:00:00,82.627,82.959,82.158,82.328
2022-01-18 22:00:00,82.292,82.795,82.077,82.427
2022-01-19 22:00:00,82.409,82.971,82.385,82.441
2022-01-20 22:00:00,82.414,82.479,81.488,81.571
2022-01-23 22:00:00,81.491,81.828,80.695,81.412
2022-01-24 22:00:00,81.411,81.781,81.041,81.423
2022-01-25 22:00:00,81.366,82.149,81.213,81.567
2022-01-26 22:00:00,81.549,81.755,80.911,81.120
2022-01-27 22:00:00,81.098,81.335,80.360,80.610
2022-01-30 22:00:00,80.556,81.628,80.503,81.330
2022-01-31 22:00:00,81.277,81.782,80.899,81.726
2022-02-01 22:00:00,81.711,81.988,81.381,81.674
2022-02-02 22:00:00,81.647,82.283,81.382,82.073
2022-02-03 22:00:00,82.048,82.219,81.294,81.517
2022-02-06 22:00:00,81.533,82.048,81.410,81.996
2022-02-07 22:00:00,81.986,82.575,81.750,82.551
2022-02-08 22:00:00,82.537,83.052,82.459,82.914
2022-02-09 22:00:00,82.889,83.986,82.728,83.139
2022-02-10 22:00:00,83.109,83.251,81.973,82.364
2022-02-13 22:00:00,82.208,82.641,81.545,82.335
2022-02-14 22:00:00,82.315,82.725,81.887,82.659
2022-02-15 22:00:00,82.653,83.170,82.551,83.082
2022-02-16 22:00:00,83.054,83.336,82.328,82.582
2022-02-17 22:00:00,82.575,83.329,82.420,82.553
2022-02-20 22:00:00,82.435,83.052,82.336,82.483
2022-02-21 22:00:00,82.472,83.184,82.116,83.064
2022-02-22 22:00:00,83.042,83.830,82.999,83.174
2022-02-23 22:00:00,83.150,83.167,82.010,82.733
2022-02-24 22:00:00,82.701,83.614,82.432,83.540
2022-02-27 22:00:00,82.570,83.704,82.561,83.499
2022-02-28 22:00:00,83.470,83.858,83.097,83.317
2022-03-01 22:00:00,83.272,84.437,83.250,84.284
2022-03-02 22:00:00,84.253,84.932,84.120,84.605
2022-03-03 22:00:00,84.589,85.142,84.153,84.684
