datetime,open,high,low,close
2012-12-03 22:00:00,1.04212,1.04838,1.04085,1.04657
2012-12-04 22:00:00,1.04654,1.04831,1.04415,1.04512
2012-12-05 22:00:00,1.04513,1.05146,1.04399,1.04698
2012-12-06 22:00:00,1.04699,1.04959,1.04589,1.04847
2012-12-09 22:00:00,1.04856,1.05049,1.04643,1.04849
2012-12-10 22:00:00,1.04851,1.05393,1.04602,1.05348
2012-12-11 22:00:00,1.05348,1.05848,1.05219,1.05485
2012-12-12 22:00:00,1.05485,1.05628,1.05072,1.05243
2012-12-13 22:00:00,1.05242,1.05770,1.05090,1.05651
2012-12-16 22:00:00,1.05671,1.05671,1.05253,1.05447
2012-12-17 22:00:00,1.05446,1.05560,1.05150,1.05173
2012-12-18 22:00:00,1.05174,1.05319,1.04722,1.04747
2012-12-19 22:00:00,1.04749,1.04990,1.04608,1.04762
2012-12-20 22:00:00,1.04762,1.04821,1.03933,1.03965
2012-12-23 22:00:00,1.04060,1.04155,1.03572,1.03652
2012-12-25 22:00:00,1.03633,1.03854,1.03440,1.03710
2012-12-26 22:00:00,1.03710,1.03881,1.03453,1.03638
2012-12-27 22:00:00,1.03638,1.03956,1.03601,1.03706
2012-12-30 22:00:00,1.03740,1.04069,1.03637,1.03823
2012-12-31 22:00:00,1.03949,1.04026,1.03773,1.03776
2013-01-01 22:00:00,1.03780,1.05229,1.03741,1.05015
2013-01-02 22:00:00,1.05016,1.05268,1.04557,1.04579
2013-01-03 22:00:00,1.04579,1.04861,1.03940,1.04783
2013-01-06 22:00:00,1.05092,1.05106,1.04666,1.05059
2013-01-07 22:00:00,1.05058,1.05152,1.04687,1.05027
2013-01-08 22:00:00,1.05026,1.05347,1.04856,1.05060
2013-01-09 22:00:00,1.05059,1.05971,1.04927,1.05910
2013-01-10 22:00:00,1.05913,1.05938,1.05291,1.05331
2013-01-13 22:00:00,1.05313,1.05770,1.05206,1.05572
2013-01-14 22:00:00,1.05571,1.05690,1.05252,1.05590
2013-01-15 22:00:00,1.05591,1.05788,1.05311,1.05625
2013-01-16 22:00:00,1.05625,1.05657,1.04935,1.05419
2013-01-17 22:00:00,1.05420,1.05557,1.04847,1.05082
2013-01-20 22:00:00,1.05013,1.05251,1.04915,1.05117
2013-01-21 22:00:00,1.05118,1.05780,1.05033,1.05590
2013-01-22 22:00:00,1.05593,1.05669,1.05261,1.05333
2013-01-23 22:00:00,1.05334,1.05466,1.04428,1.04518
2013-01-24 22:00:00,1.04518,1.04677,1.04015,1.04225
2013-01-27 22:00:00,1.04155,1.04289,1.03839,1.04049
2013-01-28 22:00:00,1.04051,1.04745,1.04046,1.04656
2013-01-29 22:00:00,1.04655,1.04751,1.03982,1.04148
2013-01-30 22:00:00,1.04147,1.04505,1.03791,1.04309
2013-01-31 22:00:00,1.04307,1.04444,1.03604,1.04053
2013-02-03 22:00:00,1.04162,1.04413,1.04078,1.04325
2013-02-04 22:00:00,1.04326,1.04560,1.03699,1.03848
2013-02-05 22:00:00,1.03849,1.03990,1.02954,1.03082
2013-02-06 22:00:00,1.03081,1.03381,1.02729,1.02851
2013-02-07 22:00:00,1.02852,1.03473,1.02542,1.03166
2013-02-10 22:00:00,1.03079,1.03235,1.02486,1.02593
2013-02-11 22:00:00,1.02595,1.03211,1.02258,1.03102
2013-02-12 22:00:00,1.03101,1.03700,1.03037,1.03567
2013-02-13 22:00:00,1.03566,1.03712,1.03258,1.03623
2013-02-14 22:00:00,1.03624,1.03734,1.02865,1.03033
2013-02-17 22:00:00,1.02868,1.03147,1.02742,1.03014
2013-02-18 22:00:00,1.03012,1.03664,1.03004,1.03526
2013-02-19 22:00:00,1.03525,1.03670,1.02364,1.02579
2013-02-20 22:00:00,1.02578,1.03061,1.02201,1.02898
2013-02-21 22:00:00,1.02895,1.03401,1.02693,1.03177
2013-02-24 22:00:00,1.02945,1.03280,1.02472,1.02612
2013-02-25 22:00:00,1.02608,1.02910,1.01998,1.02220
2013-02-26 22:00:00,1.02221,1.02442,1.01817,1.02181
2013-02-27 22:00:00,1.02180,1.02894,1.01982,1.02190
2013-02-28 22:00:00,1.02188,1.02413,1.01816,1.02021
2013-03-03 22:00:00,1.01993,1.02042,1.01121,1.01910
2013-03-04 22:00:00,1.01908,1.02621,1.01905,1.02546
2013-03-05 22:00:00,1.02549,1.02989,1.02248,1.02255
2013-03-06 22:00:00,1.02254,1.02892,1.02184,1.02696
2013-03-07 22:00:00,1.02698,1.02804,1.02108,1.02319
2013-03-10 22:00:00,1.02039,1.02845,1.02036,1.02727
2013-03-11 22:00:00,1.02727,1.03349,1.02664,1.03152
2013-03-12 22:00:00,1.03152,1.03335,1.02817,1.02889
2013-03-13 22:00:00,1.02888,1.04008,1.02875,1.03765
2013-03-14 22:00:00,1.03764,1.04132,1.03607,1.04073
2013-03-17 22:00:00,1.03584,1.04091,1.03435,1.03917
2013-03-18 22:00:00,1.03916,1.04051,1.03505,1.03675
2013-03-19 22:00:00,1.03675,1.04048,1.03550,1.03709
2013-03-20 22:00:00,1.03707,1.04577,1.03629,1.04329
2013-03-21 22:00:00,1.04328,1.04594,1.04206,1.04424
2013-03-24 22:00:00,1.04456,1.04791,1.04326,1.04635
2013-03-25 22:00:00,1.04638,1.04964,1.04468,1.04804
2013-03-26 22:00:00,1.04803,1.04816,1.04175,1.04430
2013-03-27 22:00:00,1.04431,1.04567,1.03963,1.04115
2013-03-28 22:00:00,1.04114,1.04267,1.03973,1.04163
2013-03-31 21:00:00,1.04122,1.04309,1.03857,1.04241
2013-04-01 21:00:00,1.04241,1.04788,1.04237,1.04537
2013-04-02 21:00:00,1.04532,1.04968,1.04457,1.04577
2013-04-03 21:00:00,1.04576,1.04894,1.03854,1.04283
2013-04-04 21:00:00,1.04281,1.04376,1.03547,1.03812
2013-04-07 21:00:00,1.03697,1.04231,1.03473,1.04142
2013-04-08 21:00:00,1.04139,1.05090,1.04052,1.04885
2013-04-09 21:00:00,1.04882,1.05515,1.04738,1.05412
2013-04-10 21:00:00,1.05413,1.05817,1.04994,1.05399
2013-04-11 21:00:00,1.05391,1.05608,1.04794,1.05034
2013-04-14 21:00:00,1.04961,1.05233,1.02900,1.03141
2013-04-15 21:00:00,1.03141,1.03967,1.03075,1.03832
2013-04-16 21:00:00,1.03832,1.03936,1.02762,1.03076
2013-04-17 21:00:00,1.03074,1.03371,1.02687,1.03036
2013-04-18 21:00:00,1.03038,1.03579,1.02728,1.02754
2013-04-21 21:00:00,1.02743,1.03071,1.02354,1.02700
2013-04-22 21:00:00,1.02703,1.02720,1.02208,1.02716
2013-04-23 21:00:00,1.02716,1.02953,1.02310,1.02791
2013-04-24 21:00:00,1.02791,1.03388,1.02714,1.02934
2013-04-25 21:00:00,1.02934,1.03359,1.02624,1.02756
2013-04-28 21:00:00,1.02868,1.03575,1.02719,1.03443
2013-04-29 21:00:00,1.03446,1.03839,1.03288,1.03656
2013-04-30 21:00:00,1.03656,1.03816,1.02649,1.02790
2013-05-01 21:00:00,1.02790,1.02842,1.02218,1.02465
2013-05-02 21:00:00,1.02467,1.03222,1.02423,1.03159
2013-05-05 21:00:00,1.03055,1.03063,1.02217,1.02514
2013-05-06 21:00:00,1.02518,1.02527,1.01548,1.01831
2013-05-07 21:00:00,1.01833,1.02079,1.01545,1.01757
2013-05-08 21:00:00,1.01759,1.02536,1.00462,1.00904
2013-05-09 21:00:00,1.00904,1.00954,0.99608,1.00205
2013-05-12 21:00:00,1.00073,1.00105,0.99399,0.99533
2013-05-13 21:00:00,0.99535,1.00032,0.98770,0.98956
2013-05-14 21:00:00,0.98956,0.99194,0.98528,0.98881
2013-05-15 21:00:00,0.98887,0.99131,0.97971,0.98203
2013-05-16 21:00:00,0.98196,0.98303,0.97112,0.97257
2013-05-19 21:00:00,0.97571,0.98266,0.97370,0.98067
2013-05-20 21:00:00,0.98067,0.98418,0.97508,0.98020
2013-05-21 21:00:00,0.98000,0.98273,0.96613,0.96891
2013-05-22 21:00:00,0.96900,0.97777,0.95934,0.97384
2013-05-23 21:00:00,0.97386,0.97406,0.96341,0.96445
2013-05-26 21:00:00,0.96510,0.96653,0.96148,0.96351
2013-05-27 21:00:00,0.96351,0.96956,0.95962,0.96069
2013-05-28 21:00:00,0.96075,0.96703,0.95279,0.96333
2013-05-29 21:00:00,0.96332,0.96969,0.95830,0.96594
2013-05-30 21:00:00,0.96603,0.96846,0.95485,0.95679
2013-06-02 21:00:00,0.96026,0.97916,0.95905,0.97694
2013-06-03 21:00:00,0.97688,0.97692,0.96102,0.96490
2013-06-04 21:00:00,0.96494,0.96569,0.95111,0.95329
2013-06-05 21:00:00,0.95405,0.96716,0.94342,0.95952
2013-06-06 21:00:00,0.95959,0.95961,0.94275,0.94946
2013-06-09 21:00:00,0.94040,0.94802,0.93926,0.94624
2013-06-10 21:00:00,0.94625,0.94703,0.93257,0.94255
2013-06-11 21:00:00,0.94254,0.95632,0.94151,0.94811
2013-06-12 21:00:00,0.94810,0.96565,0.94280,0.96382
2013-06-13 21:00:00,0.96533,0.96552,0.95671,0.95691
2013-06-16 21:00:00,0.95697,0.96410,0.95091,0.95481
2013-06-17 21:00:00,0.95490,0.95737,0.94400,0.94840
2013-06-18 21:00:00,0.94844,0.95559,0.92607,0.92793
2013-06-19 21:00:00,0.92794,0.93126,0.91633,0.92039
2013-06-20 21:00:00,0.92046,0.92588,0.91822,0.92156
2013-06-23 21:00:00,0.92318,0.92987,0.91476,0.92509
2013-06-24 21:00:00,0.92509,0.92968,0.91964,0.92584
2013-06-25 21:00:00,0.92584,0.93441,0.92354,0.92783
2013-06-26 21:00:00,0.92763,0.93376,0.92613,0.92741
2013-06-27 21:00:00,0.92742,0.92855,0.91128,0.91340
2013-06-30 21:00:00,0.91305,0.92528,0.91214,0.92332
2013-07-01 21:00:00,0.92332,0.92498,0.91302,0.91458
2013-07-02 21:00:00,0.91457,0.91895,0.90367,0.90835
2013-07-03 21:00:00,0.90839,0.91806,0.90728,0.91396
2013-07-04 21:00:00,0.91402,0.91797,0.90480,0.90590
2013-07-07 21:00:00,0.90528,0.91451,0.90416,0.91302
2013-07-08 21:00:00,0.91300,0.92005,0.90829,0.91728
2013-07-09 21:00:00,0.91729,0.92374,0.90926,0.92228
2013-07-10 21:00:00,0.92223,0.93051,0.91191,0.91763
2013-07-11 21:00:00,0.91763,0.91876,0.89996,0.90461
2013-07-14 21:00:00,0.90794,0.91216,0.90354,0.91046
2013-07-15 21:00:00,0.91046,0.92606,0.90859,0.92403
2013-07-16 21:00:00,0.92403,0.92918,0.91910,0.92347
2013-07-17 21:00:00,0.92348,0.92416,0.91376,0.91698
2013-07-18 21:00:00,0.91698,0.92347,0.91549,0.91704
2013-07-21 21:00:00,0.91756,0.92700,0.91732,0.92444
2013-07-22 21:00:00,0.92446,0.92986,0.92224,0.92892
2013-07-23 21:00:00,0.92890,0.93178,0.91319,0.91645
2013-07-24 21:00:00,0.91647,0.92810,0.91283,0.92356
2013-07-25 21:00:00,0.92356,0.92950,0.92275,0.92597
2013-07-28 21:00:00,0.92583,0.92868,0.91878,0.92066
2013-07-29 21:00:00,0.92066,0.92071,0.90438,0.90674
2013-07-30 21:00:00,0.90675,0.90759,0.89256,0.89406
2013-07-31 21:00:00,0.89406,0.89931,0.89073,0.89338
2013-08-01 21:00:00,0.89338,0.89693,0.88702,0.89010
2013-08-04 21:00:00,0.89094,0.89423,0.88477,0.89314
2013-08-05 21:00:00,0.89306,0.90052,0.89064,0.89797
2013-08-06 21:00:00,0.89799,0.90251,0.89193,0.89930
2013-08-07 21:00:00,0.89930,0.91344,0.89720,0.91005
2013-08-08 21:00:00,0.91005,0.92142,0.90856,0.91973
2013-08-11 21:00:00,0.91790,0.92209,0.91343,0.91380
2013-08-12 21:00:00,0.91390,0.91484,0.90733,0.90986
2013-08-13 21:00:00,0.90985,0.91600,0.90812,0.91242
2013-08-14 21:00:00,0.91244,0.91895,0.90585,0.91383
2013-08-15 21:00:00,0.91390,0.92149,0.91243,0.91821
2013-08-18 21:00:00,0.91872,0.92328,0.91029,0.91175
2013-08-19 21:00:00,0.91176,0.91322,0.90268,0.90669
2013-08-20 21:00:00,0.90670,0.90693,0.89650,0.89754
2013-08-21 21:00:00,0.89768,0.90428,0.89319,0.90130
2013-08-22 21:00:00,0.90141,0.90499,0.89713,0.90211
2013-08-25 21:00:00,0.90254,0.90693,0.90030,0.90274
2013-08-26 21:00:00,0.90274,0.90311,0.89330,0.89767
2013-08-27 21:00:00,0.89775,0.89844,0.88924,0.89383
2013-08-28 21:00:00,0.89390,0.89783,0.89031,0.89205
2013-08-29 21:00:00,0.89205,0.89575,0.88920,0.88971
2013-09-01 21:00:00,0.89315,0.90136,0.89232,0.89920
2013-09-02 21:00:00,0.89914,0.90720,0.89722,0.90558
2013-09-03 21:00:00,0.90565,0.91872,0.90372,0.91613
2013-09-04 21:00:00,0.91623,0.91877,0.91155,0.91296
2013-09-05 21:00:00,0.91294,0.92166,0.91157,0.91795
2013-09-08 21:00:00,0.91990,0.92416,0.91671,0.92270
2013-09-09 21:00:00,0.92270,0.93186,0.92170,0.93099
2013-09-10 21:00:00,0.93117,0.93380,0.92762,0.93224
2013-09-11 21:00:00,0.93225,0.93541,0.92279,0.92626
2013-09-12 21:00:00,0.92627,0.92707,0.92233,0.92421
2013-09-15 21:00:00,0.93461,0.93868,0.93051,0.93190
2013-09-16 21:00:00,0.93192,0.93660,0.92850,0.93552
2013-09-17 21:00:00,0.93553,0.95285,0.93356,0.94955
2013-09-18 21:00:00,0.94945,0.95240,0.94270,0.94408
2013-09-19 21:00:00,0.94408,0.94581,0.93774,0.93922
2013-09-22 21:00:00,0.93763,0.94567,0.93726,0.94237
2013-09-23 21:00:00,0.94242,0.94276,0.93635,0.93859
2013-09-24 21:00:00,0.93858,0.93933,0.93381,0.93605
2013-09-25 21:00:00,0.93605,0.94013,0.93399,0.93637
2013-09-26 21:00:00,0.93640,0.93747,0.92975,0.93130
2013-09-29 21:00:00,0.93058,0.93539,0.92808,0.93224
2013-09-30 21:00:00,0.93229,0.94351,0.92884,0.93944
2013-10-01 21:00:00,0.93945,0.94082,0.93334,0.93850
2013-10-02 21:00:00,0.93853,0.94147,0.93667,0.93927
2013-10-03 21:00:00,0.93928,0.94583,0.93883,0.94352
2013-10-06 21:00:00,0.94293,0.94493,0.93879,0.94243
2013-10-07 21:00:00,0.94242,0.94840,0.94115,0.94193
2013-10-08 21:00:00,0.94193,0.94641,0.94129,0.94471
2013-10-09 21:00:00,0.94476,0.94722,0.93891,0.94614
2013-10-10 21:00:00,0.94612,0.94844,0.94351,0.94652
2013-10-13 21:00:00,0.94338,0.95073,0.94319,0.94914
2013-10-14 21:00:00,0.94913,0.95471,0.94776,0.95308
2013-10-15 21:00:00,0.95307,0.95678,0.94986,0.95582
2013-10-16 21:00:00,0.95585,0.96466,0.95270,0.96262
2013-10-17 21:00:00,0.96270,0.96776,0.96043,0.96747
2013-10-20 21:00:00,0.96655,0.96788,0.96424,0.96512
2013-10-21 21:00:00,0.96517,0.97304,0.96433,0.97067
2013-10-22 21:00:00,0.97066,0.97573,0.96069,0.96140
2013-10-23 21:00:00,0.96147,0.96705,0.95717,0.96149
2013-10-24 21:00:00,0.96153,0.96239,0.95720,0.95815
2013-10-27 22:00:00,0.95867,0.96223,0.95352,0.95367
2013-10-28 22:00:00,0.95367,0.95466,0.94721,0.94810
2013-10-29 22:00:00,0.94809,0.95156,0.94412,0.94634
2013-10-30 22:00:00,0.94633,0.95252,0.94420,0.94610
2013-10-31 22:00:00,0.94610,0.94891,0.94213,0.94364
2013-11-03 22:00:00,0.94476,0.95140,0.94438,0.95068
2013-11-04 22:00:00,0.95068,0.95371,0.94632,0.94979
2013-11-05 22:00:00,0.94984,0.95423,0.94859,0.95197
2013-11-06 22:00:00,0.95201,0.95268,0.94389,0.94548
2013-11-07 22:00:00,0.94553,0.94806,0.93523,0.93846
2013-11-10 22:00:00,0.93799,0.93901,0.93442,0.93527
2013-11-11 22:00:00,0.93530,0.93679,0.92759,0.92974
2013-11-12 22:00:00,0.92975,0.93732,0.92785,0.93479
2013-11-13 22:00:00,0.93478,0.93860,0.92808,0.93101
2013-11-14 22:00:00,0.93108,0.93743,0.93054,0.93656
2013-11-17 22:00:00,0.93716,0.94183,0.93583,0.93698
2013-11-18 22:00:00,0.93700,0.94466,0.93523,0.94276
2013-11-19 22:00:00,0.94270,0.94475,0.93159,0.93252
2013-11-20 22:00:00,0.93251,0.93336,0.91981,0.92293
2013-11-21 22:00:00,0.92292,0.92491,0.91433,0.91664
2013-11-24 22:00:00,0.91672,0.91921,0.91200,0.91781
2013-11-25 22:00:00,0.91779,0.92042,0.90880,0.91248
2013-11-26 22:00:00,0.91251,0.91372,0.90649,0.90760
2013-11-27 22:00:00,0.90758,0.91490,0.90753,0.90920
2013-11-28 22:00:00,0.90924,0.91405,0.90554,0.91072
2013-12-01 22:00:00,0.91172,0.91679,0.90892,0.91046
2013-12-02 22:00:00,0.91046,0.91456,0.90570,0.91304
2013-12-03 22:00:00,0.91305,0.91404,0.89984,0.90297
2013-12-04 22:00:00,0.90297,0.90766,0.90030,0.90601
2013-12-05 22:00:00,0.90606,0.91172,0.89901,0.90990
2013-12-08 22:00:00,0.91132,0.91292,0.90701,0.90749
2013-12-09 22:00:00,0.90750,0.91666,0.90748,0.91399
2013-12-10 22:00:00,0.91402,0.91522,0.90350,0.90372
2013-12-11 22:00:00,0.90372,0.90803,0.89130,0.89222
2013-12-12 22:00:00,0.89232,0.89687,0.89091,0.89627
2013-12-15 22:00:00,0.89483,0.89694,0.89206,0.89372
2013-12-16 22:00:00,0.89377,0.89580,0.88817,0.89165
2013-12-17 22:00:00,0.89166,0.89437,0.88219,0.88363
2013-12-18 22:00:00,0.88362,0.88748,0.88226,0.88560
2013-12-19 22:00:00,0.88559,0.89331,0.88548,0.89167
2013-12-22 22:00:00,0.89197,0.89578,0.89178,0.89228
2013-12-23 22:00:00,0.89229,0.89339,0.89058,0.89226
2013-12-25 22:00:00,0.88833,0.89026,0.88754,0.88774
2013-12-26 22:00:00,0.88787,0.89285,0.88616,0.88672
2013-12-29 22:00:00,0.88458,0.89293,0.88329,0.89021
2013-12-30 22:00:00,0.89017,0.89519,0.89017,0.89250
2013-12-31 22:00:00,0.88819,0.88953,0.88819,0.88898
2014-01-01 22:00:00,0.88897,0.89427,0.88427,0.89041
2014-01-02 22:00:00,0.89044,0.90042,0.88847,0.89427
2014-01-05 22:00:00,0.89486,0.89822,0.89348,0.89647
2014-01-06 22:00:00,0.89648,0.89708,0.88934,0.89101
2014-01-07 22:00:00,0.89109,0.89518,0.88837,0.88883
2014-01-08 22:00:00,0.88881,0.89124,0.88646,0.88909
2014-01-09 22:00:00,0.88913,0.90047,0.88754,0.89939
2014-01-12 22:00:00,0.89892,0.90857,0.89850,0.90539
2014-01-13 22:00:00,0.90541,0.90564,0.89512,0.89539
2014-01-14 22:00:00,0.89542,0.89702,0.88873,0.89047
2014-01-15 22:00:00,0.89042,0.89091,0.87762,0.88149
2014-01-16 22:00:00,0.88153,0.88272,0.87630,0.87768
2014-01-19 22:00:00,0.87736,0.88246,0.87564,0.88129
2014-01-20 22:00:00,0.88129,0.88372,0.87753,0.88000
2014-01-21 22:00:00,0.88000,0.88873,0.87866,0.88442
2014-01-22 22:00:00,0.88441,0.88497,0.87314,0.87552
2014-01-23 22:00:00,0.87545,0.87747,0.86598,0.86788
2014-01-26 22:00:00,0.86932,0.87591,0.86771,0.87316
2014-01-27 22:00:00,0.87318,0.88204,0.87260,0.87909
2014-01-28 22:00:00,0.87905,0.88254,0.87243,0.87348
2014-01-29 22:00:00,0.87349,0.88001,0.87100,0.87855
2014-01-30 22:00:00,0.87860,0.88230,0.86941,0.87526
2014-02-02 22:00:00,0.87626,0.88330,0.87384,0.87490
2014-02-03 22:00:00,0.87491,0.89414,0.87305,0.89149
2014-02-04 22:00:00,0.89163,0.89381,0.88734,0.89214
2014-02-05 22:00:00,0.89216,0.89802,0.89186,0.89489
2014-02-06 22:00:00,0.89491,0.89980,0.89219,0.89577
2014-02-09 22:00:00,0.89515,0.89584,0.89065,0.89420
2014-02-10 22:00:00,0.89422,0.90472,0.89422,0.90311
2014-02-11 22:00:00,0.90313,0.90668,0.90069,0.90141
2014-02-12 22:00:00,0.90143,0.90311,0.89274,0.89719
2014-02-13 22:00:00,0.89721,0.90432,0.89714,0.90311
2014-02-16 22:00:00,0.90495,0.90687,0.90228,0.90345
2014-02-17 22:00:00,0.90347,0.90802,0.90014,0.90187
2014-02-18 22:00:00,0.90186,0.90438,0.89902,0.89979
2014-02-19 22:00:00,0.89980,0.90211,0.89366,0.90082
2014-02-20 22:00:00,0.90084,0.90146,0.89516,0.89760
2014-02-23 22:00:00,0.89703,0.90488,0.89376,0.90347
2014-02-24 22:00:00,0.90346,0.90439,0.90037,0.90148
2014-02-25 22:00:00,0.90147,0.90253,0.89436,0.89571
2014-02-26 22:00:00,0.89573,0.89709,0.89042,0.89623
2014-02-27 22:00:00,0.89628,0.89892,0.89156,0.89236
2014-03-02 22:00:00,0.89086,0.89461,0.88902,0.89301
2014-03-03 22:00:00,0.89301,0.89689,0.89097,0.89535
2014-03-04 22:00:00,0.89532,0.89964,0.89356,0.89811
2014-03-05 22:00:00,0.89812,0.91122,0.89726,0.90810
2014-03-06 22:00:00,0.90801,0.91329,0.90614,0.90670
2014-03-09 22:00:00,0.90550,0.90631,0.90120,0.90249
2014-03-10 22:00:00,0.90250,0.90501,0.89614,0.89681
2014-03-11 22:00:00,0.89682,0.89958,0.89236,0.89917
2014-03-12 22:00:00,0.89917,0.91029,0.89897,0.90393
2014-03-13 22:00:00,0.90391,0.90491,0.89963,0.90291
2014-03-16 22:00:00,0.90143,0.90979,0.90093,0.90816
2014-03-17 22:00:00,0.90816,0.91382,0.90636,0.91314
2014-03-18 22:00:00,0.91312,0.91361,0.90199,0.90304
2014-03-19 22:00:00,0.90305,0.90515,0.89949,0.90351
2014-03-20 22:00:00,0.90350,0.91003,0.90317,0.90788
2014-03-23 22:00:00,0.90964,0.91492,0.90476,0.91301
2014-03-24 22:00:00,0.91300,0.91739,0.91193,0.91601
2014-03-25 22:00:00,0.91600,0.92449,0.91540,0.92188
2014-03-26 22:00:00,0.92188,0.92713,0.92138,0.92579
2014-03-27 22:00:00,0.92580,0.92948,0.92371,0.92467
2014-03-30 21:00:00,0.92486,0.92776,0.92178,0.92657
2014-03-31 21:00:00,0.92657,0.93039,0.92298,0.92380
2014-04-01 21:00:00,0.92385,0.92631,0.92220,0.92510
2014-04-02 21:00:00,0.92507,0.92519,0.92054,0.92285
2014-04-03 21:00:00,0.92286,0.93071,0.92276,0.92904
2014-04-06 21:00:00,0.92832,0.92950,0.92537,0.92664
2014-04-07 21:00:00,0.92669,0.93663,0.92616,0.93558
2014-04-08 21:00:00,0.93558,0.93988,0.93349,0.93815
2014-04-09 21:00:00,0.93819,0.94610,0.93702,0.94105
2014-04-10 21:00:00,0.94106,0.94261,0.93631,0.93927
2014-04-13 21:00:00,0.93914,0.94251,0.93758,0.94159
2014-04-14 21:00:00,0.94159,0.94230,0.93363,0.93559
2014-04-15 21:00:00,0.93560,0.93877,0.93320,0.93689
2014-04-16 21:00:00,0.93691,0.93900,0.93208,0.93280
2014-04-17 21:00:00,0.93278,0.93416,0.93232,0.93296
2014-04-20 21:00:00,0.93310,0.93463,0.93150,0.93232
2014-04-21 21:00:00,0.93233,0.93779,0.93213,0.93636
2014-04-22 21:00:00,0.93638,0.93769,0.92673,0.92883
2014-04-23 21:00:00,0.92883,0.93006,0.92519,0.92623
2014-04-24 21:00:00,0.92622,0.92979,0.92536,0.92693
2014-04-27 21:00:00,0.92729,0.93164,0.92441,0.92603
2014-04-28 21:00:00,0.92600,0.92819,0.92273,0.92673
2014-04-29 21:00:00,0.92674,0.93007,0.92521,0.92866
2014-04-30 21:00:00,0.92863,0.93122,0.92603,0.92651
2014-05-01 21:00:00,0.92650,0.92798,0.92021,0.92761
2014-05-04 21:00:00,0.92814,0.92891,0.92521,0.92781
2014-05-05 21:00:00,0.92781,0.93671,0.92706,0.93419
2014-05-06 21:00:00,0.93419,0.93545,0.93181,0.93271
2014-05-07 21:00:00,0.93273,0.93940,0.93189,0.93684
2014-05-08 21:00:00,0.93684,0.93786,0.93466,0.93611
2014-05-11 21:00:00,0.93578,0.93854,0.93481,0.93625
2014-05-12 21:00:00,0.93625,0.93824,0.93328,0.93590
2014-05-13 21:00:00,0.93591,0.94090,0.93564,0.93766
2014-05-14 21:00:00,0.93765,0.93927,0.93267,0.93552
2014-05-15 21:00:00,0.93552,0.93708,0.93346,0.93580
2014-05-18 21:00:00,0.93663,0.93685,0.93245,0.93252
2014-05-19 21:00:00,0.93254,0.93350,0.92380,0.92409
2014-05-20 21:00:00,0.92412,0.92529,0.92083,0.92461
2014-05-21 21:00:00,0.92460,0.92734,0.92141,0.92233
2014-05-22 21:00:00,0.92239,0.92494,0.92133,0.92295
2014-05-25 21:00:00,0.92331,0.92486,0.92304,0.92386
2014-05-26 21:00:00,0.92388,0.92767,0.92329,0.92579
2014-05-27 21:00:00,0.92580,0.92703,0.92137,0.92329
2014-05-28 21:00:00,0.92329,0.93122,0.92105,0.93048
2014-05-29 21:00:00,0.93041,0.93286,0.92882,0.93080
2014-06-01 21:00:00,0.93082,0.93136,0.92345,0.92409
2014-06-02 21:00:00,0.92415,0.92867,0.92294,0.92666
2014-06-03 21:00:00,0.92664,0.92973,0.92523,0.92763
2014-06-04 21:00:00,0.92764,0.93461,0.92574,0.93354
2014-06-05 21:00:00,0.93363,0.93582,0.93186,0.93325
2014-06-08 21:00:00,0.93380,0.93632,0.93342,0.93501
2014-06-09 21:00:00,0.93501,0.93835,0.93408,0.93699
2014-06-10 21:00:00,0.93703,0.94107,0.93642,0.93855
2014-06-11 21:00:00,0.93854,0.94370,0.93498,0.94232
2014-06-12 21:00:00,0.94233,0.94266,0.93748,0.93998
2014-06-15 21:00:00,0.94028,0.94162,0.93736,0.93997
2014-06-16 21:00:00,0.93998,0.93999,0.93297,0.93353
2014-06-17 21:00:00,0.93354,0.94114,0.93216,0.93972
2014-06-18 21:00:00,0.93973,0.94311,0.93901,0.93956
2014-06-19 21:00:00,0.93957,0.94144,0.93776,0.93867
2014-06-22 21:00:00,0.93784,0.94447,0.93768,0.94223
2014-06-23 21:00:00,0.94226,0.94307,0.93659,0.93669
2014-06-24 21:00:00,0.93670,0.94078,0.93540,0.94020
2014-06-25 21:00:00,0.94026,0.94182,0.93956,0.94113
2014-06-26 21:00:00,0.94117,0.94412,0.94053,0.94239
2014-06-29 21:00:00,0.94211,0.94374,0.93874,0.94298
2014-06-30 21:00:00,0.94300,0.95036,0.94124,0.94927
2014-07-01 21:00:00,0.94922,0.94940,0.94276,0.94414
2014-07-02 21:00:00,0.94413,0.94417,0.93293,0.93448
2014-07-03 21:00:00,0.93449,0.93688,0.93430,0.93628
2014-07-06 21:00:00,0.93604,0.93761,0.93412,0.93683
2014-07-07 21:00:00,0.93684,0.94145,0.93651,0.93987
2014-07-08 21:00:00,0.93989,0.94237,0.93825,0.94074
2014-07-09 21:00:00,0.94075,0.94569,0.93605,0.93905
2014-07-10 21:00:00,0.93904,0.94086,0.93756,0.93912
2014-07-13 21:00:00,0.93821,0.94032,0.93797,0.93929
2014-07-14 21:00:00,0.93929,0.94013,0.93490,0.93684
2014-07-15 21:00:00,0.93686,0.93742,0.93295,0.93610
2014-07-16 21:00:00,0.93610,0.93910,0.93416,0.93469
2014-07-17 21:00:00,0.93471,0.94104,0.93355,0.93899
2014-07-20 21:00:00,0.93963,0.93991,0.93666,0.93712
2014-07-21 21:00:00,0.93712,0.94220,0.93601,0.93934
2014-07-22 21:00:00,0.93933,0.94611,0.93802,0.94422
2014-07-23 21:00:00,0.94422,0.94701,0.94106,0.94145
2014-07-24 21:00:00,0.94144,0.94241,0.93897,0.93915
2014-07-27 21:00:00,0.93966,0.94132,0.93842,0.94042
2014-07-28 21:00:00,0.94044,0.94158,0.93739,0.93822
2014-07-29 21:00:00,0.93822,0.93877,0.93013,0.93257
2014-07-30 21:00:00,0.93262,0.93299,0.92789,0.92929
2014-07-31 21:00:00,0.92924,0.93353,0.92749,0.93022
2014-08-03 21:00:00,0.93096,0.93358,0.93054,0.93321
2014-08-04 21:00:00,0.93322,0.93427,0.92930,0.93043
2014-08-05 21:00:00,0.93043,0.93739,0.92912,0.93480
2014-08-06 21:00:00,0.93484,0.93573,0.92582,0.92683
2014-08-07 21:00:00,0.92681,0.92864,0.92387,0.92747
2014-08-10 21:00:00,0.92757,0.92856,0.92585,0.92646
2014-08-11 21:00:00,0.92646,0.92765,0.92469,0.92645
2014-08-12 21:00:00,0.92646,0.93189,0.92629,0.93019
2014-08-13 21:00:00,0.93017,0.93270,0.92874,0.93145
2014-08-14 21:00:00,0.93145,0.93337,0.92974,0.93151
2014-08-17 21:00:00,0.93191,0.93339,0.93084,0.93230
2014-08-18 21:00:00,0.93230,0.93460,0.92968,0.92968
2014-08-19 21:00:00,0.92966,0.93177,0.92746,0.92847
2014-08-20 21:00:00,0.92845,0.93105,0.92357,0.93038
2014-08-21 21:00:00,0.93038,0.93287,0.92925,0.93154
2014-08-24 21:00:00,0.92913,0.93227,0.92889,0.92976
2014-08-25 21:00:00,0.92976,0.93300,0.92714,0.93097
2014-08-26 21:00:00,0.93097,0.93508,0.93039,0.93334
2014-08-27 21:00:00,0.93334,0.93736,0.93319,0.93578
2014-08-28 21:00:00,0.93581,0.93627,0.93314,0.93345
2014-08-31 21:00:00,0.93282,0.93515,0.93237,0.93321
2014-09-01 21:00:00,0.93322,0.93365,0.92677,0.92759
2014-09-02 21:00:00,0.92759,0.93514,0.92624,0.93425
2014-09-03 21:00:00,0.93425,0.93926,0.93300,0.93427
2014-09-04 21:00:00,0.93428,0.94020,0.93327,0.93764
2014-09-07 21:00:00,0.93671,0.93743,0.92772,0.92795
2014-09-08 21:00:00,0.92795,0.92888,0.91881,0.92053
2014-09-09 21:00:00,0.92053,0.92178,0.91127,0.91587
2014-09-10 21:00:00,0.91584,0.92173,0.90886,0.91077
2014-09-11 21:00:00,0.91073,0.91079,0.90304,0.90374
2014-09-14 21:00:00,0.90157,0.90493,0.89840,0.90343
2014-09-15 21:00:00,0.90339,0.91125,0.89893,0.90861
2014-09-16 21:00:00,0.90860,0.90867,0.89505,0.89549
2014-09-17 21:00:00,0.89550,0.90010,0.89274,0.89855
2014-09-18 21:00:00,0.89856,0.89946,0.89210,0.89251
2014-09-21 21:00:00,0.89317,0.89497,0.88526,0.88712
2014-09-22 21:00:00,0.88712,0.89269,0.88313,0.88462
2014-09-23 21:00:00,0.88459,0.88972,0.88388,0.88795
2014-09-24 21:00:00,0.88795,0.88805,0.87739,0.87916
2014-09-25 21:00:00,0.87910,0.88132,0.87479,0.87646
2014-09-28 21:00:00,0.87564,0.87573,0.86838,0.87185
2014-09-29 21:00:00,0.87185,0.87676,0.86940,0.87474
2014-09-30 21:00:00,0.87472,0.87494,0.86633,0.87329
2014-10-01 21:00:00,0.87331,0.88266,0.87293,0.87984
2014-10-02 21:00:00,0.87984,0.88061,0.86427,0.86742
2014-10-05 21:00:00,0.86755,0.87841,0.86524,0.87594
2014-10-06 21:00:00,0.87594,0.88340,0.87264,0.88064
2014-10-07 21:00:00,0.88065,0.88509,0.87339,0.88316
2014-10-08 21:00:00,0.88316,0.88985,0.87647,0.87720
2014-10-09 21:00:00,0.87720,0.87852,0.86803,0.86837
2014-10-12 21:00:00,0.86806,0.87871,0.86519,0.87594
2014-10-13 21:00:00,0.87597,0.88122,0.86938,0.87195
2014-10-14 21:00:00,0.87192,0.88606,0.86755,0.88092
2014-10-15 21:00:00,0.88092,0.88145,0.86862,0.87500
2014-10-16 21:00:00,0.87506,0.88117,0.87335,0.87435
2014-10-19 21:00:00,0.87630,0.88012,0.87469,0.87793
2014-10-20 21:00:00,0.87795,0.88321,0.87568,0.87785
2014-10-21 21:00:00,0.87786,0.88148,0.87441,0.87621
2014-10-22 21:00:00,0.87623,0.88056,0.87486,0.87586
2014-10-23 21:00:00,0.87586,0.88235,0.87184,0.87863
2014-10-26 22:00:00,0.88012,0.88240,0.87885,0.87960
2014-10-27 22:00:00,0.87953,0.88818,0.87950,0.88513
2014-10-28 22:00:00,0.88513,0.89106,0.87754,0.87878
2014-10-29 22:00:00,0.87878,0.88508,0.87547,0.88265
2014-10-30 22:00:00,0.88265,0.88438,0.87638,0.87934
2014-11-02 22:00:00,0.87575,0.87606,0.86769,0.86875
2014-11-03 22:00:00,0.86875,0.87595,0.86449,0.87533
2014-11-04 22:00:00,0.87537,0.87613,0.85642,0.85726
2014-11-05 22:00:00,0.85734,0.86268,0.85525,0.85589
2014-11-06 22:00:00,0.85588,0.86568,0.85402,0.86341
2014-11-09 22:00:00,0.86416,0.86822,0.86084,0.86204
2014-11-10 22:00:00,0.86205,0.87185,0.85902,0.86902
2014-11-11 22:00:00,0.86906,0.87447,0.86650,0.87092
2014-11-12 22:00:00,0.87090,0.87642,0.86714,0.87090
2014-11-13 22:00:00,0.87089,0.87687,0.86485,0.87486
2014-11-16 22:00:00,0.87567,0.87954,0.86951,0.86979
2014-11-17 22:00:00,0.86979,0.87467,0.86838,0.87158
2014-11-18 22:00:00,0.87161,0.87188,0.85984,0.86000
2014-11-19 22:00:00,0.86003,0.86407,0.85657,0.86167
2014-11-20 22:00:00,0.86167,0.87222,0.86046,0.86617
2014-11-23 22:00:00,0.86765,0.87004,0.86018,0.86156
2014-11-24 22:00:00,0.86147,0.86180,0.85130,0.85297
2014-11-25 22:00:00,0.85325,0.85646,0.84792,0.85461
2014-11-26 22:00:00,0.85487,0.86151,0.85292,0.85420
2014-11-27 22:00:00,0.85426,0.85471,0.84847,0.85033
2014-11-30 22:00:00,0.84683,0.85311,0.84166,0.84895
2014-12-01 22:00:00,0.84895,0.85418,0.84325,0.84442
2014-12-02 22:00:00,0.84454,0.84665,0.83882,0.84028
2014-12-03 22:00:00,0.84022,0.84290,0.83554,0.83791
2014-12-04 22:00:00,0.83795,0.83925,0.83018,0.83018
2014-12-07 22:00:00,0.83025,0.83236,0.82599,0.82899
2014-12-08 22:00:00,0.82903,0.83714,0.82239,0.82916
2014-12-09 22:00:00,0.82804,0.83481,0.82645,0.83147
2014-12-10 22:00:00,0.83149,0.83752,0.82149,0.82594
2014-12-11 22:00:00,0.82550,0.82988,0.82269,0.82418
2014-12-14 22:00:00,0.82429,0.82680,0.82009,0.82102
2014-12-15 22:00:00,0.82055,0.82742,0.81997,0.82141
2014-12-16 22:00:00,0.82131,0.82354,0.81068,0.81108
2014-12-17 22:00:00,0.81182,0.82032,0.81163,0.81627
2014-12-18 22:00:00,0.81562,0.81919,0.81174,0.81174
2014-12-21 22:00:00,0.81420,0.81727,0.81257,0.81320
2014-12-22 22:00:00,0.81320,0.81435,0.80873,0.81025
2014-12-23 22:00:00,0.81025,0.81231,0.80950,0.81068
2014-12-25 22:00:00,0.81255,0.81317,0.81081,0.81167
2014-12-28 22:00:00,0.81224,0.81625,0.81100,0.81298
2014-12-29 22:00:00,0.81225,0.82030,0.81218,0.81817
2014-12-30 22:00:00,0.81810,0.82152,0.81587,0.81653
2015-01-01 22:00:00,0.81412,0.81450,0.80770,0.80878
2015-01-04 22:00:00,0.80696,0.81064,0.80343,0.80810
2015-01-05 22:00:00,0.80809,0.81567,0.80801,0.80805
2015-01-06 22:00:00,0.80804,0.80888,0.80321,0.80755
2015-01-07 22:00:00,0.80761,0.81301,0.80696,0.81214
2015-01-08 22:00:00,0.81215,0.82073,0.81049,0.81987
2015-01-11 22:00:00,0.82091,0.82541,0.81303,0.81553
2015-01-12 22:00:00,0.81554,0.81962,0.81268,0.81618
2015-01-13 22:00:00,0.81620,0.81879,0.80675,0.81484
2015-01-14 22:00:00,0.81488,0.82939,0.81320,0.82135
2015-01-15 22:00:00,0.82137,0.82551,0.81673,0.82207
2015-01-18 22:00:00,0.82185,0.82419,0.81950,0.82076
2015-01-19 22:00:00,0.82082,0.82173,0.81589,0.81687
2015-01-20 22:00:00,0.81695,0.82330,0.80772,0.80826
2015-01-21 22:00:00,0.80814,0.81347,0.79950,0.80242
2015-01-22 22:00:00,0.80241,0.80505,0.78800,0.79086
2015-01-25 22:00:00,0.78813,0.79327,0.78573,0.79225
2015-01-26 22:00:00,0.79227,0.79740,0.79046,0.79349
2015-01-27 22:00:00,0.79354,0.80244,0.78832,0.78861
2015-01-28 22:00:00,0.78840,0.79057,0.77192,0.77582
2015-01-29 22:00:00,0.77571,0.77965,0.77299,0.77573
2015-02-01 22:00:00,0.77545,0.78292,0.77490,0.78012
2015-02-02 22:00:00,0.78008,0.78497,0.76255,0.77905
2015-02-03 22:00:00,0.77898,0.78464,0.77426,0.77500
2015-02-04 22:00:00,0.77496,0.78237,0.77333,0.77960
2015-02-05 22:00:00,0.77962,0.78751,0.77776,0.77904
2015-02-08 22:00:00,0.77607,0.78343,0.77476,0.77992
2015-02-09 22:00:00,0.77969,0.78411,0.77471,0.77684
2015-02-10 22:00:00,0.77682,0.77936,0.76931,0.77165
2015-02-11 22:00:00,0.77158,0.77781,0.76437,0.77328
2015-02-12 22:00:00,0.77327,0.77919,0.77239,0.77596
2015-02-15 22:00:00,0.77740,0.77940,0.77506,0.77699
2015-02-16 22:00:00,0.77705,0.78282,0.77415,0.78165
2015-02-17 22:00:00,0.78156,0.78330,0.77733,0.78093
2015-02-18 22:00:00,0.78091,0.78425,0.77570,0.77906
2015-02-19 22:00:00,0.77898,0.78484,0.77880,0.78401
2015-02-22 22:00:00,0.78455,0.78483,0.77805,0.78013
2015-02-23 22:00:00,0.78007,0.78367,0.77393,0.78302
2015-02-24 22:00:00,0.78292,0.79010,0.78231,0.78859
2015-02-25 22:00:00,0.78846,0.79126,0.77853,0.77988
2015-02-26 22:00:00,0.77987,0.78343,0.77775,0.78065
2015-03-01 22:00:00,0.78024,0.78071,0.77558,0.77649
2015-03-02 22:00:00,0.77649,0.78441,0.77507,0.78155
2015-03-03 22:00:00,0.78161,0.78599,0.77949,0.78160
2015-03-04 22:00:00,0.78160,0.78403,0.77541,0.77813
2015-03-05 22:00:00,0.77808,0.78452,0.77060,0.77155
2015-03-08 22:00:00,0.77102,0.77395,0.76837,0.77043
2015-03-09 22:00:00,0.77034,0.77066,0.76046,0.76231
2015-03-10 22:00:00,0.76231,0.76444,0.75601,0.75891
2015-03-11 22:00:00,0.75901,0.77306,0.75731,0.77007
2015-03-12 22:00:00,0.77016,0.77098,0.76090,0.76331
2015-03-15 22:00:00,0.76264,0.76791,0.76128,0.76418
2015-03-16 22:00:00,0.76405,0.76647,0.76053,0.76214
2015-03-17 22:00:00,0.76210,0.78462,0.75906,0.77408
2015-03-18 22:00:00,0.77421,0.78081,0.76109,0.76472
2015-03-19 22:00:00,0.76485,0.78017,0.76435,0.77687
2015-03-22 22:00:00,0.77975,0.78983,0.77642,0.78753
2015-03-23 22:00:00,0.78754,0.79377,0.78344,0.78734
2015-03-24 22:00:00,0.78733,0.79037,0.78287,0.78461
2015-03-25 22:00:00,0.78464,0.78837,0.78006,0.78266
2015-03-26 22:00:00,0.78266,0.78342,0.77444,0.77463
2015-03-29 21:00:00,0.77326,0.77466,0.76328,0.76515
2015-03-30 21:00:00,0.76515,0.76634,0.75900,0.76047
2015-03-31 21:00:00,0.76017,0.76627,0.75820,0.75978
2015-04-01 21:00:00,0.75979,0.76098,0.75323,0.75902
2015-04-02 21:00:00,0.75894,0.76927,0.75702,0.76343
2015-04-05 21:00:00,0.76353,0.76666,0.75787,0.75894
2015-04-06 21:00:00,0.75888,0.77104,0.75764,0.76316
2015-04-07 21:00:00,0.76316,0.77273,0.76303,0.76830
2015-04-08 21:00:00,0.76819,0.77381,0.76593,0.76908
2015-04-09 21:00:00,0.76905,0.77208,0.76374,0.76789
2015-04-12 21:00:00,0.76789,0.76789,0.75525,0.75888
2015-04-13 21:00:00,0.75883,0.76482,0.75548,0.76236
2015-04-14 21:00:00,0.76240,0.77000,0.75711,0.76809
2015-04-15 21:00:00,0.76809,0.78215,0.76726,0.77989
2015-04-16 21:00:00,0.77989,0.78419,0.77587,0.77849
2015-04-19 21:00:00,0.77849,0.78257,0.77063,0.77239
2015-04-20 21:00:00,0.77239,0.77532,0.76825,0.77105
2015-04-21 21:00:00,0.77105,0.78065,0.77054,0.77519
2015-04-22 21:00:00,0.77519,0.77901,0.77105,0.77776
2015-04-23 21:00:00,0.77776,0.78401,0.77638,0.78193
2015-04-26 21:00:00,0.78195,0.78719,0.77909,0.78537
2015-04-27 21:00:00,0.78522,0.80270,0.78328,0.80222
2015-04-28 21:00:00,0.80206,0.80753,0.79761,0.80132
2015-04-29 21:00:00,0.80039,0.80215,0.78625,0.79035
2015-04-30 21:00:00,0.79035,0.79179,0.78029,0.78435
2015-05-03 21:00:00,0.78299,0.78509,0.78018,0.78386
2015-05-04 21:00:00,0.78342,0.79552,0.77978,0.79441
2015-05-05 21:00:00,0.79391,0.80299,0.79185,0.79656
2015-05-06 21:00:00,0.79649,0.80039,0.78893,0.79052
2015-05-07 21:00:00,0.79049,0.79675,0.78627,0.79323
2015-05-10 21:00:00,0.79177,0.79324,0.78753,0.78886
2015-05-11 21:00:00,0.78886,0.79992,0.78855,0.79747
2015-05-12 21:00:00,0.79745,0.81236,0.79502,0.81113
2015-05-13 21:00:00,0.81098,0.81626,0.80627,0.80779
2015-05-14 21:00:00,0.80774,0.80882,0.79954,0.80364
2015-05-17 21:00:00,0.80366,0.80513,0.79759,0.79880
2015-05-18 21:00:00,0.79889,0.80095,0.79054,0.79125
2015-05-19 21:00:00,0.79123,0.79338,0.78600,0.78731
2015-05-20 21:00:00,0.78728,0.79122,0.78647,0.78923
2015-05-21 21:00:00,0.78924,0.79305,0.78093,0.78293
2015-05-24 21:00:00,0.78233,0.78386,0.78025,0.78224
2015-05-25 21:00:00,0.78220,0.78388,0.77263,0.77335
2015-05-26 21:00:00,0.77346,0.77677,0.76902,0.77270
2015-05-27 21:00:00,0.77295,0.77601,0.76168,0.76470
2015-05-28 21:00:00,0.76464,0.76732,0.76285,0.76417
2015-05-31 21:00:00,0.76354,0.76674,0.75971,0.76038
2015-06-01 21:00:00,0.76041,0.77895,0.76022,0.77708
2015-06-02 21:00:00,0.77707,0.78178,0.77511,0.77851
2015-06-03 21:00:00,0.77849,0.77865,0.76641,0.76866
2015-06-04 21:00:00,0.76837,0.77257,0.75988,0.76144
2015-06-07 21:00:00,0.76243,0.77120,0.76024,0.77013
2015-06-08 21:00:00,0.76998,0.77213,0.76461,0.76888
2015-06-09 21:00:00,0.76891,0.77846,0.76351,0.77573
2015-06-10 21:00:00,0.77560,0.77922,0.76923,0.77534
2015-06-11 21:00:00,0.77536,0.77580,0.76744,0.77319
2015-06-14 21:00:00,0.77373,0.77760,0.77034,0.77635
2015-06-15 21:00:00,0.77642,0.77795,0.77217,0.77500
2015-06-16 21:00:00,0.77507,0.77693,0.76445,0.77476
2015-06-17 21:00:00,0.77453,0.78477,0.77097,0.77974
2015-06-18 21:00:00,0.77960,0.78127,0.77360,0.77702
2015-06-21 21:00:00,0.77650,0.77959,0.77205,0.77270
2015-06-22 21:00:00,0.77267,0.77481,0.76785,0.77346
2015-06-23 21:00:00,0.77348,0.77702,0.76825,0.77015
2015-06-24 21:00:00,0.77007,0.77516,0.76957,0.77358
2015-06-25 21:00:00,0.77364,0.77392,0.76297,0.76535
2015-06-28 21:00:00,0.76204,0.77114,0.75857,0.76775
2015-06-29 21:00:00,0.76771,0.77236,0.76586,0.77056
2015-06-30 21:00:00,0.77042,0.77377,0.76380,0.76432
2015-07-01 21:00:00,0.76423,0.76566,0.75889,0.76307
2015-07-02 21:00:00,0.76308,0.76482,0.75091,0.75203
2015-07-05 21:00:00,0.74756,0.75321,0.74610,0.74970
2015-07-06 21:00:00,0.74968,0.75003,0.73970,0.74500
2015-07-07 21:00:00,0.74501,0.74585,0.73713,0.74276
2015-07-08 21:00:00,0.74275,0.74907,0.73912,0.74446
2015-07-09 21:00:00,0.74447,0.74957,0.74085,0.74375
2015-07-12 21:00:00,0.74092,0.74677,0.73822,0.74051
2015-07-13 21:00:00,0.74045,0.74780,0.73867,0.74491
2015-07-14 21:00:00,0.74490,0.74877,0.73528,0.73768
2015-07-15 21:00:00,0.73766,0.74361,0.73488,0.74020
2015-07-16 21:00:00,0.74017,0.74178,0.73667,0.73779
2015-07-19 21:00:00,0.73764,0.73967,0.73268,0.73681
2015-07-20 21:00:00,0.73680,0.74490,0.73403,0.74171
2015-07-21 21:00:00,0.74173,0.74383,0.73603,0.73732
2015-07-22 21:00:00,0.73733,0.74169,0.73515,0.73554
2015-07-23 21:00:00,0.73526,0.73616,0.72594,0.72837
2015-07-26 21:00:00,0.72695,0.73243,0.72651,0.72674
2015-07-27 21:00:00,0.72676,0.73438,0.72567,0.73345
2015-07-28 21:00:00,0.73353,0.73505,0.72820,0.72942
2015-07-29 21:00:00,0.72904,0.73222,0.72547,0.72915
2015-07-30 21:00:00,0.72886,0.73662,0.72342,0.72978
2015-08-02 21:00:00,0.73157,0.73157,0.72596,0.72843
2015-08-03 21:00:00,0.72829,0.74281,0.72628,0.73749
2015-08-04 21:00:00,0.73775,0.73947,0.73337,0.73537
2015-08-05 21:00:00,0.73536,0.73925,0.73145,0.73447
2015-08-06 21:00:00,0.73415,0.74192,0.73334,0.74179
2015-08-09 21:00:00,0.74112,0.74219,0.73530,0.74096
2015-08-10 21:00:00,0.74090,0.74390,0.72828,0.72998
2015-08-11 21:00:00,0.72992,0.73870,0.72143,0.73666
2015-08-12 21:00:00,0.73740,0.74087,0.73226,0.73537
2015-08-13 21:00:00,0.73574,0.73972,0.73535,0.73726
2015-08-16 21:00:00,0.73721,0.73887,0.73434,0.73674
2015-08-17 21:00:00,0.73676,0.73856,0.73195,0.73370
2015-08-18 21:00:00,0.73380,0.73750,0.73117,0.73368
2015-08-19 21:00:00,0.73444,0.73725,0.72844,0.73338
2015-08-20 21:00:00,0.73331,0.73598,0.72862,0.73102
2015-08-23 21:00:00,0.72983,0.73111,0.70404,0.71441
2015-08-24 21:00:00,0.71511,0.72494,0.71198,0.71198
2015-08-25 21:00:00,0.71240,0.71561,0.70694,0.71180
2015-08-26 21:00:00,0.71103,0.71807,0.70984,0.71617
2015-08-27 21:00:00,0.71614,0.72055,0.71203,0.71694
2015-08-30 21:00:00,0.71504,0.71623,0.70819,0.71114
2015-08-31 21:00:00,0.71082,0.71531,0.70139,0.70174
2015-09-01 21:00:00,0.70133,0.70486,0.69818,0.70375
2015-09-02 21:00:00,0.70364,0.70624,0.69918,0.70153
2015-09-03 21:00:00,0.70131,0.70209,0.69075,0.69079
2015-09-06 21:00:00,0.69216,0.69496,0.69113,0.69201
2015-09-07 21:00:00,0.69191,0.70392,0.69191,0.70149
2015-09-08 21:00:00,0.70117,0.70697,0.70049,0.70155
2015-09-09 21:00:00,0.69995,0.70992,0.69454,0.70693
2015-09-10 21:00:00,0.70610,0.70918,0.70350,0.70903
2015-09-13 21:00:00,0.70797,0.71512,0.70628,0.71349
2015-09-14 21:00:00,0.71346,0.71654,0.70850,0.71401
2015-09-15 21:00:00,0.71400,0.71995,0.71226,0.71950
2015-09-16 21:00:00,0.71944,0.72752,0.71375,0.71721
2015-09-17 21:00:00,0.71660,0.72796,0.71607,0.71876
2015-09-20 21:00:00,0.71829,0.71967,0.71212,0.71292
2015-09-21 21:00:00,0.71279,0.71585,0.70563,0.70877
2015-09-22 21:00:00,0.70881,0.70890,0.69887,0.70019
2015-09-23 21:00:00,0.69994,0.70421,0.69381,0.70220
2015-09-24 21:00:00,0.70219,0.70419,0.69749,0.70250
2015-09-27 21:00:00,0.70257,0.70358,0.69787,0.69886
2015-09-28 21:00:00,0.69885,0.70234,0.69362,0.69833
2015-09-29 21:00:00,0.69834,0.70379,0.69803,0.70156
2015-09-30 21:00:00,0.70128,0.70844,0.69977,0.70295
2015-10-01 21:00:00,0.70268,0.70672,0.70020,0.70505
2015-10-04 21:00:00,0.70544,0.71106,0.70419,0.70805
2015-10-05 21:00:00,0.70810,0.71748,0.70670,0.71630
2015-10-06 21:00:00,0.71644,0.72342,0.71494,0.72077
2015-10-07 21:00:00,0.72047,0.72710,0.71647,0.72577
2015-10-08 21:00:00,0.72583,0.73436,0.72471,0.73323
2015-10-11 21:00:00,0.73154,0.73817,0.73048,0.73600
2015-10-12 21:00:00,0.73596,0.73636,0.72422,0.72423
2015-10-13 21:00:00,0.72424,0.73169,0.71981,0.72995
2015-10-14 21:00:00,0.72986,0.73632,0.72653,0.73285
2015-10-15 21:00:00,0.73270,0.73371,0.72491,0.72704
2015-10-18 21:00:00,0.72554,0.73069,0.72386,0.72480
2015-10-19 21:00:00,0.72453,0.72977,0.72417,0.72595
2015-10-20 21:00:00,0.72590,0.72755,0.72022,0.72062
2015-10-21 21:00:00,0.72053,0.72391,0.71822,0.72080
2015-10-22 21:00:00,0.72051,0.72961,0.71974,0.72157
2015-10-25 22:00:00,0.72090,0.72691,0.72074,0.72432
2015-10-26 22:00:00,0.72424,0.72581,0.71787,0.72000
2015-10-27 22:00:00,0.72002,0.72062,0.70802,0.71012
2015-10-28 22:00:00,0.71012,0.71188,0.70672,0.70795
2015-10-29 22:00:00,0.70796,0.71481,0.70775,0.71331
2015-11-01 22:00:00,0.71146,0.71531,0.71146,0.71448
2015-11-02 22:00:00,0.71449,0.72189,0.71082,0.71837
2015-11-03 22:00:00,0.71844,0.72237,0.71355,0.71470
2015-11-04 22:00:00,0.71456,0.71691,0.71252,0.71414
2015-11-05 22:00:00,0.71404,0.71693,0.70224,0.70408
2015-11-08 22:00:00,0.70251,0.70696,0.70251,0.70466
2015-11-09 22:00:00,0.70424,0.70638,0.70156,0.70311
2015-11-10 22:00:00,0.70282,0.70778,0.70241,0.70607
2015-11-11 22:00:00,0.70584,0.71538,0.70562,0.71248
2015-11-12 22:00:00,0.71245,0.71586,0.71058,0.71263
2015-11-15 22:00:00,0.71185,0.71321,0.70800,0.70953
2015-11-16 22:00:00,0.70947,0.71396,0.70721,0.71113
2015-11-17 22:00:00,0.71066,0.71173,0.70684,0.71109
2015-11-18 22:00:00,0.71065,0.72142,0.71016,0.71938
2015-11-19 22:00:00,0.71920,0.72499,0.71832,0.72364
2015-11-22 22:00:00,0.72287,0.72325,0.71588,0.71910
2015-11-23 22:00:00,0.71894,0.72577,0.71846,0.72538
2015-11-24 22:00:00,0.72557,0.72825,0.72268,0.72514
2015-11-25 22:00:00,0.72498,0.72621,0.72100,0.72249
2015-11-26 22:00:00,0.72240,0.72393,0.71847,0.71898
2015-11-29 22:00:00,0.71913,0.72496,0.71700,0.72256
2015-11-30 22:00:00,0.72255,0.73356,0.72216,0.73230
2015-12-01 22:00:00,0.73200,0.73429,0.72926,0.73089
2015-12-02 22:00:00,0.73075,0.73625,0.72837,0.73399
2015-12-03 22:00:00,0.73421,0.73849,0.72791,0.73363
2015-12-06 22:00:00,0.73384,0.73421,0.72562,0.72671
2015-12-07 22:00:00,0.72650,0.72700,0.71862,0.72156
2015-12-08 22:00:00,0.72114,0.72448,0.71717,0.72296
2015-12-09 22:00:00,0.72276,0.73340,0.72212,0.72803
2015-12-10 22:00:00,0.72801,0.72814,0.71836,0.71836
2015-12-13 22:00:00,0.72009,0.72694,0.71593,0.72410
2015-12-14 22:00:00,0.72432,0.72828,0.71601,0.71904
2015-12-15 22:00:00,0.71913,0.72797,0.71762,0.72312
2015-12-16 22:00:00,0.72292,0.72488,0.70966,0.71273
2015-12-17 22:00:00,0.71248,0.71999,0.71115,0.71679
2015-12-20 22:00:00,0.71690,0.71951,0.71548,0.71892
2015-12-21 22:00:00,0.71863,0.72487,0.71812,0.72340
2015-12-22 22:00:00,0.72333,0.72473,0.72086,0.72354
2015-12-23 22:00:00,0.72292,0.72801,0.72262,0.72671
2015-12-27 22:00:00,0.72741,0.72820,0.72471,0.72480
2015-12-28 22:00:00,0.72463,0.73026,0.72447,0.72941
2015-12-29 22:00:00,0.72939,0.73031,0.72709,0.72847
2015-12-30 22:00:00,0.72832,0.73273,0.72662,0.72896
2016-01-03 22:00:00,0.72816,0.73006,0.71555,0.71901
2016-01-04 22:00:00,0.71905,0.72141,0.71319,0.71600
2016-01-05 22:00:00,0.71585,0.71712,0.70481,0.70705
2016-01-06 22:00:00,0.70696,0.70857,0.69802,0.70096
2016-01-07 22:00:00,0.70090,0.70761,0.69502,0.69502
2016-01-10 22:00:00,0.69691,0.70354,0.69267,0.69928
2016-01-11 22:00:00,0.69928,0.70206,0.69396,0.69840
2016-01-12 22:00:00,0.69812,0.70483,0.69492,0.69542
2016-01-13 22:00:00,0.69544,0.69964,0.69095,0.69839
2016-01-14 22:00:00,0.69780,0.70018,0.68266,0.68583
2016-01-17 22:00:00,0.68361,0.69275,0.68315,0.68634
2016-01-18 22:00:00,0.68630,0.69568,0.68380,0.69050
2016-01-19 22:00:00,0.69054,0.69238,0.68277,0.69061
2016-01-20 22:00:00,0.69066,0.70170,0.68751,0.69969
2016-01-21 22:00:00,0.69964,0.70455,0.69858,0.70020
2016-01-24 22:00:00,0.70014,0.70311,0.69487,0.69535
2016-01-25 22:00:00,0.69528,0.70208,0.69183,0.70029
2016-01-26 22:00:00,0.70031,0.70811,0.69918,0.70249
2016-01-27 22:00:00,0.70243,0.71282,0.70076,0.70819
2016-01-28 22:00:00,0.70819,0.71407,0.70582,0.70825
2016-01-31 22:00:00,0.70796,0.71208,0.70420,0.71122
2016-02-01 22:00:00,0.71103,0.71288,0.70341,0.70366
2016-02-02 22:00:00,0.70369,0.71886,0.70023,0.71666
2016-02-03 22:00:00,0.71636,0.72423,0.71530,0.71988
2016-02-04 22:00:00,0.71988,0.72195,0.70633,0.70634
2016-02-07 22:00:00,0.70672,0.71281,0.70501,0.70847
2016-02-08 22:00:00,0.70851,0.70955,0.69731,0.70700
2016-02-09 22:00:00,0.70697,0.71248,0.70372,0.70936
2016-02-10 22:00:00,0.70935,0.71529,0.69834,0.71073
2016-02-11 22:00:00,0.71076,0.71277,0.70633,0.70976
2016-02-14 22:00:00,0.71004,0.71711,0.70994,0.71342
2016-02-15 22:00:00,0.71346,0.71813,0.70811,0.71093
2016-02-16 22:00:00,0.71081,0.71865,0.70839,0.71837
2016-02-17 22:00:00,0.71807,0.71837,0.71326,0.71560
2016-02-18 22:00:00,0.71559,0.71614,0.70687,0.71473
2016-02-21 22:00:00,0.71556,0.72466,0.71357,0.72268
2016-02-22 22:00:00,0.72258,0.72587,0.72000,0.72016
2016-02-23 22:00:00,0.72006,0.72130,0.71455,0.71941
2016-02-24 22:00:00,0.71939,0.72429,0.71561,0.72348
2016-02-25 22:00:00,0.72319,0.72563,0.71177,0.71220
2016-02-28 22:00:00,0.71211,0.71675,0.71084,0.71388
2016-02-29 22:00:00,0.71385,0.71916,0.71088,0.71725
2016-03-01 22:00:00,0.71718,0.73005,0.71643,0.72954
2016-03-02 22:00:00,0.72924,0.73734,0.72810,0.73506
2016-03-03 22:00:00,0.73497,0.74426,0.73395,0.74360
2016-03-06 22:00:00,0.74021,0.74841,0.73921,0.74662
2016-03-07 22:00:00,0.74661,0.74719,0.74097,0.74373
2016-03-08 22:00:00,0.74337,0.75275,0.74118,0.74841
2016-03-09 22:00:00,0.74837,0.75115,0.74265,0.74532
2016-03-10 22:00:00,0.74532,0.75830,0.74461,0.75596
2016-03-13 22:00:00,0.75478,0.75931,0.74916,0.75072
2016-03-14 22:00:00,0.75072,0.75273,0.74449,0.74593
2016-03-15 22:00:00,0.74599,0.75779,0.74143,0.75619
2016-03-16 22:00:00,0.75619,0.76565,0.75331,0.76364
2016-03-17 22:00:00,0.76378,0.76797,0.75946,0.75977
2016-03-20 22:00:00,0.75944,0.76261,0.75681,0.75803
2016-03-21 22:00:00,0.75803,0.76424,0.75507,0.76146
2016-03-22 22:00:00,0.76147,0.76483,0.75191,0.75347
2016-03-23 22:00:00,0.75342,0.75367,0.74768,0.75253
2016-03-24 22:00:00,0.75247,0.75348,0.74976,0.75045
2016-03-27 21:00:00,0.75094,0.75575,0.74928,0.75437
2016-03-28 21:00:00,0.75413,0.76448,0.75097,0.76255
2016-03-29 21:00:00,0.76244,0.77084,0.76147,0.76697
2016-03-30 21:00:00,0.76687,0.77224,0.76338,0.76568
2016-03-31 21:00:00,0.76555,0.77003,0.75987,0.76759
2016-04-03 21:00:00,0.76695,0.76778,0.75981,0.76020
2016-04-04 21:00:00,0.76020,0.76302,0.75096,0.75415
2016-04-05 21:00:00,0.75409,0.76190,0.75323,0.75968
2016-04-06 21:00:00,0.75956,0.76370,0.74914,0.75029
2016-04-07 21:00:00,0.75021,0.75790,0.74999,0.75398
2016-04-10 21:00:00,0.75400,0.76296,0.75277,0.75946
2016-04-11 21:00:00,0.75924,0.76892,0.75831,0.76808
2016-04-12 21:00:00,0.76802,0.77155,0.76337,0.76504
2016-04-13 21:00:00,0.76506,0.77366,0.76187,0.76926
2016-04-14 21:00:00,0.76922,0.77341,0.76803,0.77204
2016-04-17 21:00:00,0.76477,0.77571,0.76309,0.77471
2016-04-18 21:00:00,0.77471,0.78257,0.77456,0.78114
2016-04-19 21:00:00,0.78119,0.78287,0.77665,0.77919
2016-04-20 21:00:00,0.77898,0.78342,0.77324,0.77377
2016-04-21 21:00:00,0.77345,0.77739,0.76934,0.77073
2016-04-24 21:00:00,0.76920,0.77285,0.76907,0.77130
2016-04-25 21:00:00,0.77127,0.77648,0.76963,0.77469
2016-04-26 21:00:00,0.77455,0.77649,0.75480,0.75859
2016-04-27 21:00:00,0.76080,0.76572,0.75692,0.76227
2016-04-28 21:00:00,0.76227,0.76680,0.75870,0.76055
2016-05-01 21:00:00,0.75946,0.76710,0.75902,0.76652
2016-05-02 21:00:00,0.76627,0.77194,0.74830,0.74833
2016-05-03 21:00:00,0.74813,0.75171,0.74465,0.74528
2016-05-04 21:00:00,0.74528,0.75134,0.74515,0.74641
2016-05-05 21:00:00,0.74626,0.74778,0.73371,0.73638
2016-05-08 21:00:00,0.73530,0.73848,0.73071,0.73147
2016-05-09 21:00:00,0.73137,0.73736,0.72996,0.73621
2016-05-10 21:00:00,0.73605,0.74016,0.73355,0.73733
2016-05-11 21:00:00,0.73739,0.73794,0.73096,0.73231
2016-05-12 21:00:00,0.73212,0.73233,0.72535,0.72697
2016-05-15 21:00:00,0.72466,0.73084,0.72466,0.72885
2016-05-16 21:00:00,0.72863,0.73659,0.72818,0.73234
2016-05-17 21:00:00,0.73215,0.73309,0.72212,0.72282
2016-05-18 21:00:00,0.72267,0.72417,0.71761,0.72270
2016-05-19 21:00:00,0.72258,0.72491,0.72113,0.72208
2016-05-22 21:00:00,0.72181,0.72595,0.71945,0.72219
2016-05-23 21:00:00,0.72214,0.72277,0.71447,0.71823
2016-05-24 21:00:00,0.71787,0.72186,0.71585,0.71976
2016-05-25 21:00:00,0.71966,0.72433,0.71614,0.72247
2016-05-26 21:00:00,0.72237,0.72345,0.71718,0.71835
2016-05-29 21:00:00,0.71761,0.71869,0.71483,0.71814
2016-05-30 21:00:00,0.71797,0.72666,0.71789,0.72315
2016-05-31 21:00:00,0.72289,0.72987,0.72269,0.72566
2016-06-01 21:00:00,0.72549,0.72688,0.72012,0.72284
2016-06-02 21:00:00,0.72277,0.73679,0.72177,0.73651
2016-06-05 21:00:00,0.73665,0.73797,0.73148,0.73648
2016-06-06 21:00:00,0.73600,0.74632,0.73591,0.74580
2016-06-07 21:00:00,0.74520,0.74814,0.74299,0.74713
2016-06-08 21:00:00,0.74784,0.75039,0.74199,0.74287
2016-06-09 21:00:00,0.74262,0.74372,0.73687,0.73744
2016-06-12 21:00:00,0.73745,0.74100,0.73589,0.73848
2016-06-13 21:00:00,0.73848,0.74041,0.73302,0.73564
2016-06-14 21:00:00,0.73551,0.74455,0.73334,0.74049
2016-06-15 21:00:00,0.74046,0.74401,0.72849,0.73610
2016-06-16 21:00:00,0.73603,0.74103,0.73589,0.73721
2016-06-19 21:00:00,0.73881,0.74807,0.73881,0.74521
2016-06-20 21:00:00,0.74516,0.75121,0.74491,0.74492
2016-06-21 21:00:00,0.74461,0.75260,0.74408,0.74983
2016-06-22 21:00:00,0.74901,0.76141,0.74897,0.76107
2016-06-23 21:00:00,0.76098,0.76438,0.73040,0.74647
2016-06-26 21:00:00,0.74183,0.74509,0.73242,0.73262
2016-06-27 21:00:00,0.73261,0.74146,0.73259,0.73861
2016-06-28 21:00:00,0.73811,0.74559,0.73804,0.74488
2016-06-29 21:00:00,0.74469,0.74721,0.73708,0.74506
2016-06-30 21:00:00,0.74470,0.75026,0.74366,0.74969
2016-07-03 21:00:00,0.74441,0.75441,0.74433,0.75384
2016-07-04 21:00:00,0.75332,0.75439,0.74532,0.74617
2016-07-05 21:00:00,0.74573,0.75285,0.74075,0.75186
2016-07-06 21:00:00,0.75166,0.75382,0.74664,0.74762
2016-07-07 21:00:00,0.74768,0.75730,0.74698,0.75599
2016-07-10 21:00:00,0.75617,0.75751,0.75213,0.75309
2016-07-11 21:00:00,0.75297,0.76576,0.75297,0.76219
2016-07-12 21:00:00,0.76179,0.76378,0.75774,0.76066
2016-07-13 21:00:00,0.76051,0.76526,0.75909,0.76302
2016-07-14 21:00:00,0.76288,0.76758,0.75582,0.75630
2016-07-17 21:00:00,0.75882,0.76061,0.75747,0.75905
2016-07-18 21:00:00,0.75888,0.75903,0.74757,0.75031
2016-07-19 21:00:00,0.75017,0.75167,0.74617,0.74744
2016-07-20 21:00:00,0.74692,0.75136,0.74527,0.74930
2016-07-21 21:00:00,0.74926,0.75075,0.74422,0.74623
2016-07-24 21:00:00,0.74591,0.74919,0.74512,0.74692
2016-07-25 21:00:00,0.74676,0.75396,0.74623,0.75017
2016-07-26 21:00:00,0.75001,0.75651,0.74202,0.74905
2016-07-27 21:00:00,0.74874,0.75488,0.74861,0.75032
2016-07-28 21:00:00,0.74973,0.76100,0.74927,0.75981
2016-07-31 21:00:00,0.75905,0.76151,0.75283,0.75344
2016-08-01 21:00:00,0.75340,0.76373,0.74853,0.76064
2016-08-02 21:00:00,0.76054,0.76137,0.75678,0.75858
2016-08-03 21:00:00,0.75865,0.76401,0.75834,0.76256
2016-08-04 21:00:00,0.76218,0.76637,0.75971,0.76157
2016-08-07 21:00:00,0.76126,0.76718,0.75969,0.76499
2016-08-08 21:00:00,0.76481,0.76864,0.76215,0.76716
2016-08-09 21:00:00,0.76665,0.77553,0.76612,0.76987
2016-08-10 21:00:00,0.76960,0.77519,0.76910,0.76977
2016-08-11 21:00:00,0.76977,0.77243,0.76457,0.76484
2016-08-14 21:00:00,0.76537,0.76910,0.76359,0.76716
2016-08-15 21:00:00,0.76718,0.77488,0.76534,0.76931
2016-08-16 21:00:00,0.76921,0.77076,0.76086,0.76531
2016-08-17 21:00:00,0.76528,0.77227,0.76488,0.76852
2016-08-18 21:00:00,0.76839,0.76903,0.75987,0.76256
2016-08-21 21:00:00,0.75993,0.76395,0.75833,0.76248
2016-08-22 21:00:00,0.76092,0.76545,0.76092,0.76138
2016-08-23 21:00:00,0.76125,0.76333,0.75879,0.76121
2016-08-24 21:00:00,0.76117,0.76386,0.76015,0.76153
2016-08-25 21:00:00,0.76146,0.76916,0.75506,0.75538
2016-08-28 21:00:00,0.75571,0.75810,0.75245,0.75684
2016-08-29 21:00:00,0.75652,0.75795,0.74999,0.75080
2016-08-30 21:00:00,0.75068,0.75327,0.74896,0.75169
2016-08-31 21:00:00,0.75129,0.75584,0.75039,0.75501
2016-09-01 21:00:00,0.75458,0.76153,0.75356,0.75518
2016-09-04 21:00:00,0.75684,0.76059,0.75624,0.75801
2016-09-05 21:00:00,0.75770,0.76874,0.75770,0.76862
2016-09-06 21:00:00,0.76872,0.76971,0.76508,0.76705
2016-09-07 21:00:00,0.76668,0.77316,0.76359,0.76408
2016-09-08 21:00:00,0.76407,0.76564,0.75358,0.75358
2016-09-11 21:00:00,0.75362,0.75663,0.74936,0.75655
2016-09-12 21:00:00,0.75631,0.75676,0.74416,0.74609
2016-09-13 21:00:00,0.74626,0.74953,0.74504,0.74683
2016-09-14 21:00:00,0.74662,0.75222,0.74456,0.75142
2016-09-15 21:00:00,0.75145,0.75262,0.74746,0.74904
2016-09-18 21:00:00,0.74804,0.75725,0.74750,0.75328
2016-09-19 21:00:00,0.75309,0.75645,0.75181,0.75545
2016-09-20 21:00:00,0.75542,0.76298,0.75339,0.76220
2016-09-21 21:00:00,0.76235,0.76743,0.76061,0.76407
2016-09-22 21:00:00,0.76418,0.76528,0.76021,0.76021
2016-09-25 21:00:00,0.76119,0.76489,0.76024,0.76345
2016-09-26 21:00:00,0.76319,0.76951,0.76109,0.76647
2016-09-27 21:00:00,0.76650,0.76928,0.76443,0.76910
2016-09-28 21:00:00,0.76921,0.77096,0.76229,0.76341
2016-09-29 21:00:00,0.76335,0.76710,0.75893,0.76558
2016-10-02 21:00:00,0.76528,0.76809,0.76399,0.76709
2016-10-03 21:00:00,0.76708,0.76903,0.76076,0.76187
2016-10-04 21:00:00,0.76177,0.76443,0.75922,0.76200
2016-10-05 21:00:00,0.76197,0.76221,0.75617,0.75841
2016-10-06 21:00:00,0.75830,0.76237,0.75527,0.75839
2016-10-09 21:00:00,0.76007,0.76281,0.75797,0.76058
2016-10-10 21:00:00,0.76048,0.76090,0.75330,0.75379
2016-10-11 21:00:00,0.75335,0.75920,0.75324,0.75605
2016-10-12 21:00:00,0.75587,0.75811,0.75058,0.75674
2016-10-13 21:00:00,0.75665,0.76471,0.75558,0.76112
2016-10-16 21:00:00,0.76152,0.76281,0.75808,0.76277
2016-10-17 21:00:00,0.76249,0.76891,0.76241,0.76648
2016-10-18 21:00:00,0.76634,0.77286,0.76587,0.77228
2016-10-19 21:00:00,0.77194,0.77340,0.76209,0.76244
2016-10-20 21:00:00,0.76233,0.76506,0.75869,0.76053
2016-10-23 21:00:00,0.76063,0.76403,0.75908,0.76085
2016-10-24 21:00:00,0.76090,0.76544,0.75887,0.76460
2016-10-25 21:00:00,0.76433,0.77086,0.76250,0.76489
2016-10-26 21:00:00,0.76473,0.76519,0.75812,0.75870
2016-10-27 21:00:00,0.75863,0.76074,0.75573,0.75884
2016-10-30 22:00:00,0.75967,0.76185,0.75826,0.76063
2016-10-31 22:00:00,0.76061,0.76885,0.75976,0.76551
2016-11-01 22:00:00,0.76548,0.76778,0.76122,0.76570
2016-11-02 22:00:00,0.76570,0.76874,0.76365,0.76805
2016-11-03 22:00:00,0.76805,0.76967,0.76516,0.76707
2016-11-06 22:00:00,0.76732,0.77289,0.76564,0.77263
2016-11-07 22:00:00,0.77247,0.77777,0.76886,0.77612
2016-11-08 22:00:00,0.77575,0.77712,0.75787,0.76343
2016-11-09 22:00:00,0.76303,0.77416,0.75675,0.76111
2016-11-10 22:00:00,0.76112,0.76292,0.75247,0.75309
2016-11-13 22:00:00,0.75425,0.75651,0.75233,0.75513
2016-11-14 22:00:00,0.75518,0.75807,0.75111,0.75571
2016-11-15 22:00:00,0.75557,0.75708,0.74598,0.74779
2016-11-16 22:00:00,0.74761,0.75010,0.73962,0.74034
2016-11-17 22:00:00,0.74010,0.74175,0.73166,0.73166
2016-11-20 22:00:00,0.73290,0.73814,0.73105,0.73665
2016-11-21 22:00:00,0.73628,0.74130,0.73610,0.74008
2016-11-22 22:00:00,0.74007,0.74447,0.73722,0.73814
2016-11-23 22:00:00,0.73811,0.74179,0.73639,0.74061
2016-11-24 22:00:00,0.74038,0.74677,0.73999,0.74243
2016-11-27 22:00:00,0.74414,0.74932,0.74325,0.74816
2016-11-28 22:00:00,0.74779,0.74969,0.74319,0.74828
2016-11-29 22:00:00,0.74811,0.74969,0.73735,0.73827
2016-11-30 22:00:00,0.73825,0.74210,0.73695,0.74131
2016-12-01 22:00:00,0.74134,0.74685,0.74004,0.74489
2016-12-04 22:00:00,0.74484,0.74974,0.74115,0.74706
2016-12-05 22:00:00,0.74699,0.74827,0.74308,0.74600
2016-12-06 22:00:00,0.74555,0.74828,0.74159,0.74816
2016-12-07 22:00:00,0.74773,0.75074,0.74281,0.74617
2016-12-08 22:00:00,0.74597,0.74954,0.74278,0.74278
2016-12-11 22:00:00,0.74352,0.75036,0.74303,0.74948
2016-12-12 22:00:00,0.74948,0.75229,0.74753,0.74984
2016-12-13 22:00:00,0.74966,0.75243,0.73938,0.74043
2016-12-14 22:00:00,0.74010,0.74303,0.73370,0.73575
2016-12-15 22:00:00,0.73568,0.73688,0.72657,0.72839
2016-12-18 22:00:00,0.72807,0.73124,0.72418,0.72436
2016-12-19 22:00:00,0.72433,0.72619,0.72225,0.72583
2016-12-20 22:00:00,0.72576,0.72792,0.72342,0.72357
2016-12-21 22:00:00,0.72325,0.72575,0.71968,0.72153
2016-12-22 22:00:00,0.72152,0.72269,0.71558,0.71558
2016-12-25 22:00:00,0.71908,0.72252,0.70326,0.71881
2016-12-26 22:00:00,0.71798,0.71965,0.71720,0.71856
2016-12-27 22:00:00,0.71788,0.72193,0.71631,0.71756
2016-12-28 22:00:00,0.71713,0.72231,0.71619,0.72182
2016-12-29 22:00:00,0.72120,0.72464,0.71800,0.71800
2017-01-01 22:00:00,0.72064,0.72175,0.71639,0.71738
2017-01-02 22:00:00,0.71736,0.72407,0.71736,0.72164
2017-01-03 22:00:00,0.72137,0.72860,0.72133,0.72811
2017-01-04 22:00:00,0.72788,0.73564,0.72722,0.73338
2017-01-05 22:00:00,0.73329,0.73545,0.72880,0.72956
2017-01-08 22:00:00,0.72906,0.73733,0.72870,0.73530
2017-01-09 22:00:00,0.73518,0.73842,0.73306,0.73662
2017-01-10 22:00:00,0.73643,0.74712,0.73517,0.74407
2017-01-11 22:00:00,0.74377,0.75180,0.74294,0.74811
2017-01-12 22:00:00,0.74797,0.75080,0.74484,0.74808
2017-01-15 22:00:00,0.74816,0.75049,0.74577,0.74745
2017-01-16 22:00:00,0.74741,0.75680,0.74643,0.75642
2017-01-17 22:00:00,0.75624,0.75660,0.75022,0.75038
2017-01-18 22:00:00,0.75062,0.75738,0.74928,0.75598
2017-01-19 22:00:00,0.75583,0.75881,0.75171,0.75359
2017-01-22 22:00:00,0.75528,0.75888,0.75497,0.75822
2017-01-23 22:00:00,0.75823,0.76087,0.75529,0.75810
2017-01-24 22:00:00,0.75756,0.75978,0.75146,0.75696
2017-01-25 22:00:00,0.75703,0.75844,0.75212,0.75339
2017-01-26 22:00:00,0.75328,0.75725,0.75109,0.75443
2017-01-29 22:00:00,0.75548,0.75664,0.75275,0.75523
2017-01-30 22:00:00,0.75504,0.76051,0.75416,0.75824
2017-01-31 22:00:00,0.75855,0.75963,0.75506,0.75821
2017-02-01 22:00:00,0.75856,0.76956,0.75768,0.76563
2017-02-02 22:00:00,0.76563,0.76950,0.76186,0.76619
2017-02-05 22:00:00,0.76434,0.76826,0.76290,0.76575
2017-02-06 22:00:00,0.76561,0.76805,0.76051,0.76265
2017-02-07 22:00:00,0.76252,0.76653,0.76109,0.76431
2017-02-08 22:00:00,0.76433,0.76636,0.76100,0.76235
2017-02-09 22:00:00,0.76226,0.76883,0.76172,0.76659
2017-02-12 22:00:00,0.76766,0.76796,0.76303,0.76396
2017-02-13 22:00:00,0.76379,0.76959,0.76175,0.76613
2017-02-14 22:00:00,0.76602,0.77190,0.76365,0.77090
2017-02-15 22:00:00,0.77089,0.77316,0.76841,0.76925
2017-02-16 22:00:00,0.76924,0.77124,0.76452,0.76452
2017-02-19 22:00:00,0.76717,0.76898,0.76588,0.76864
2017-02-20 22:00:00,0.76856,0.76902,0.76491,0.76735
2017-02-21 22:00:00,0.76717,0.77144,0.76663,0.77017
2017-02-22 22:00:00,0.76994,0.77404,0.76646,0.77143
2017-02-23 22:00:00,0.77125,0.77200,0.76634,0.76634
2017-02-26 22:00:00,0.76780,0.77074,0.76622,0.76717
2017-02-27 22:00:00,0.76702,0.76944,0.76458,0.76559
2017-02-28 22:00:00,0.76545,0.76994,0.76360,0.76753
2017-03-01 22:00:00,0.76755,0.76816,0.75571,0.75709
2017-03-02 22:00:00,0.75700,0.75978,0.75424,0.75769
2017-03-05 22:00:00,0.75836,0.76091,0.75697,0.75785
2017-03-06 22:00:00,0.75769,0.76323,0.75725,0.75867
2017-03-07 22:00:00,0.75866,0.76084,0.75250,0.75257
2017-03-08 22:00:00,0.75255,0.75336,0.74906,0.75050
2017-03-09 22:00:00,0.75046,0.75565,0.74977,0.75404
2017-03-12 22:00:00,0.75455,0.75919,0.75334,0.75702
2017-03-13 22:00:00,0.75702,0.75792,0.75398,0.75592
2017-03-14 22:00:00,0.75592,0.77187,0.75547,0.77052
2017-03-15 22:00:00,0.77052,0.77173,0.76633,0.76805
2017-03-16 22:00:00,0.76802,0.77174,0.76628,0.77036
2017-03-19 22:00:00,0.76991,0.77476,0.76966,0.77287
2017-03-20 22:00:00,0.77287,0.77491,0.76822,0.76848
2017-03-21 22:00:00,0.76849,0.76888,0.76388,0.76742
2017-03-22 22:00:00,0.76740,0.76764,0.76219,0.76257
2017-03-23 22:00:00,0.76255,0.76400,0.76035,0.76215
2017-03-26 21:00:00,0.76310,0.76477,0.76077,0.76163
2017-03-27 21:00:00,0.76137,0.76541,0.75869,0.76336
2017-03-28 21:00:00,0.76311,0.76747,0.76287,0.76685
2017-03-29 21:00:00,0.76669,0.76791,0.76388,0.76389
2017-03-30 21:00:00,0.76392,0.76624,0.76218,0.76265
2017-04-02 21:00:00,0.76234,0.76397,0.75908,0.76033
2017-04-03 21:00:00,0.76017,0.76146,0.75447,0.75638
2017-04-04 21:00:00,0.75637,0.75870,0.75574,0.75683
2017-04-05 21:00:00,0.75683,0.75763,0.75319,0.75435
2017-04-06 21:00:00,0.75435,0.75455,0.74808,0.74808
2017-04-09 21:00:00,0.74907,0.75084,0.74756,0.74995
2017-04-10 21:00:00,0.74996,0.75144,0.74736,0.74970
2017-04-11 21:00:00,0.74956,0.75282,0.74727,0.75218
2017-04-12 21:00:00,0.75189,0.75951,0.75172,0.75670
2017-04-13 21:00:00,0.75574,0.75820,0.75563,0.75717
2017-04-16 21:00:00,0.75734,0.76102,0.75667,0.75879
2017-04-17 21:00:00,0.75879,0.75958,0.75335,0.75585
2017-04-18 21:00:00,0.75584,0.75621,0.74911,0.74958
2017-04-19 21:00:00,0.74962,0.75466,0.74885,0.75254
2017-04-20 21:00:00,0.75245,0.75454,0.75151,0.75267
2017-04-23 21:00:00,0.75689,0.75839,0.75383,0.75678
2017-04-24 21:00:00,0.75677,0.75715,0.75200,0.75334
2017-04-25 21:00:00,0.75338,0.75533,0.74546,0.74726
2017-04-26 21:00:00,0.74721,0.74920,0.74396,0.74637
2017-04-27 21:00:00,0.74638,0.74905,0.74475,0.74603
2017-04-30 21:00:00,0.74673,0.75400,0.74673,0.75244
2017-05-01 21:00:00,0.75245,0.75557,0.75100,0.75355
2017-05-02 21:00:00,0.75333,0.75457,0.74190,0.74220
2017-05-03 21:00:00,0.74185,0.74297,0.73825,0.74080
2017-05-04 21:00:00,0.74080,0.74261,0.73672,0.74110
2017-05-07 21:00:00,0.74119,0.74241,0.73774,0.73856
2017-05-08 21:00:00,0.73856,0.73978,0.73285,0.73431
2017-05-09 21:00:00,0.73431,0.73943,0.73383,0.73641
2017-05-10 21:00:00,0.73637,0.73826,0.73326,0.73779
2017-05-11 21:00:00,0.73779,0.74206,0.73670,0.73783
2017-05-14 21:00:00,0.73905,0.74454,0.73842,0.74113
2017-05-15 21:00:00,0.74104,0.74376,0.73947,0.74249
2017-05-16 21:00:00,0.74247,0.74432,0.73884,0.74298
2017-05-17 21:00:00,0.74298,0.74665,0.74078,0.74168
2017-05-18 21:00:00,0.74168,0.74690,0.74060,0.74554
2017-05-21 21:00:00,0.74501,0.74882,0.74334,0.74740
2017-05-22 21:00:00,0.74737,0.75169,0.74658,0.74752
2017-05-23 21:00:00,0.74750,0.75073,0.74421,0.75017
2017-05-24 21:00:00,0.75013,0.75156,0.74502,0.74517
2017-05-25 21:00:00,0.74520,0.74607,0.74215,0.74360
2017-05-28 21:00:00,0.74375,0.74499,0.74265,0.74375
2017-05-29 21:00:00,0.74370,0.74692,0.74157,0.74636
2017-05-30 21:00:00,0.74641,0.74756,0.74242,0.74295
2017-05-31 21:00:00,0.74294,0.74540,0.73721,0.73723
2017-06-01 21:00:00,0.73721,0.74461,0.73660,0.74357
2017-06-04 21:00:00,0.74238,0.74981,0.74218,0.74851
2017-06-05 21:00:00,0.74822,0.75219,0.74567,0.75051
2017-06-06 21:00:00,0.75045,0.75662,0.74994,0.75497
2017-06-07 21:00:00,0.75471,0.75541,0.75245,0.75451
2017-06-08 21:00:00,0.75420,0.75448,0.75190,0.75266
2017-06-11 21:00:00,0.75292,0.75468,0.75211,0.75406
2017-06-12 21:00:00,0.75370,0.75644,0.75239,0.75358
2017-06-13 21:00:00,0.75363,0.76351,0.75320,0.75883
2017-06-14 21:00:00,0.75862,0.76312,0.75678,0.75786
2017-06-15 21:00:00,0.75750,0.76294,0.75697,0.76131
2017-06-18 21:00:00,0.76143,0.76287,0.75846,0.75969
2017-06-19 21:00:00,0.75934,0.76235,0.75702,0.75789
2017-06-20 21:00:00,0.75784,0.75849,0.75426,0.75522
2017-06-21 21:00:00,0.75522,0.75619,0.75350,0.75397
2017-06-22 21:00:00,0.75373,0.75822,0.75373,0.75596
2017-06-25 21:00:00,0.75623,0.75991,0.75622,0.75843
2017-06-26 21:00:00,0.75783,0.76243,0.75766,0.75825
2017-06-27 21:00:00,0.75788,0.76444,0.75727,0.76370
2017-06-28 21:00:00,0.76358,0.76860,0.76346,0.76823
2017-06-29 21:00:00,0.76776,0.77119,0.76668,0.76854
2017-07-02 21:00:00,0.76791,0.76948,0.76440,0.76561
2017-07-03 21:00:00,0.76541,0.76824,0.75907,0.76039
2017-07-04 21:00:00,0.75978,0.76317,0.75708,0.76035
2017-07-05 21:00:00,0.75992,0.76144,0.75766,0.75834
2017-07-06 21:00:00,0.75822,0.76230,0.75718,0.75981
2017-07-09 21:00:00,0.75990,0.76143,0.75860,0.76056
2017-07-10 21:00:00,0.76047,0.76422,0.75928,0.76354
2017-07-11 21:00:00,0.76346,0.76851,0.76336,0.76768
2017-07-12 21:00:00,0.76729,0.77394,0.76729,0.77306
2017-07-13 21:00:00,0.77273,0.78335,0.77256,0.78246
2017-07-16 21:00:00,0.78233,0.78382,0.77917,0.77963
2017-07-17 21:00:00,0.77971,0.79425,0.77858,0.79176
2017-07-18 21:00:00,0.79148,0.79586,0.79087,0.79529
2017-07-19 21:00:00,0.79457,0.79886,0.78969,0.79569
2017-07-20 21:00:00,0.79531,0.79591,0.78745,0.79126
2017-07-23 21:00:00,0.79058,0.79672,0.79030,0.79234
2017-07-24 21:00:00,0.79229,0.79700,0.79021,0.79362
2017-07-25 21:00:00,0.79384,0.80131,0.78776,0.79990
2017-07-26 21:00:00,0.80034,0.80651,0.79559,0.79650
2017-07-27 21:00:00,0.79639,0.80069,0.79365,0.79843
2017-07-30 21:00:00,0.79810,0.80024,0.79556,0.79999
2017-07-31 21:00:00,0.80007,0.80423,0.79602,0.79672
2017-08-01 21:00:00,0.79670,0.79925,0.79409,0.79649
2017-08-02 21:00:00,0.79636,0.79680,0.79137,0.79469
2017-08-03 21:00:00,0.79470,0.79792,0.78909,0.79222
2017-08-06 21:00:00,0.79149,0.79481,0.78986,0.79117
2017-08-07 21:00:00,0.79077,0.79424,0.78866,0.79092
2017-08-08 21:00:00,0.79095,0.79141,0.78547,0.78875
2017-08-09 21:00:00,0.78867,0.79101,0.78661,0.78735
2017-08-10 21:00:00,0.78714,0.79089,0.78385,0.78914
2017-08-13 21:00:00,0.78903,0.79185,0.78442,0.78511
2017-08-14 21:00:00,0.78496,0.78762,0.78074,0.78195
2017-08-15 21:00:00,0.78212,0.79337,0.78159,0.79311
2017-08-16 21:00:00,0.79236,0.79623,0.78799,0.78820
2017-08-17 21:00:00,0.78825,0.79437,0.78690,0.79222
2017-08-20 21:00:00,0.79256,0.79503,0.79103,0.79389
2017-08-21 21:00:00,0.79357,0.79504,0.78972,0.79113
2017-08-22 21:00:00,0.79090,0.79179,0.78818,0.79030
2017-08-23 21:00:00,0.78998,0.79155,0.78662,0.79006
2017-08-24 21:00:00,0.79003,0.79535,0.78848,0.79314
2017-08-27 21:00:00,0.79297,0.79726,0.79251,0.79644
2017-08-28 21:00:00,0.79663,0.79827,0.79050,0.79525
2017-08-29 21:00:00,0.79400,0.79952,0.78896,0.78995
2017-08-30 21:00:00,0.78979,0.79496,0.78710,0.79461
2017-08-31 21:00:00,0.79443,0.79940,0.79212,0.79668
2017-09-03 21:00:00,0.79471,0.79724,0.79404,0.79418
2017-09-04 21:00:00,0.79418,0.80278,0.79416,0.79955
2017-09-05 21:00:00,0.79949,0.80203,0.79630,0.79995
2017-09-06 21:00:00,0.79995,0.80482,0.79739,0.80463
2017-09-07 21:00:00,0.80463,0.81247,0.80424,0.80476
2017-09-10 21:00:00,0.80545,0.80579,0.80182,0.80272
2017-09-11 21:00:00,0.80259,0.80488,0.79980,0.80127
2017-09-12 21:00:00,0.80127,0.80440,0.79705,0.79841
2017-09-13 21:00:00,0.79841,0.80163,0.79556,0.80026
2017-09-14 21:00:00,0.80030,0.80351,0.79864,0.79988
2017-09-17 21:00:00,0.79955,0.80351,0.79399,0.79562
2017-09-18 21:00:00,0.79562,0.80199,0.79505,0.80094
2017-09-19 21:00:00,0.80094,0.81019,0.79854,0.80309
2017-09-20 21:00:00,0.80309,0.80360,0.79170,0.79250
2017-09-21 21:00:00,0.79247,0.79863,0.79080,0.79582
2017-09-24 21:00:00,0.79511,0.79735,0.79262,0.79360
2017-09-25 21:00:00,0.79360,0.79487,0.78590,0.78852
2017-09-26 21:00:00,0.78852,0.78885,0.78361,0.78477
2017-09-27 21:00:00,0.78477,0.78601,0.77996,0.78539
2017-09-28 21:00:00,0.78540,0.78569,0.78165,0.78309
2017-10-01 21:00:00,0.78325,0.78475,0.77953,0.78250
2017-10-02 21:00:00,0.78250,0.78385,0.77852,0.78343
2017-10-03 21:00:00,0.78345,0.78749,0.78297,0.78637
2017-10-04 21:00:00,0.78611,0.78652,0.77867,0.77942
2017-10-05 21:00:00,0.77942,0.77982,0.77330,0.77617
2017-10-08 21:00:00,0.77687,0.77821,0.77474,0.77506
2017-10-09 21:00:00,0.77507,0.77968,0.77487,0.77774
2017-10-10 21:00:00,0.77774,0.78093,0.77707,0.77875
2017-10-11 21:00:00,0.77875,0.78358,0.77830,0.78186
2017-10-12 21:00:00,0.78186,0.78974,0.78145,0.78816
2017-10-15 21:00:00,0.78827,0.78895,0.78428,0.78496
2017-10-16 21:00:00,0.78496,0.78608,0.78182,0.78447
2017-10-17 21:00:00,0.78447,0.78579,0.78189,0.78459
2017-10-18 21:00:00,0.78459,0.78839,0.78408,0.78756
2017-10-19 21:00:00,0.78756,0.78819,0.78083,0.78112
2017-10-22 21:00:00,0.78189,0.78345,0.77962,0.78059
2017-10-23 21:00:00,0.78059,0.78247,0.77704,0.77755
2017-10-24 21:00:00,0.77755,0.77840,0.76901,0.77029
2017-10-25 21:00:00,0.77029,0.77189,0.76551,0.76562
2017-10-26 21:00:00,0.76562,0.76781,0.76251,0.76756
2017-10-29 22:00:00,0.76739,0.76910,0.76556,0.76877
2017-10-30 22:00:00,0.76877,0.76987,0.76397,0.76557
2017-10-31 22:00:00,0.76559,0.76959,0.76482,0.76751
2017-11-01 22:00:00,0.76751,0.77262,0.76725,0.77137
2017-11-02 22:00:00,0.77137,0.77157,0.76390,0.76492
2017-11-05 22:00:00,0.76478,0.76920,0.76382,0.76887
2017-11-06 22:00:00,0.76887,0.77006,0.76273,0.76422
2017-11-07 22:00:00,0.76422,0.76847,0.76358,0.76742
2017-11-08 22:00:00,0.76742,0.76936,0.76494,0.76783
2017-11-09 22:00:00,0.76783,0.76950,0.76528,0.76528
2017-11-12 22:00:00,0.76485,0.76655,0.76166,0.76209
2017-11-13 22:00:00,0.76209,0.76498,0.76086,0.76284
2017-11-14 22:00:00,0.76284,0.76323,0.75732,0.75880
2017-11-15 22:00:00,0.75880,0.76094,0.75689,0.75872
2017-11-16 22:00:00,0.75872,0.76079,0.75361,0.75646
2017-11-19 22:00:00,0.75649,0.75738,0.75439,0.75499
2017-11-20 22:00:00,0.75499,0.75901,0.75322,0.75767
2017-11-21 22:00:00,0.75767,0.76234,0.75552,0.76125
2017-11-22 22:00:00,0.76125,0.76385,0.76036,0.76230
2017-11-23 22:00:00,0.76232,0.76318,0.76066,0.76143
2017-11-26 22:00:00,0.76149,0.76446,0.75931,0.76019
2017-11-27 22:00:00,0.76019,0.76199,0.75879,0.75933
2017-11-28 22:00:00,0.75933,0.76077,0.75521,0.75634
2017-11-29 22:00:00,0.75640,0.75945,0.75565,0.75639
2017-11-30 22:00:00,0.75639,0.76388,0.75511,0.76085
2017-12-03 22:00:00,0.75916,0.76140,0.75794,0.75973
2017-12-04 22:00:00,0.75955,0.76537,0.75953,0.76072
2017-12-05 22:00:00,0.76072,0.76346,0.75585,0.75612
2017-12-06 22:00:00,0.75612,0.75695,0.75052,0.75109
2017-12-07 22:00:00,0.75109,0.75336,0.75014,0.75082
2017-12-10 22:00:00,0.75081,0.75455,0.75032,0.75256
2017-12-11 22:00:00,0.75256,0.75801,0.75193,0.75546
2017-12-12 22:00:00,0.75546,0.76395,0.75525,0.76360
2017-12-13 22:00:00,0.76360,0.76796,0.76266,0.76643
2017-12-14 22:00:00,0.76638,0.76945,0.76350,0.76461
2017-12-17 22:00:00,0.76444,0.76776,0.76406,0.76588
2017-12-18 22:00:00,0.76588,0.76839,0.76459,0.76617
2017-12-19 22:00:00,0.76624,0.76795,0.76512,0.76654
2017-12-20 22:00:00,0.76649,0.77072,0.76534,0.76992
2017-12-21 22:00:00,0.76998,0.77205,0.76993,0.77141
2017-12-25 22:00:00,0.77189,0.77300,0.77122,0.77272
2017-12-26 22:00:00,0.77264,0.77791,0.77236,0.77671
2017-12-27 22:00:00,0.77671,0.78094,0.77640,0.77878
2017-12-28 22:00:00,0.77878,0.78247,0.77878,0.78065
2018-01-01 22:00:00,0.77981,0.78447,0.77939,0.78255
2018-01-02 22:00:00,0.78255,0.78447,0.78051,0.78339
2018-01-03 22:00:00,0.78339,0.78663,0.78142,0.78608
2018-01-04 22:00:00,0.78608,0.78746,0.78348,0.78625
2018-01-07 22:00:00,0.78625,0.78725,0.78269,0.78397
2018-01-08 22:00:00,0.78403,0.78644,0.78074,0.78228
2018-01-09 22:00:00,0.78229,0.78670,0.78082,0.78407
2018-01-10 22:00:00,0.78407,0.78944,0.78369,0.78912
2018-01-11 22:00:00,0.78912,0.79244,0.78480,0.79162
2018-01-14 22:00:00,0.79004,0.79786,0.79004,0.79625
2018-01-15 22:00:00,0.79625,0.79746,0.79368,0.79564
2018-01-16 22:00:00,0.79563,0.80226,0.79402,0.79684
2018-01-17 22:00:00,0.79684,0.80070,0.79416,0.79976
2018-01-18 22:00:00,0.79975,0.80386,0.79784,0.79851
2018-01-21 22:00:00,0.79851,0.80270,0.79787,0.80148
2018-01-22 22:00:00,0.80148,0.80295,0.79562,0.79971
2018-01-23 22:00:00,0.79970,0.80827,0.79934,0.80619
2018-01-24 22:00:00,0.80608,0.81185,0.80112,0.80194
2018-01-25 22:00:00,0.80194,0.81357,0.80046,0.81096
2018-01-28 22:00:00,0.80983,0.81179,0.80742,0.80919
2018-01-29 22:00:00,0.80921,0.81134,0.80421,0.80797
2018-01-30 22:00:00,0.80790,0.81167,0.80347,0.80538
2018-01-31 22:00:00,0.80538,0.80672,0.79874,0.80382
2018-02-01 22:00:00,0.80382,0.80439,0.79178,0.79210
2018-02-04 22:00:00,0.79120,0.79537,0.78750,0.78766
2018-02-05 22:00:00,0.78748,0.79099,0.78355,0.79045
2018-02-06 22:00:00,0.79045,0.79079,0.78165,0.78209
2018-02-07 22:00:00,0.78215,0.78431,0.77756,0.77792
2018-02-08 22:00:00,0.77792,0.78302,0.77589,0.78146
2018-02-11 22:00:00,0.78134,0.78635,0.78041,0.78588
2018-02-12 22:00:00,0.78590,0.78765,0.78276,0.78586
2018-02-13 22:00:00,0.78586,0.79341,0.77730,0.79254
2018-02-14 22:00:00,0.79254,0.79664,0.78918,0.79418
2018-02-15 22:00:00,0.79418,0.79883,0.78924,0.79045
2018-02-18 22:00:00,0.79064,0.79352,0.78981,0.79111
2018-02-19 22:00:00,0.79116,0.79335,0.78737,0.78816
2018-02-20 22:00:00,0.78807,0.79008,0.78025,0.78032
2018-02-21 22:00:00,0.78032,0.78597,0.77903,0.78447
2018-02-22 22:00:00,0.78448,0.78472,0.78041,0.78409
2018-02-25 22:00:00,0.78387,0.78931,0.78256,0.78521
2018-02-26 22:00:00,0.78521,0.78683,0.77832,0.77874
2018-02-27 22:00:00,0.77875,0.78189,0.77602,0.77604
2018-02-28 22:00:00,0.77605,0.77693,0.77123,0.77534
2018-03-01 22:00:00,0.77534,0.77735,0.77373,0.77627
2018-03-04 22:00:00,0.77606,0.77700,0.77255,0.77634
2018-03-05 22:00:00,0.77634,0.78421,0.77563,0.78265
2018-03-06 22:00:00,0.78267,0.78299,0.77713,0.78223
2018-03-07 22:00:00,0.78228,0.78384,0.77725,0.77860
2018-03-08 22:00:00,0.77859,0.78538,0.77762,0.78468
2018-03-11 22:00:00,0.78496,0.78796,0.78472,0.78733
2018-03-12 22:00:00,0.78733,0.78975,0.78457,0.78554
2018-03-13 22:00:00,0.78554,0.79163,0.78511,0.78746
2018-03-14 22:00:00,0.78750,0.78852,0.77942,0.77986
2018-03-15 22:00:00,0.77986,0.78041,0.77096,0.77132
2018-03-18 22:00:00,0.77142,0.77258,0.76865,0.77141
2018-03-19 22:00:00,0.77141,0.77208,0.76785,0.76830
2018-03-20 22:00:00,0.76830,0.77799,0.76721,0.77630
2018-03-21 22:00:00,0.77630,0.77845,0.76869,0.76950
2018-03-22 22:00:00,0.76950,0.77437,0.76870,0.76960
2018-03-25 21:00:00,0.77022,0.77504,0.76948,0.77453
2018-03-26 21:00:00,0.77453,0.77575,0.76751,0.76773
2018-03-27 21:00:00,0.76773,0.77024,0.76533,0.76605
2018-03-28 21:00:00,0.76594,0.76894,0.76428,0.76775
2018-03-29 21:00:00,0.76775,0.77062,0.76720,0.76857
2018-04-01 21:00:00,0.76838,0.76950,0.76495,0.76602
2018-04-02 21:00:00,0.76602,0.77067,0.76470,0.76826
2018-04-03 21:00:00,0.76839,0.77212,0.76626,0.77144
2018-04-04 21:00:00,0.77134,0.77261,0.76739,0.76811
2018-04-05 21:00:00,0.76816,0.76994,0.76574,0.76730
2018-04-08 21:00:00,0.76772,0.77107,0.76520,0.76945
2018-04-09 21:00:00,0.76945,0.77678,0.76935,0.77593
2018-04-10 21:00:00,0.77587,0.77728,0.77393,0.77499
2018-04-11 21:00:00,0.77452,0.77713,0.77380,0.77515
2018-04-12 21:00:00,0.77523,0.78097,0.77517,0.77631
2018-04-15 21:00:00,0.77669,0.77832,0.77519,0.77779
2018-04-16 21:00:00,0.77776,0.77911,0.77600,0.77622
2018-04-17 21:00:00,0.77647,0.77974,0.77440,0.77819
2018-04-18 21:00:00,0.77827,0.78126,0.77189,0.77278
2018-04-19 21:00:00,0.77278,0.77319,0.76551,0.76713
2018-04-22 21:00:00,0.76676,0.76826,0.75993,0.76039
2018-04-23 21:00:00,0.76039,0.76205,0.75767,0.76031
2018-04-24 21:00:00,0.76022,0.76060,0.75519,0.75640
2018-04-25 21:00:00,0.75632,0.75888,0.75467,0.75532
2018-04-26 21:00:00,0.75519,0.75838,0.75319,0.75818
2018-04-29 21:00:00,0.75740,0.75820,0.75253,0.75280
2018-04-30 21:00:00,0.75280,0.75464,0.74724,0.74880
2018-05-01 21:00:00,0.74880,0.75370,0.74754,0.74916
2018-05-02 21:00:00,0.74916,0.75427,0.74853,0.75310
2018-05-03 21:00:00,0.75310,0.75603,0.74920,0.75387
2018-05-06 21:00:00,0.75406,0.75430,0.74930,0.75119
2018-05-07 21:00:00,0.75100,0.75280,0.74336,0.74510
2018-05-08 21:00:00,0.74509,0.74725,0.74123,0.74549
2018-05-09 21:00:00,0.74549,0.75397,0.74492,0.75289
2018-05-10 21:00:00,0.75284,0.75669,0.75225,0.75413
2018-05-13 21:00:00,0.75396,0.75650,0.75224,0.75227
2018-05-14 21:00:00,0.75213,0.75375,0.74477,0.74682
2018-05-15 21:00:00,0.74672,0.75227,0.74472,0.75148
2018-05-16 21:00:00,0.75127,0.75474,0.74975,0.75081
2018-05-17 21:00:00,0.75074,0.75279,0.74883,0.75096
2018-05-20 21:00:00,0.75192,0.75863,0.75026,0.75789
2018-05-21 21:00:00,0.75798,0.76053,0.75660,0.75734
2018-05-22 21:00:00,0.75743,0.75825,0.75223,0.75562
2018-05-23 21:00:00,0.75558,0.75824,0.75420,0.75733
2018-05-24 21:00:00,0.75733,0.75899,0.75424,0.75475
2018-05-27 21:00:00,0.75578,0.75809,0.75393,0.75434
2018-05-28 21:00:00,0.75426,0.75526,0.74978,0.75041
2018-05-29 21:00:00,0.75032,0.75836,0.74759,0.75699
2018-05-30 21:00:00,0.75680,0.75928,0.75525,0.75670
2018-05-31 21:00:00,0.75665,0.75732,0.75138,0.75680
2018-06-03 21:00:00,0.75612,0.76661,0.75582,0.76430
2018-06-04 21:00:00,0.76425,0.76559,0.75945,0.76156
2018-06-05 21:00:00,0.76145,0.76765,0.76117,0.76672
2018-06-06 21:00:00,0.76677,0.76728,0.76121,0.76188
2018-06-07 21:00:00,0.76209,0.76270,0.75604,0.75966
2018-06-10 21:00:00,0.75877,0.76214,0.75877,0.76063
2018-06-11 21:00:00,0.76038,0.76234,0.75655,0.75730
2018-06-12 21:00:00,0.75734,0.76086,0.75290,0.75755
2018-06-13 21:00:00,0.75752,0.75823,0.74719,0.74744
2018-06-14 21:00:00,0.74746,0.74803,0.74389,0.74407
2018-06-17 21:00:00,0.74394,0.74543,0.74133,0.74213
2018-06-18 21:00:00,0.74213,0.74269,0.73471,0.73762
2018-06-19 21:00:00,0.73733,0.74087,0.73665,0.73674
2018-06-20 21:00:00,0.73674,0.73935,0.73453,0.73718
2018-06-21 21:00:00,0.73719,0.74435,0.73707,0.74404
2018-06-24 21:00:00,0.74384,0.74425,0.73961,0.74132
2018-06-25 21:00:00,0.74105,0.74228,0.73797,0.73900
2018-06-26 21:00:00,0.73903,0.74067,0.73227,0.73369
2018-06-27 21:00:00,0.73378,0.73619,0.73297,0.73470
2018-06-28 21:00:00,0.73495,0.74092,0.73354,0.74074
2018-07-01 21:00:00,0.73983,0.74054,0.73103,0.73353
2018-07-02 21:00:00,0.73353,0.74041,0.73141,0.73847
2018-07-03 21:00:00,0.73814,0.74243,0.73743,0.73792
2018-07-04 21:00:00,0.73813,0.74079,0.73612,0.73855
2018-07-05 21:00:00,0.73853,0.74439,0.73757,0.74290
2018-07-08 21:00:00,0.74301,0.74836,0.74277,0.74648
2018-07-09 21:00:00,0.74649,0.74836,0.74302,0.74562
2018-07-10 21:00:00,0.74554,0.74562,0.73636,0.73656
2018-07-11 21:00:00,0.73650,0.74195,0.73595,0.74062
2018-07-12 21:00:00,0.74057,0.74231,0.73680,0.74229
2018-07-15 21:00:00,0.74178,0.74423,0.74088,0.74156
2018-07-16 21:00:00,0.74156,0.74382,0.73755,0.73848
2018-07-17 21:00:00,0.73849,0.74073,0.73430,0.73966
2018-07-18 21:00:00,0.73966,0.74414,0.73223,0.73525
2018-07-19 21:00:00,0.73468,0.74309,0.73177,0.74182
2018-07-22 21:00:00,0.74177,0.74367,0.73707,0.73781
2018-07-23 21:00:00,0.73766,0.74333,0.73588,0.74192
2018-07-24 21:00:00,0.74193,0.74636,0.73912,0.74535
2018-07-25 21:00:00,0.74521,0.74622,0.73712,0.73759
2018-07-26 21:00:00,0.73752,0.74138,0.73692,0.73995
2018-07-29 21:00:00,0.73987,0.74125,0.73848,0.74020
2018-07-30 21:00:00,0.74039,0.74400,0.74017,0.74278
2018-07-31 21:00:00,0.74232,0.74283,0.73890,0.74030
2018-08-01 21:00:00,0.74024,0.74106,0.73543,0.73573
2018-08-02 21:00:00,0.73565,0.74107,0.73474,0.73956
2018-08-05 21:00:00,0.73899,0.74047,0.73732,0.73860
2018-08-06 21:00:00,0.73862,0.74388,0.73806,0.74207
2018-08-07 21:00:00,0.74193,0.74385,0.73824,0.74283
2018-08-08 21:00:00,0.74253,0.74523,0.73714,0.73714
2018-08-09 21:00:00,0.73712,0.73789,0.72795,0.72954
2018-08-12 21:00:00,0.72742,0.72991,0.72557,0.72655
2018-08-13 21:00:00,0.72652,0.72827,0.72233,0.72389
2018-08-14 21:00:00,0.72390,0.72469,0.72015,0.72378
2018-08-15 21:00:00,0.72362,0.72858,0.72132,0.72572
2018-08-16 21:00:00,0.72561,0.73186,0.72518,0.73148
2018-08-19 21:00:00,0.73142,0.73429,0.72949,0.73372
2018-08-20 21:00:00,0.73361,0.73810,0.73322,0.73644
2018-08-21 21:00:00,0.73627,0.73694,0.73330,0.73444
2018-08-22 21:00:00,0.73474,0.73545,0.72398,0.72435
2018-08-23 21:00:00,0.72435,0.73436,0.72370,0.73253
2018-08-26 21:00:00,0.73219,0.73557,0.73065,0.73479
2018-08-27 21:00:00,0.73479,0.73617,0.73205,0.73345
2018-08-28 21:00:00,0.73342,0.73481,0.72740,0.73099
2018-08-29 21:00:00,0.73082,0.73137,0.72486,0.72606
2018-08-30 21:00:00,0.72594,0.72667,0.71749,0.71892
2018-09-02 21:00:00,0.71885,0.72228,0.71650,0.72129
2018-09-03 21:00:00,0.72115,0.72348,0.71565,0.71742
2018-09-04 21:00:00,0.71747,0.72174,0.71435,0.71902
2018-09-05 21:00:00,0.71892,0.72102,0.71653,0.71972
2018-09-06 21:00:00,0.71972,0.72007,0.70978,0.71009
2018-09-09 21:00:00,0.71022,0.71309,0.70980,0.71119
2018-09-10 21:00:00,0.71122,0.71279,0.70843,0.71162
2018-09-11 21:00:00,0.71197,0.71818,0.70926,0.71660
2018-09-12 21:00:00,0.71656,0.72284,0.71637,0.71897
2018-09-13 21:00:00,0.71920,0.72155,0.71497,0.71505
2018-09-16 21:00:00,0.71524,0.71955,0.71410,0.71776
2018-09-17 21:00:00,0.71776,0.72228,0.71433,0.72176
2018-09-18 21:00:00,0.72099,0.72742,0.72053,0.72606
2018-09-19 21:00:00,0.72573,0.72920,0.72529,0.72913
2018-09-20 21:00:00,0.72901,0.73031,0.72620,0.72874
2018-09-23 21:00:00,0.72627,0.72808,0.72499,0.72516
2018-09-24 21:00:00,0.72515,0.72622,0.72352,0.72492
2018-09-25 21:00:00,0.72485,0.73144,0.72399,0.72559
2018-09-26 21:00:00,0.72561,0.72677,0.72045,0.72058
2018-09-27 21:00:00,0.72057,0.72407,0.72014,0.72143
2018-09-30 21:00:00,0.72240,0.72310,0.72062,0.72209
2018-10-01 21:00:00,0.72208,0.72373,0.71615,0.71842
2018-10-02 21:00:00,0.71849,0.71960,0.71007,0.71011
2018-10-03 21:00:00,0.71003,0.71110,0.70647,0.70741
2018-10-04 21:00:00,0.70705,0.70864,0.70417,0.70499
2018-10-07 21:00:00,0.70528,0.70805,0.70403,0.70757
2018-10-08 21:00:00,0.70755,0.71049,0.70533,0.71019
2018-10-09 21:00:00,0.71011,0.71297,0.70425,0.70490
2018-10-10 21:00:00,0.70494,0.71285,0.70448,0.71231
2018-10-11 21:00:00,0.71213,0.71389,0.71011,0.71119
2018-10-14 21:00:00,0.71103,0.71481,0.70980,0.71301
2018-10-15 21:00:00,0.71294,0.71502,0.71110,0.71408
2018-10-16 21:00:00,0.71403,0.71588,0.71055,0.71084
2018-10-17 21:00:00,0.71095,0.71501,0.70965,0.70982
2018-10-18 21:00:00,0.70973,0.71494,0.70880,0.71185
2018-10-21 21:00:00,0.71127,0.71245,0.70753,0.70802
2018-10-22 21:00:00,0.70800,0.70901,0.70546,0.70841
2018-10-23 21:00:00,0.70836,0.71054,0.70587,0.70587
2018-10-24 21:00:00,0.70570,0.70987,0.70555,0.70798
2018-10-25 21:00:00,0.70796,0.71033,0.70202,0.70860
2018-10-28 22:00:00,0.70900,0.71080,0.70498,0.70597
2018-10-29 22:00:00,0.70597,0.71214,0.70559,0.71028
2018-10-30 22:00:00,0.71028,0.71060,0.70671,0.70754
2018-10-31 22:00:00,0.70754,0.72117,0.70733,0.71992
2018-11-01 22:00:00,0.71991,0.72577,0.71817,0.71969
2018-11-04 22:00:00,0.71900,0.72169,0.71818,0.72092
2018-11-05 22:00:00,0.72095,0.72456,0.72044,0.72439
2018-11-06 22:00:00,0.72430,0.72991,0.72119,0.72738
2018-11-07 22:00:00,0.72737,0.73018,0.72463,0.72561
2018-11-08 22:00:00,0.72527,0.72698,0.72183,0.72272
2018-11-11 22:00:00,0.72180,0.72368,0.71714,0.71716
2018-11-12 22:00:00,0.71716,0.72233,0.71634,0.72167
2018-11-13 22:00:00,0.72182,0.72529,0.71872,0.72282
2018-11-14 22:00:00,0.72319,0.72974,0.72280,0.72756
2018-11-15 22:00:00,0.72756,0.73366,0.72494,0.73293
2018-11-18 22:00:00,0.73132,0.73249,0.72766,0.72925
2018-11-19 22:00:00,0.72925,0.72997,0.72108,0.72126
2018-11-20 22:00:00,0.72126,0.72763,0.72016,0.72618
2018-11-21 22:00:00,0.72631,0.72672,0.72334,0.72532
2018-11-22 22:00:00,0.72506,0.72555,0.72179,0.72257
2018-11-25 22:00:00,0.72265,0.72755,0.72118,0.72195
2018-11-26 22:00:00,0.72197,0.72683,0.71984,0.72239
2018-11-27 22:00:00,0.72245,0.73271,0.72204,0.73042
2018-11-28 22:00:00,0.73050,0.73437,0.72943,0.73182
2018-11-29 22:00:00,0.73184,0.73253,0.72835,0.73127
2018-12-02 22:00:00,0.73773,0.73928,0.73455,0.73572
2018-12-03 22:00:00,0.73572,0.73926,0.73251,0.73371
2018-12-04 22:00:00,0.73378,0.73550,0.72590,0.72683
2018-12-05 22:00:00,0.72667,0.72736,0.71906,0.72338
2018-12-06 22:00:00,0.72331,0.72410,0.71971,0.71971
2018-12-09 22:00:00,0.71828,0.72259,0.71771,0.71898
2018-12-10 22:00:00,0.71880,0.72241,0.71807,0.72043
2018-12-11 22:00:00,0.72015,0.72370,0.71951,0.72191
2018-12-12 22:00:00,0.72192,0.72458,0.72114,0.72257
2018-12-13 22:00:00,0.72258,0.72275,0.71504,0.71759
2018-12-16 22:00:00,0.71710,0.71863,0.71676,0.71749
2018-12-17 22:00:00,0.71756,0.72027,0.71644,0.71804
2018-12-18 22:00:00,0.71827,0.71997,0.70864,0.71069
2018-12-19 22:00:00,0.71060,0.71480,0.70853,0.71072
2018-12-20 22:00:00,0.71094,0.71224,0.70329,0.70336
2018-12-23 22:00:00,0.70311,0.70681,0.70311,0.70457
2018-12-25 22:00:00,0.70415,0.70705,0.70406,0.70648
2018-12-26 22:00:00,0.70666,0.70768,0.70159,0.70301
2018-12-27 22:00:00,0.70276,0.70682,0.70245,0.70366
2018-12-30 22:00:00,0.70412,0.70703,0.70319,0.70431
2019-01-01 22:00:00,0.70109,0.70443,0.69807,0.69838
2019-01-02 22:00:00,0.69832,0.70185,0.67125,0.70045
2019-01-03 22:00:00,0.70045,0.71237,0.69926,0.71166
2019-01-06 22:00:00,0.71132,0.71488,0.71081,0.71469
2019-01-07 22:00:00,0.71468,0.71486,0.71156,0.71386
2019-01-08 22:00:00,0.71382,0.71936,0.71338,0.71693
2019-01-09 22:00:00,0.71693,0.71974,0.71457,0.71844
2019-01-10 22:00:00,0.71844,0.72343,0.71820,0.72126
2019-01-13 22:00:00,0.72086,0.72169,0.71746,0.71944
2019-01-14 22:00:00,0.71953,0.72249,0.71791,0.72003
2019-01-15 22:00:00,0.72011,0.72113,0.71609,0.71666
2019-01-16 22:00:00,0.71665,0.72206,0.71459,0.71921
2019-01-17 22:00:00,0.71910,0.72140,0.71591,0.71593
2019-01-20 22:00:00,0.71635,0.71811,0.71392,0.71573
2019-01-21 22:00:00,0.71571,0.71595,0.71151,0.71219
2019-01-22 22:00:00,0.71195,0.71434,0.71169,0.71410
2019-01-23 22:00:00,0.71399,0.71658,0.70800,0.70931
2019-01-24 22:00:00,0.70903,0.71843,0.70751,0.71762
2019-01-27 22:00:00,0.71748,0.72030,0.71597,0.71644
2019-01-28 22:00:00,0.71645,0.71754,0.71370,0.71536
2019-01-29 22:00:00,0.71549,0.72721,0.71483,0.72465
2019-01-30 22:00:00,0.72468,0.72945,0.72411,0.72729
2019-01-31 22:00:00,0.72740,0.72835,0.72359,0.72451
2019-02-03 22:00:00,0.72454,0.72532,0.72105,0.72239
2019-02-04 22:00:00,0.72246,0.72637,0.71928,0.72333
2019-02-05 22:00:00,0.72339,0.72447,0.71027,0.71037
2019-02-06 22:00:00,0.71062,0.71167,0.70885,0.70999
2019-02-07 22:00:00,0.70964,0.71030,0.70596,0.70878
2019-02-10 22:00:00,0.70854,0.71071,0.70562,0.70602
2019-02-11 22:00:00,0.70607,0.71018,0.70532,0.70942
2019-02-12 22:00:00,0.70943,0.71352,0.70853,0.70873
2019-02-13 22:00:00,0.70878,0.71307,0.70706,0.71041
2019-02-14 22:00:00,0.71043,0.71476,0.70785,0.71357
2019-02-17 22:00:00,0.71321,0.71597,0.71237,0.71284
2019-02-18 22:00:00,0.71288,0.71731,0.71027,0.71625
2019-02-19 22:00:00,0.71631,0.71822,0.71404,0.71619
2019-02-20 22:00:00,0.71626,0.72061,0.70691,0.70883
2019-02-21 22:00:00,0.70885,0.71495,0.70817,0.71271
2019-02-24 22:00:00,0.71343,0.71835,0.71297,0.71654
2019-02-25 22:00:00,0.71673,0.71938,0.71412,0.71834
2019-02-26 22:00:00,0.71871,0.71980,0.71264,0.71383
2019-02-27 22:00:00,0.71396,0.71655,0.70892,0.70918
2019-02-28 22:00:00,0.70921,0.71209,0.70686,0.70774
2019-03-03 22:00:00,0.71017,0.71066,0.70743,0.70902
2019-03-04 22:00:00,0.70906,0.70956,0.70578,0.70823
2019-03-05 22:00:00,0.70832,0.70912,0.70203,0.70306
2019-03-06 22:00:00,0.70313,0.70508,0.70042,0.70134
2019-03-07 22:00:00,0.70150,0.70514,0.70022,0.70421
2019-03-10 22:00:00,0.70348,0.70759,0.70257,0.70678
2019-03-11 22:00:00,0.70679,0.70910,0.70562,0.70788
2019-03-12 22:00:00,0.70789,0.70971,0.70481,0.70911
2019-03-13 22:00:00,0.70913,0.70975,0.70403,0.70648
2019-03-14 22:00:00,0.70650,0.70963,0.70609,0.70838
2019-03-17 22:00:00,0.70829,0.71190,0.70774,0.70988
2019-03-18 22:00:00,0.70994,0.71099,0.70840,0.70862
2019-03-19 22:00:00,0.70861,0.71491,0.70558,0.71258
2019-03-20 22:00:00,0.71258,0.71674,0.70890,0.71108
2019-03-21 22:00:00,0.71108,0.71164,0.70747,0.70789
2019-03-24 22:00:00,0.70792,0.71160,0.70645,0.71098
2019-03-25 22:00:00,0.71098,0.71468,0.71072,0.71337
2019-03-26 22:00:00,0.71344,0.71410,0.70678,0.70857
2019-03-27 22:00:00,0.70857,0.71052,0.70622,0.70761
2019-03-28 22:00:00,0.70761,0.71039,0.70735,0.70939
2019-03-31 21:00:00,0.71155,0.71309,0.71030,0.71103
2019-04-01 21:00:00,0.71124,0.71286,0.70517,0.70695
2019-04-02 21:00:00,0.70703,0.71291,0.70536,0.71112
2019-04-03 21:00:00,0.71113,0.71265,0.70968,0.71097
2019-04-04 21:00:00,0.71120,0.71310,0.70914,0.71029
2019-04-07 21:00:00,0.71028,0.71300,0.70867,0.71248
2019-04-08 21:00:00,0.71252,0.71514,0.71182,0.71204
2019-04-09 21:00:00,0.71250,0.71740,0.71085,0.71680
2019-04-10 21:00:00,0.71705,0.71705,0.71157,0.71204
2019-04-11 21:00:00,0.71209,0.71915,0.71152,0.71711
2019-04-14 21:00:00,0.71749,0.71813,0.71629,0.71714
2019-04-15 21:00:00,0.71715,0.71783,0.71388,0.71726
2019-04-16 21:00:00,0.71740,0.72052,0.71517,0.71780
2019-04-17 21:00:00,0.71773,0.71980,0.71358,0.71491
2019-04-18 21:00:00,0.71477,0.71577,0.71409,0.71490
2019-04-21 21:00:00,0.71458,0.71536,0.71275,0.71322
2019-04-22 21:00:00,0.71345,0.71387,0.70801,0.71004
2019-04-23 21:00:00,0.71009,0.71015,0.70035,0.70137
2019-04-24 21:00:00,0.70126,0.70220,0.69873,0.70143
2019-04-25 21:00:00,0.70152,0.70605,0.70046,0.70353
2019-04-28 21:00:00,0.70340,0.70600,0.70340,0.70547
2019-04-29 21:00:00,0.70551,0.70683,0.70301,0.70477
2019-04-30 21:00:00,0.70486,0.70602,0.70064,0.70128
2019-05-01 21:00:00,0.70136,0.70285,0.69942,0.69989
2019-05-02 21:00:00,0.69981,0.70236,0.69838,0.70225
2019-05-05 21:00:00,0.69665,0.70018,0.69619,0.69889
2019-05-06 21:00:00,0.69928,0.70471,0.69765,0.70108
2019-05-07 21:00:00,0.70096,0.70259,0.69851,0.69872
2019-05-08 21:00:00,0.69869,0.69971,0.69638,0.69876
2019-05-09 21:00:00,0.69859,0.70178,0.69773,0.69974
2019-05-12 21:00:00,0.69904,0.70008,0.69399,0.69426
2019-05-13 21:00:00,0.69428,0.69587,0.69340,0.69425
2019-05-14 21:00:00,0.69424,0.69466,0.69141,0.69265
2019-05-15 21:00:00,0.69283,0.69321,0.68855,0.68896
2019-05-16 21:00:00,0.68901,0.68965,0.68639,0.68645
2019-05-19 21:00:00,0.69061,0.69333,0.68891,0.69061
2019-05-20 21:00:00,0.69075,0.69282,0.68655,0.68818
2019-05-21 21:00:00,0.68817,0.68958,0.68704,0.68794
2019-05-22 21:00:00,0.68792,0.68996,0.68639,0.68987
2019-05-23 21:00:00,0.68986,0.69338,0.68803,0.69258
2019-05-26 21:00:00,0.69311,0.69377,0.69121,0.69161
2019-05-27 21:00:00,0.69165,0.69350,0.69135,0.69223
2019-05-28 21:00:00,0.69220,0.69308,0.69033,0.69156
2019-05-29 21:00:00,0.69158,0.69360,0.68979,0.69101
2019-05-30 21:00:00,0.69103,0.69433,0.69001,0.69331
2019-06-02 21:00:00,0.69327,0.69817,0.69265,0.69754
2019-06-03 21:00:00,0.69753,0.70032,0.69549,0.69895
2019-06-04 21:00:00,0.69901,0.70066,0.69617,0.69679
2019-06-05 21:00:00,0.69674,0.69936,0.69616,0.69757
2019-06-06 21:00:00,0.69748,0.70214,0.69632,0.69990
2019-06-09 21:00:00,0.70035,0.70060,0.69563,0.69592
2019-06-10 21:00:00,0.69593,0.69658,0.69462,0.69603
2019-06-11 21:00:00,0.69602,0.69627,0.69245,0.69277
2019-06-12 21:00:00,0.69273,0.69380,0.69005,0.69134
2019-06-13 21:00:00,0.69136,0.69174,0.68605,0.68688
2019-06-16 21:00:00,0.68727,0.68838,0.68479,0.68515
2019-06-17 21:00:00,0.68517,0.68812,0.68308,0.68758
2019-06-18 21:00:00,0.68752,0.69085,0.68542,0.68787
2019-06-19 21:00:00,0.68787,0.69349,0.68764,0.69223
2019-06-20 21:00:00,0.69214,0.69371,0.69026,0.69247
2019-06-23 21:00:00,0.69294,0.69678,0.69282,0.69608
2019-06-24 21:00:00,0.69624,0.69775,0.69409,0.69595
2019-06-25 21:00:00,0.69598,0.69940,0.69502,0.69834
2019-06-26 21:00:00,0.69846,0.70083,0.69821,0.70081
2019-06-27 21:00:00,0.70081,0.70219,0.69974,0.70195
2019-06-30 21:00:00,0.70196,0.70330,0.69553,0.69642
2019-07-01 21:00:00,0.69644,0.69996,0.69551,0.69923
2019-07-02 21:00:00,0.69926,0.70384,0.69846,0.70282
2019-07-03 21:00:00,0.70284,0.70471,0.70148,0.70200
2019-07-04 21:00:00,0.70201,0.70280,0.69566,0.69756
2019-07-07 21:00:00,0.69716,0.69936,0.69668,0.69708
2019-07-08 21:00:00,0.69709,0.69750,0.69205,0.69264
2019-07-09 21:00:00,0.69264,0.69688,0.69103,0.69576
2019-07-10 21:00:00,0.69556,0.69878,0.69519,0.69733
2019-07-11 21:00:00,0.69737,0.70244,0.69709,0.70174
2019-07-14 21:00:00,0.70121,0.70397,0.70119,0.70379
2019-07-15 21:00:00,0.70383,0.70442,0.70100,0.70113
2019-07-16 21:00:00,0.70110,0.70246,0.69961,0.70090
2019-07-17 21:00:00,0.70083,0.70762,0.70047,0.70748
2019-07-18 21:00:00,0.70746,0.70819,0.70373,0.70415
2019-07-21 21:00:00,0.70414,0.70569,0.70308,0.70346
2019-07-22 21:00:00,0.70347,0.70351,0.69960,0.70042
2019-07-23 21:00:00,0.70040,0.70081,0.69723,0.69759
2019-07-24 21:00:00,0.69760,0.69839,0.69422,0.69501
2019-07-25 21:00:00,0.69501,0.69549,0.69025,0.69073
2019-07-28 21:00:00,0.69045,0.69163,0.68945,0.69007
2019-07-29 21:00:00,0.69005,0.69081,0.68684,0.68715
2019-07-30 21:00:00,0.68713,0.68990,0.68314,0.68434
2019-07-31 21:00:00,0.68434,0.68677,0.67948,0.67998
2019-08-01 21:00:00,0.67999,0.68185,0.67628,0.67958
2019-08-04 21:00:00,0.67913,0.68039,0.67477,0.67549
2019-08-05 21:00:00,0.67545,0.68006,0.67494,0.67590
2019-08-06 21:00:00,0.67588,0.67825,0.66771,0.67555
2019-08-07 21:00:00,0.67548,0.68217,0.67459,0.68015
2019-08-08 21:00:00,0.68004,0.68180,0.67774,0.67825
2019-08-11 21:00:00,0.67795,0.67955,0.67449,0.67490
2019-08-12 21:00:00,0.67487,0.68181,0.67451,0.67984
2019-08-13 21:00:00,0.67974,0.68084,0.67351,0.67461
2019-08-14 21:00:00,0.67464,0.67902,0.67449,0.67736
2019-08-15 21:00:00,0.67725,0.67949,0.67704,0.67762
2019-08-18 21:00:00,0.67764,0.67886,0.67616,0.67631
2019-08-19 21:00:00,0.67631,0.67949,0.67543,0.67765
2019-08-20 21:00:00,0.67763,0.67989,0.67728,0.67798
2019-08-21 21:00:00,0.67796,0.67869,0.67507,0.67550
2019-08-22 21:00:00,0.67549,0.67776,0.67358,0.67469
2019-08-25 21:00:00,0.67354,0.67879,0.66892,0.67743
2019-08-26 21:00:00,0.67741,0.67797,0.67463,0.67508
2019-08-27 21:00:00,0.67505,0.67620,0.67321,0.67327
2019-08-28 21:00:00,0.67320,0.67531,0.67169,0.67262
2019-08-29 21:00:00,0.67261,0.67400,0.67057,0.67351
2019-09-01 21:00:00,0.67232,0.67344,0.67097,0.67150
2019-09-02 21:00:00,0.67144,0.67634,0.66872,0.67575
2019-09-03 21:00:00,0.67571,0.68007,0.67541,0.67958
2019-09-04 21:00:00,0.67962,0.68296,0.67933,0.68132
2019-09-05 21:00:00,0.68129,0.68612,0.68069,0.68484
2019-09-08 21:00:00,0.68388,0.68756,0.68371,0.68606
2019-09-09 21:00:00,0.68607,0.68699,0.68486,0.68601
2019-09-10 21:00:00,0.68591,0.68844,0.68484,0.68614
2019-09-11 21:00:00,0.68610,0.68942,0.68597,0.68661
2019-09-12 21:00:00,0.68661,0.68903,0.68587,0.68753
2019-09-15 21:00:00,0.68742,0.68836,0.68537,0.68639
2019-09-16 21:00:00,0.68637,0.68696,0.68303,0.68648
2019-09-17 21:00:00,0.68648,0.68689,0.68120,0.68259
2019-09-18 21:00:00,0.68262,0.68309,0.67800,0.67913
2019-09-19 21:00:00,0.67909,0.68086,0.67596,0.67627
2019-09-22 21:00:00,0.67685,0.67812,0.67637,0.67731
2019-09-23 21:00:00,0.67731,0.68058,0.67649,0.68001
2019-09-24 21:00:00,0.68001,0.68036,0.67387,0.67501
2019-09-25 21:00:00,0.67507,0.67807,0.67458,0.67480
2019-09-26 21:00:00,0.67475,0.67792,0.67432,0.67636
2019-09-29 21:00:00,0.67604,0.67700,0.67409,0.67492
2019-09-30 21:00:00,0.67492,0.67755,0.66714,0.67026
2019-10-01 21:00:00,0.67026,0.67184,0.66705,0.67042
2019-10-02 21:00:00,0.67042,0.67528,0.67021,0.67404
2019-10-03 21:00:00,0.67400,0.67737,0.67384,0.67644
2019-10-06 21:00:00,0.67544,0.67650,0.67294,0.67299
2019-10-07 21:00:00,0.67299,0.67569,0.67229,0.67267
2019-10-08 21:00:00,0.67267,0.67496,0.67220,0.67224
2019-10-09 21:00:00,0.67223,0.67743,0.67100,0.67596
2019-10-10 21:00:00,0.67595,0.68104,0.67530,0.67903
2019-10-13 21:00:00,0.67872,0.68013,0.67511,0.67727
2019-10-14 21:00:00,0.67735,0.67886,0.67425,0.67512
2019-10-15 21:00:00,0.67512,0.67653,0.67233,0.67557
2019-10-16 21:00:00,0.67555,0.68329,0.67512,0.68211
2019-10-17 21:00:00,0.68212,0.68564,0.68210,0.68540
2019-10-20 21:00:00,0.68438,0.68799,0.68397,0.68670
2019-10-21 21:00:00,0.68669,0.68826,0.68502,0.68528
2019-10-22 21:00:00,0.68526,0.68621,0.68337,0.68503
2019-10-23 21:00:00,0.68505,0.68574,0.68108,0.68181
2019-10-24 21:00:00,0.68185,0.68359,0.68092,0.68196
2019-10-27 22:00:00,0.68216,0.68452,0.68105,0.68376
2019-10-28 22:00:00,0.68376,0.68716,0.68353,0.68615
2019-10-29 22:00:00,0.68615,0.69045,0.68484,0.68996
2019-10-30 22:00:00,0.68996,0.69294,0.68830,0.68905
2019-10-31 22:00:00,0.68905,0.69209,0.68837,0.69115
2019-11-03 22:00:00,0.69126,0.69248,0.68769,0.68817
2019-11-04 22:00:00,0.68816,0.69279,0.68764,0.68924
2019-11-05 22:00:00,0.68926,0.69072,0.68688,0.68825
2019-11-06 22:00:00,0.68822,0.69131,0.68615,0.68960
2019-11-07 22:00:00,0.68958,0.69062,0.68474,0.68573
2019-11-10 22:00:00,0.68547,0.68652,0.68468,0.68491
2019-11-11 22:00:00,0.68488,0.68570,0.68312,0.68394
2019-11-12 22:00:00,0.68393,0.68570,0.68210,0.68369
2019-11-13 22:00:00,0.68370,0.68409,0.67694,0.67844
2019-11-14 22:00:00,0.67844,0.68205,0.67803,0.68183
2019-11-17 22:00:00,0.68115,0.68222,0.67987,0.68083
2019-11-18 22:00:00,0.68096,0.68344,0.67849,0.68263
2019-11-19 22:00:00,0.68262,0.68307,0.67899,0.68020
2019-11-20 22:00:00,0.68024,0.68138,0.67830,0.67848
2019-11-21 22:00:00,0.67842,0.68033,0.67804,0.67841
2019-11-24 22:00:00,0.67883,0.67991,0.67679,0.67764
2019-11-25 22:00:00,0.67789,0.67951,0.67677,0.67870
2019-11-26 22:00:00,0.67870,0.67910,0.67718,0.67743
2019-11-27 22:00:00,0.67743,0.67777,0.67589,0.67673
2019-11-28 22:00:00,0.67677,0.67793,0.67539,0.67548
2019-12-01 22:00:00,0.67672,0.68258,0.67615,0.68176
2019-12-02 22:00:00,0.68176,0.68620,0.68149,0.68460
2019-12-03 22:00:00,0.68459,0.68547,0.68129,0.68470
2019-12-04 22:00:00,0.68454,0.68547,0.68205,0.68309
2019-12-05 22:00:00,0.68315,0.68571,0.68233,0.68405
2019-12-08 22:00:00,0.68306,0.68383,0.68199,0.68217
2019-12-09 22:00:00,0.68218,0.68373,0.68000,0.68083
2019-12-10 22:00:00,0.68085,0.68891,0.68041,0.68745
2019-12-11 22:00:00,0.68746,0.69128,0.68673,0.69075
2019-12-12 22:00:00,0.69073,0.69385,0.68635,0.68745
2019-12-15 22:00:00,0.68820,0.68975,0.68683,0.68838
2019-12-16 22:00:00,0.68840,0.68854,0.68381,0.68503
2019-12-17 22:00:00,0.68503,0.68642,0.68383,0.68518
2019-12-18 22:00:00,0.68518,0.68880,0.68484,0.68848
2019-12-19 22:00:00,0.68852,0.69065,0.68827,0.68999
2019-12-22 22:00:00,0.68967,0.69286,0.68903,0.69212
2019-12-23 22:00:00,0.69212,0.69301,0.69122,0.69227
2019-12-25 22:00:00,0.69265,0.69499,0.69214,0.69441
2019-12-26 22:00:00,0.69440,0.69869,0.69410,0.69843
2019-12-29 22:00:00,0.69761,0.70041,0.69645,0.69935
2019-12-30 22:00:00,0.69932,0.70316,0.69900,0.70158
2020-01-01 22:00:00,0.70058,0.70080,0.69783,0.69895
2020-01-02 22:00:00,0.69897,0.69925,0.69300,0.69444
2020-01-05 22:00:00,0.69409,0.69575,0.69251,0.69381
2020-01-06 22:00:00,0.69383,0.69419,0.68588,0.68682
2020-01-07 22:00:00,0.68682,0.68851,0.68488,0.68643
2020-01-08 22:00:00,0.68643,0.68801,0.68499,0.68581
2020-01-09 22:00:00,0.68577,0.69106,0.68504,0.68984
2020-01-12 22:00:00,0.68962,0.69195,0.68932,0.69027
2020-01-13 22:00:00,0.69027,0.69094,0.68847,0.68997
2020-01-14 22:00:00,0.68999,0.69164,0.68769,0.69000
2020-01-15 22:00:00,0.69001,0.69334,0.68876,0.68969
2020-01-16 22:00:00,0.68968,0.69108,0.68704,0.68710
2020-01-19 22:00:00,0.68729,0.68882,0.68548,0.68715
2020-01-20 22:00:00,0.68715,0.68802,0.68422,0.68439
2020-01-21 22:00:00,0.68439,0.68559,0.68267,0.68438
2020-01-22 22:00:00,0.68437,0.68784,0.68289,0.68457
2020-01-23 22:00:00,0.68461,0.68569,0.68172,0.68251
2020-01-26 22:00:00,0.68104,0.68180,0.67515,0.67599
2020-01-27 22:00:00,0.67599,0.67645,0.67366,0.67611
2020-01-28 22:00:00,0.67611,0.67770,0.67348,0.67534
2020-01-29 22:00:00,0.67524,0.67546,0.66997,0.67204
2020-01-30 22:00:00,0.67203,0.67293,0.66825,0.66861
2020-02-02 22:00:00,0.66828,0.67067,0.66826,0.66904
2020-02-03 22:00:00,0.66906,0.67414,0.66783,0.67381
2020-02-04 22:00:00,0.67370,0.67738,0.67234,0.67459
2020-02-05 22:00:00,0.67459,0.67645,0.67266,0.67279
2020-02-06 22:00:00,0.67280,0.67358,0.66617,0.66759
2020-02-09 22:00:00,0.66667,0.67070,0.66662,0.66856
2020-02-10 22:00:00,0.66856,0.67363,0.66802,0.67136
2020-02-11 22:00:00,0.67136,0.67496,0.67114,0.67367
2020-02-12 22:00:00,0.67345,0.67448,0.67066,0.67185
2020-02-13 22:00:00,0.67186,0.67313,0.67090,0.67131
2020-02-16 22:00:00,0.67212,0.67331,0.67114,0.67128
2020-02-17 22:00:00,0.67128,0.67153,0.66732,0.66835
2020-02-18 22:00:00,0.66836,0.67071,0.66649,0.66741
2020-02-19 22:00:00,0.66736,0.66935,0.66099,0.66139
2020-02-20 22:00:00,0.66131,0.66385,0.65854,0.66262
2020-02-23 22:00:00,0.65857,0.66195,0.65854,0.66017
2020-02-24 22:00:00,0.66018,0.66222,0.65861,0.66024
2020-02-25 22:00:00,0.66024,0.66065,0.65418,0.65429
2020-02-26 22:00:00,0.65425,0.65917,0.65423,0.65665
2020-02-27 22:00:00,0.65662,0.65852,0.64336,0.65051
2020-03-01 22:00:00,0.64695,0.65677,0.64695,0.65369
2020-03-02 22:00:00,0.65367,0.66452,0.65095,0.65828
2020-03-03 22:00:00,0.65820,0.66276,0.65769,0.66257
2020-03-04 22:00:00,0.66257,0.66365,0.65836,0.66132
2020-03-05 22:00:00,0.66082,0.66571,0.65848,0.66435
2020-03-08 22:00:00,0.65950,0.66840,0.63112,0.65856
2020-03-09 22:00:00,0.65856,0.66122,0.64615,0.64893
2020-03-10 22:00:00,0.64893,0.65393,0.64809,0.64866
2020-03-11 22:00:00,0.64880,0.64918,0.62119,0.63013
2020-03-12 22:00:00,0.63013,0.63252,0.61222,0.61774
2020-03-15 22:00:00,0.62410,0.62790,0.60789,0.61027
2020-03-16 22:00:00,0.61024,0.61486,0.59587,0.60117
2020-03-17 22:00:00,0.60121,0.60286,0.57010,0.57846
2020-03-18 22:00:00,0.57846,0.59640,0.55073,0.57297
2020-03-19 22:00:00,0.57347,0.59853,0.56636,0.58006
2020-03-22 22:00:00,0.58018,0.58453,0.56997,0.58210
2020-03-23 22:00:00,0.58210,0.59796,0.58105,0.59668
2020-03-24 22:00:00,0.59681,0.60733,0.59304,0.59565
2020-03-25 22:00:00,0.59565,0.60872,0.58700,0.60386
2020-03-26 22:00:00,0.60396,0.62000,0.60224,0.61656
2020-03-29 21:00:00,0.61502,0.61842,0.61114,0.61664
2020-03-30 21:00:00,0.61629,0.62136,0.60787,0.61313
2020-03-31 21:00:00,0.61316,0.61846,0.60387,0.60685
2020-04-01 21:00:00,0.60693,0.61188,0.60065,0.60559
2020-04-02 21:00:00,0.60562,0.60753,0.59797,0.59939
2020-04-05 21:00:00,0.60097,0.61061,0.59843,0.60858
2020-04-06 21:00:00,0.60856,0.62078,0.60749,0.61681
2020-04-07 21:00:00,0.61682,0.62444,0.61152,0.62277
2020-04-08 21:00:00,0.62277,0.63626,0.61948,0.63365
2020-04-09 21:00:00,0.63359,0.63675,0.63119,0.63459
2020-04-12 21:00:00,0.63472,0.64089,0.63257,0.63798
2020-04-13 21:00:00,0.63797,0.64443,0.63724,0.64413
2020-04-14 21:00:00,0.64411,0.64434,0.62837,0.63161
2020-04-15 21:00:00,0.63162,0.63336,0.62635,0.63263
2020-04-16 21:00:00,0.63264,0.63848,0.63141,0.63619
2020-04-19 21:00:00,0.63571,0.63968,0.63326,0.63348
2020-04-20 21:00:00,0.63351,0.63465,0.62532,0.62786
2020-04-21 21:00:00,0.62781,0.63518,0.62749,0.63213
2020-04-22 21:00:00,0.63207,0.64058,0.62827,0.63691
2020-04-23 21:00:00,0.63693,0.63960,0.63368,0.63956
2020-04-26 21:00:00,0.63803,0.64715,0.63797,0.64634
2020-04-27 21:00:00,0.64636,0.65136,0.64342,0.64892
2020-04-28 21:00:00,0.64881,0.65577,0.64851,0.65555
2020-04-29 21:00:00,0.65547,0.65696,0.64899,0.65083
2020-04-30 21:00:00,0.65083,0.65112,0.64092,0.64203
2020-05-03 21:00:00,0.64106,0.64345,0.63724,0.64215
2020-05-04 21:00:00,0.64215,0.64759,0.64156,0.64272
2020-05-05 21:00:00,0.64291,0.64526,0.63934,0.63943
2020-05-06 21:00:00,0.63943,0.65057,0.63783,0.64930
2020-05-07 21:00:00,0.64930,0.65477,0.64920,0.65294
2020-05-10 21:00:00,0.65296,0.65612,0.64560,0.64879
2020-05-11 21:00:00,0.64879,0.65360,0.64318,0.64688
2020-05-12 21:00:00,0.64688,0.65238,0.64380,0.64521
2020-05-13 21:00:00,0.64514,0.64688,0.64033,0.64589
2020-05-14 21:00:00,0.64589,0.64734,0.64019,0.64155
2020-05-17 21:00:00,0.64164,0.65269,0.64099,0.65239
2020-05-18 21:00:00,0.65222,0.65846,0.65096,0.65352
2020-05-19 21:00:00,0.65352,0.66159,0.65248,0.65960
2020-05-20 21:00:00,0.65949,0.65984,0.65487,0.65642
2020-05-21 21:00:00,0.65642,0.65721,0.65055,0.65356
2020-05-24 21:00:00,0.65297,0.65499,0.65195,0.65419
2020-05-25 21:00:00,0.65419,0.66749,0.65375,0.66487
2020-05-26 21:00:00,0.66487,0.66802,0.65671,0.66181
2020-05-27 21:00:00,0.66184,0.66670,0.65879,0.66344
2020-05-28 21:00:00,0.66344,0.66828,0.66118,0.66674
2020-05-31 21:00:00,0.66585,0.68029,0.66478,0.67968
2020-06-01 21:00:00,0.67961,0.68983,0.67746,0.68953
2020-06-02 21:00:00,0.68953,0.69834,0.68561,0.69186
2020-06-03 21:00:00,0.69186,0.69873,0.68819,0.69415
2020-06-04 21:00:00,0.69415,0.70127,0.69306,0.69653
2020-06-07 21:00:00,0.69630,0.70290,0.69617,0.70200
2020-06-08 21:00:00,0.70200,0.70424,0.68982,0.69600
2020-06-09 21:00:00,0.69600,0.70639,0.69324,0.69968
2020-06-10 21:00:00,0.69968,0.70144,0.68392,0.68538
2020-06-11 21:00:00,0.68538,0.69114,0.67994,0.68701
2020-06-14 21:00:00,0.68375,0.69248,0.67762,0.69178
2020-06-15 21:00:00,0.69182,0.69764,0.68333,0.68884
2020-06-16 21:00:00,0.68880,0.69224,0.68519,0.68834
2020-06-17 21:00:00,0.68834,0.69021,0.68354,0.68515
2020-06-18 21:00:00,0.68515,0.69112,0.68293,0.68343
2020-06-21 21:00:00,0.68098,0.69222,0.68098,0.69071
2020-06-22 21:00:00,0.69008,0.69742,0.68577,0.69288
2020-06-23 21:00:00,0.69280,0.69615,0.68621,0.68675
2020-06-24 21:00:00,0.68665,0.68922,0.68468,0.68859
2020-06-25 21:00:00,0.68859,0.68952,0.68403,0.68603
2020-06-28 21:00:00,0.68538,0.68905,0.68414,0.68629
2020-06-29 21:00:00,0.68648,0.69117,0.68324,0.69022
2020-06-30 21:00:00,0.69029,0.69434,0.68767,0.69141
2020-07-01 21:00:00,0.69141,0.69519,0.69012,0.69224
2020-07-02 21:00:00,0.69261,0.69473,0.69136,0.69400
2020-07-05 21:00:00,0.69280,0.69872,0.69264,0.69725
2020-07-06 21:00:00,0.69714,0.69973,0.69217,0.69455
2020-07-07 21:00:00,0.69455,0.69861,0.69270,0.69802
2020-07-08 21:00:00,0.69800,0.70007,0.69497,0.69636
2020-07-09 21:00:00,0.69642,0.69690,0.69233,0.69470
2020-07-12 21:00:00,0.69479,0.69928,0.69387,0.69391
2020-07-13 21:00:00,0.69389,0.69773,0.69209,0.69745
2020-07-14 21:00:00,0.69745,0.70374,0.69670,0.70071
2020-07-15 21:00:00,0.70060,0.70138,0.69629,0.69690
2020-07-16 21:00:00,0.69690,0.70048,0.69659,0.69956
2020-07-19 21:00:00,0.69848,0.70172,0.69725,0.70159
2020-07-20 21:00:00,0.70136,0.71467,0.70097,0.71269
2020-07-21 21:00:00,0.71269,0.71824,0.71114,0.71389
2020-07-22 21:00:00,0.71402,0.71614,0.70901,0.70973
2020-07-23 21:00:00,0.70944,0.71250,0.70634,0.71056
2020-07-26 21:00:00,0.70843,0.71498,0.70843,0.71470
2020-07-27 21:00:00,0.71455,0.71764,0.71125,0.71579
2020-07-28 21:00:00,0.71579,0.71963,0.71487,0.71865
2020-07-29 21:00:00,0.71856,0.71972,0.71204,0.71940
2020-07-30 21:00:00,0.71926,0.72270,0.71331,0.71414
2020-08-02 21:00:00,0.71281,0.71494,0.70761,0.71232
2020-08-03 21:00:00,0.71227,0.71667,0.71056,0.71592
2020-08-04 21:00:00,0.71585,0.72408,0.71535,0.71908
2020-08-05 21:00:00,0.71902,0.72391,0.71741,0.72348
2020-08-06 21:00:00,0.72336,0.72429,0.71442,0.71599
2020-08-09 21:00:00,0.71586,0.71839,0.71399,0.71482
2020-08-10 21:00:00,0.71465,0.71893,0.71347,0.71422
2020-08-11 21:00:00,0.71390,0.71756,0.71088,0.71611
2020-08-12 21:00:00,0.71584,0.71876,0.71355,0.71478
2020-08-13 21:00:00,0.71480,0.71749,0.71319,0.71719
2020-08-16 21:00:00,0.71632,0.72274,0.71629,0.72133
2020-08-17 21:00:00,0.72129,0.72643,0.72086,0.72423
2020-08-18 21:00:00,0.72420,0.72753,0.71791,0.71805
2020-08-19 21:00:00,0.71803,0.72021,0.71354,0.71913
2020-08-20 21:00:00,0.71904,0.72158,0.71392,0.71596
2020-08-23 21:00:00,0.71511,0.72037,0.71451,0.71619
2020-08-24 21:00:00,0.71607,0.71976,0.71500,0.71937
2020-08-25 21:00:00,0.71940,0.72395,0.71871,0.72323
2020-08-26 21:00:00,0.72312,0.72902,0.72165,0.72582
2020-08-27 21:00:00,0.72582,0.73655,0.72542,0.73654
2020-08-30 21:00:00,0.73585,0.74031,0.73398,0.73749
2020-08-31 21:00:00,0.73726,0.74134,0.73589,0.73715
2020-09-01 21:00:00,0.73712,0.73813,0.73010,0.73374
2020-09-02 21:00:00,0.73374,0.73392,0.72648,0.72723
2020-09-03 21:00:00,0.72722,0.72987,0.72217,0.72846
2020-09-06 21:00:00,0.72855,0.72978,0.72699,0.72747
2020-09-07 21:00:00,0.72759,0.73087,0.72102,0.72128
2020-09-08 21:00:00,0.72125,0.72876,0.71917,0.72822
2020-09-09 21:00:00,0.72805,0.73242,0.72474,0.72573
2020-09-10 21:00:00,0.72567,0.73058,0.72518,0.72814
2020-09-13 21:00:00,0.72752,0.73034,0.72640,0.72878
2020-09-14 21:00:00,0.72871,0.73421,0.72666,0.73010
2020-09-15 21:00:00,0.73010,0.73449,0.72780,0.73047
2020-09-16 21:00:00,0.73037,0.73151,0.72537,0.73112
2020-09-17 21:00:00,0.73132,0.73337,0.72823,0.72882
2020-09-20 21:00:00,0.72958,0.73240,0.71987,0.72229
2020-09-21 21:00:00,0.72255,0.72348,0.71542,0.71690
2020-09-22 21:00:00,0.71685,0.71774,0.70682,0.70701
2020-09-23 21:00:00,0.70696,0.70820,0.70160,0.70426
2020-09-24 21:00:00,0.70426,0.70868,0.70056,0.70303
2020-09-27 21:00:00,0.70293,0.70743,0.70264,0.70700
2020-09-28 21:00:00,0.70699,0.71380,0.70684,0.71311
2020-09-29 21:00:00,0.71314,0.71752,0.70999,0.71597
2020-09-30 21:00:00,0.71608,0.72091,0.71549,0.71825
2020-10-01 21:00:00,0.71813,0.71880,0.71305,0.71631
2020-10-04 21:00:00,0.71652,0.71931,0.71558,0.71787
2020-10-05 21:00:00,0.71787,0.72085,0.70998,0.71008
2020-10-06 21:00:00,0.71002,0.71514,0.70950,0.71349
2020-10-07 21:00:00,0.71368,0.71698,0.71230,0.71669
2020-10-08 21:00:00,0.71676,0.72429,0.71574,0.72406
2020-10-11 21:00:00,0.72261,0.72347,0.72033,0.72069
2020-10-12 21:00:00,0.72067,0.72137,0.71501,0.71587
2020-10-13 21:00:00,0.71584,0.71906,0.71522,0.71612
2020-10-14 21:00:00,0.71591,0.71679,0.70560,0.70925
2020-10-15 21:00:00,0.70930,0.70972,0.70704,0.70765
2020-10-18 21:00:00,0.70757,0.71147,0.70582,0.70628
2020-10-19 21:00:00,0.70628,0.70724,0.70206,0.70468
2020-10-20 21:00:00,0.70469,0.71366,0.70322,0.71150
2020-10-21 21:00:00,0.71158,0.71250,0.70849,0.71165
2020-10-22 21:00:00,0.71164,0.71580,0.71008,0.71367
2020-10-25 22:00:00,0.71400,0.71464,0.71028,0.71182
2020-10-26 22:00:00,0.71182,0.71468,0.71138,0.71229
2020-10-27 22:00:00,0.71228,0.71571,0.70380,0.70455
2020-10-28 22:00:00,0.70454,0.70759,0.70023,0.70296
2020-10-29 22:00:00,0.70296,0.70721,0.70112,0.70278
2020-11-01 22:00:00,0.70209,0.70572,0.69909,0.70525
2020-11-02 22:00:00,0.70538,0.71744,0.70278,0.71615
2020-11-03 22:00:00,0.71615,0.72214,0.70482,0.71763
2020-11-04 22:00:00,0.71745,0.72890,0.71448,0.72814
2020-11-05 22:00:00,0.72827,0.72871,0.72388,0.72592
2020-11-08 22:00:00,0.72747,0.73397,0.72667,0.72808
2020-11-09 22:00:00,0.72805,0.72940,0.72523,0.72817
2020-11-10 22:00:00,0.72841,0.73179,0.72599,0.72798
2020-11-11 22:00:00,0.72796,0.72937,0.72233,0.72294
2020-11-12 22:00:00,0.72294,0.72730,0.72213,0.72690
2020-11-15 22:00:00,0.72612,0.73263,0.72612,0.73175
2020-11-16 22:00:00,0.73168,0.73397,0.72887,0.72975
2020-11-17 22:00:00,0.72974,0.73308,0.72717,0.73048
2020-11-18 22:00:00,0.73049,0.73057,0.72544,0.72820
2020-11-19 22:00:00,0.72816,0.73237,0.72657,0.73045
2020-11-22 22:00:00,0.73001,0.73373,0.72652,0.72856
2020-11-23 22:00:00,0.72848,0.73674,0.72829,0.73597
2020-11-24 22:00:00,0.73598,0.73733,0.73249,0.73639
2020-11-25 22:00:00,0.73627,0.73743,0.73522,0.73560
2020-11-26 22:00:00,0.73557,0.73988,0.73520,0.73837
2020-11-29 22:00:00,0.73824,0.74072,0.73389,0.73405
2020-11-30 22:00:00,0.73407,0.73731,0.73377,0.73707
2020-12-01 22:00:00,0.73707,0.74199,0.73513,0.74151
2020-12-02 22:00:00,0.74159,0.74493,0.73980,0.74408
2020-12-03 22:00:00,0.74408,0.74437,0.74099,0.74269
2020-12-06 22:00:00,0.74291,0.74535,0.73725,0.74190
2020-12-07 22:00:00,0.74186,0.74350,0.73991,0.74088
2020-12-08 22:00:00,0.74084,0.74853,0.74047,0.74420
2020-12-09 22:00:00,0.74411,0.75396,0.74251,0.75338
2020-12-10 22:00:00,0.75337,0.75718,0.75202,0.75353
2020-12-13 22:00:00,0.75491,0.75780,0.75242,0.75320
2020-12-14 22:00:00,0.75319,0.75716,0.75070,0.75573
2020-12-15 22:00:00,0.75573,0.75787,0.75387,0.75753
2020-12-16 22:00:00,0.75743,0.76394,0.75672,0.76252
2020-12-17 22:00:00,0.76241,0.76277,0.75824,0.76214
2020-12-20 22:00:00,0.75846,0.76063,0.74618,0.75831
2020-12-21 22:00:00,0.75840,0.75906,0.75171,0.75203
2020-12-22 22:00:00,0.75214,0.75915,0.75167,0.75733
2020-12-23 22:00:00,0.75734,0.76064,0.75679,0.75929
2020-12-27 22:00:00,0.76001,0.76224,0.75572,0.75758
2020-12-28 22:00:00,0.75751,0.76247,0.75741,0.76023
2020-12-29 22:00:00,0.76028,0.76860,0.76017,0.76843
2020-12-30 22:00:00,0.76847,0.77420,0.76718,0.77083
2021-01-03 22:00:00,0.76987,0.77407,0.76421,0.76617
2021-01-04 22:00:00,0.76617,0.77772,0.76586,0.77573
2021-01-05 22:00:00,0.77565,0.78200,0.77332,0.77997
2021-01-06 22:00:00,0.77993,0.78173,0.77255,0.77665
2021-01-07 22:00:00,0.77663,0.77986,0.77284,0.77648
2021-01-10 22:00:00,0.77512,0.77612,0.76660,0.76955
2021-01-11 22:00:00,0.76949,0.77773,0.76866,0.77702
2021-01-12 22:00:00,0.77698,0.77813,0.77213,0.77313
2021-01-13 22:00:00,0.77324,0.78051,0.77286,0.77773
2021-01-14 22:00:00,0.77770,0.77886,0.76815,0.77030
2021-01-17 22:00:00,0.77071,0.77104,0.76589,0.76784
2021-01-18 22:00:00,0.76804,0.77252,0.76713,0.76931
2021-01-19 22:00:00,0.76945,0.77609,0.76904,0.77436
2021-01-20 22:00:00,0.77432,0.77821,0.77397,0.77632
2021-01-21 22:00:00,0.77630,0.77696,0.77019,0.77152
2021-01-24 22:00:00,0.77155,0.77471,0.76829,0.77124
2021-01-25 22:00:00,0.77122,0.77540,0.76689,0.77451
2021-01-26 22:00:00,0.77422,0.77637,0.76438,0.76628
2021-01-27 22:00:00,0.76622,0.76977,0.75918,0.76760
2021-01-28 22:00:00,0.76791,0.77040,0.76311,0.76411
2021-01-31 22:00:00,0.76211,0.76626,0.76056,0.76181
2021-02-01 22:00:00,0.76179,0.76615,0.75636,0.76062
2021-02-02 22:00:00,0.76058,0.76263,0.76013,0.76172
2021-02-03 22:00:00,0.76169,0.76478,0.75881,0.75993
2021-02-04 22:00:00,0.75984,0.76785,0.75829,0.76772
2021-02-07 22:00:00,0.76661,0.77145,0.76513,0.77042
2021-02-08 22:00:00,0.76992,0.77401,0.76990,0.77378
2021-02-09 22:00:00,0.77380,0.77560,0.77172,0.77209
2021-02-10 22:00:00,0.77209,0.77712,0.77125,0.77489
2021-02-11 22:00:00,0.77511,0.77644,0.77181,0.77611
2021-02-14 22:00:00,0.77611,0.77888,0.77583,0.77790
2021-02-15 22:00:00,0.77796,0.78053,0.77447,0.77545
2021-02-16 22:00:00,0.77576,0.77718,0.77242,0.77481
2021-02-17 22:00:00,0.77484,0.77897,0.77312,0.77651
2021-02-18 22:00:00,0.77666,0.78771,0.77573,0.78682
2021-02-21 22:00:00,0.78691,0.79293,0.78554,0.79129
2021-02-22 22:00:00,0.79131,0.79349,0.78804,0.79097
2021-02-23 22:00:00,0.79089,0.79734,0.78950,0.79663
2021-02-24 22:00:00,0.79662,0.80071,0.78585,0.78708
2021-02-25 22:00:00,0.78703,0.78835,0.76922,0.77028
2021-02-28 22:00:00,0.77091,0.77865,0.77071,0.77692
2021-03-01 22:00:00,0.77713,0.78376,0.77355,0.78186
2021-03-02 22:00:00,0.78161,0.78382,0.77705,0.77732
2021-03-03 22:00:00,0.77726,0.78149,0.77083,0.77210
2021-03-04 22:00:00,0.77205,0.77278,0.76219,0.76818
2021-03-07 22:00:00,0.76904,0.77220,0.76363,0.76468
2021-03-08 22:00:00,0.76468,0.77258,0.76213,0.77153
2021-03-09 22:00:00,0.77155,0.77455,0.76685,0.77337
2021-03-10 22:00:00,0.77328,0.77935,0.77232,0.77869
2021-03-11 22:00:00,0.77872,0.78005,0.77246,0.77583
2021-03-14 22:00:00,0.77554,0.77755,0.77058,0.77517
2021-03-15 22:00:00,0.77517,0.77574,0.77108,0.77418
2021-03-16 22:00:00,0.77418,0.78104,0.76991,0.77956
2021-03-17 22:00:00,0.77956,0.78490,0.77492,0.77559
2021-03-18 22:00:00,0.77566,0.77724,0.77174,0.77459
2021-03-21 22:00:00,0.77164,0.77563,0.77048,0.77440
2021-03-22 22:00:00,0.77440,0.77473,0.76170,0.76305
2021-03-23 22:00:00,0.76306,0.76340,0.75780,0.75819
2021-03-24 22:00:00,0.75835,0.76141,0.75628,0.75800
2021-03-25 22:00:00,0.75807,0.76412,0.75795,0.76411
2021-03-28 21:00:00,0.76312,0.76559,0.76150,0.76304
2021-03-29 21:00:00,0.76302,0.76636,0.75850,0.75953
2021-03-30 21:00:00,0.75957,0.76362,0.75813,0.75944
2021-03-31 21:00:00,0.75932,0.76198,0.75316,0.76160
2021-04-01 21:00:00,0.76155,0.76375,0.75920,0.76098
2021-04-04 21:00:00,0.76011,0.76604,0.75983,0.76490
2021-04-05 21:00:00,0.76515,0.76682,0.76061,0.76620
2021-04-06 21:00:00,0.76624,0.76769,0.76005,0.76123
2021-04-07 21:00:00,0.76119,0.76601,0.76026,0.76520
2021-04-08 21:00:00,0.76520,0.76611,0.75880,0.76189
2021-04-11 21:00:00,0.76112,0.76355,0.75947,0.76218
2021-04-12 21:00:00,0.76212,0.76484,0.75844,0.76394
2021-04-13 21:00:00,0.76396,0.77378,0.76345,0.77231
2021-04-14 21:00:00,0.77226,0.77607,0.77057,0.77495
2021-04-15 21:00:00,0.77495,0.77587,0.77241,0.77334
2021-04-18 21:00:00,0.77266,0.77844,0.77059,0.77560
2021-04-19 21:00:00,0.77560,0.78159,0.77092,0.77231
2021-04-20 21:00:00,0.77235,0.77620,0.76990,0.77495
2021-04-21 21:00:00,0.77495,0.77645,0.76903,0.77035
2021-04-22 21:00:00,0.77055,0.77601,0.76969,0.77486
2021-04-25 21:00:00,0.77389,0.78147,0.77385,0.77973
2021-04-26 21:00:00,0.77971,0.78036,0.77616,0.77622
2021-04-27 21:00:00,0.77623,0.78008,0.77249,0.77883
2021-04-28 21:00:00,0.77877,0.78179,0.77504,0.77651
2021-04-29 21:00:00,0.77642,0.77841,0.76959,0.77117
2021-05-02 21:00:00,0.77190,0.77666,0.77060,0.77578
2021-05-03 21:00:00,0.77576,0.77634,0.76746,0.77067
2021-05-04 21:00:00,0.77067,0.77545,0.76990,0.77460
2021-05-05 21:00:00,0.77460,0.77874,0.77009,0.77809
2021-05-06 21:00:00,0.77825,0.78624,0.77609,0.78435
2021-05-09 21:00:00,0.78570,0.78909,0.78267,0.78285
2021-05-10 21:00:00,0.78277,0.78566,0.78199,0.78401
2021-05-11 21:00:00,0.78398,0.78440,0.77189,0.77229
2021-05-12 21:00:00,0.77237,0.77461,0.76880,0.77270
2021-05-13 21:00:00,0.77269,0.77872,0.77138,0.77825
2021-05-16 21:00:00,0.77650,0.77834,0.77302,0.77636
2021-05-17 21:00:00,0.77636,0.78133,0.77511,0.77898
2021-05-18 21:00:00,0.77898,0.78033,0.77106,0.77257
2021-05-19 21:00:00,0.77247,0.77815,0.77160,0.77718
2021-05-20 21:00:00,0.77731,0.77826,0.77188,0.77297
2021-05-23 21:00:00,0.77242,0.77575,0.77059,0.77504
2021-05-24 21:00:00,0.77500,0.77762,0.77327,0.77487
2021-05-25 21:00:00,0.77486,0.77958,0.77308,0.77399
2021-05-26 21:00:00,0.77397,0.77573,0.77228,0.77416
2021-05-27 21:00:00,0.77422,0.77470,0.76772,0.77081
2021-05-30 21:00:00,0.77042,0.77411,0.77002,0.77307
2021-05-31 21:00:00,0.77311,0.77691,0.77277,0.77498
2021-06-01 21:00:00,0.77503,0.77729,0.77151,0.77511
2021-06-02 21:00:00,0.77510,0.77536,0.76465,0.76549
2021-06-03 21:00:00,0.76556,0.77449,0.76442,0.77428
2021-06-06 21:00:00,0.77267,0.77653,0.77214,0.77542
2021-06-07 21:00:00,0.77542,0.77633,0.77313,0.77375
2021-06-08 21:00:00,0.77371,0.77621,0.77240,0.77294
2021-06-09 21:00:00,0.77279,0.77634,0.77160,0.77501
2021-06-10 21:00:00,0.77501,0.77752,0.76882,0.77025
2021-06-13 21:00:00,0.77040,0.77258,0.76937,0.77101
2021-06-14 21:00:00,0.77087,0.77166,0.76742,0.76860
2021-06-15 21:00:00,0.76857,0.77155,0.76067,0.76079
2021-06-16 21:00:00,0.76064,0.76455,0.75395,0.75504
2021-06-17 21:00:00,0.75464,0.75611,0.74786,0.74793
2021-06-20 21:00:00,0.74812,0.75461,0.74765,0.75403
2021-06-21 21:00:00,0.75403,0.75640,0.74937,0.75534
2021-06-22 21:00:00,0.75534,0.75989,0.75314,0.75748
2021-06-23 21:00:00,0.75727,0.75916,0.75655,0.75815
2021-06-24 21:00:00,0.75806,0.76166,0.75795,0.75926
2021-06-27 21:00:00,0.75712,0.76016,0.75542,0.75657
2021-06-28 21:00:00,0.75650,0.75705,0.75074,0.75105
2021-06-29 21:00:00,0.75099,0.75273,0.74917,0.74965
2021-06-30 21:00:00,0.74961,0.75078,0.74600,0.74693
2021-07-01 21:00:00,0.74680,0.75327,0.74441,0.75255
2021-07-04 21:00:00,0.75172,0.75372,0.75089,0.75284
2021-07-05 21:00:00,0.75247,0.75988,0.74808,0.74931
2021-07-06 21:00:00,0.74933,0.75335,0.74627,0.74824
2021-07-07 21:00:00,0.74824,0.74897,0.74165,0.74302
2021-07-08 21:00:00,0.74267,0.74938,0.74095,0.74904
2021-07-11 21:00:00,0.74732,0.74958,0.74482,0.74779
2021-07-12 21:00:00,0.74779,0.75030,0.74261,0.74453
2021-07-13 21:00:00,0.74438,0.74858,0.74309,0.74787
2021-07-14 21:00:00,0.74787,0.74872,0.74104,0.74221
2021-07-15 21:00:00,0.74219,0.74427,0.73923,0.73953
2021-07-18 21:00:00,0.74002,0.74148,0.73219,0.73432
2021-07-19 21:00:00,0.73412,0.73571,0.72995,0.73285
2021-07-20 21:00:00,0.73286,0.73624,0.72894,0.73570
2021-07-21 21:00:00,0.73561,0.73973,0.73420,0.73767
2021-07-22 21:00:00,0.73753,0.73997,0.73570,0.73623
2021-07-25 21:00:00,0.73580,0.73905,0.73305,0.73801
2021-07-26 21:00:00,0.73785,0.73884,0.73369,0.73574
2021-07-27 21:00:00,0.73576,0.73813,0.73166,0.73745
2021-07-28 21:00:00,0.73727,0.74132,0.73590,0.73958
2021-07-29 21:00:00,0.73950,0.74042,0.73310,0.73467
2021-08-01 21:00:00,0.73302,0.73818,0.73291,0.73629
2021-08-02 21:00:00,0.73606,0.74084,0.73568,0.73950
2021-08-03 21:00:00,0.73928,0.74265,0.73701,0.73774
2021-08-04 21:00:00,0.73769,0.74156,0.73744,0.74011
2021-08-05 21:00:00,0.73997,0.74063,0.73464,0.73530
2021-08-08 21:00:00,0.73492,0.73637,0.73279,0.73282
2021-08-09 21:00:00,0.73295,0.73557,0.73157,0.73484
2021-08-10 21:00:00,0.73473,0.73889,0.73231,0.73737
2021-08-11 21:00:00,0.73707,0.73763,0.73318,0.73358
2021-08-12 21:00:00,0.73358,0.73811,0.73294,0.73686
2021-08-15 21:00:00,0.73612,0.73726,0.73193,0.73366
2021-08-16 21:00:00,0.73338,0.73410,0.72424,0.72533
2021-08-17 21:00:00,0.72499,0.72694,0.72285,0.72329
2021-08-18 21:00:00,0.72329,0.72443,0.71421,0.71460
2021-08-19 21:00:00,0.71460,0.71562,0.71061,0.71402
2021-08-22 21:00:00,0.71192,0.72177,0.71190,0.72107
2021-08-23 21:00:00,0.72107,0.72707,0.72005,0.72574
2021-08-24 21:00:00,0.72559,0.72802,0.72371,0.72756
2021-08-25 21:00:00,0.72735,0.72795,0.72340,0.72363
2021-08-26 21:00:00,0.72349,0.73166,0.72221,0.73103
2021-08-29 21:00:00,0.73032,0.73183,0.72844,0.72956
2021-08-30 21:00:00,0.72939,0.73411,0.72878,0.73155
2021-08-31 21:00:00,0.73139,0.73837,0.73078,0.73664
2021-09-01 21:00:00,0.73655,0.74092,0.73556,0.74002
2021-09-02 21:00:00,0.73981,0.74781,0.73933,0.74492
2021-09-05 21:00:00,0.74480,0.74563,0.74262,0.74390
2021-09-06 21:00:00,0.74371,0.74686,0.73745,0.73875
2021-09-07 21:00:00,0.73834,0.74039,0.73449,0.73643
2021-09-08 21:00:00,0.73624,0.73943,0.73468,0.73670
2021-09-09 21:00:00,0.73635,0.74098,0.73479,0.73521
2021-09-12 21:00:00,0.73481,0.73756,0.73360,0.73686
2021-09-13 21:00:00,0.73664,0.73731,0.73134,0.73202
2021-09-14 21:00:00,0.73173,0.73385,0.73013,0.73315
2021-09-15 21:00:00,0.73294,0.73472,0.72740,0.72922
2021-09-16 21:00:00,0.72910,0.73214,0.72616,0.72640
2021-09-19 21:00:00,0.72610,0.72682,0.72197,0.72518
2021-09-20 21:00:00,0.72493,0.72829,0.72216,0.72313
2021-09-21 21:00:00,0.72278,0.72964,0.72200,0.72439
2021-09-22 21:00:00,0.72443,0.73152,0.72224,0.72944
2021-09-23 21:00:00,0.72910,0.73166,0.72355,0.72610
2021-09-26 21:00:00,0.72492,0.72935,0.72474,0.72879
2021-09-27 21:00:00,0.72854,0.73106,0.72252,0.72389
2021-09-28 21:00:00,0.72371,0.72638,0.71700,0.71746
2021-09-29 21:00:00,0.71739,0.72568,0.71707,0.72264
2021-09-30 21:00:00,0.72253,0.72766,0.71918,0.72615
2021-10-03 21:00:00,0.72502,0.73036,0.72502,0.72865
2021-10-04 21:00:00,0.72854,0.73007,0.72487,0.72912
2021-10-05 21:00:00,0.72887,0.72925,0.72254,0.72719
2021-10-06 21:00:00,0.72690,0.73239,0.72671,0.73120
2021-10-07 21:00:00,0.73084,0.73377,0.72881,0.73080
2021-10-10 21:00:00,0.73075,0.73724,0.72917,0.73461
2021-10-11 21:00:00,0.73452,0.73841,0.73320,0.73503
2021-10-12 21:00:00,0.73476,0.73816,0.73232,0.73779
2021-10-13 21:00:00,0.73760,0.74265,0.73690,0.74150
2021-10-14 21:00:00,0.74137,0.74401,0.74033,0.74195
2021-10-17 21:00:00,0.74133,0.74368,0.73785,0.74116
2021-10-18 21:00:00,0.74074,0.74854,0.74069,0.74737
2021-10-19 21:00:00,0.74709,0.75227,0.74649,0.75161
2021-10-20 21:00:00,0.75092,0.75461,0.74582,0.74660
2021-10-21 21:00:00,0.74645,0.75119,0.74534,0.74668
2021-10-24 21:00:00,0.74642,0.75051,0.74603,0.74913
2021-10-25 21:00:00,0.74864,0.75253,0.74832,0.75016
2021-10-26 21:00:00,0.74963,0.75353,0.74869,0.75173
2021-10-27 21:00:00,0.75155,0.75557,0.74796,0.75438
2021-10-28 21:00:00,0.75411,0.75551,0.75000,0.75205
2021-10-31 22:00:00,0.75113,0.75359,0.74861,0.75219
2021-11-01 22:00:00,0.75210,0.75316,0.74201,0.74306
2021-11-02 22:00:00,0.74287,0.74587,0.74122,0.74496
2021-11-03 22:00:00,0.74491,0.74707,0.73827,0.74005
2021-11-04 22:00:00,0.74005,0.74119,0.73596,0.74017
2021-11-07 22:00:00,0.73911,0.74310,0.73840,0.74227
2021-11-08 22:00:00,0.74204,0.74318,0.73606,0.73777
2021-11-09 22:00:00,0.73764,0.73936,0.73236,0.73263
2021-11-10 22:00:00,0.73239,0.73410,0.72870,0.72928
2021-11-11 22:00:00,0.72906,0.73350,0.72764,0.73300
2021-11-14 22:00:00,0.73232,0.73706,0.73229,0.73462
2021-11-15 22:00:00,0.73433,0.73676,0.72924,0.73022
2021-11-16 22:00:00,0.73002,0.73048,0.72584,0.72666
2021-11-17 22:00:00,0.72646,0.72928,0.72494,0.72762
2021-11-18 22:00:00,0.72738,0.72911,0.72268,0.72349
2021-11-21 22:00:00,0.72342,0.72730,0.72207,0.72244
2021-11-22 22:00:00,0.72229,0.72360,0.72067,0.72263
2021-11-23 22:00:00,0.72249,0.72273,0.71837,0.71947
2021-11-24 22:00:00,0.71922,0.72089,0.71796,0.71885
2021-11-25 22:00:00,0.71866,0.71895,0.71121,0.71215
2021-11-28 22:00:00,0.71332,0.71596,0.71137,0.71423
2021-11-29 22:00:00,0.71423,0.71703,0.70626,0.71268
2021-11-30 22:00:00,0.71238,0.71730,0.70945,0.71043
2021-12-01 22:00:00,0.71002,0.71197,0.70845,0.70934
2021-12-02 22:00:00,0.70918,0.70958,0.69932,0.69996
2021-12-05 22:00:00,0.69972,0.70542,0.69964,0.70501
2021-12-06 22:00:00,0.70475,0.71230,0.70394,0.71184
2021-12-07 22:00:00,0.71166,0.71836,0.71139,0.71707
2021-12-08 22:00:00,0.71683,0.71867,0.71353,0.71475
2021-12-09 22:00:00,0.71458,0.71825,0.71317,0.71715
2021-12-12 22:00:00,0.71670,0.71761,0.71105,0.71314
2021-12-13 22:00:00,0.71289,0.71356,0.70901,0.71038
2021-12-14 22:00:00,0.71019,0.71773,0.70918,0.71712
2021-12-15 22:00:00,0.71694,0.72238,0.71454,0.71828
2021-12-16 22:00:00,0.71815,0.71834,0.71220,0.71258
2021-12-19 22:00:00,0.71270,0.71324,0.70825,0.71108
2021-12-20 22:00:00,0.71086,0.71559,0.70983,0.71537
2021-12-21 22:00:00,0.71518,0.72202,0.71209,0.72128
2021-12-22 22:00:00,0.72113,0.72512,0.71961,0.72444
2021-12-23 22:00:00,0.72422,0.72438,0.72176,0.72226
2021-12-26 22:00:00,0.72212,0.72452,0.72055,0.72396
2021-12-27 22:00:00,0.72374,0.72642,0.72189,0.72288
2021-12-28 22:00:00,0.72264,0.72724,0.72127,0.72488
2021-12-29 22:00:00,0.72452,0.72760,0.72391,0.72492
2021-12-30 22:00:00,0.72508,0.72778,0.72424,0.72655
2022-01-02 22:00:00,0.72582,0.72770,0.71838,0.71905
2022-01-03 22:00:00,0.71894,0.72488,0.71838,0.72403
2022-01-04 22:00:00,0.72374,0.72722,0.72149,0.72213
2022-01-05 22:00:00,0.72183,0.72224,0.71458,0.71616
2022-01-06 22:00:00,0.71590,0.71876,0.71295,0.71812
2022-01-09 22:00:00,0.71662,0.72024,0.71490,0.71735
2022-01-10 22:00:00,0.71628,0.72134,0.71549,0.72093
2022-01-11 22:00:00,0.72088,0.72923,0.72006,0.72833
2022-01-12 22:00:00,0.72818,0.73142,0.72733,0.72815
2022-01-13 22:00:00,0.72786,0.72937,0.71985,0.72163
2022-01-16 22:00:00,0.72112,0.72291,0.71958,0.72090
2022-01-17 22:00:00,0.72064,0.72278,0.71700,0.71833
2022-01-18 22:00:00,0.71827,0.72383,0.71769,0.72101
2022-01-19 22:00:00,0.72088,0.72763,0.72067,0.72256
2022-01-20 22:00:00,0.72225,0.72284,0.71714,0.71748
2022-01-23 22:00:00,0.71715,0.71875,0.70906,0.71435
2022-01-24 22:00:00,0.71435,0.71747,0.71214,0.71514
2022-01-25 22:00:00,0.71519,0.71814,0.70955,0.71151
2022-01-26 22:00:00,0.71137,0.71213,0.70238,0.70339
2022-01-27 22:00:00,0.70339,0.70458,0.69676,0.69956
2022-01-30 22:00:00,0.69890,0.70765,0.69862,0.70668
2022-01-31 22:00:00,0.70642,0.71300,0.70331,0.71280
2022-02-01 22:00:00,0.71272,0.71589,0.71182,0.71359
2022-02-02 22:00:00,0.71328,0.71683,0.71095,0.71397
2022-02-03 22:00:00,0.71352,0.71515,0.70516,0.70775
2022-02-06 22:00:00,0.70727,0.71302,0.70651,0.71256
2022-02-07 22:00:00,0.71244,0.71466,0.71064,0.71454
2022-02-08 22:00:00,0.71441,0.71946,0.71416,0.71783
2022-02-09 22:00:00,0.71764,0.72487,0.71468,0.71664
2022-02-10 22:00:00,0.71646,0.71848,0.71084,0.71359
2022-02-13 22:00:00,0.71275,0.71500,0.70861,0.71263
2022-02-14 22:00:00,0.71235,0.71562,0.71017,0.71510
2022-02-15 22:00:00,0.71511,0.72048,0.71432,0.71939
2022-02-16 22:00:00,0.71924,0.72174,0.71495,0.71863
2022-02-17 22:00:00,0.71843,0.72278,0.71647,0.71775
2022-02-20 22:00:00,0.71685,0.72223,0.71663,0.71888
2022-02-21 22:00:00,0.71867,0.72333,0.71715,0.72186
2022-02-22 22:00:00,0.72160,0.72835,0.72152,0.72337
2022-02-23 22:00:00,0.72312,0.72324,0.70945,0.71624
2022-02-24 22:00:00,0.71621,0.72375,0.71396,0.72317
2022-02-27 22:00:00,0.71790,0.72653,0.71674,0.72620
2022-02-28 22:00:00,0.72598,0.72895,0.72380,0.72518
2022-03-01 22:00:00,0.72504,0.73067,0.72433,0.72963
2022-03-02 22:00:00,0.72951,0.73477,0.72761,0.73286
2022-03-03 22:00:00,0.73259,0.73806,0.73002,0.73739
