datetime,open,high,low,close
2012-11-15 22:00:00,1.20399,1.20474,1.20364,1.20455
2012-11-18 22:00:00,1.20460,1.20554,1.20349,1.20372
2012-11-19 22:00:00,1.20372,1.20529,1.20344,1.20459
2012-11-20 22:00:00,1.20460,1.20506,1.20356,1.20403
2012-11-21 22:00:00,1.20403,1.20478,1.20398,1.20455
2012-11-22 22:00:00,1.20454,1.20535,1.20357,1.20393
2012-11-25 22:00:00,1.20409,1.20458,1.20311,1.20374
2012-11-26 22:00:00,1.20373,1.20520,1.20343,1.20379
2012-11-27 22:00:00,1.20380,1.20405,1.20281,1.20326
2012-11-28 22:00:00,1.20324,1.20425,1.20315,1.20371
2012-11-29 22:00:00,1.20369,1.20582,1.20359,1.20495
2012-12-02 22:00:00,1.20507,1.20954,1.20485,1.20827
2012-12-03 22:00:00,1.20822,1.21443,1.20784,1.21327
2012-12-04 22:00:00,1.21324,1.21679,1.21017,1.21046
2012-12-05 22:00:00,1.21047,1.21276,1.20829,1.20912
2012-12-06 22:00:00,1.20909,1.20996,1.20741,1.20762
2012-12-09 22:00:00,1.20785,1.20803,1.20606,1.20791
2012-12-10 22:00:00,1.20790,1.21286,1.20741,1.21193
2012-12-11 22:00:00,1.21194,1.21276,1.21001,1.21088
2012-12-12 22:00:00,1.21088,1.21267,1.20740,1.20775
2012-12-13 22:00:00,1.20776,1.20914,1.20674,1.20752
2012-12-16 22:00:00,1.20844,1.20946,1.20731,1.20778
2012-12-17 22:00:00,1.20778,1.20881,1.20641,1.20774
2012-12-18 22:00:00,1.20777,1.21003,1.20717,1.20740
2012-12-19 22:00:00,1.20744,1.20841,1.20691,1.20712
2012-12-20 22:00:00,1.20713,1.20816,1.20629,1.20736
2012-12-23 22:00:00,1.20741,1.20845,1.20682,1.20721
2012-12-25 22:00:00,1.20720,1.20802,1.20703,1.20732
2012-12-26 22:00:00,1.20735,1.20932,1.20735,1.20876
2012-12-27 22:00:00,1.20876,1.20905,1.20682,1.20730
2012-12-30 22:00:00,1.20719,1.20769,1.20629,1.20712
2012-12-31 22:00:00,1.20784,1.20821,1.20784,1.20796
2013-01-01 22:00:00,1.20796,1.21058,1.20690,1.21006
2013-01-02 22:00:00,1.21006,1.21047,1.20821,1.20883
2013-01-03 22:00:00,1.20881,1.20938,1.20816,1.20824
2013-01-06 22:00:00,1.20871,1.20950,1.20809,1.20825
2013-01-07 22:00:00,1.20824,1.20925,1.20819,1.20870
2013-01-08 22:00:00,1.20866,1.20917,1.20841,1.20854
2013-01-09 22:00:00,1.20853,1.21329,1.20835,1.21256
2013-01-10 22:00:00,1.21255,1.21982,1.21244,1.21853
2013-01-13 22:00:00,1.22143,1.23404,1.22028,1.23353
2013-01-14 22:00:00,1.23351,1.24123,1.23052,1.23988
2013-01-15 22:00:00,1.23985,1.24020,1.23319,1.23726
2013-01-16 22:00:00,1.23722,1.24893,1.23679,1.24743
2013-01-17 22:00:00,1.24741,1.25674,1.23908,1.24387
2013-01-20 22:00:00,1.24419,1.24514,1.23921,1.24133
2013-01-21 22:00:00,1.24131,1.24615,1.23393,1.23736
2013-01-22 22:00:00,1.23735,1.24046,1.23248,1.23780
2013-01-23 22:00:00,1.23774,1.24438,1.23594,1.24232
2013-01-24 22:00:00,1.24234,1.24933,1.23805,1.24664
2013-01-27 22:00:00,1.24808,1.25137,1.24514,1.24579
2013-01-28 22:00:00,1.24577,1.24675,1.23992,1.24319
2013-01-29 22:00:00,1.24318,1.24614,1.23424,1.23623
2013-01-30 22:00:00,1.23623,1.23822,1.23292,1.23638
2013-01-31 22:00:00,1.23636,1.24140,1.23054,1.23866
2013-02-03 22:00:00,1.23973,1.24005,1.22580,1.22734
2013-02-04 22:00:00,1.22734,1.23426,1.22556,1.23317
2013-02-05 22:00:00,1.23317,1.23680,1.22830,1.22997
2013-02-06 22:00:00,1.22999,1.23315,1.22757,1.23018
2013-02-07 22:00:00,1.23016,1.23111,1.22531,1.22531
2013-02-10 22:00:00,1.22659,1.23420,1.22580,1.23373
2013-02-11 22:00:00,1.23372,1.23548,1.22845,1.23353
2013-02-12 22:00:00,1.23354,1.23860,1.23248,1.23341
2013-02-13 22:00:00,1.23340,1.23474,1.22788,1.23089
2013-02-14 22:00:00,1.23089,1.23338,1.22833,1.23116
2013-02-17 22:00:00,1.23148,1.23447,1.23101,1.23252
2013-02-18 22:00:00,1.23252,1.23580,1.23165,1.23521
2013-02-19 22:00:00,1.23519,1.23584,1.23094,1.23169
2013-02-20 22:00:00,1.23171,1.23266,1.22687,1.22733
2013-02-21 22:00:00,1.22745,1.23056,1.22554,1.22582
2013-02-24 22:00:00,1.22802,1.23245,1.21524,1.21756
2013-02-25 22:00:00,1.21755,1.21958,1.21190,1.21765
2013-02-26 22:00:00,1.21765,1.22274,1.21582,1.22117
2013-02-27 22:00:00,1.22117,1.22410,1.21871,1.22363
2013-02-28 22:00:00,1.22363,1.22899,1.22281,1.22686
2013-03-03 22:00:00,1.22621,1.22756,1.22371,1.22525
2013-03-04 22:00:00,1.22523,1.22869,1.22501,1.22785
2013-03-05 22:00:00,1.22794,1.23201,1.22758,1.23068
2013-03-06 22:00:00,1.23066,1.23609,1.23057,1.23517
2013-03-07 22:00:00,1.23524,1.23898,1.23506,1.23605
2013-03-10 22:00:00,1.23706,1.23807,1.23453,1.23496
2013-03-11 22:00:00,1.23492,1.23668,1.23214,1.23408
2013-03-12 22:00:00,1.23408,1.23492,1.23035,1.23427
2013-03-13 22:00:00,1.23430,1.23693,1.23089,1.23157
2013-03-14 22:00:00,1.23157,1.23347,1.22566,1.22718
2013-03-17 22:00:00,1.21892,1.22869,1.21683,1.22549
2013-03-18 22:00:00,1.22550,1.22666,1.21772,1.21894
2013-03-19 22:00:00,1.21893,1.22345,1.21863,1.22234
2013-03-20 22:00:00,1.22237,1.22370,1.21938,1.22085
2013-03-21 22:00:00,1.22081,1.22369,1.21995,1.22133
2013-03-24 22:00:00,1.22081,1.22538,1.21821,1.21934
2013-03-25 22:00:00,1.21934,1.22178,1.21886,1.21931
2013-03-26 22:00:00,1.21931,1.21967,1.21693,1.21870
2013-03-27 22:00:00,1.21873,1.22014,1.21561,1.21675
2013-03-28 22:00:00,1.21675,1.21735,1.21569,1.21650
2013-03-31 21:00:00,1.21675,1.21778,1.21589,1.21612
2013-04-01 21:00:00,1.21612,1.21785,1.21357,1.21632
2013-04-02 21:00:00,1.21632,1.21830,1.21311,1.21423
2013-04-03 21:00:00,1.21420,1.21715,1.21324,1.21539
2013-04-04 21:00:00,1.21543,1.21710,1.21355,1.21397
2013-04-07 21:00:00,1.21380,1.21720,1.21288,1.21690
2013-04-08 21:00:00,1.21689,1.22119,1.21656,1.22004
2013-04-09 21:00:00,1.22003,1.22022,1.21759,1.21869
2013-04-10 21:00:00,1.21872,1.22037,1.21799,1.21996
2013-04-11 21:00:00,1.21996,1.22010,1.21510,1.21539
2013-04-14 21:00:00,1.21555,1.21725,1.21356,1.21420
2013-04-15 21:00:00,1.21421,1.21699,1.21376,1.21553
2013-04-16 21:00:00,1.21549,1.21645,1.21383,1.21569
2013-04-17 21:00:00,1.21568,1.21737,1.21501,1.21700
2013-04-18 21:00:00,1.21714,1.21911,1.21625,1.21842
2013-04-21 21:00:00,1.21857,1.22072,1.21792,1.22018
2013-04-22 21:00:00,1.22016,1.22920,1.21901,1.22894
2013-04-23 21:00:00,1.22895,1.23425,1.22621,1.23263
2013-04-24 21:00:00,1.23263,1.23486,1.22823,1.22921
2013-04-25 21:00:00,1.22921,1.23114,1.22488,1.22765
2013-04-28 21:00:00,1.22850,1.23068,1.22626,1.22706
2013-04-29 21:00:00,1.22706,1.22773,1.22278,1.22387
2013-04-30 21:00:00,1.22386,1.22630,1.22202,1.22230
2013-05-01 21:00:00,1.22230,1.22588,1.21964,1.22137
2013-05-02 21:00:00,1.22137,1.22751,1.22075,1.22664
2013-05-05 21:00:00,1.22678,1.22905,1.22554,1.22669
2013-05-06 21:00:00,1.22672,1.23368,1.22548,1.22986
2013-05-07 21:00:00,1.22985,1.23481,1.22949,1.23040
2013-05-08 21:00:00,1.23040,1.24076,1.22820,1.23692
2013-05-09 21:00:00,1.23689,1.24604,1.23608,1.24297
2013-05-12 21:00:00,1.24373,1.24445,1.23952,1.24244
2013-05-13 21:00:00,1.24247,1.25022,1.23859,1.24918
2013-05-14 21:00:00,1.24910,1.25248,1.24228,1.24413
2013-05-15 21:00:00,1.24414,1.24832,1.23834,1.24257
2013-05-16 21:00:00,1.24257,1.24928,1.24153,1.24795
2013-05-19 21:00:00,1.24548,1.24761,1.24349,1.24534
2013-05-20 21:00:00,1.24534,1.25288,1.24508,1.25222
2013-05-21 21:00:00,1.25222,1.26490,1.25136,1.25846
2013-05-22 21:00:00,1.25846,1.25965,1.24195,1.25292
2013-05-23 21:00:00,1.25297,1.25473,1.24065,1.24258
2013-05-26 21:00:00,1.24395,1.24735,1.24089,1.24477
2013-05-27 21:00:00,1.24477,1.25720,1.24462,1.25512
2013-05-28 21:00:00,1.25512,1.25722,1.24358,1.24483
2013-05-29 21:00:00,1.24477,1.24923,1.24204,1.24348
2013-05-30 21:00:00,1.24351,1.24607,1.23793,1.24034
2013-06-02 21:00:00,1.24373,1.24862,1.23308,1.23806
2013-06-03 21:00:00,1.23810,1.24289,1.23769,1.23902
2013-06-04 21:00:00,1.23901,1.24119,1.23088,1.23325
2013-06-05 21:00:00,1.23332,1.23863,1.22713,1.23048
2013-06-06 21:00:00,1.23047,1.23794,1.22696,1.23669
2013-06-09 21:00:00,1.23587,1.24181,1.23532,1.23743
2013-06-10 21:00:00,1.23745,1.23858,1.22440,1.23077
2013-06-11 21:00:00,1.23079,1.23335,1.22545,1.22773
2013-06-12 21:00:00,1.22778,1.23325,1.22223,1.23286
2013-06-13 21:00:00,1.23309,1.23378,1.22768,1.22887
2013-06-16 21:00:00,1.23054,1.23630,1.23007,1.23289
2013-06-17 21:00:00,1.23296,1.23570,1.22916,1.23221
2013-06-18 21:00:00,1.23221,1.23640,1.23096,1.23380
2013-06-19 21:00:00,1.23380,1.23491,1.22420,1.22614
2013-06-20 21:00:00,1.22619,1.22855,1.22421,1.22561
2013-06-23 21:00:00,1.22662,1.22791,1.22184,1.22444
2013-06-24 21:00:00,1.22441,1.22964,1.22346,1.22704
2013-06-25 21:00:00,1.22710,1.22828,1.22398,1.22649
2013-06-26 21:00:00,1.22672,1.23370,1.22577,1.23206
2013-06-27 21:00:00,1.23205,1.23537,1.22829,1.22846
2013-06-30 21:00:00,1.22952,1.23763,1.22867,1.23446
2013-07-01 21:00:00,1.23445,1.23820,1.23270,1.23378
2013-07-02 21:00:00,1.23380,1.23479,1.22802,1.23144
2013-07-03 21:00:00,1.23147,1.23739,1.23062,1.23466
2013-07-04 21:00:00,1.23466,1.23776,1.23329,1.23596
2013-07-07 21:00:00,1.23795,1.24142,1.23721,1.24003
2013-07-08 21:00:00,1.24004,1.24655,1.23969,1.24388
2013-07-09 21:00:00,1.24386,1.24551,1.24062,1.24172
2013-07-10 21:00:00,1.24172,1.24564,1.23654,1.23957
2013-07-11 21:00:00,1.23960,1.24087,1.23474,1.23620
2013-07-14 21:00:00,1.23587,1.24037,1.23540,1.23876
2013-07-15 21:00:00,1.23879,1.24032,1.23552,1.23629
2013-07-16 21:00:00,1.23629,1.23760,1.23256,1.23502
2013-07-17 21:00:00,1.23510,1.23904,1.23432,1.23788
2013-07-18 21:00:00,1.23788,1.23851,1.23518,1.23628
2013-07-21 21:00:00,1.23657,1.23773,1.23209,1.23419
2013-07-22 21:00:00,1.23421,1.23945,1.23410,1.23606
2013-07-23 21:00:00,1.23606,1.24029,1.23557,1.23698
2013-07-24 21:00:00,1.23701,1.23853,1.23396,1.23469
2013-07-25 21:00:00,1.23470,1.23483,1.23132,1.23220
2013-07-28 21:00:00,1.23322,1.23510,1.23224,1.23462
2013-07-29 21:00:00,1.23482,1.23535,1.23221,1.23303
2013-07-30 21:00:00,1.23302,1.23440,1.23048,1.23179
2013-07-31 21:00:00,1.23187,1.23772,1.23100,1.23721
2013-08-01 21:00:00,1.23724,1.23969,1.23251,1.23398
2013-08-04 21:00:00,1.23383,1.23582,1.22888,1.23009
2013-08-05 21:00:00,1.23009,1.23280,1.22673,1.23202
2013-08-06 21:00:00,1.23201,1.23265,1.22836,1.22879
2013-08-07 21:00:00,1.22881,1.23179,1.22807,1.23093
2013-08-08 21:00:00,1.23096,1.23177,1.22939,1.22999
2013-08-11 21:00:00,1.22996,1.23293,1.22957,1.23137
2013-08-12 21:00:00,1.23138,1.23822,1.23121,1.23720
2013-08-13 21:00:00,1.23730,1.24264,1.23659,1.23958
2013-08-14 21:00:00,1.23958,1.24337,1.23372,1.23602
2013-08-15 21:00:00,1.23602,1.23828,1.23303,1.23471
2013-08-18 21:00:00,1.23502,1.23703,1.23137,1.23246
2013-08-19 21:00:00,1.23243,1.23386,1.22854,1.23063
2013-08-20 21:00:00,1.23064,1.23319,1.23002,1.23159
2013-08-21 21:00:00,1.23159,1.23578,1.23142,1.23305
2013-08-22 21:00:00,1.23319,1.23619,1.23188,1.23276
2013-08-25 21:00:00,1.23232,1.23564,1.23231,1.23357
2013-08-26 21:00:00,1.23357,1.23397,1.22809,1.22847
2013-08-27 21:00:00,1.22848,1.23003,1.22772,1.22987
2013-08-28 21:00:00,1.22981,1.23284,1.22952,1.23264
2013-08-29 21:00:00,1.23267,1.23287,1.22813,1.22906
2013-09-01 21:00:00,1.23045,1.23326,1.23005,1.23264
2013-09-02 21:00:00,1.23264,1.23419,1.23131,1.23338
2013-09-03 21:00:00,1.23336,1.23677,1.23300,1.23532
2013-09-04 21:00:00,1.23529,1.23993,1.23519,1.23971
2013-09-05 21:00:00,1.23970,1.24009,1.23257,1.23579
2013-09-08 21:00:00,1.23593,1.23683,1.23355,1.23552
2013-09-09 21:00:00,1.23558,1.24031,1.23547,1.24025
2013-09-10 21:00:00,1.24024,1.24145,1.23704,1.23862
2013-09-11 21:00:00,1.23870,1.23909,1.23522,1.23740
2013-09-12 21:00:00,1.23734,1.23898,1.23581,1.23583
2013-09-15 21:00:00,1.23571,1.23797,1.23471,1.23656
2013-09-16 21:00:00,1.23659,1.23842,1.23554,1.23673
2013-09-17 21:00:00,1.23674,1.23750,1.23284,1.23352
2013-09-18 21:00:00,1.23356,1.23506,1.23103,1.23210
2013-09-19 21:00:00,1.23210,1.23309,1.23026,1.23118
2013-09-22 21:00:00,1.23118,1.23351,1.22765,1.22907
2013-09-23 21:00:00,1.22909,1.23039,1.22853,1.22985
2013-09-24 21:00:00,1.22987,1.23097,1.22874,1.22980
2013-09-25 21:00:00,1.22981,1.23104,1.22741,1.22763
2013-09-26 21:00:00,1.22762,1.22786,1.22363,1.22459
2013-09-29 21:00:00,1.22282,1.22460,1.22147,1.22377
2013-09-30 21:00:00,1.22380,1.22681,1.22167,1.22503
2013-10-01 21:00:00,1.22507,1.22676,1.22229,1.22567
2013-10-02 21:00:00,1.22565,1.22788,1.22320,1.22478
2013-10-03 21:00:00,1.22483,1.23002,1.22363,1.22960
2013-10-06 21:00:00,1.22961,1.22964,1.22527,1.22632
2013-10-07 21:00:00,1.22639,1.22945,1.22588,1.22698
2013-10-08 21:00:00,1.22698,1.23199,1.22618,1.23065
2013-10-09 21:00:00,1.23073,1.23289,1.23016,1.23229
2013-10-10 21:00:00,1.23242,1.23532,1.23113,1.23470
2013-10-13 21:00:00,1.23317,1.23588,1.23219,1.23454
2013-10-14 21:00:00,1.23462,1.23751,1.23347,1.23412
2013-10-15 21:00:00,1.23409,1.23671,1.23369,1.23608
2013-10-16 21:00:00,1.23607,1.23632,1.23107,1.23389
2013-10-17 21:00:00,1.23389,1.23516,1.23364,1.23395
2013-10-20 21:00:00,1.23400,1.23574,1.23229,1.23387
2013-10-21 21:00:00,1.23389,1.23639,1.23122,1.23318
2013-10-22 21:00:00,1.23314,1.23349,1.22821,1.22920
2013-10-23 21:00:00,1.22920,1.23181,1.22850,1.23145
2013-10-24 21:00:00,1.23149,1.23488,1.22991,1.23168
2013-10-27 22:00:00,1.23225,1.23498,1.23182,1.23479
2013-10-28 22:00:00,1.23479,1.23713,1.23371,1.23553
2013-10-29 22:00:00,1.23555,1.23703,1.23325,1.23551
2013-10-30 22:00:00,1.23551,1.23592,1.22998,1.23240
2013-10-31 22:00:00,1.23238,1.23263,1.22971,1.23017
2013-11-03 22:00:00,1.23064,1.23252,1.22922,1.22958
2013-11-04 22:00:00,1.22961,1.23159,1.22873,1.23068
2013-11-05 22:00:00,1.23070,1.23294,1.23047,1.23249
2013-11-06 22:00:00,1.23248,1.23369,1.22828,1.22877
2013-11-07 22:00:00,1.22881,1.23223,1.22880,1.23118
2013-11-10 22:00:00,1.23184,1.23331,1.23155,1.23280
2013-11-11 22:00:00,1.23279,1.23376,1.23133,1.23260
2013-11-12 22:00:00,1.23265,1.23299,1.23134,1.23220
2013-11-13 22:00:00,1.23218,1.23378,1.23186,1.23352
2013-11-14 22:00:00,1.23352,1.23509,1.23278,1.23451
2013-11-17 22:00:00,1.23431,1.23454,1.23163,1.23263
2013-11-18 22:00:00,1.23261,1.23378,1.23199,1.23320
2013-11-19 22:00:00,1.23320,1.23402,1.23059,1.23124
2013-11-20 22:00:00,1.23126,1.23238,1.23056,1.23111
2013-11-21 22:00:00,1.23111,1.23221,1.22855,1.22897
2013-11-24 22:00:00,1.22875,1.23289,1.22847,1.23239
2013-11-25 22:00:00,1.23238,1.23290,1.22984,1.23058
2013-11-26 22:00:00,1.23056,1.23325,1.23010,1.23232
2013-11-27 22:00:00,1.23235,1.23283,1.23091,1.23203
2013-11-28 22:00:00,1.23208,1.23318,1.22927,1.23131
2013-12-01 22:00:00,1.23116,1.23237,1.22950,1.23051
2013-12-02 22:00:00,1.23051,1.23124,1.22779,1.22915
2013-12-03 22:00:00,1.22912,1.22976,1.22571,1.22648
2013-12-04 22:00:00,1.22658,1.22814,1.22498,1.22544
2013-12-05 22:00:00,1.22543,1.22613,1.22150,1.22197
2013-12-08 22:00:00,1.22245,1.22442,1.22226,1.22301
2013-12-09 22:00:00,1.22303,1.22385,1.22067,1.22105
2013-12-10 22:00:00,1.22105,1.22273,1.22051,1.22195
2013-12-11 22:00:00,1.22193,1.22468,1.21999,1.22282
2013-12-12 22:00:00,1.22268,1.22404,1.22115,1.22151
2013-12-15 22:00:00,1.22167,1.22319,1.22015,1.22093
2013-12-16 22:00:00,1.22091,1.22165,1.21667,1.21840
2013-12-17 22:00:00,1.21839,1.22448,1.21803,1.22412
2013-12-18 22:00:00,1.22411,1.22741,1.22270,1.22639
2013-12-19 22:00:00,1.22638,1.22696,1.22334,1.22478
2013-12-22 22:00:00,1.22491,1.22630,1.22335,1.22388
2013-12-23 22:00:00,1.22383,1.22588,1.22366,1.22556
2013-12-25 22:00:00,1.22628,1.22745,1.22592,1.22718
2013-12-26 22:00:00,1.22716,1.22780,1.22249,1.22518
2013-12-29 22:00:00,1.22548,1.22701,1.22408,1.22508
2013-12-30 22:00:00,1.22506,1.22769,1.22445,1.22516
2013-12-31 22:00:00,1.22643,1.22776,1.22643,1.22729
2014-01-01 22:00:00,1.22719,1.23201,1.22668,1.22915
2014-01-02 22:00:00,1.22915,1.23118,1.22814,1.22956
2014-01-05 22:00:00,1.23006,1.23325,1.22967,1.23188
2014-01-06 22:00:00,1.23187,1.23810,1.23171,1.23794
2014-01-07 22:00:00,1.23794,1.23939,1.23584,1.23712
2014-01-08 22:00:00,1.23711,1.23865,1.23357,1.23397
2014-01-09 22:00:00,1.23403,1.23478,1.23228,1.23342
2014-01-12 22:00:00,1.23299,1.23431,1.22893,1.22914
2014-01-13 22:00:00,1.22916,1.23478,1.22901,1.23442
2014-01-14 22:00:00,1.23442,1.23699,1.23403,1.23644
2014-01-15 22:00:00,1.23635,1.23749,1.23147,1.23171
2014-01-16 22:00:00,1.23173,1.23363,1.23171,1.23202
2014-01-19 22:00:00,1.23262,1.23418,1.23237,1.23391
2014-01-20 22:00:00,1.23391,1.23761,1.23246,1.23445
2014-01-21 22:00:00,1.23443,1.23526,1.23320,1.23484
2014-01-22 22:00:00,1.23484,1.23612,1.22750,1.22889
2014-01-23 22:00:00,1.22884,1.23004,1.22250,1.22250
2014-01-26 22:00:00,1.22348,1.22730,1.22247,1.22539
2014-01-27 22:00:00,1.22538,1.22910,1.22508,1.22883
2014-01-28 22:00:00,1.22881,1.22973,1.22129,1.22193
2014-01-29 22:00:00,1.22189,1.22542,1.22176,1.22346
2014-01-30 22:00:00,1.22341,1.22455,1.22108,1.22159
2014-02-02 22:00:00,1.22231,1.22419,1.21844,1.21926
2014-02-03 22:00:00,1.21926,1.22316,1.21854,1.22157
2014-02-04 22:00:00,1.22157,1.22336,1.22050,1.22319
2014-02-05 22:00:00,1.22317,1.22449,1.22112,1.22434
2014-02-06 22:00:00,1.22434,1.22500,1.22179,1.22438
2014-02-09 22:00:00,1.22405,1.22504,1.22245,1.22363
2014-02-10 22:00:00,1.22363,1.22569,1.22274,1.22497
2014-02-11 22:00:00,1.22496,1.22604,1.22338,1.22413
2014-02-12 22:00:00,1.22414,1.22459,1.22065,1.22196
2014-02-13 22:00:00,1.22202,1.22278,1.22057,1.22179
2014-02-16 22:00:00,1.22194,1.22267,1.22102,1.22171
2014-02-17 22:00:00,1.22171,1.22379,1.22112,1.22170
2014-02-18 22:00:00,1.22167,1.22258,1.21902,1.22044
2014-02-19 22:00:00,1.22044,1.22101,1.21866,1.22037
2014-02-20 22:00:00,1.22040,1.22108,1.21887,1.21973
2014-02-23 22:00:00,1.21903,1.22178,1.21849,1.22070
2014-02-24 22:00:00,1.22072,1.22113,1.21872,1.21900
2014-02-25 22:00:00,1.21903,1.22041,1.21852,1.21873
2014-02-26 22:00:00,1.21873,1.21884,1.21567,1.21775
2014-02-27 22:00:00,1.21775,1.21824,1.21327,1.21410
2014-03-02 22:00:00,1.21073,1.21385,1.21037,1.21315
2014-03-03 22:00:00,1.21315,1.21956,1.21271,1.21951
2014-03-04 22:00:00,1.21951,1.21995,1.21759,1.21848
2014-03-05 22:00:00,1.21847,1.22146,1.21798,1.21963
2014-03-06 22:00:00,1.21973,1.22141,1.21671,1.21798
2014-03-09 22:00:00,1.21818,1.21925,1.21677,1.21797
2014-03-10 22:00:00,1.21797,1.21924,1.21624,1.21635
2014-03-11 22:00:00,1.21635,1.21681,1.21495,1.21519
2014-03-12 22:00:00,1.21519,1.21673,1.21242,1.21303
2014-03-13 22:00:00,1.21303,1.21452,1.21219,1.21347
2014-03-16 22:00:00,1.21350,1.21635,1.21275,1.21622
2014-03-17 22:00:00,1.21622,1.21779,1.21494,1.21644
2014-03-18 22:00:00,1.21645,1.22018,1.21617,1.21826
2014-03-19 22:00:00,1.21825,1.22031,1.21621,1.21746
2014-03-20 22:00:00,1.21747,1.21857,1.21650,1.21767
2014-03-23 22:00:00,1.21724,1.22024,1.21665,1.21876
2014-03-24 22:00:00,1.21876,1.22173,1.21807,1.22048
2014-03-25 22:00:00,1.22046,1.22348,1.21930,1.21998
2014-03-26 22:00:00,1.21998,1.22062,1.21760,1.21847
2014-03-27 22:00:00,1.21847,1.22014,1.21780,1.21936
2014-03-30 21:00:00,1.21970,1.22052,1.21709,1.21790
2014-03-31 21:00:00,1.21790,1.21894,1.21736,1.21871
2014-04-01 21:00:00,1.21871,1.22088,1.21828,1.22055
2014-04-02 21:00:00,1.22056,1.22328,1.21933,1.22236
2014-04-03 21:00:00,1.22242,1.22498,1.22158,1.22228
2014-04-06 21:00:00,1.22208,1.22235,1.21952,1.21995
2014-04-07 21:00:00,1.21995,1.22031,1.21808,1.21896
2014-04-08 21:00:00,1.21892,1.21961,1.21705,1.21863
2014-04-09 21:00:00,1.21866,1.21905,1.21629,1.21681
2014-04-10 21:00:00,1.21685,1.21784,1.21505,1.21607
2014-04-13 21:00:00,1.21513,1.21604,1.21409,1.21582
2014-04-14 21:00:00,1.21581,1.21662,1.21487,1.21590
2014-04-15 21:00:00,1.21590,1.22026,1.21581,1.21816
2014-04-16 21:00:00,1.21816,1.22048,1.21688,1.21939
2014-04-17 21:00:00,1.21948,1.22041,1.21930,1.22002
2014-04-20 21:00:00,1.22012,1.22083,1.21927,1.22077
2014-04-21 21:00:00,1.22077,1.22199,1.22043,1.22167
2014-04-22 21:00:00,1.22167,1.22247,1.21924,1.22044
2014-04-23 21:00:00,1.22042,1.22152,1.21853,1.21953
2014-04-24 21:00:00,1.21953,1.21997,1.21853,1.21946
2014-04-27 21:00:00,1.21884,1.21973,1.21717,1.21923
2014-04-28 21:00:00,1.21926,1.22134,1.21918,1.22036
2014-04-29 21:00:00,1.22044,1.22102,1.21911,1.22039
2014-04-30 21:00:00,1.22038,1.22091,1.21882,1.21927
2014-05-01 21:00:00,1.21929,1.22138,1.21749,1.21775
2014-05-04 21:00:00,1.21738,1.21830,1.21700,1.21786
2014-05-05 21:00:00,1.21788,1.21869,1.21627,1.21762
2014-05-06 21:00:00,1.21762,1.21920,1.21646,1.21889
2014-05-07 21:00:00,1.21891,1.21906,1.21718,1.21813
2014-05-08 21:00:00,1.21815,1.21993,1.21794,1.21934
2014-05-11 21:00:00,1.21982,1.22182,1.21979,1.22143
2014-05-12 21:00:00,1.22141,1.22145,1.21918,1.21966
2014-05-13 21:00:00,1.21973,1.22029,1.21904,1.22022
2014-05-14 21:00:00,1.22022,1.22300,1.21963,1.22145
2014-05-15 21:00:00,1.22145,1.22241,1.22052,1.22232
2014-05-18 21:00:00,1.22201,1.22352,1.22147,1.22308
2014-05-19 21:00:00,1.22309,1.22367,1.22111,1.22196
2014-05-20 21:00:00,1.22197,1.22272,1.22062,1.22251
2014-05-21 21:00:00,1.22251,1.22262,1.22072,1.22117
2014-05-22 21:00:00,1.22121,1.22164,1.22048,1.22056
2014-05-25 21:00:00,1.22071,1.22145,1.22047,1.22083
2014-05-26 21:00:00,1.22083,1.22282,1.22081,1.22254
2014-05-27 21:00:00,1.22252,1.22336,1.22083,1.22100
2014-05-28 21:00:00,1.22101,1.22140,1.21998,1.22115
2014-05-29 21:00:00,1.22115,1.22160,1.21933,1.22035
2014-06-01 21:00:00,1.22049,1.22247,1.22024,1.22181
2014-06-02 21:00:00,1.22181,1.22256,1.22110,1.22147
2014-06-03 21:00:00,1.22145,1.22233,1.21936,1.21998
2014-06-04 21:00:00,1.21995,1.22073,1.21723,1.21788
2014-06-05 21:00:00,1.21787,1.21946,1.21659,1.21892
2014-06-08 21:00:00,1.21880,1.21997,1.21880,1.21932
2014-06-09 21:00:00,1.21933,1.21965,1.21796,1.21802
2014-06-10 21:00:00,1.21802,1.21877,1.21700,1.21765
2014-06-11 21:00:00,1.21763,1.21836,1.21701,1.21724
2014-06-12 21:00:00,1.21724,1.21885,1.21649,1.21860
2014-06-15 21:00:00,1.21852,1.21871,1.21727,1.21773
2014-06-16 21:00:00,1.21768,1.21915,1.21758,1.21827
2014-06-17 21:00:00,1.21828,1.21891,1.21755,1.21777
2014-06-18 21:00:00,1.21778,1.21855,1.21520,1.21664
2014-06-19 21:00:00,1.21665,1.21772,1.21613,1.21677
2014-06-22 21:00:00,1.21714,1.21770,1.21620,1.21643
2014-06-23 21:00:00,1.21642,1.21745,1.21583,1.21616
2014-06-24 21:00:00,1.21617,1.21694,1.21591,1.21684
2014-06-25 21:00:00,1.21684,1.21714,1.21563,1.21633
2014-06-26 21:00:00,1.21627,1.21653,1.21505,1.21548
2014-06-29 21:00:00,1.21559,1.21607,1.21382,1.21413
2014-06-30 21:00:00,1.21412,1.21473,1.21325,1.21389
2014-07-01 21:00:00,1.21390,1.21430,1.21339,1.21398
2014-07-02 21:00:00,1.21396,1.21646,1.21384,1.21573
2014-07-03 21:00:00,1.21570,1.21628,1.21519,1.21529
2014-07-06 21:00:00,1.21583,1.21647,1.21506,1.21548
2014-07-07 21:00:00,1.21547,1.21572,1.21468,1.21542
2014-07-08 21:00:00,1.21542,1.21589,1.21515,1.21540
2014-07-09 21:00:00,1.21538,1.21556,1.21367,1.21440
2014-07-10 21:00:00,1.21441,1.21461,1.21363,1.21363
2014-07-13 21:00:00,1.21373,1.21481,1.21360,1.21466
2014-07-14 21:00:00,1.21466,1.21557,1.21397,1.21529
2014-07-15 21:00:00,1.21530,1.21574,1.21400,1.21493
2014-07-16 21:00:00,1.21493,1.21501,1.21361,1.21393
2014-07-17 21:00:00,1.21393,1.21514,1.21351,1.21443
2014-07-20 21:00:00,1.21451,1.21551,1.21339,1.21443
2014-07-21 21:00:00,1.21445,1.21531,1.21418,1.21514
2014-07-22 21:00:00,1.21514,1.21536,1.21443,1.21472
2014-07-23 21:00:00,1.21473,1.21552,1.21434,1.21506
2014-07-24 21:00:00,1.21508,1.21572,1.21409,1.21443
2014-07-27 21:00:00,1.21498,1.21550,1.21449,1.21482
2014-07-28 21:00:00,1.21481,1.21632,1.21467,1.21600
2014-07-29 21:00:00,1.21599,1.21768,1.21591,1.21711
2014-07-30 21:00:00,1.21714,1.21740,1.21603,1.21662
2014-07-31 21:00:00,1.21659,1.21703,1.21495,1.21561
2014-08-03 21:00:00,1.21607,1.21699,1.21593,1.21691
2014-08-04 21:00:00,1.21691,1.21767,1.21588,1.21603
2014-08-05 21:00:00,1.21603,1.21615,1.21395,1.21457
2014-08-06 21:00:00,1.21455,1.21536,1.21390,1.21439
2014-08-07 21:00:00,1.21438,1.21443,1.21203,1.21394
2014-08-10 21:00:00,1.21404,1.21439,1.21286,1.21330
2014-08-11 21:00:00,1.21331,1.21415,1.21293,1.21310
2014-08-12 21:00:00,1.21309,1.21401,1.21266,1.21279
2014-08-13 21:00:00,1.21277,1.21315,1.21097,1.21154
2014-08-14 21:00:00,1.21156,1.21201,1.20859,1.20921
2014-08-17 21:00:00,1.20974,1.21138,1.20924,1.21131
2014-08-18 21:00:00,1.21131,1.21153,1.20993,1.21100
2014-08-19 21:00:00,1.21099,1.21137,1.21023,1.21115
2014-08-20 21:00:00,1.21112,1.21155,1.21025,1.21038
2014-08-21 21:00:00,1.21036,1.21065,1.20895,1.20956
2014-08-24 21:00:00,1.21023,1.21032,1.20709,1.20770
2014-08-25 21:00:00,1.20768,1.20924,1.20728,1.20809
2014-08-26 21:00:00,1.20810,1.20845,1.20593,1.20688
2014-08-27 21:00:00,1.20688,1.20712,1.20498,1.20638
2014-08-28 21:00:00,1.20637,1.20666,1.20550,1.20614
2014-08-31 21:00:00,1.20616,1.20752,1.20613,1.20717
2014-09-01 21:00:00,1.20716,1.20806,1.20662,1.20706
2014-09-02 21:00:00,1.20710,1.20900,1.20641,1.20668
2014-09-03 21:00:00,1.20668,1.20762,1.20448,1.20632
2014-09-04 21:00:00,1.20630,1.20702,1.20533,1.20591
2014-09-07 21:00:00,1.20602,1.20717,1.20552,1.20639
2014-09-08 21:00:00,1.20640,1.20709,1.20568,1.20689
2014-09-09 21:00:00,1.20688,1.21182,1.20666,1.20992
2014-09-10 21:00:00,1.20991,1.21048,1.20885,1.20922
2014-09-11 21:00:00,1.20923,1.21039,1.20834,1.20949
2014-09-14 21:00:00,1.21008,1.21130,1.20945,1.21042
2014-09-15 21:00:00,1.21040,1.21068,1.20805,1.20852
2014-09-16 21:00:00,1.20852,1.21169,1.20822,1.21048
2014-09-17 21:00:00,1.21043,1.21144,1.20643,1.20661
2014-09-18 21:00:00,1.20663,1.20757,1.20644,1.20670
2014-09-21 21:00:00,1.20723,1.20789,1.20638,1.20760
2014-09-22 21:00:00,1.20758,1.20813,1.20655,1.20748
2014-09-23 21:00:00,1.20745,1.20863,1.20698,1.20847
2014-09-24 21:00:00,1.20845,1.20888,1.20670,1.20730
2014-09-25 21:00:00,1.20735,1.20757,1.20655,1.20657
2014-09-28 21:00:00,1.20678,1.20741,1.20618,1.20702
2014-09-29 21:00:00,1.20701,1.20726,1.20530,1.20628
2014-09-30 21:00:00,1.20628,1.20808,1.20533,1.20701
2014-10-01 21:00:00,1.20699,1.20912,1.20674,1.20842
2014-10-02 21:00:00,1.20845,1.21114,1.20836,1.21064
2014-10-05 21:00:00,1.21101,1.21375,1.21068,1.21270
2014-10-06 21:00:00,1.21265,1.21395,1.21044,1.21193
2014-10-07 21:00:00,1.21189,1.21351,1.21142,1.21217
2014-10-08 21:00:00,1.21216,1.21280,1.20887,1.21101
2014-10-09 21:00:00,1.21100,1.21165,1.20811,1.20833
2014-10-12 21:00:00,1.20830,1.20925,1.20745,1.20879
2014-10-13 21:00:00,1.20880,1.20920,1.20703,1.20735
2014-10-14 21:00:00,1.20736,1.20802,1.20610,1.20722
2014-10-15 21:00:00,1.20719,1.20778,1.20568,1.20730
2014-10-16 21:00:00,1.20734,1.20776,1.20682,1.20735
2014-10-19 21:00:00,1.20759,1.20784,1.20594,1.20681
2014-10-20 21:00:00,1.20681,1.20731,1.20623,1.20670
2014-10-21 21:00:00,1.20670,1.20713,1.20583,1.20613
2014-10-22 21:00:00,1.20617,1.20693,1.20553,1.20657
2014-10-23 21:00:00,1.20660,1.20669,1.20562,1.20583
2014-10-26 22:00:00,1.20617,1.20670,1.20524,1.20567
2014-10-27 22:00:00,1.20568,1.20661,1.20549,1.20596
2014-10-28 22:00:00,1.20596,1.20631,1.20545,1.20626
2014-10-29 22:00:00,1.20626,1.20642,1.20540,1.20575
2014-10-30 22:00:00,1.20575,1.20686,1.20531,1.20539
2014-11-02 22:00:00,1.20608,1.20616,1.20516,1.20559
2014-11-03 22:00:00,1.20559,1.20611,1.20409,1.20431
2014-11-04 22:00:00,1.20432,1.20457,1.20326,1.20358
2014-11-05 22:00:00,1.20358,1.20572,1.20309,1.20417
2014-11-06 22:00:00,1.20415,1.20464,1.20292,1.20323
2014-11-09 22:00:00,1.20289,1.20361,1.20211,1.20266
2014-11-10 22:00:00,1.20266,1.20341,1.20207,1.20322
2014-11-11 22:00:00,1.20321,1.20380,1.20171,1.20210
2014-11-12 22:00:00,1.20208,1.20241,1.20155,1.20213
2014-11-13 22:00:00,1.20214,1.20229,1.20109,1.20109
2014-11-16 22:00:00,1.20147,1.20174,1.20101,1.20120
2014-11-17 22:00:00,1.20118,1.20164,1.20091,1.20122
2014-11-18 22:00:00,1.20122,1.20259,1.20085,1.20131
2014-11-19 22:00:00,1.20132,1.20242,1.20104,1.20200
2014-11-20 22:00:00,1.20201,1.20323,1.20137,1.20144
2014-11-23 22:00:00,1.20212,1.20308,1.20190,1.20239
2014-11-24 22:00:00,1.20243,1.20329,1.20225,1.20252
2014-11-25 22:00:00,1.20251,1.20294,1.20159,1.20209
2014-11-26 22:00:00,1.20209,1.20252,1.20178,1.20184
2014-11-27 22:00:00,1.20184,1.20251,1.20108,1.20251
2014-11-30 22:00:00,1.20363,1.20393,1.20207,1.20279
2014-12-01 22:00:00,1.20279,1.20464,1.20275,1.20363
2014-12-02 22:00:00,1.20360,1.20413,1.20264,1.20334
2014-12-03 22:00:00,1.20335,1.20395,1.20191,1.20213
2014-12-04 22:00:00,1.20216,1.20294,1.20173,1.20223
2014-12-07 22:00:00,1.19939,1.20296,1.19939,1.20205
2014-12-08 22:00:00,1.20186,1.20243,1.20139,1.20166
2014-12-09 22:00:00,1.20168,1.20351,1.20153,1.20280
2014-12-10 22:00:00,1.20280,1.20377,1.20100,1.20103
2014-12-11 22:00:00,1.20054,1.20136,1.20036,1.20092
2014-12-14 22:00:00,1.20060,1.20141,1.20060,1.20078
2014-12-15 22:00:00,1.20043,1.20117,1.20032,1.20067
2014-12-16 22:00:00,1.20046,1.20105,1.19998,1.20067
2014-12-17 22:00:00,1.20040,1.20964,1.19891,1.20368
2014-12-18 22:00:00,1.20363,1.20482,1.20200,1.20200
2014-12-21 22:00:00,1.20284,1.20384,1.20245,1.20281
2014-12-22 22:00:00,1.20278,1.20352,1.20212,1.20227
2014-12-23 22:00:00,1.20227,1.20275,1.20222,1.20236
2014-12-25 22:00:00,1.20164,1.20283,1.20146,1.20269
2014-12-28 22:00:00,1.20247,1.20350,1.20244,1.20289
2014-12-29 22:00:00,1.20251,1.20312,1.20215,1.20215
2014-12-30 22:00:00,1.20178,1.20306,1.20178,1.20253
2015-01-18 22:00:00,0.99448,1.02102,0.98871,1.02038
2015-01-19 22:00:00,1.02011,1.02210,1.00618,1.01069
2015-01-20 22:00:00,1.01066,1.01308,0.98437,0.99761
2015-01-21 22:00:00,0.99804,1.00310,0.98361,0.98956
2015-01-22 22:00:00,0.98938,0.99086,0.97710,0.98237
2015-01-25 22:00:00,0.98151,1.01653,0.97808,1.01456
2015-01-26 22:00:00,1.01454,1.03800,1.00761,1.02709
2015-01-27 22:00:00,1.02653,1.03134,1.01762,1.02104
2015-01-28 22:00:00,1.02106,1.04610,1.01989,1.04472
2015-01-29 22:00:00,1.04456,1.05193,1.03508,1.03908
2015-02-01 22:00:00,1.04799,1.05825,1.03970,1.05163
2015-02-02 22:00:00,1.05164,1.06149,1.04564,1.06032
2015-02-03 22:00:00,1.06002,1.06219,1.04746,1.05035
2015-02-04 22:00:00,1.05033,1.06358,1.04647,1.05643
2015-02-05 22:00:00,1.05632,1.05903,1.04515,1.04727
2015-02-08 22:00:00,1.04621,1.05264,1.04080,1.04539
2015-02-09 22:00:00,1.04538,1.04896,1.04276,1.04834
2015-02-10 22:00:00,1.04830,1.05256,1.04352,1.05165
2015-02-11 22:00:00,1.05161,1.06322,1.04823,1.06092
2015-02-12 22:00:00,1.06092,1.06329,1.05692,1.06181
2015-02-15 22:00:00,1.06127,1.06403,1.05445,1.05750
2015-02-16 22:00:00,1.05749,1.06915,1.05517,1.06891
2015-02-17 22:00:00,1.06891,1.07369,1.06250,1.07353
2015-02-18 22:00:00,1.07354,1.07984,1.07274,1.07909
2015-02-19 22:00:00,1.07904,1.08073,1.06619,1.06686
2015-02-22 22:00:00,1.07153,1.07882,1.06792,1.07625
2015-02-23 22:00:00,1.07616,1.07836,1.07205,1.07759
2015-02-24 22:00:00,1.07759,1.07960,1.07509,1.07725
2015-02-25 22:00:00,1.07724,1.07925,1.06592,1.06642
2015-02-26 22:00:00,1.06641,1.06885,1.06057,1.06741
2015-03-01 22:00:00,1.06625,1.07429,1.06440,1.07120
2015-03-02 22:00:00,1.07127,1.07571,1.06939,1.07395
2015-03-03 22:00:00,1.07398,1.07475,1.06243,1.06683
2015-03-04 22:00:00,1.06680,1.07457,1.06460,1.07411
2015-03-05 22:00:00,1.07409,1.07509,1.06328,1.06849
2015-03-08 22:00:00,1.06855,1.07136,1.06651,1.06936
2015-03-09 22:00:00,1.06942,1.07263,1.06562,1.06709
2015-03-10 22:00:00,1.06716,1.06899,1.06152,1.06372
2015-03-11 22:00:00,1.06386,1.06759,1.06153,1.06519
2015-03-12 22:00:00,1.06522,1.06672,1.05141,1.05407
2015-03-15 22:00:00,1.05375,1.06720,1.05329,1.06512
2015-03-16 22:00:00,1.06517,1.06726,1.06166,1.06586
2015-03-17 22:00:00,1.06585,1.06687,1.05578,1.06342
2015-03-18 22:00:00,1.06392,1.06914,1.05241,1.05503
2015-03-19 22:00:00,1.05495,1.05816,1.05192,1.05432
2015-03-22 22:00:00,1.05857,1.06020,1.05422,1.05722
2015-03-24 22:00:00,1.04667,1.05460,1.04658,1.05305
2015-03-25 22:00:00,1.05305,1.05424,1.04641,1.04748
2015-03-26 22:00:00,1.04735,1.05061,1.04311,1.04690
2015-03-29 21:00:00,1.04690,1.04866,1.04321,1.04732
2015-03-30 21:00:00,1.04743,1.04842,1.04198,1.04323
2015-03-31 21:00:00,1.04383,1.04578,1.03941,1.04066
2015-04-01 21:00:00,1.04052,1.04494,1.03884,1.04371
2015-04-02 21:00:00,1.04368,1.04637,1.04146,1.04299
2015-04-05 21:00:00,1.04336,1.04945,1.04336,1.04668
2015-04-06 21:00:00,1.04691,1.04783,1.04252,1.04451
2015-04-07 21:00:00,1.04450,1.04678,1.04074,1.04180
2015-04-08 21:00:00,1.04165,1.04493,1.04044,1.04187
2015-04-09 21:00:00,1.04165,1.04268,1.03667,1.03801
2015-04-12 21:00:00,1.03801,1.04008,1.03200,1.03308
2015-04-13 21:00:00,1.03270,1.03812,1.02960,1.03555
2015-04-14 21:00:00,1.03541,1.03659,1.02937,1.03071
2015-04-15 21:00:00,1.03071,1.03441,1.02747,1.02867
2015-04-16 21:00:00,1.02867,1.03259,1.02631,1.02850
2015-04-19 21:00:00,1.02850,1.03020,1.02342,1.02664
2015-04-20 21:00:00,1.02664,1.02740,1.02355,1.02505
2015-04-21 21:00:00,1.02505,1.04265,1.02385,1.04172
2015-04-22 21:00:00,1.04172,1.04172,1.03121,1.03326
2015-04-23 21:00:00,1.03326,1.03803,1.03170,1.03642
2015-04-26 21:00:00,1.03659,1.04146,1.03477,1.03982
2015-04-27 21:00:00,1.03994,1.04972,1.03792,1.04936
2015-04-28 21:00:00,1.04814,1.05082,1.04262,1.04519
2015-04-29 21:00:00,1.04530,1.05239,1.04300,1.04654
2015-04-30 21:00:00,1.04592,1.05027,1.04419,1.04427
2015-05-03 21:00:00,1.04459,1.04804,1.04032,1.04047
2015-05-04 21:00:00,1.04010,1.04246,1.03464,1.03634
2015-05-05 21:00:00,1.03607,1.03983,1.03569,1.03854
2015-05-06 21:00:00,1.03903,1.04020,1.03051,1.03838
2015-05-07 21:00:00,1.03832,1.04481,1.03311,1.04436
2015-05-10 21:00:00,1.04280,1.04351,1.03865,1.04201
2015-05-11 21:00:00,1.04202,1.04365,1.03840,1.04175
2015-05-12 21:00:00,1.04173,1.04393,1.04027,1.04086
2015-05-13 21:00:00,1.04065,1.04298,1.03830,1.04071
2015-05-14 21:00:00,1.04081,1.05058,1.04000,1.04803
2015-05-17 21:00:00,1.04836,1.05010,1.04525,1.04810
2015-05-18 21:00:00,1.04814,1.04879,1.04036,1.04463
2015-05-19 21:00:00,1.04468,1.04505,1.03896,1.03968
2015-05-20 21:00:00,1.03944,1.04168,1.03847,1.04099
2015-05-21 21:00:00,1.04100,1.04496,1.03828,1.03925
2015-05-24 21:00:00,1.03806,1.03839,1.03398,1.03707
2015-05-25 21:00:00,1.03685,1.03805,1.03233,1.03654
2015-05-26 21:00:00,1.03651,1.03727,1.03158,1.03518
2015-05-27 21:00:00,1.03508,1.03633,1.03049,1.03300
2015-05-28 21:00:00,1.03258,1.03636,1.02796,1.03324
2015-05-31 21:00:00,1.03297,1.03502,1.02950,1.03361
2015-06-01 21:00:00,1.03350,1.04306,1.03117,1.04050
2015-06-02 21:00:00,1.03988,1.05399,1.03976,1.05265
2015-06-03 21:00:00,1.05273,1.05725,1.04809,1.04889
2015-06-04 21:00:00,1.04895,1.05348,1.04399,1.04403
2015-06-07 21:00:00,1.04488,1.05087,1.04396,1.04700
2015-06-08 21:00:00,1.04719,1.05124,1.04414,1.04969
2015-06-09 21:00:00,1.04956,1.05525,1.04734,1.05474
2015-06-10 21:00:00,1.05430,1.05541,1.04946,1.05052
2015-06-11 21:00:00,1.05014,1.05090,1.04253,1.04549
2015-06-14 21:00:00,1.04262,1.05416,1.04166,1.04848
2015-06-15 21:00:00,1.04863,1.05071,1.04543,1.04817
2015-06-16 21:00:00,1.04811,1.04853,1.04028,1.04513
2015-06-17 21:00:00,1.04500,1.05345,1.04383,1.04678
2015-06-18 21:00:00,1.04675,1.04897,1.04023,1.04205
2015-06-21 21:00:00,1.04248,1.04801,1.04101,1.04495
2015-06-22 21:00:00,1.04480,1.04742,1.04249,1.04261
2015-06-23 21:00:00,1.04296,1.04734,1.04226,1.04606
2015-06-24 21:00:00,1.04609,1.05459,1.04525,1.04888
2015-06-25 21:00:00,1.04930,1.04956,1.04102,1.04268
2015-06-28 21:00:00,1.03262,1.04404,1.03128,1.03913
2015-06-29 21:00:00,1.03899,1.04518,1.03713,1.04155
2015-06-30 21:00:00,1.04229,1.04924,1.04027,1.04794
2015-07-01 21:00:00,1.04812,1.05243,1.04479,1.04572
2015-07-02 21:00:00,1.04556,1.04715,1.04267,1.04332
2015-07-05 21:00:00,1.03633,1.04560,1.03505,1.04155
2015-07-06 21:00:00,1.04155,1.04356,1.03649,1.04174
2015-07-07 21:00:00,1.04201,1.05173,1.03921,1.04661
2015-07-08 21:00:00,1.04661,1.05060,1.04293,1.04554
2015-07-09 21:00:00,1.04552,1.05240,1.04240,1.04675
2015-07-12 21:00:00,1.04498,1.05113,1.04419,1.04496
2015-07-13 21:00:00,1.04495,1.04637,1.03988,1.04007
2015-07-14 21:00:00,1.04002,1.04519,1.03955,1.04177
2015-07-15 21:00:00,1.04173,1.04373,1.03973,1.04123
2015-07-16 21:00:00,1.04140,1.04403,1.04060,1.04141
2015-07-19 21:00:00,1.04165,1.04558,1.04093,1.04395
2015-07-20 21:00:00,1.04394,1.04932,1.04248,1.04808
2015-07-21 21:00:00,1.04772,1.04923,1.04578,1.04876
2015-07-22 21:00:00,1.04854,1.05522,1.04692,1.05411
2015-07-23 21:00:00,1.05283,1.05800,1.05060,1.05590
2015-07-26 21:00:00,1.05575,1.06896,1.05565,1.06719
2015-07-27 21:00:00,1.06509,1.06753,1.06307,1.06433
2015-07-28 21:00:00,1.06397,1.06557,1.06081,1.06262
2015-07-29 21:00:00,1.06208,1.06666,1.05748,1.05923
2015-07-30 21:00:00,1.05927,1.06514,1.05298,1.06089
2015-08-02 21:00:00,1.06029,1.06219,1.05897,1.06126
2015-08-03 21:00:00,1.06097,1.06713,1.05945,1.06424
2015-08-04 21:00:00,1.06387,1.06812,1.06206,1.06725
2015-08-05 21:00:00,1.06691,1.07224,1.06652,1.07113
2015-08-06 21:00:00,1.07046,1.07880,1.06993,1.07813
2015-08-09 21:00:00,1.07575,1.08405,1.07547,1.08358
2015-08-10 21:00:00,1.08287,1.09197,1.07716,1.09095
2015-08-11 21:00:00,1.09030,1.09612,1.08399,1.08819
2015-08-12 21:00:00,1.08772,1.08924,1.08263,1.08823
2015-08-13 21:00:00,1.08771,1.08906,1.08346,1.08434
2015-08-16 21:00:00,1.08488,1.08547,1.08131,1.08393
2015-08-17 21:00:00,1.08375,1.08480,1.07591,1.07738
2015-08-18 21:00:00,1.07652,1.08010,1.07121,1.07304
2015-08-19 21:00:00,1.07255,1.07929,1.07113,1.07733
2015-08-20 21:00:00,1.07610,1.08034,1.07540,1.07799
2015-08-23 21:00:00,1.07623,1.08778,1.07604,1.08030
2015-08-24 21:00:00,1.07934,1.08799,1.07701,1.08137
2015-08-25 21:00:00,1.08022,1.08575,1.07603,1.08015
2015-08-26 21:00:00,1.07884,1.08700,1.07545,1.08638
2015-08-27 21:00:00,1.08549,1.08692,1.07321,1.07531
2015-08-30 21:00:00,1.07355,1.08544,1.07355,1.08434
2015-08-31 21:00:00,1.08378,1.08708,1.08144,1.08467
2015-09-01 21:00:00,1.08421,1.09011,1.08300,1.08801
2015-09-02 21:00:00,1.08776,1.09021,1.08191,1.08251
2015-09-03 21:00:00,1.08259,1.08734,1.07981,1.08300
2015-09-06 21:00:00,1.08305,1.08987,1.08274,1.08890
2015-09-07 21:00:00,1.08846,1.09827,1.08689,1.09667
2015-09-08 21:00:00,1.09551,1.09733,1.08774,1.09313
2015-09-09 21:00:00,1.09250,1.09820,1.08970,1.09745
2015-09-10 21:00:00,1.09582,1.10491,1.09512,1.09797
2015-09-13 21:00:00,1.09801,1.10107,1.09379,1.09568
2015-09-14 21:00:00,1.09562,1.09979,1.09421,1.09740
2015-09-15 21:00:00,1.09791,1.09931,1.09145,1.09528
2015-09-16 21:00:00,1.09494,1.09942,1.09459,1.09686
2015-09-17 21:00:00,1.09761,1.09824,1.08987,1.09332
2015-09-20 21:00:00,1.09260,1.09575,1.08428,1.08683
2015-09-21 21:00:00,1.08607,1.08879,1.08222,1.08470
2015-09-22 21:00:00,1.08468,1.09590,1.08393,1.09590
2015-09-23 21:00:00,1.09476,1.09665,1.09139,1.09503
2015-09-24 21:00:00,1.09455,1.09817,1.08903,1.09561
2015-09-27 21:00:00,1.09470,1.09692,1.09097,1.09408
2015-09-28 21:00:00,1.09413,1.09553,1.08948,1.09297
2015-09-29 21:00:00,1.09305,1.09444,1.08768,1.08769
2015-09-30 21:00:00,1.08679,1.09416,1.08679,1.09380
2015-10-01 21:00:00,1.09169,1.09408,1.08841,1.08846
2015-10-04 21:00:00,1.08865,1.09441,1.08865,1.09094
2015-10-05 21:00:00,1.09071,1.09395,1.08962,1.08963
2015-10-06 21:00:00,1.08966,1.09476,1.08646,1.09390
2015-10-07 21:00:00,1.09376,1.09472,1.08906,1.08938
2015-10-08 21:00:00,1.08891,1.09295,1.08793,1.09185
2015-10-11 21:00:00,1.09083,1.09437,1.09078,1.09253
2015-10-12 21:00:00,1.09307,1.09490,1.08894,1.08941
2015-10-13 21:00:00,1.08995,1.09170,1.08767,1.08907
2015-10-14 21:00:00,1.08839,1.09084,1.08082,1.08177
2015-10-15 21:00:00,1.08104,1.08517,1.07819,1.08201
2015-10-18 21:00:00,1.08207,1.08514,1.08096,1.08230
2015-10-19 21:00:00,1.08212,1.08524,1.07957,1.08387
2015-10-20 21:00:00,1.08367,1.08934,1.08357,1.08787
2015-10-21 21:00:00,1.08751,1.08991,1.08020,1.08084
2015-10-22 21:00:00,1.08072,1.08271,1.07576,1.07665
2015-10-25 22:00:00,1.07742,1.08769,1.07719,1.08608
2015-10-26 22:00:00,1.08611,1.08982,1.08478,1.08912
2015-10-27 22:00:00,1.08911,1.09082,1.08262,1.08601
2015-10-28 22:00:00,1.08616,1.08772,1.08361,1.08646
2015-10-29 22:00:00,1.08648,1.09171,1.08499,1.08663
2015-11-01 22:00:00,1.08508,1.08928,1.08501,1.08714
2015-11-02 22:00:00,1.08578,1.08758,1.08446,1.08560
2015-11-03 22:00:00,1.08595,1.08677,1.07799,1.07912
2015-11-04 22:00:00,1.07786,1.08435,1.07697,1.08175
2015-11-05 22:00:00,1.08250,1.08393,1.07337,1.07931
2015-11-08 22:00:00,1.07721,1.08178,1.07655,1.07859
2015-11-09 22:00:00,1.07777,1.07985,1.07606,1.07911
2015-11-10 22:00:00,1.07876,1.08048,1.07683,1.07919
2015-11-11 22:00:00,1.07749,1.08261,1.07543,1.07982
2015-11-12 22:00:00,1.08011,1.08350,1.07797,1.08281
2015-11-15 22:00:00,1.07989,1.08164,1.07826,1.07883
2015-11-16 22:00:00,1.07821,1.08194,1.07729,1.07964
2015-11-17 22:00:00,1.07881,1.08710,1.07852,1.08699
2015-11-18 22:00:00,1.08570,1.08992,1.08570,1.08695
2015-11-19 22:00:00,1.08681,1.08798,1.08333,1.08397
2015-11-22 22:00:00,1.08423,1.08550,1.08125,1.08257
2015-11-23 22:00:00,1.08289,1.08516,1.08109,1.08195
2015-11-24 22:00:00,1.08148,1.08596,1.08096,1.08539
2015-11-25 22:00:00,1.08291,1.08777,1.08286,1.08591
2015-11-26 22:00:00,1.08583,1.09261,1.08514,1.09010
2015-11-29 22:00:00,1.09014,1.09165,1.08451,1.08677
2015-11-30 22:00:00,1.08662,1.09342,1.08514,1.09078
2015-12-01 22:00:00,1.09111,1.09152,1.08074,1.08080
2015-12-02 22:00:00,1.08119,1.09395,1.07934,1.08639
2015-12-03 22:00:00,1.08644,1.09149,1.08247,1.08368
2015-12-06 22:00:00,1.08406,1.08763,1.08144,1.08358
2015-12-07 22:00:00,1.08349,1.08573,1.08003,1.08078
2015-12-08 22:00:00,1.08091,1.08537,1.07952,1.08353
2015-12-09 22:00:00,1.08333,1.08468,1.07935,1.08053
2015-12-10 22:00:00,1.08066,1.08401,1.07943,1.08034
2015-12-13 22:00:00,1.07961,1.08419,1.07658,1.08312
2015-12-14 22:00:00,1.08129,1.08444,1.08025,1.08345
2015-12-15 22:00:00,1.08317,1.08379,1.07593,1.07999
2015-12-16 22:00:00,1.07741,1.08229,1.07623,1.07721
2015-12-17 22:00:00,1.07705,1.07964,1.07551,1.07715
2015-12-20 22:00:00,1.07696,1.08396,1.07562,1.08278
2015-12-21 22:00:00,1.08241,1.08457,1.08142,1.08162
2015-12-22 22:00:00,1.07916,1.08249,1.07867,1.08075
2015-12-23 22:00:00,1.08011,1.08208,1.07876,1.08145
2015-12-27 22:00:00,1.07950,1.08541,1.07950,1.08342
2015-12-28 22:00:00,1.08234,1.08557,1.08234,1.08451
2015-12-29 22:00:00,1.08442,1.08504,1.07773,1.08062
2015-12-30 22:00:00,1.08051,1.08792,1.07923,1.08598
2016-01-03 22:00:00,1.08701,1.09001,1.08347,1.08533
2016-01-04 22:00:00,1.08330,1.08779,1.08330,1.08381
2016-01-05 22:00:00,1.08370,1.08690,1.08262,1.08535
2016-01-06 22:00:00,1.08529,1.08838,1.08409,1.08440
2016-01-07 22:00:00,1.08390,1.08842,1.08390,1.08633
2016-01-10 22:00:00,1.08497,1.08824,1.08359,1.08717
2016-01-11 22:00:00,1.08630,1.08814,1.08425,1.08777
2016-01-12 22:00:00,1.08756,1.09541,1.08645,1.09367
2016-01-13 22:00:00,1.09345,1.09810,1.09131,1.09131
2016-01-14 22:00:00,1.09131,1.09607,1.08976,1.09265
2016-01-17 22:00:00,1.09311,1.09621,1.09215,1.09493
2016-01-18 22:00:00,1.09434,1.09639,1.09111,1.09357
2016-01-19 22:00:00,1.09322,1.09780,1.09072,1.09313
2016-01-20 22:00:00,1.09382,1.09728,1.09174,1.09494
2016-01-21 22:00:00,1.09487,1.09865,1.09217,1.09463
2016-01-24 22:00:00,1.09609,1.10056,1.09562,1.09843
2016-01-25 22:00:00,1.09837,1.10592,1.09830,1.10498
2016-01-26 22:00:00,1.10497,1.10749,1.10289,1.10550
2016-01-27 22:00:00,1.10530,1.11062,1.10440,1.10893
2016-01-28 22:00:00,1.10893,1.11644,1.10568,1.10790
2016-01-31 22:00:00,1.10556,1.11157,1.10496,1.11020
2016-02-01 22:00:00,1.10961,1.11587,1.10908,1.11112
2016-02-02 22:00:00,1.11129,1.11600,1.10974,1.11464
2016-02-03 22:00:00,1.11447,1.11990,1.11143,1.11260
2016-02-04 22:00:00,1.11249,1.11342,1.10334,1.10499
2016-02-07 22:00:00,1.10568,1.10947,1.10181,1.10447
2016-02-08 22:00:00,1.10391,1.10557,1.09573,1.09842
2016-02-09 22:00:00,1.09784,1.09990,1.09509,1.09832
2016-02-10 22:00:00,1.09890,1.10423,1.09492,1.10078
2016-02-11 22:00:00,1.10070,1.10209,1.09645,1.09819
2016-02-14 22:00:00,1.09705,1.10309,1.09658,1.10041
2016-02-15 22:00:00,1.09967,1.10316,1.09958,1.10114
2016-02-16 22:00:00,1.10163,1.10604,1.09987,1.10400
2016-02-17 22:00:00,1.10410,1.10538,1.10191,1.10191
2016-02-18 22:00:00,1.10189,1.10478,1.09977,1.10107
2016-02-21 22:00:00,1.09959,1.10223,1.09843,1.10213
2016-02-22 22:00:00,1.10090,1.10269,1.09152,1.09213
2016-02-23 22:00:00,1.09216,1.09421,1.08641,1.08861
2016-02-24 22:00:00,1.08866,1.09473,1.08819,1.09080
2016-02-25 22:00:00,1.09114,1.09409,1.08834,1.08858
2016-02-28 22:00:00,1.08847,1.09300,1.08093,1.08488
2016-02-29 22:00:00,1.08477,1.08777,1.08224,1.08324
2016-03-01 22:00:00,1.08304,1.08583,1.08200,1.08299
2016-03-02 22:00:00,1.08243,1.08734,1.08158,1.08627
2016-03-03 22:00:00,1.08613,1.09463,1.08505,1.09243
2016-03-06 22:00:00,1.09051,1.09739,1.09044,1.09595
2016-03-07 22:00:00,1.09444,1.09690,1.09163,1.09604
2016-03-08 22:00:00,1.09604,1.09995,1.09435,1.09688
2016-03-09 22:00:00,1.09645,1.10218,1.08914,1.10097
2016-03-10 22:00:00,1.10065,1.10161,1.09339,1.09483
2016-03-13 22:00:00,1.09530,1.09906,1.09448,1.09600
2016-03-14 22:00:00,1.09603,1.09707,1.09433,1.09599
2016-03-15 22:00:00,1.09596,1.09816,1.09387,1.09648
2016-03-16 22:00:00,1.09647,1.09949,1.09212,1.09422
2016-03-17 22:00:00,1.09416,1.09467,1.09043,1.09129
2016-03-20 22:00:00,1.09251,1.09431,1.08928,1.09073
2016-03-21 22:00:00,1.09072,1.09161,1.08744,1.09107
2016-03-22 22:00:00,1.09112,1.09238,1.08735,1.09031
2016-03-23 22:00:00,1.09032,1.09093,1.08736,1.09045
2016-03-24 22:00:00,1.09047,1.09237,1.08882,1.09010
2016-03-27 21:00:00,1.09121,1.09218,1.08917,1.09024
2016-03-28 21:00:00,1.08889,1.09287,1.08838,1.09089
2016-03-29 21:00:00,1.08982,1.09422,1.08913,1.09405
2016-03-30 21:00:00,1.09383,1.09528,1.09053,1.09436
2016-03-31 21:00:00,1.09360,1.09501,1.09029,1.09067
2016-04-03 21:00:00,1.08965,1.09317,1.08965,1.09185
2016-04-04 21:00:00,1.09185,1.09250,1.08775,1.08821
2016-04-05 21:00:00,1.08761,1.09117,1.08761,1.08919
2016-04-06 21:00:00,1.08927,1.09064,1.08427,1.08760
2016-04-07 21:00:00,1.08719,1.08941,1.08594,1.08604
2016-04-10 21:00:00,1.08542,1.08981,1.08491,1.08874
2016-04-11 21:00:00,1.08722,1.08924,1.08718,1.08738
2016-04-12 21:00:00,1.08710,1.09106,1.08684,1.08967
2016-04-13 21:00:00,1.08988,1.09035,1.08657,1.08908
2016-04-14 21:00:00,1.08893,1.09266,1.08796,1.09161
2016-04-17 21:00:00,1.09076,1.09227,1.08935,1.09066
2016-04-18 21:00:00,1.09053,1.09285,1.09023,1.09221
2016-04-19 21:00:00,1.09211,1.09891,1.09173,1.09789
2016-04-20 21:00:00,1.09786,1.10065,1.09625,1.10047
2016-04-21 21:00:00,1.10037,1.10160,1.09725,1.09725
2016-04-24 21:00:00,1.09795,1.09933,1.09635,1.09842
2016-04-25 21:00:00,1.09836,1.10028,1.09771,1.09971
2016-04-26 21:00:00,1.09971,1.10091,1.09892,1.09917
2016-04-27 21:00:00,1.09910,1.10048,1.09640,1.09709
2016-04-28 21:00:00,1.09709,1.09936,1.09544,1.09827
2016-05-01 21:00:00,1.09718,1.10090,1.09713,1.10038
2016-05-02 21:00:00,1.10013,1.10163,1.09590,1.09731
2016-05-03 21:00:00,1.09699,1.10033,1.09672,1.09990
2016-05-04 21:00:00,1.09988,1.10490,1.09924,1.10360
2016-05-05 21:00:00,1.10310,1.10925,1.10310,1.10819
2016-05-08 21:00:00,1.10775,1.10870,1.10363,1.10527
2016-05-09 21:00:00,1.10502,1.11030,1.10494,1.10971
2016-05-10 21:00:00,1.10930,1.11076,1.10799,1.10921
2016-05-11 21:00:00,1.10921,1.10977,1.10257,1.10405
2016-05-12 21:00:00,1.10205,1.10502,1.09797,1.09797
2016-05-15 21:00:00,1.10169,1.10716,1.10006,1.10658
2016-05-16 21:00:00,1.10659,1.10947,1.10563,1.10902
2016-05-17 21:00:00,1.10716,1.10963,1.10640,1.10774
2016-05-18 21:00:00,1.10655,1.10993,1.10599,1.10958
2016-05-19 21:00:00,1.10749,1.11280,1.10749,1.10923
2016-05-22 21:00:00,1.10884,1.11225,1.10884,1.11008
2016-05-23 21:00:00,1.10927,1.11128,1.10589,1.10634
2016-05-24 21:00:00,1.10167,1.10686,1.10167,1.10559
2016-05-25 21:00:00,1.10417,1.10862,1.10417,1.10717
2016-05-26 21:00:00,1.10679,1.10789,1.10396,1.10529
2016-05-29 21:00:00,1.10499,1.10705,1.10401,1.10494
2016-05-30 21:00:00,1.10416,1.10738,1.10287,1.10604
2016-05-31 21:00:00,1.10602,1.10690,1.10232,1.10534
2016-06-01 21:00:00,1.10522,1.10670,1.10305,1.10441
2016-06-02 21:00:00,1.10243,1.11054,1.10243,1.10884
2016-06-05 21:00:00,1.10819,1.10980,1.10174,1.10175
2016-06-06 21:00:00,1.10167,1.10323,1.09577,1.09588
2016-06-07 21:00:00,1.09610,1.09847,1.09250,1.09290
2016-06-08 21:00:00,1.09237,1.09369,1.08849,1.09108
2016-06-09 21:00:00,1.09108,1.09157,1.08438,1.08484
2016-06-12 21:00:00,1.08485,1.09219,1.08386,1.08881
2016-06-13 21:00:00,1.08404,1.08879,1.07891,1.07931
2016-06-14 21:00:00,1.07930,1.08611,1.07800,1.08240
2016-06-15 21:00:00,1.08212,1.08638,1.07761,1.08293
2016-06-16 21:00:00,1.08246,1.08738,1.07752,1.07798
2016-06-19 21:00:00,1.08662,1.09078,1.08359,1.08762
2016-06-20 21:00:00,1.08788,1.09030,1.07972,1.08177
2016-06-21 21:00:00,1.08152,1.08501,1.08010,1.08083
2016-06-22 21:00:00,1.08045,1.09196,1.08034,1.08836
2016-06-23 21:00:00,1.08836,1.10123,1.06205,1.07933
2016-06-26 21:00:00,1.06527,1.08045,1.06514,1.07834
2016-06-27 21:00:00,1.07816,1.08729,1.07692,1.08623
2016-06-28 21:00:00,1.08594,1.08984,1.08351,1.08973
2016-06-29 21:00:00,1.08950,1.08984,1.07984,1.08377
2016-06-30 21:00:00,1.08325,1.08575,1.08181,1.08333
2016-07-03 21:00:00,1.08273,1.08523,1.08099,1.08225
2016-07-04 21:00:00,1.08187,1.08486,1.08042,1.08170
2016-07-05 21:00:00,1.08158,1.08398,1.07931,1.08185
2016-07-06 21:00:00,1.08149,1.08363,1.08041,1.08211
2016-07-07 21:00:00,1.08209,1.08734,1.08205,1.08415
2016-07-10 21:00:00,1.08446,1.08736,1.08408,1.08670
2016-07-11 21:00:00,1.08555,1.09440,1.08555,1.09388
2016-07-12 21:00:00,1.09337,1.09434,1.08977,1.09261
2016-07-13 21:00:00,1.09214,1.09415,1.08796,1.09047
2016-07-14 21:00:00,1.09031,1.09164,1.08235,1.08235
2016-07-17 21:00:00,1.08468,1.08938,1.08379,1.08792
2016-07-18 21:00:00,1.08784,1.08899,1.08372,1.08599
2016-07-19 21:00:00,1.08551,1.08910,1.08427,1.08715
2016-07-20 21:00:00,1.08596,1.09031,1.08133,1.08662
2016-07-21 21:00:00,1.08683,1.08753,1.08278,1.08304
2016-07-24 21:00:00,1.08272,1.08459,1.08168,1.08385
2016-07-25 21:00:00,1.08376,1.09072,1.08300,1.09026
2016-07-26 21:00:00,1.08892,1.09364,1.08888,1.09025
2016-07-27 21:00:00,1.08940,1.09333,1.08578,1.08645
2016-07-28 21:00:00,1.08501,1.08654,1.07885,1.08331
2016-07-31 21:00:00,1.08228,1.08360,1.07939,1.08072
2016-08-01 21:00:00,1.07999,1.08340,1.07896,1.08128
2016-08-02 21:00:00,1.08194,1.08580,1.08130,1.08467
2016-08-03 21:00:00,1.08482,1.08506,1.08262,1.08378
2016-08-04 21:00:00,1.08258,1.08769,1.08257,1.08702
2016-08-07 21:00:00,1.08526,1.09030,1.08470,1.08930
2016-08-08 21:00:00,1.08871,1.09191,1.08860,1.09052
2016-08-09 21:00:00,1.09052,1.09242,1.08899,1.08928
2016-08-10 21:00:00,1.08920,1.08984,1.08534,1.08621
2016-08-11 21:00:00,1.08555,1.08985,1.08536,1.08788
2016-08-14 21:00:00,1.08703,1.09022,1.08646,1.08778
2016-08-15 21:00:00,1.08770,1.08885,1.08356,1.08441
2016-08-16 21:00:00,1.08449,1.08636,1.08159,1.08549
2016-08-17 21:00:00,1.08614,1.08696,1.08304,1.08353
2016-08-18 21:00:00,1.08313,1.08736,1.08258,1.08701
2016-08-21 21:00:00,1.08673,1.08935,1.08279,1.08906
2016-08-22 21:00:00,1.08916,1.09058,1.08756,1.08860
2016-08-23 21:00:00,1.08871,1.08980,1.08682,1.08900
2016-08-24 21:00:00,1.08884,1.09197,1.08818,1.09147
2016-08-25 21:00:00,1.09175,1.09577,1.08981,1.09433
2016-08-28 21:00:00,1.09402,1.09541,1.09251,1.09446
2016-08-29 21:00:00,1.09426,1.09639,1.09321,1.09616
2016-08-30 21:00:00,1.09506,1.09766,1.09364,1.09752
2016-08-31 21:00:00,1.09699,1.10002,1.09555,1.09728
2016-09-01 21:00:00,1.09610,1.09815,1.08877,1.08877
2016-09-04 21:00:00,1.09328,1.09393,1.09210,1.09212
2016-09-05 21:00:00,1.09132,1.09449,1.09075,1.09120
2016-09-06 21:00:00,1.09096,1.09178,1.08869,1.08974
2016-09-07 21:00:00,1.08882,1.09543,1.08882,1.09511
2016-09-08 21:00:00,1.09487,1.09752,1.09080,1.09080
2016-09-11 21:00:00,1.09429,1.09733,1.09151,1.09201
2016-09-12 21:00:00,1.09146,1.09678,1.09108,1.09510
2016-09-13 21:00:00,1.09510,1.09842,1.09372,1.09486
2016-09-14 21:00:00,1.09380,1.09617,1.09201,1.09254
2016-09-15 21:00:00,1.09145,1.09557,1.09145,1.09302
2016-09-18 21:00:00,1.09158,1.09590,1.09098,1.09501
2016-09-19 21:00:00,1.09473,1.09590,1.09163,1.09167
2016-09-20 21:00:00,1.09196,1.09233,1.08742,1.08927
2016-09-21 21:00:00,1.08899,1.09078,1.08540,1.08540
2016-09-22 21:00:00,1.08526,1.09133,1.08381,1.08381
2016-09-25 21:00:00,1.08805,1.09105,1.08764,1.09045
2016-09-26 21:00:00,1.09002,1.09109,1.08692,1.08841
2016-09-27 21:00:00,1.08842,1.08998,1.08742,1.08868
2016-09-28 21:00:00,1.08881,1.09082,1.08314,1.08373
2016-09-29 21:00:00,1.08333,1.09176,1.08101,1.09155
2016-10-02 21:00:00,1.08930,1.09273,1.08902,1.09096
2016-10-03 21:00:00,1.09096,1.09740,1.09061,1.09658
2016-10-04 21:00:00,1.09630,1.09748,1.09125,1.09141
2016-10-05 21:00:00,1.09143,1.09486,1.09074,1.09347
2016-10-06 21:00:00,1.09352,1.09566,1.09091,1.09299
2016-10-09 21:00:00,1.09194,1.09717,1.09193,1.09432
2016-10-10 21:00:00,1.09381,1.09578,1.09211,1.09288
2016-10-11 21:00:00,1.09253,1.09302,1.08915,1.08985
2016-10-12 21:00:00,1.08977,1.09098,1.08685,1.09002
2016-10-13 21:00:00,1.08997,1.09066,1.08274,1.08274
2016-10-16 21:00:00,1.08567,1.08852,1.08557,1.08763
2016-10-17 21:00:00,1.08754,1.08943,1.08650,1.08665
2016-10-18 21:00:00,1.08644,1.08801,1.08448,1.08528
2016-10-19 21:00:00,1.08491,1.08716,1.08322,1.08468
2016-10-20 21:00:00,1.08456,1.08530,1.08062,1.08112
2016-10-23 21:00:00,1.08197,1.08287,1.07966,1.08113
2016-10-24 21:00:00,1.08044,1.08632,1.08037,1.08264
2016-10-25 21:00:00,1.08222,1.08428,1.08189,1.08342
2016-10-26 21:00:00,1.08345,1.08480,1.08215,1.08215
2016-10-27 21:00:00,1.08241,1.08633,1.08192,1.08383
2016-10-30 22:00:00,1.08462,1.08631,1.08167,1.08551
2016-10-31 22:00:00,1.08550,1.08567,1.07611,1.07797
2016-11-01 22:00:00,1.07797,1.08050,1.07532,1.07970
2016-11-02 22:00:00,1.07976,1.08232,1.07719,1.08170
2016-11-03 22:00:00,1.08170,1.08250,1.07639,1.07811
2016-11-06 22:00:00,1.07893,1.08263,1.07542,1.07542
2016-11-07 22:00:00,1.07521,1.07872,1.07508,1.07807
2016-11-08 22:00:00,1.07756,1.08310,1.07370,1.07372
2016-11-09 22:00:00,1.07357,1.07779,1.07354,1.07452
2016-11-10 22:00:00,1.07455,1.07601,1.06794,1.06794
2016-11-13 22:00:00,1.07120,1.07479,1.06869,1.07151
2016-11-14 22:00:00,1.07051,1.07583,1.07042,1.07397
2016-11-15 22:00:00,1.07392,1.07547,1.07036,1.07081
2016-11-16 22:00:00,1.07081,1.07414,1.06941,1.06983
2016-11-17 22:00:00,1.06954,1.07196,1.06854,1.06927
2016-11-20 22:00:00,1.06976,1.07396,1.06910,1.07172
2016-11-21 22:00:00,1.07181,1.07482,1.06961,1.07408
2016-11-22 22:00:00,1.07378,1.07521,1.07111,1.07212
2016-11-23 22:00:00,1.07234,1.07438,1.07153,1.07257
2016-11-24 22:00:00,1.07252,1.07551,1.07031,1.07284
2016-11-27 22:00:00,1.07337,1.07694,1.07299,1.07492
2016-11-28 22:00:00,1.07456,1.07757,1.07261,1.07735
2016-11-29 22:00:00,1.07704,1.08159,1.07634,1.07709
2016-11-30 22:00:00,1.07737,1.07827,1.07476,1.07679
2016-12-01 22:00:00,1.07689,1.07895,1.07327,1.07725
2016-12-04 22:00:00,1.07299,1.08522,1.06945,1.08316
2016-12-05 22:00:00,1.08295,1.08476,1.08080,1.08214
2016-12-06 22:00:00,1.08206,1.08477,1.08154,1.08307
2016-12-07 22:00:00,1.08272,1.08971,1.07765,1.07851
2016-12-08 22:00:00,1.07840,1.07967,1.06970,1.06970
2016-12-11 22:00:00,1.07147,1.07885,1.06917,1.07738
2016-12-12 22:00:00,1.07738,1.07869,1.07341,1.07485
2016-12-13 22:00:00,1.07531,1.07759,1.07290,1.07475
2016-12-14 22:00:00,1.07393,1.07659,1.07183,1.07237
2016-12-15 22:00:00,1.07167,1.07565,1.06864,1.06864
2016-12-18 22:00:00,1.07157,1.07344,1.06790,1.06856
2016-12-19 22:00:00,1.06858,1.06941,1.06765,1.06847
2016-12-20 22:00:00,1.06868,1.07064,1.06722,1.07013
2016-12-21 22:00:00,1.06973,1.07297,1.06807,1.06966
2016-12-22 22:00:00,1.07039,1.07400,1.06784,1.06784
2016-12-25 22:00:00,1.07267,1.07356,1.07059,1.07289
2016-12-26 22:00:00,1.07289,1.07610,1.07189,1.07481
2016-12-27 22:00:00,1.07411,1.07596,1.06975,1.07004
2016-12-28 22:00:00,1.07026,1.07388,1.06944,1.07307
2016-12-29 22:00:00,1.07243,1.07599,1.06832,1.06832
2017-01-01 22:00:00,1.07001,1.07333,1.06734,1.06854
2017-01-02 22:00:00,1.06878,1.07180,1.06764,1.06882
2017-01-03 22:00:00,1.06835,1.07316,1.06682,1.06987
2017-01-04 22:00:00,1.07044,1.07371,1.06914,1.07081
2017-01-05 22:00:00,1.07030,1.07335,1.06954,1.06954
2017-01-08 22:00:00,1.07096,1.07357,1.07038,1.07320
2017-01-09 22:00:00,1.07254,1.07465,1.07199,1.07301
2017-01-10 22:00:00,1.07269,1.07370,1.07040,1.07296
2017-01-11 22:00:00,1.07258,1.07470,1.07092,1.07265
2017-01-12 22:00:00,1.07246,1.07401,1.07089,1.07175
2017-01-15 22:00:00,1.07084,1.07372,1.07000,1.07156
2017-01-16 22:00:00,1.07118,1.07337,1.07004,1.07277
2017-01-17 22:00:00,1.07249,1.07320,1.06927,1.07050
2017-01-18 22:00:00,1.07040,1.07369,1.06988,1.07270
2017-01-19 22:00:00,1.07242,1.07399,1.07123,1.07128
2017-01-22 22:00:00,1.07139,1.07381,1.07044,1.07217
2017-01-23 22:00:00,1.07224,1.07502,1.07141,1.07396
2017-01-24 22:00:00,1.07312,1.07446,1.07282,1.07378
2017-01-25 22:00:00,1.07329,1.07438,1.06685,1.06769
2017-01-26 22:00:00,1.06711,1.06960,1.06711,1.06845
2017-01-29 22:00:00,1.06855,1.06979,1.06362,1.06426
2017-01-30 22:00:00,1.06362,1.06846,1.06340,1.06765
2017-01-31 22:00:00,1.06758,1.06973,1.06684,1.06903
2017-02-01 22:00:00,1.06915,1.06995,1.06726,1.06776
2017-02-02 22:00:00,1.06783,1.07074,1.06610,1.06610
2017-02-05 22:00:00,1.06916,1.07027,1.06477,1.06499
2017-02-06 22:00:00,1.06504,1.06687,1.06378,1.06547
2017-02-07 22:00:00,1.06515,1.06597,1.06313,1.06396
2017-02-08 22:00:00,1.06407,1.06819,1.06339,1.06698
2017-02-09 22:00:00,1.06693,1.06849,1.06291,1.06291
2017-02-12 22:00:00,1.06584,1.06804,1.06532,1.06571
2017-02-13 22:00:00,1.06607,1.06742,1.06401,1.06414
2017-02-14 22:00:00,1.06375,1.06652,1.06370,1.06555
2017-02-15 22:00:00,1.06486,1.06629,1.06389,1.06389
2017-02-16 22:00:00,1.06458,1.06514,1.06342,1.06391
2017-02-19 22:00:00,1.06350,1.06637,1.06283,1.06408
2017-02-20 22:00:00,1.06379,1.06472,1.06309,1.06343
2017-02-21 22:00:00,1.06329,1.06763,1.06328,1.06667
2017-02-22 22:00:00,1.06656,1.06730,1.06458,1.06468
2017-02-23 22:00:00,1.06426,1.06593,1.05991,1.05991
2017-02-26 22:00:00,1.06375,1.06867,1.06370,1.06817
2017-02-27 22:00:00,1.06778,1.06863,1.06368,1.06370
2017-02-28 22:00:00,1.06352,1.06611,1.06301,1.06372
2017-03-01 22:00:00,1.06369,1.06548,1.06333,1.06456
2017-03-02 22:00:00,1.06425,1.07140,1.06281,1.06615
2017-03-05 22:00:00,1.06881,1.07213,1.06810,1.07050
2017-03-06 22:00:00,1.07040,1.07462,1.06949,1.07047
2017-03-07 22:00:00,1.07047,1.07117,1.06874,1.06958
2017-03-08 22:00:00,1.06934,1.07491,1.06872,1.07034
2017-03-09 22:00:00,1.07025,1.07976,1.06924,1.07611
2017-03-12 22:00:00,1.07887,1.08239,1.07258,1.07307
2017-03-13 22:00:00,1.07297,1.07438,1.07092,1.07119
2017-03-14 22:00:00,1.07119,1.07476,1.07017,1.07409
2017-03-15 22:00:00,1.07407,1.07448,1.06829,1.07285
2017-03-16 22:00:00,1.07285,1.07421,1.06943,1.07177
2017-03-19 22:00:00,1.07104,1.07452,1.07084,1.07221
2017-03-20 22:00:00,1.07213,1.07614,1.07147,1.07412
2017-03-21 22:00:00,1.07412,1.07454,1.06857,1.07021
2017-03-22 22:00:00,1.07021,1.07215,1.06938,1.07081
2017-03-23 22:00:00,1.07080,1.07210,1.06957,1.07038
2017-03-26 21:00:00,1.07096,1.07203,1.06900,1.07065
2017-03-27 21:00:00,1.07034,1.07336,1.06839,1.07298
2017-03-28 21:00:00,1.07270,1.07349,1.07006,1.07258
2017-03-29 21:00:00,1.07265,1.07285,1.06847,1.06855
2017-03-30 21:00:00,1.06846,1.07093,1.06817,1.06817
2017-04-02 21:00:00,1.06807,1.06936,1.06727,1.06848
2017-04-03 21:00:00,1.06848,1.06941,1.06685,1.06914
2017-04-04 21:00:00,1.06891,1.07251,1.06815,1.07134
2017-04-05 21:00:00,1.07104,1.07192,1.06941,1.06954
2017-04-06 21:00:00,1.06923,1.07058,1.06772,1.06814
2017-04-09 21:00:00,1.06745,1.06900,1.06745,1.06815
2017-04-10 21:00:00,1.06804,1.06994,1.06670,1.06821
2017-04-11 21:00:00,1.06784,1.06990,1.06646,1.06919
2017-04-12 21:00:00,1.06927,1.06998,1.06678,1.06732
2017-04-13 21:00:00,1.06723,1.06795,1.06447,1.06665
2017-04-16 21:00:00,1.06653,1.06919,1.06500,1.06881
2017-04-17 21:00:00,1.06799,1.06929,1.06754,1.06868
2017-04-18 21:00:00,1.06868,1.06977,1.06758,1.06900
2017-04-19 21:00:00,1.06893,1.07194,1.06725,1.07010
2017-04-20 21:00:00,1.07009,1.07098,1.06648,1.06648
2017-04-23 21:00:00,1.08029,1.08362,1.07794,1.08199
2017-04-24 21:00:00,1.08187,1.08690,1.08131,1.08556
2017-04-25 21:00:00,1.08559,1.08687,1.08157,1.08286
2017-04-26 21:00:00,1.08295,1.08487,1.08005,1.08044
2017-04-27 21:00:00,1.08016,1.08441,1.07978,1.08265
2017-04-30 21:00:00,1.08298,1.08621,1.08220,1.08582
2017-05-01 21:00:00,1.08532,1.08724,1.08131,1.08388
2017-05-02 21:00:00,1.08315,1.08396,1.07913,1.08266
2017-05-03 21:00:00,1.08240,1.08541,1.08179,1.08325
2017-05-04 21:00:00,1.08327,1.08642,1.08244,1.08330
2017-05-07 21:00:00,1.08799,1.09176,1.08490,1.09072
2017-05-08 21:00:00,1.09071,1.09776,1.08993,1.09523
2017-05-09 21:00:00,1.09525,1.09731,1.09374,1.09630
2017-05-10 21:00:00,1.09630,1.09736,1.09297,1.09440
2017-05-11 21:00:00,1.09439,1.09865,1.09196,1.09260
2017-05-14 21:00:00,1.09296,1.09533,1.09244,1.09366
2017-05-15 21:00:00,1.09367,1.09589,1.08866,1.09252
2017-05-16 21:00:00,1.09232,1.09290,1.08899,1.09199
2017-05-17 21:00:00,1.09198,1.09272,1.08652,1.08759
2017-05-18 21:00:00,1.08763,1.09280,1.08734,1.08990
2017-05-21 21:00:00,1.09006,1.09478,1.08811,1.09376
2017-05-22 21:00:00,1.09373,1.09434,1.09040,1.09108
2017-05-23 21:00:00,1.09101,1.09369,1.09019,1.09174
2017-05-24 21:00:00,1.09174,1.09286,1.08893,1.09009
2017-05-25 21:00:00,1.08995,1.09099,1.08652,1.08652
2017-05-28 21:00:00,1.08758,1.09127,1.08758,1.09089
2017-05-29 21:00:00,1.09089,1.09158,1.08804,1.08999
2017-05-30 21:00:00,1.09013,1.09106,1.08682,1.08784
2017-05-31 21:00:00,1.08785,1.09017,1.08737,1.08916
2017-06-01 21:00:00,1.08825,1.08999,1.08450,1.08450
2017-06-04 21:00:00,1.08592,1.08702,1.08448,1.08622
2017-06-05 21:00:00,1.08489,1.08640,1.08425,1.08466
2017-06-06 21:00:00,1.08416,1.08656,1.08371,1.08579
2017-06-07 21:00:00,1.08591,1.08753,1.08436,1.08456
2017-06-08 21:00:00,1.08432,1.08713,1.08281,1.08429
2017-06-11 21:00:00,1.08435,1.08651,1.08435,1.08529
2017-06-12 21:00:00,1.08481,1.08610,1.08385,1.08595
2017-06-13 21:00:00,1.08475,1.09081,1.08443,1.08930
2017-06-14 21:00:00,1.08842,1.08988,1.08654,1.08689
2017-06-15 21:00:00,1.08621,1.09045,1.08621,1.08800
2017-06-18 21:00:00,1.08987,1.09082,1.08643,1.08747
2017-06-19 21:00:00,1.08733,1.08800,1.08504,1.08544
2017-06-20 21:00:00,1.08541,1.08642,1.08433,1.08589
2017-06-21 21:00:00,1.08569,1.08718,1.08339,1.08343
2017-06-22 21:00:00,1.08343,1.08586,1.08312,1.08420
2017-06-25 21:00:00,1.08393,1.08866,1.08367,1.08703
2017-06-26 21:00:00,1.08632,1.08945,1.08632,1.08886
2017-06-27 21:00:00,1.08852,1.09247,1.08808,1.09168
2017-06-28 21:00:00,1.09146,1.09465,1.08960,1.09343
2017-06-29 21:00:00,1.09232,1.09529,1.09201,1.09435
2017-07-02 21:00:00,1.09354,1.09571,1.09185,1.09483
2017-07-03 21:00:00,1.09453,1.09570,1.09332,1.09533
2017-07-04 21:00:00,1.09322,1.09643,1.09090,1.09423
2017-07-05 21:00:00,1.09368,1.09909,1.09330,1.09705
2017-07-06 21:00:00,1.09499,1.09993,1.09499,1.09714
2017-07-09 21:00:00,1.09790,1.10189,1.09731,1.10065
2017-07-10 21:00:00,1.09965,1.10599,1.09965,1.10507
2017-07-11 21:00:00,1.10401,1.10560,1.09976,1.10146
2017-07-12 21:00:00,1.10148,1.10382,1.09837,1.10221
2017-07-13 21:00:00,1.09974,1.10726,1.09974,1.10438
2017-07-16 21:00:00,1.10423,1.10545,1.10045,1.10457
2017-07-17 21:00:00,1.10328,1.10699,1.10164,1.10340
2017-07-18 21:00:00,1.10310,1.10348,1.09866,1.10031
2017-07-19 21:00:00,1.09955,1.10754,1.09915,1.10646
2017-07-20 21:00:00,1.10627,1.10876,1.10222,1.10241
2017-07-23 21:00:00,1.10205,1.10479,1.10066,1.10169
2017-07-24 21:00:00,1.10097,1.10922,1.10080,1.10918
2017-07-25 21:00:00,1.10861,1.11743,1.10786,1.11538
2017-07-26 21:00:00,1.11506,1.12749,1.11481,1.12720
2017-07-27 21:00:00,1.12622,1.14057,1.12613,1.13764
2017-07-30 21:00:00,1.13738,1.14543,1.13346,1.14483
2017-07-31 21:00:00,1.14408,1.14492,1.13860,1.13962
2017-08-01 21:00:00,1.13864,1.15232,1.13864,1.15128
2017-08-02 21:00:00,1.15068,1.15178,1.14591,1.14945
2017-08-03 21:00:00,1.14910,1.15370,1.14116,1.14500
2017-08-06 21:00:00,1.14484,1.15016,1.14366,1.14800
2017-08-07 21:00:00,1.14516,1.15005,1.14384,1.14477
2017-08-08 21:00:00,1.14444,1.14517,1.12597,1.13277
2017-08-09 21:00:00,1.13248,1.13470,1.12997,1.13313
2017-08-10 21:00:00,1.13296,1.13851,1.12722,1.13532
2017-08-13 21:00:00,1.13728,1.14600,1.13599,1.14536
2017-08-14 21:00:00,1.14261,1.14771,1.13915,1.14117
2017-08-15 21:00:00,1.14090,1.14423,1.13568,1.13631
2017-08-16 21:00:00,1.13627,1.13746,1.12811,1.12876
2017-08-17 21:00:00,1.12847,1.13597,1.12583,1.13453
2017-08-20 21:00:00,1.13363,1.13782,1.13203,1.13630
2017-08-21 21:00:00,1.13535,1.13888,1.13423,1.13869
2017-08-22 21:00:00,1.13801,1.14228,1.13753,1.14013
2017-08-23 21:00:00,1.13909,1.14093,1.13548,1.13933
2017-08-24 21:00:00,1.13896,1.14086,1.13569,1.13732
2017-08-27 21:00:00,1.14004,1.14445,1.13660,1.14396
2017-08-28 21:00:00,1.14399,1.14511,1.13595,1.14414
2017-08-29 21:00:00,1.14414,1.14686,1.14003,1.14532
2017-08-30 21:00:00,1.14479,1.14714,1.14090,1.14117
2017-08-31 21:00:00,1.14048,1.14571,1.13949,1.14427
2017-09-03 21:00:00,1.13914,1.14274,1.13722,1.13952
2017-09-04 21:00:00,1.13952,1.14200,1.13666,1.13820
2017-09-05 21:00:00,1.13650,1.14215,1.13650,1.14047
2017-09-06 21:00:00,1.13937,1.14810,1.13712,1.14298
2017-09-07 21:00:00,1.14231,1.14336,1.13559,1.13570
2017-09-10 21:00:00,1.13751,1.14342,1.13699,1.14307
2017-09-11 21:00:00,1.13968,1.15000,1.13949,1.14854
2017-09-12 21:00:00,1.14854,1.15124,1.14538,1.14545
2017-09-13 21:00:00,1.14545,1.15291,1.14387,1.14693
2017-09-14 21:00:00,1.14694,1.15003,1.14504,1.14618
2017-09-17 21:00:00,1.14562,1.15002,1.14505,1.14862
2017-09-18 21:00:00,1.14862,1.15638,1.14826,1.15448
2017-09-19 21:00:00,1.15448,1.15578,1.15119,1.15341
2017-09-20 21:00:00,1.15341,1.16049,1.15165,1.15877
2017-09-21 21:00:00,1.15875,1.16235,1.15600,1.15773
2017-09-24 21:00:00,1.15486,1.15904,1.14116,1.14451
2017-09-25 21:00:00,1.14451,1.14883,1.14077,1.14225
2017-09-26 21:00:00,1.14225,1.14601,1.14118,1.14133
2017-09-27 21:00:00,1.14133,1.14738,1.14078,1.14315
2017-09-28 21:00:00,1.14313,1.14681,1.14269,1.14320
2017-10-01 21:00:00,1.14228,1.14507,1.13883,1.14356
2017-10-02 21:00:00,1.14356,1.14639,1.14276,1.14320
2017-10-03 21:00:00,1.14320,1.14823,1.14237,1.14646
2017-10-04 21:00:00,1.14646,1.14951,1.14520,1.14541
2017-10-05 21:00:00,1.14541,1.14987,1.14493,1.14701
2017-10-08 21:00:00,1.14702,1.15178,1.14657,1.15018
2017-10-09 21:00:00,1.15018,1.15248,1.14637,1.15127
2017-10-10 21:00:00,1.15127,1.15462,1.14988,1.15428
2017-10-11 21:00:00,1.15428,1.15659,1.15312,1.15379
2017-10-12 21:00:00,1.15379,1.15533,1.15117,1.15148
2017-10-15 21:00:00,1.15146,1.15247,1.14876,1.15025
2017-10-16 21:00:00,1.15025,1.15267,1.14846,1.15104
2017-10-17 21:00:00,1.15104,1.15786,1.15068,1.15693
2017-10-18 21:00:00,1.15693,1.15849,1.15239,1.15677
2017-10-19 21:00:00,1.15677,1.16291,1.15513,1.15909
2017-10-22 21:00:00,1.15889,1.16031,1.15700,1.15727
2017-10-23 21:00:00,1.15727,1.16595,1.15653,1.16550
2017-10-24 21:00:00,1.16550,1.17055,1.16397,1.16902
2017-10-25 21:00:00,1.16903,1.17107,1.16154,1.16215
2017-10-26 21:00:00,1.16215,1.16491,1.15601,1.15742
2017-10-29 22:00:00,1.15581,1.16187,1.15581,1.15845
2017-10-30 22:00:00,1.15845,1.16332,1.15818,1.16173
2017-10-31 22:00:00,1.16175,1.16643,1.16087,1.16560
2017-11-01 22:00:00,1.16555,1.16642,1.16273,1.16486
2017-11-02 22:00:00,1.16486,1.16525,1.16109,1.16117
2017-11-05 22:00:00,1.16097,1.16403,1.15767,1.15801
2017-11-06 22:00:00,1.15799,1.15978,1.15424,1.15802
2017-11-07 22:00:00,1.15802,1.16002,1.15740,1.15943
2017-11-08 22:00:00,1.15918,1.16195,1.15556,1.15677
2017-11-09 22:00:00,1.15677,1.16200,1.15295,1.16139
2017-11-12 22:00:00,1.15877,1.16297,1.15837,1.16215
2017-11-13 22:00:00,1.16215,1.16760,1.16197,1.16711
2017-11-14 22:00:00,1.16711,1.16894,1.16485,1.16497
2017-11-15 22:00:00,1.16497,1.17038,1.16415,1.16995
2017-11-16 22:00:00,1.16994,1.17225,1.16501,1.16510
2017-11-19 22:00:00,1.16558,1.16824,1.15905,1.16555
2017-11-20 22:00:00,1.16554,1.16704,1.16180,1.16366
2017-11-21 22:00:00,1.16355,1.16455,1.15853,1.16062
2017-11-22 22:00:00,1.16062,1.16409,1.15853,1.16299
2017-11-23 22:00:00,1.16297,1.16978,1.16251,1.16797
2017-11-26 22:00:00,1.16743,1.17228,1.16726,1.16726
2017-11-27 22:00:00,1.16726,1.16993,1.16453,1.16453
2017-11-28 22:00:00,1.16453,1.16813,1.16436,1.16631
2017-11-29 22:00:00,1.16617,1.17158,1.16491,1.17060
2017-11-30 22:00:00,1.17042,1.17367,1.15981,1.16016
2017-12-03 22:00:00,1.16355,1.16932,1.16262,1.16879
2017-12-04 22:00:00,1.16879,1.17034,1.16602,1.16712
2017-12-05 22:00:00,1.16712,1.17006,1.16582,1.16749
2017-12-06 22:00:00,1.16749,1.17169,1.16596,1.17048
2017-12-07 22:00:00,1.17048,1.17193,1.16755,1.16932
2017-12-10 22:00:00,1.16919,1.16963,1.16695,1.16695
2017-12-11 22:00:00,1.16695,1.16846,1.16246,1.16424
2017-12-12 22:00:00,1.16424,1.16563,1.16131,1.16531
2017-12-13 22:00:00,1.16531,1.17042,1.16369,1.16458
2017-12-14 22:00:00,1.16463,1.16868,1.16299,1.16395
2017-12-17 22:00:00,1.16341,1.16677,1.16105,1.16109
2017-12-18 22:00:00,1.16109,1.16765,1.16074,1.16580
2017-12-19 22:00:00,1.16580,1.17201,1.16527,1.17129
2017-12-20 22:00:00,1.17129,1.17500,1.16895,1.17334
2017-12-21 22:00:00,1.17319,1.17443,1.16958,1.17321
2017-12-25 22:00:00,1.17437,1.17547,1.17293,1.17293
2017-12-26 22:00:00,1.17293,1.17765,1.17197,1.17220
2017-12-27 22:00:00,1.17220,1.17375,1.16805,1.16875
2017-12-28 22:00:00,1.16875,1.17223,1.16710,1.16903
2018-01-01 22:00:00,1.16987,1.17276,1.16853,1.17135
2018-01-02 22:00:00,1.17135,1.17623,1.17003,1.17384
2018-01-03 22:00:00,1.17384,1.17750,1.17306,1.17450
2018-01-04 22:00:00,1.17450,1.17783,1.17210,1.17258
2018-01-07 22:00:00,1.17280,1.17463,1.16831,1.16895
2018-01-08 22:00:00,1.16866,1.17385,1.16836,1.17250
2018-01-09 22:00:00,1.17250,1.17472,1.16854,1.16892
2018-01-10 22:00:00,1.16892,1.17570,1.16858,1.17402
2018-01-11 22:00:00,1.17402,1.18099,1.17353,1.18050
2018-01-14 22:00:00,1.18029,1.18327,1.17829,1.18054
2018-01-15 22:00:00,1.18054,1.18280,1.17601,1.17622
2018-01-16 22:00:00,1.17622,1.18019,1.17527,1.17583
2018-01-17 22:00:00,1.17583,1.17747,1.17283,1.17297
2018-01-18 22:00:00,1.17297,1.17815,1.17111,1.17768
2018-01-21 22:00:00,1.17902,1.17975,1.17510,1.17884
2018-01-22 22:00:00,1.17884,1.17964,1.17674,1.17747
2018-01-23 22:00:00,1.17725,1.17876,1.16846,1.17050
2018-01-24 22:00:00,1.17050,1.17373,1.16257,1.16625
2018-01-25 22:00:00,1.16614,1.16906,1.15873,1.16050
2018-01-28 22:00:00,1.15940,1.16374,1.15407,1.16058
2018-01-29 22:00:00,1.16060,1.16138,1.15678,1.15870
2018-01-30 22:00:00,1.15870,1.16370,1.15528,1.15534
2018-01-31 22:00:00,1.15534,1.16068,1.15474,1.15819
2018-02-01 22:00:00,1.15819,1.16225,1.15623,1.16032
2018-02-04 22:00:00,1.15957,1.16394,1.15079,1.15169
2018-02-05 22:00:00,1.15144,1.16282,1.15117,1.15830
2018-02-06 22:00:00,1.15830,1.16191,1.15579,1.15668
2018-02-07 22:00:00,1.15761,1.15943,1.14454,1.14647
2018-02-08 22:00:00,1.14647,1.15278,1.14494,1.15105
2018-02-11 22:00:00,1.15105,1.15497,1.14764,1.15406
2018-02-12 22:00:00,1.15381,1.15619,1.15072,1.15470
2018-02-13 22:00:00,1.15470,1.15847,1.14977,1.15679
2018-02-14 22:00:00,1.15679,1.15736,1.15188,1.15284
2018-02-15 22:00:00,1.15284,1.15462,1.15017,1.15108
2018-02-18 22:00:00,1.15062,1.15355,1.15031,1.15236
2018-02-19 22:00:00,1.15211,1.15576,1.15176,1.15456
2018-02-20 22:00:00,1.15456,1.15601,1.15299,1.15302
2018-02-21 22:00:00,1.15302,1.15440,1.14981,1.15003
2018-02-22 22:00:00,1.15003,1.15232,1.14905,1.15116
2018-02-25 22:00:00,1.15008,1.15548,1.14953,1.15510
2018-02-26 22:00:00,1.15511,1.15628,1.14833,1.14834
2018-02-27 22:00:00,1.14821,1.15342,1.14820,1.15154
2018-02-28 22:00:00,1.15155,1.15603,1.15107,1.15503
2018-03-01 22:00:00,1.15503,1.15602,1.14955,1.15515
2018-03-04 22:00:00,1.15455,1.16002,1.15101,1.15912
2018-03-05 22:00:00,1.15913,1.16735,1.15881,1.16645
2018-03-06 22:00:00,1.16625,1.17122,1.16308,1.17075
2018-03-07 22:00:00,1.17076,1.17410,1.16820,1.17067
2018-03-08 22:00:00,1.17039,1.17262,1.16755,1.17069
2018-03-11 22:00:00,1.17097,1.17154,1.16731,1.16857
2018-03-12 22:00:00,1.16857,1.17084,1.16778,1.16918
2018-03-13 22:00:00,1.16921,1.17121,1.16816,1.16838
2018-03-14 22:00:00,1.16838,1.17120,1.16774,1.17023
2018-03-15 22:00:00,1.17023,1.17132,1.16878,1.16996
2018-03-18 22:00:00,1.17024,1.17440,1.16926,1.17328
2018-03-19 22:00:00,1.17328,1.17490,1.16953,1.17064
2018-03-20 22:00:00,1.17064,1.17287,1.16882,1.17078
2018-03-21 22:00:00,1.17078,1.17242,1.16506,1.16764
2018-03-22 22:00:00,1.16764,1.17154,1.16535,1.17013
2018-03-25 21:00:00,1.16891,1.17735,1.16861,1.17636
2018-03-26 21:00:00,1.17636,1.17735,1.17372,1.17398
2018-03-27 21:00:00,1.17398,1.18030,1.17351,1.17717
2018-03-28 21:00:00,1.17717,1.17961,1.17540,1.17621
2018-03-29 21:00:00,1.17621,1.17680,1.17319,1.17514
2018-04-01 21:00:00,1.17400,1.17633,1.17334,1.17435
2018-04-02 21:00:00,1.17398,1.17743,1.17366,1.17611
2018-04-03 21:00:00,1.17648,1.18045,1.17528,1.17960
2018-04-04 21:00:00,1.17946,1.18048,1.17716,1.17931
2018-04-05 21:00:00,1.17911,1.18041,1.17687,1.17776
2018-04-08 21:00:00,1.17662,1.17981,1.17611,1.17797
2018-04-09 21:00:00,1.17755,1.18256,1.17674,1.18210
2018-04-10 21:00:00,1.18210,1.18803,1.18153,1.18419
2018-04-11 21:00:00,1.18445,1.18895,1.18379,1.18582
2018-04-12 21:00:00,1.18587,1.18792,1.18497,1.18647
2018-04-15 21:00:00,1.18495,1.18846,1.18495,1.18822
2018-04-16 21:00:00,1.18797,1.19536,1.18738,1.19505
2018-04-17 21:00:00,1.19495,1.19917,1.19451,1.19853
2018-04-18 21:00:00,1.19829,1.20012,1.19560,1.19900
2018-04-19 21:00:00,1.19900,1.20050,1.19497,1.19795
2018-04-22 21:00:00,1.19640,1.19833,1.19259,1.19405
2018-04-23 21:00:00,1.19409,1.19901,1.19247,1.19734
2018-04-24 21:00:00,1.19734,1.19967,1.19553,1.19558
2018-04-25 21:00:00,1.19555,1.19900,1.19513,1.19705
2018-04-26 21:00:00,1.19667,1.19840,1.19524,1.19825
2018-04-29 21:00:00,1.19739,1.19873,1.19557,1.19662
2018-04-30 21:00:00,1.19662,1.19732,1.19352,1.19502
2018-05-01 21:00:00,1.19502,1.19634,1.19347,1.19396
2018-05-02 21:00:00,1.19396,1.19687,1.19346,1.19576
2018-05-03 21:00:00,1.19576,1.19747,1.19360,1.19609
2018-05-06 21:00:00,1.19567,1.19793,1.19469,1.19542
2018-05-07 21:00:00,1.19542,1.19597,1.18658,1.18846
2018-05-08 21:00:00,1.18846,1.19221,1.18662,1.19133
2018-05-09 21:00:00,1.19133,1.19574,1.18983,1.19483
2018-05-10 21:00:00,1.19483,1.19576,1.19246,1.19427
2018-05-13 21:00:00,1.19361,1.19798,1.19305,1.19311
2018-05-14 21:00:00,1.19299,1.19411,1.18480,1.18515
2018-05-15 21:00:00,1.18485,1.18588,1.17710,1.18200
2018-05-16 21:00:00,1.18204,1.18404,1.18024,1.18073
2018-05-17 21:00:00,1.18073,1.18174,1.17295,1.17408
2018-05-20 21:00:00,1.17364,1.17615,1.17068,1.17572
2018-05-21 21:00:00,1.17528,1.17710,1.16840,1.16903
2018-05-22 21:00:00,1.16910,1.16964,1.15808,1.16445
2018-05-23 21:00:00,1.16444,1.16524,1.15882,1.16156
2018-05-24 21:00:00,1.16089,1.16423,1.15233,1.15330
2018-05-27 21:00:00,1.15782,1.16285,1.15451,1.15473
2018-05-28 21:00:00,1.15477,1.15540,1.13673,1.14379
2018-05-29 21:00:00,1.14303,1.15666,1.14099,1.15362
2018-05-30 21:00:00,1.15362,1.15712,1.14632,1.15220
2018-05-31 21:00:00,1.15219,1.15739,1.15010,1.15170
2018-06-03 21:00:00,1.15097,1.15644,1.15092,1.15519
2018-06-04 21:00:00,1.15546,1.15632,1.15060,1.15359
2018-06-05 21:00:00,1.15327,1.16397,1.15280,1.16082
2018-06-06 21:00:00,1.16087,1.16346,1.15579,1.15650
2018-06-07 21:00:00,1.15629,1.16183,1.15368,1.15891
2018-06-10 21:00:00,1.15892,1.16565,1.15887,1.16096
2018-06-11 21:00:00,1.16104,1.16249,1.15807,1.15910
2018-06-12 21:00:00,1.15892,1.16238,1.15860,1.16168
2018-06-13 21:00:00,1.16141,1.16478,1.15289,1.15296
2018-06-14 21:00:00,1.15296,1.15858,1.15236,1.15759
2018-06-17 21:00:00,1.15536,1.15716,1.15329,1.15641
2018-06-18 21:00:00,1.15559,1.15699,1.14868,1.15130
2018-06-19 21:00:00,1.15130,1.15518,1.14954,1.15306
2018-06-20 21:00:00,1.15339,1.15405,1.14786,1.15085
2018-06-21 21:00:00,1.15077,1.15506,1.14937,1.15140
2018-06-24 21:00:00,1.15125,1.15570,1.14893,1.15491
2018-06-25 21:00:00,1.15503,1.15646,1.15244,1.15282
2018-06-26 21:00:00,1.15282,1.15547,1.15093,1.15152
2018-06-27 21:00:00,1.15171,1.15654,1.15038,1.15358
2018-06-28 21:00:00,1.15360,1.16001,1.15227,1.15702
2018-07-01 21:00:00,1.15606,1.15694,1.15345,1.15621
2018-07-02 21:00:00,1.15618,1.15851,1.15501,1.15648
2018-07-03 21:00:00,1.15635,1.15842,1.15485,1.15618
2018-07-04 21:00:00,1.15618,1.16192,1.15618,1.15832
2018-07-05 21:00:00,1.16040,1.16392,1.15832,1.16234
2018-07-08 21:00:00,1.16143,1.16563,1.16048,1.16499
2018-07-09 21:00:00,1.16453,1.16589,1.16314,1.16459
2018-07-10 21:00:00,1.16467,1.16580,1.16187,1.16289
2018-07-11 21:00:00,1.16239,1.17076,1.16186,1.16962
2018-07-12 21:00:00,1.16955,1.17083,1.16576,1.17040
2018-07-15 21:00:00,1.17013,1.17137,1.16696,1.16714
2018-07-16 21:00:00,1.16710,1.16813,1.16398,1.16618
2018-07-17 21:00:00,1.16621,1.16693,1.16023,1.16262
2018-07-18 21:00:00,1.16245,1.16393,1.16133,1.16315
2018-07-19 21:00:00,1.16315,1.16542,1.16110,1.16340
2018-07-22 21:00:00,1.16271,1.16408,1.16020,1.16020
2018-07-23 21:00:00,1.16041,1.16308,1.15945,1.16107
2018-07-24 21:00:00,1.16109,1.16334,1.15941,1.16306
2018-07-25 21:00:00,1.16319,1.16373,1.15727,1.15732
2018-07-26 21:00:00,1.15731,1.16052,1.15662,1.15949
2018-07-29 21:00:00,1.15837,1.16036,1.15660,1.15678
2018-07-30 21:00:00,1.15688,1.15975,1.15598,1.15773
2018-07-31 21:00:00,1.15757,1.16033,1.15636,1.15651
2018-08-01 21:00:00,1.15657,1.15704,1.15294,1.15309
2018-08-02 21:00:00,1.15309,1.15412,1.14965,1.15030
2018-08-05 21:00:00,1.14933,1.15279,1.14917,1.15151
2018-08-06 21:00:00,1.15114,1.15475,1.15085,1.15447
2018-08-07 21:00:00,1.15442,1.15568,1.15266,1.15306
2018-08-08 21:00:00,1.15313,1.15360,1.14498,1.14534
2018-08-09 21:00:00,1.14530,1.14604,1.13390,1.13558
2018-08-12 21:00:00,1.12906,1.13599,1.12858,1.13290
2018-08-13 21:00:00,1.13287,1.13542,1.12651,1.12768
2018-08-14 21:00:00,1.12765,1.13047,1.12428,1.12705
2018-08-15 21:00:00,1.12720,1.13472,1.12577,1.13383
2018-08-16 21:00:00,1.13371,1.13937,1.13256,1.13858
2018-08-19 21:00:00,1.13706,1.13863,1.13531,1.13797
2018-08-20 21:00:00,1.13798,1.14182,1.13583,1.13943
2018-08-21 21:00:00,1.13945,1.14093,1.13742,1.13991
2018-08-22 21:00:00,1.13990,1.14070,1.13639,1.13768
2018-08-23 21:00:00,1.13766,1.14294,1.13657,1.14214
2018-08-26 21:00:00,1.14232,1.14493,1.14099,1.14374
2018-08-27 21:00:00,1.14390,1.14532,1.14157,1.14164
2018-08-28 21:00:00,1.14151,1.14226,1.13432,1.13607
2018-08-29 21:00:00,1.13589,1.13680,1.13023,1.13089
2018-08-30 21:00:00,1.13059,1.13107,1.12385,1.12391
2018-09-02 21:00:00,1.12416,1.12709,1.12314,1.12569
2018-09-03 21:00:00,1.12573,1.12899,1.12411,1.12836
2018-09-04 21:00:00,1.12829,1.13200,1.12524,1.13001
2018-09-05 21:00:00,1.12983,1.13107,1.12166,1.12166
2018-09-06 21:00:00,1.12167,1.12444,1.11825,1.11936
2018-09-09 21:00:00,1.11861,1.13149,1.11844,1.13004
2018-09-10 21:00:00,1.12987,1.13428,1.12628,1.12829
2018-09-11 21:00:00,1.12813,1.13105,1.12679,1.12831
2018-09-12 21:00:00,1.12838,1.13147,1.12611,1.12845
2018-09-13 21:00:00,1.12840,1.13032,1.12400,1.12411
2018-09-16 21:00:00,1.12413,1.12594,1.12298,1.12432
2018-09-17 21:00:00,1.12429,1.12620,1.12218,1.12513
2018-09-18 21:00:00,1.12524,1.13263,1.12350,1.12872
2018-09-19 21:00:00,1.12872,1.13207,1.12722,1.12900
2018-09-20 21:00:00,1.12900,1.13076,1.12211,1.12571
2018-09-23 21:00:00,1.12555,1.13358,1.12512,1.13222
2018-09-24 21:00:00,1.13309,1.13815,1.13225,1.13526
2018-09-25 21:00:00,1.13514,1.13842,1.13313,1.13364
2018-09-26 21:00:00,1.13356,1.14142,1.13108,1.13741
2018-09-27 21:00:00,1.13727,1.13979,1.12801,1.13900
2018-09-30 21:00:00,1.13695,1.14276,1.13638,1.13879
2018-10-01 21:00:00,1.13878,1.13960,1.13117,1.13601
2018-10-02 21:00:00,1.13585,1.14207,1.13572,1.13871
2018-10-03 21:00:00,1.13875,1.14347,1.13653,1.14165
2018-10-04 21:00:00,1.14158,1.14490,1.14104,1.14287
2018-10-07 21:00:00,1.14246,1.14410,1.13806,1.14000
2018-10-08 21:00:00,1.13997,1.14148,1.13682,1.13938
2018-10-09 21:00:00,1.13953,1.14432,1.13889,1.14038
2018-10-10 21:00:00,1.14050,1.14883,1.13907,1.14701
2018-10-11 21:00:00,1.14706,1.14920,1.14482,1.14629
2018-10-14 21:00:00,1.14307,1.14632,1.14141,1.14285
2018-10-15 21:00:00,1.14285,1.14776,1.14214,1.14644
2018-10-16 21:00:00,1.14604,1.14822,1.14368,1.14447
2018-10-17 21:00:00,1.14382,1.14656,1.13979,1.14012
2018-10-18 21:00:00,1.13994,1.14912,1.13912,1.14693
2018-10-21 21:00:00,1.14427,1.15003,1.14161,1.14181
2018-10-22 21:00:00,1.14181,1.14292,1.13963,1.14108
2018-10-23 21:00:00,1.14089,1.14178,1.13541,1.13656
2018-10-24 21:00:00,1.13645,1.14153,1.13541,1.13642
2018-10-25 21:00:00,1.13642,1.13853,1.13422,1.13656
2018-10-28 22:00:00,1.13637,1.14084,1.13628,1.13932
2018-10-29 22:00:00,1.13932,1.14182,1.13700,1.14024
2018-10-30 22:00:00,1.14024,1.14137,1.13787,1.13994
2018-10-31 22:00:00,1.13994,1.14481,1.13994,1.14257
2018-11-01 22:00:00,1.14257,1.14542,1.14046,1.14265
2018-11-04 22:00:00,1.14229,1.14625,1.14183,1.14565
2018-11-05 22:00:00,1.14529,1.14693,1.14448,1.14537
2018-11-06 22:00:00,1.14532,1.14689,1.14368,1.14515
2018-11-07 22:00:00,1.14461,1.14694,1.14280,1.14292
2018-11-08 22:00:00,1.14319,1.14377,1.13823,1.13893
2018-11-11 22:00:00,1.13738,1.13987,1.13336,1.13392
2018-11-12 22:00:00,1.13393,1.13867,1.13341,1.13661
2018-11-13 22:00:00,1.13702,1.14227,1.13582,1.13742
2018-11-14 22:00:00,1.13762,1.14195,1.13438,1.14002
2018-11-15 22:00:00,1.14059,1.14334,1.13840,1.14082
2018-11-18 22:00:00,1.14052,1.14167,1.13698,1.13787
2018-11-19 22:00:00,1.13798,1.13806,1.13047,1.13091
2018-11-20 22:00:00,1.13112,1.13462,1.13030,1.13195
2018-11-21 22:00:00,1.13212,1.13565,1.13165,1.13372
2018-11-22 22:00:00,1.13357,1.13539,1.12951,1.12991
2018-11-25 22:00:00,1.13020,1.13414,1.12988,1.13090
2018-11-26 22:00:00,1.13086,1.13240,1.12749,1.12763
2018-11-27 22:00:00,1.12758,1.13161,1.12602,1.12972
2018-11-28 22:00:00,1.12976,1.13478,1.12887,1.13441
2018-11-29 22:00:00,1.13427,1.13562,1.12949,1.12989
2018-12-02 22:00:00,1.13324,1.13449,1.13039,1.13284
2018-12-03 22:00:00,1.13305,1.13479,1.13048,1.13125
2018-12-04 22:00:00,1.13123,1.13306,1.13056,1.13172
2018-12-05 22:00:00,1.13158,1.13188,1.12801,1.12949
2018-12-06 22:00:00,1.12957,1.13093,1.12796,1.12811
2018-12-09 22:00:00,1.12798,1.13074,1.12351,1.12449
2018-12-10 22:00:00,1.12436,1.12579,1.12240,1.12390
2018-12-11 22:00:00,1.12406,1.12969,1.12331,1.12931
2018-12-12 22:00:00,1.12931,1.13012,1.12652,1.12888
2018-12-13 22:00:00,1.12887,1.12940,1.12406,1.12818
2018-12-16 22:00:00,1.12607,1.12906,1.12473,1.12665
2018-12-17 22:00:00,1.12666,1.12967,1.12597,1.12761
2018-12-18 22:00:00,1.12803,1.13436,1.12699,1.13141
2018-12-19 22:00:00,1.13142,1.13486,1.12961,1.13057
2018-12-20 22:00:00,1.13063,1.13233,1.12898,1.13108
2018-12-23 22:00:00,1.13118,1.13438,1.12676,1.12698
2018-12-25 22:00:00,1.12524,1.13080,1.12441,1.13016
2018-12-26 22:00:00,1.13021,1.13112,1.12402,1.12905
2018-12-27 22:00:00,1.12898,1.12975,1.12142,1.12562
2018-12-30 22:00:00,1.12395,1.12861,1.12371,1.12597
2019-01-01 22:00:00,1.12580,1.12700,1.12163,1.12297
2019-01-02 22:00:00,1.12282,1.12774,1.11705,1.12399
2019-01-03 22:00:00,1.12397,1.12687,1.12317,1.12396
2019-01-06 22:00:00,1.12302,1.12589,1.12235,1.12393
2019-01-07 22:00:00,1.12392,1.12449,1.12188,1.12257
2019-01-08 22:00:00,1.12261,1.12649,1.12091,1.12458
2019-01-09 22:00:00,1.12458,1.13242,1.12374,1.13187
2019-01-10 22:00:00,1.13186,1.13392,1.12716,1.12765
2019-01-13 22:00:00,1.12709,1.12869,1.12455,1.12483
2019-01-14 22:00:00,1.12472,1.12890,1.12432,1.12719
2019-01-15 22:00:00,1.12701,1.12957,1.12587,1.12824
2019-01-16 22:00:00,1.12821,1.13306,1.12741,1.13211
2019-01-17 22:00:00,1.13209,1.13370,1.12999,1.13124
2019-01-20 22:00:00,1.12973,1.13461,1.12810,1.13366
2019-01-21 22:00:00,1.13366,1.13426,1.13160,1.13277
2019-01-22 22:00:00,1.13272,1.13464,1.13163,1.13230
2019-01-23 22:00:00,1.13199,1.13301,1.12588,1.12617
2019-01-24 22:00:00,1.12622,1.13359,1.12582,1.13275
2019-01-27 22:00:00,1.13232,1.13448,1.13093,1.13333
2019-01-28 22:00:00,1.13322,1.13781,1.13292,1.13687
2019-01-29 22:00:00,1.13712,1.14280,1.13652,1.14103
2019-01-30 22:00:00,1.14110,1.14282,1.13713,1.13787
2019-01-31 22:00:00,1.13818,1.14117,1.13750,1.13977
2019-02-03 22:00:00,1.13984,1.14225,1.13941,1.14093
2019-02-04 22:00:00,1.14102,1.14432,1.14012,1.14026
2019-02-05 22:00:00,1.14027,1.14065,1.13851,1.13882
2019-02-06 22:00:00,1.13893,1.13935,1.13446,1.13642
2019-02-07 22:00:00,1.13632,1.13692,1.13215,1.13219
2019-02-10 22:00:00,1.13204,1.14205,1.13047,1.13194
2019-02-11 22:00:00,1.13200,1.14061,1.13172,1.13986
2019-02-12 22:00:00,1.13978,1.14055,1.13606,1.13622
2019-02-13 22:00:00,1.13638,1.13812,1.13481,1.13492
2019-02-14 22:00:00,1.13517,1.13575,1.13313,1.13476
2019-02-17 22:00:00,1.13382,1.13648,1.13347,1.13560
2019-02-18 22:00:00,1.13572,1.13730,1.13323,1.13498
2019-02-19 22:00:00,1.13528,1.13656,1.13349,1.13452
2019-02-20 22:00:00,1.13478,1.13679,1.13392,1.13453
2019-02-21 22:00:00,1.13466,1.13535,1.13293,1.13356
2019-02-24 22:00:00,1.13242,1.13678,1.13242,1.13623
2019-02-25 22:00:00,1.13606,1.13898,1.13502,1.13844
2019-02-26 22:00:00,1.13892,1.13926,1.13512,1.13833
2019-02-27 22:00:00,1.13836,1.13872,1.13289,1.13453
2019-02-28 22:00:00,1.13454,1.13700,1.13352,1.13509
2019-03-03 22:00:00,1.13555,1.13654,1.13153,1.13258
2019-03-04 22:00:00,1.13270,1.13579,1.13123,1.13521
2019-03-05 22:00:00,1.13566,1.13688,1.13447,1.13610
2019-03-06 22:00:00,1.13615,1.13667,1.13132,1.13180
2019-03-07 22:00:00,1.13191,1.13330,1.13069,1.13209
2019-03-10 22:00:00,1.13193,1.13707,1.13146,1.13637
2019-03-11 22:00:00,1.13637,1.13842,1.13465,1.13735
2019-03-12 22:00:00,1.13735,1.13795,1.13540,1.13693
2019-03-13 22:00:00,1.13691,1.13746,1.13422,1.13457
2019-03-14 22:00:00,1.13457,1.13723,1.13425,1.13452
2019-03-17 22:00:00,1.13460,1.13647,1.13375,1.13495
2019-03-18 22:00:00,1.13492,1.13583,1.13382,1.13420
2019-03-19 22:00:00,1.13420,1.13500,1.13169,1.13209
2019-03-20 22:00:00,1.13214,1.13332,1.12650,1.12810
2019-03-21 22:00:00,1.12808,1.12974,1.12112,1.12222
2019-03-24 22:00:00,1.12249,1.12561,1.12203,1.12260
2019-03-25 22:00:00,1.12260,1.12464,1.11990,1.12042
2019-03-26 22:00:00,1.12042,1.12189,1.11720,1.11837
2019-03-27 22:00:00,1.11837,1.12133,1.11645,1.11666
2019-03-28 22:00:00,1.11664,1.12002,1.11600,1.11600
2019-03-31 21:00:00,1.11699,1.12032,1.11662,1.11969
2019-04-01 21:00:00,1.12007,1.12024,1.11681,1.11797
2019-04-02 21:00:00,1.11819,1.12155,1.11689,1.12098
2019-04-03 21:00:00,1.12109,1.12243,1.11862,1.12182
2019-04-04 21:00:00,1.12201,1.12391,1.12033,1.12161
2019-04-07 21:00:00,1.12105,1.12560,1.12063,1.12469
2019-04-08 21:00:00,1.12475,1.12791,1.12438,1.12583
2019-04-09 21:00:00,1.12599,1.13036,1.12541,1.12997
2019-04-10 21:00:00,1.13019,1.13137,1.12884,1.12892
2019-04-11 21:00:00,1.12907,1.13309,1.12806,1.13261
2019-04-14 21:00:00,1.13226,1.13531,1.13205,1.13476
2019-04-15 21:00:00,1.13496,1.13770,1.13405,1.13655
2019-04-16 21:00:00,1.13663,1.14216,1.13612,1.14137
2019-04-17 21:00:00,1.14192,1.14192,1.13649,1.14020
2019-04-18 21:00:00,1.14037,1.14103,1.13897,1.13972
2019-04-21 21:00:00,1.13941,1.14386,1.13921,1.14295
2019-04-22 21:00:00,1.14331,1.14756,1.14076,1.14495
2019-04-23 21:00:00,1.14493,1.14531,1.13786,1.13803
2019-04-24 21:00:00,1.13806,1.13884,1.13550,1.13568
2019-04-25 21:00:00,1.13573,1.13846,1.13492,1.13591
2019-04-28 21:00:00,1.13567,1.14085,1.13567,1.14035
2019-04-29 21:00:00,1.14037,1.14444,1.13876,1.14286
2019-04-30 21:00:00,1.14287,1.14390,1.13897,1.13944
2019-05-01 21:00:00,1.13943,1.14266,1.13765,1.13873
2019-05-02 21:00:00,1.13877,1.13960,1.13714,1.13843
2019-05-05 21:00:00,1.13501,1.14075,1.13459,1.13951
2019-05-06 21:00:00,1.13952,1.14388,1.13818,1.14070
2019-05-07 21:00:00,1.14074,1.14288,1.13824,1.14171
2019-05-08 21:00:00,1.14167,1.14275,1.13704,1.13802
2019-05-09 21:00:00,1.13816,1.14086,1.13586,1.13637
2019-05-12 21:00:00,1.13594,1.13683,1.12913,1.12917
2019-05-13 21:00:00,1.12932,1.13288,1.12874,1.12990
2019-05-14 21:00:00,1.12989,1.13130,1.12633,1.12970
2019-05-15 21:00:00,1.12979,1.13168,1.12804,1.12828
2019-05-16 21:00:00,1.12832,1.12983,1.12688,1.12775
2019-05-19 21:00:00,1.12752,1.12921,1.12562,1.12591
2019-05-20 21:00:00,1.12593,1.12907,1.12548,1.12819
2019-05-21 21:00:00,1.12818,1.12908,1.12446,1.12565
2019-05-22 21:00:00,1.12571,1.12594,1.12050,1.12160
2019-05-23 21:00:00,1.12160,1.12332,1.11945,1.12221
2019-05-26 21:00:00,1.12266,1.12630,1.12167,1.12341
2019-05-27 21:00:00,1.12342,1.12776,1.12238,1.12445
2019-05-28 21:00:00,1.12453,1.12512,1.12072,1.12215
2019-05-29 21:00:00,1.12227,1.12476,1.12086,1.12149
2019-05-30 21:00:00,1.12147,1.12211,1.11704,1.11762
2019-06-02 21:00:00,1.11757,1.12039,1.11186,1.11555
2019-06-03 21:00:00,1.11554,1.11900,1.11484,1.11602
2019-06-04 21:00:00,1.11621,1.11957,1.11359,1.11604
2019-06-05 21:00:00,1.11602,1.11970,1.11511,1.11771
2019-06-06 21:00:00,1.11777,1.12063,1.11672,1.11923
2019-06-09 21:00:00,1.11939,1.12094,1.11851,1.11949
2019-06-10 21:00:00,1.11950,1.12430,1.11818,1.12377
2019-06-11 21:00:00,1.12381,1.12634,1.12241,1.12349
2019-06-12 21:00:00,1.12354,1.12490,1.11990,1.12063
2019-06-13 21:00:00,1.12056,1.12269,1.11916,1.11920
2019-06-16 21:00:00,1.11884,1.12213,1.11884,1.12082
2019-06-17 21:00:00,1.12071,1.12126,1.11723,1.11958
2019-06-18 21:00:00,1.11941,1.12107,1.11536,1.11596
2019-06-19 21:00:00,1.11592,1.11626,1.10558,1.10828
2019-06-20 21:00:00,1.10826,1.11260,1.10651,1.10975
2019-06-23 21:00:00,1.10882,1.11299,1.10643,1.10764
2019-06-24 21:00:00,1.10780,1.11237,1.10612,1.10885
2019-06-25 21:00:00,1.10885,1.11235,1.10755,1.11159
2019-06-26 21:00:00,1.11159,1.11444,1.10970,1.11016
2019-06-27 21:00:00,1.11013,1.11226,1.10817,1.10990
2019-06-30 21:00:00,1.10986,1.11610,1.10986,1.11450
2019-07-01 21:00:00,1.11450,1.11711,1.11238,1.11295
2019-07-02 21:00:00,1.11286,1.11358,1.11069,1.11252
2019-07-03 21:00:00,1.11251,1.11377,1.11101,1.11151
2019-07-04 21:00:00,1.11150,1.11469,1.11049,1.11297
2019-07-07 21:00:00,1.11286,1.11528,1.11123,1.11445
2019-07-08 21:00:00,1.11442,1.11577,1.11226,1.11352
2019-07-09 21:00:00,1.11344,1.11447,1.11198,1.11314
2019-07-10 21:00:00,1.11309,1.11473,1.11048,1.11411
2019-07-11 21:00:00,1.11414,1.11543,1.10713,1.10886
2019-07-14 21:00:00,1.10824,1.11031,1.10655,1.10824
2019-07-15 21:00:00,1.10816,1.10937,1.10563,1.10723
2019-07-16 21:00:00,1.10722,1.11102,1.10697,1.10819
2019-07-17 21:00:00,1.10819,1.10892,1.10597,1.10665
2019-07-18 21:00:00,1.10666,1.10826,1.10115,1.10129
2019-07-21 21:00:00,1.10199,1.10352,1.09989,1.10054
2019-07-22 21:00:00,1.10053,1.10192,1.09708,1.09852
2019-07-23 21:00:00,1.09852,1.10047,1.09687,1.09691
2019-07-24 21:00:00,1.09690,1.10548,1.09623,1.10431
2019-07-25 21:00:00,1.10425,1.10629,1.10375,1.10517
2019-07-28 21:00:00,1.10385,1.10589,1.10249,1.10499
2019-07-29 21:00:00,1.10492,1.10545,1.10288,1.10457
2019-07-30 21:00:00,1.10458,1.10618,1.10028,1.10094
2019-07-31 21:00:00,1.10094,1.10190,1.09690,1.09756
2019-08-01 21:00:00,1.09756,1.09758,1.09064,1.09091
2019-08-04 21:00:00,1.09258,1.09300,1.08629,1.09045
2019-08-05 21:00:00,1.09041,1.09534,1.08937,1.09329
2019-08-06 21:00:00,1.09330,1.09579,1.08927,1.09215
2019-08-07 21:00:00,1.09215,1.09554,1.08974,1.08974
2019-08-08 21:00:00,1.08974,1.09302,1.08875,1.08916
2019-08-11 21:00:00,1.08877,1.09016,1.08671,1.08681
2019-08-12 21:00:00,1.08678,1.09221,1.08407,1.09086
2019-08-13 21:00:00,1.09087,1.09138,1.08376,1.08396
2019-08-14 21:00:00,1.08405,1.08735,1.08350,1.08439
2019-08-15 21:00:00,1.08430,1.08771,1.08374,1.08513
2019-08-18 21:00:00,1.08325,1.08982,1.08314,1.08737
2019-08-19 21:00:00,1.08735,1.08812,1.08444,1.08533
2019-08-20 21:00:00,1.08528,1.08952,1.08492,1.08891
2019-08-21 21:00:00,1.08891,1.09192,1.08749,1.08980
2019-08-22 21:00:00,1.08981,1.09277,1.08542,1.08579
2019-08-25 21:00:00,1.08479,1.09022,1.08385,1.08648
2019-08-26 21:00:00,1.08674,1.09159,1.08580,1.08814
2019-08-27 21:00:00,1.08803,1.09025,1.08644,1.08726
2019-08-28 21:00:00,1.08715,1.09134,1.08605,1.09071
2019-08-29 21:00:00,1.09071,1.09233,1.08672,1.08751
2019-09-01 21:00:00,1.08714,1.08927,1.08573,1.08651
2019-09-02 21:00:00,1.08645,1.08672,1.08181,1.08286
2019-09-03 21:00:00,1.08313,1.08595,1.08107,1.08208
2019-09-04 21:00:00,1.08207,1.09130,1.08158,1.08790
2019-09-05 21:00:00,1.08790,1.09308,1.08742,1.08874
2019-09-08 21:00:00,1.08875,1.09622,1.08838,1.09588
2019-09-09 21:00:00,1.09585,1.09682,1.09155,1.09538
2019-09-10 21:00:00,1.09529,1.09707,1.09102,1.09308
2019-09-11 21:00:00,1.09302,1.09688,1.08510,1.09557
2019-09-12 21:00:00,1.09560,1.09742,1.09271,1.09616
2019-09-15 21:00:00,1.09587,1.09588,1.09117,1.09210
2019-09-16 21:00:00,1.09227,1.09969,1.09076,1.09950
2019-09-17 21:00:00,1.09950,1.10184,1.09845,1.09996
2019-09-18 21:00:00,1.09980,1.10173,1.09564,1.09597
2019-09-19 21:00:00,1.09599,1.09690,1.09118,1.09197
2019-09-22 21:00:00,1.09225,1.09289,1.08561,1.08812
2019-09-23 21:00:00,1.08812,1.08967,1.08436,1.08589
2019-09-24 21:00:00,1.08590,1.08661,1.08318,1.08534
2019-09-25 21:00:00,1.08528,1.08753,1.08436,1.08498
2019-09-26 21:00:00,1.08501,1.08647,1.08323,1.08414
2019-09-29 21:00:00,1.08371,1.08868,1.08345,1.08739
2019-09-30 21:00:00,1.08738,1.09208,1.08514,1.08561
2019-10-01 21:00:00,1.08558,1.09539,1.08515,1.09243
2019-10-02 21:00:00,1.09240,1.09790,1.09183,1.09505
2019-10-03 21:00:00,1.09505,1.09772,1.09091,1.09248
2019-10-06 21:00:00,1.09092,1.09376,1.08966,1.09119
2019-10-07 21:00:00,1.09118,1.09273,1.08716,1.08779
2019-10-08 21:00:00,1.08779,1.09306,1.08705,1.09256
2019-10-09 21:00:00,1.09245,1.09772,1.08985,1.09699
2019-10-10 21:00:00,1.09691,1.10390,1.09649,1.09985
2019-10-13 21:00:00,1.09962,1.10101,1.09711,1.09937
2019-10-14 21:00:00,1.09910,1.10274,1.09721,1.10174
2019-10-15 21:00:00,1.10174,1.10317,1.09905,1.10129
2019-10-16 21:00:00,1.10129,1.10589,1.09746,1.09857
2019-10-17 21:00:00,1.09858,1.10084,1.09746,1.09897
2019-10-20 21:00:00,1.09791,1.10085,1.09780,1.09872
2019-10-21 21:00:00,1.09864,1.10233,1.09829,1.10065
2019-10-22 21:00:00,1.10065,1.10310,1.09934,1.10198
2019-10-23 21:00:00,1.10158,1.10412,1.10058,1.10165
2019-10-24 21:00:00,1.10170,1.10305,1.10055,1.10177
2019-10-27 22:00:00,1.10151,1.10580,1.10151,1.10411
2019-10-28 22:00:00,1.10411,1.10493,1.10209,1.10427
2019-10-29 22:00:00,1.10427,1.10495,1.10132,1.10324
2019-10-30 22:00:00,1.10326,1.10350,1.09916,1.10002
2019-10-31 22:00:00,1.10002,1.10265,1.09985,1.10042
2019-11-03 22:00:00,1.09985,1.10346,1.09903,1.09909
2019-11-04 22:00:00,1.09908,1.10288,1.09789,1.09924
2019-11-05 22:00:00,1.09906,1.10155,1.09782,1.09849
2019-11-06 22:00:00,1.09837,1.10122,1.09744,1.09925
2019-11-07 22:00:00,1.09926,1.10051,1.09751,1.09877
2019-11-10 22:00:00,1.09877,1.09947,1.09571,1.09584
2019-11-11 22:00:00,1.09583,1.09797,1.09271,1.09324
2019-11-12 22:00:00,1.09317,1.09374,1.08785,1.08945
2019-11-13 22:00:00,1.08945,1.09035,1.08628,1.08868
2019-11-14 22:00:00,1.08868,1.09463,1.08856,1.09345
2019-11-17 22:00:00,1.09188,1.09620,1.09188,1.09552
2019-11-18 22:00:00,1.09542,1.09865,1.09403,1.09714
2019-11-19 22:00:00,1.09707,1.10009,1.09517,1.09710
2019-11-20 22:00:00,1.09701,1.10032,1.09555,1.09811
2019-11-21 22:00:00,1.09804,1.10095,1.09728,1.09861
2019-11-24 22:00:00,1.09863,1.10004,1.09669,1.09717
2019-11-25 22:00:00,1.09708,1.10000,1.09671,1.09858
2019-11-26 22:00:00,1.09858,1.10003,1.09795,1.09882
2019-11-27 22:00:00,1.09881,1.10027,1.09847,1.09923
2019-11-28 22:00:00,1.09892,1.10228,1.09875,1.10118
2019-12-01 22:00:00,1.10167,1.10272,1.09813,1.09815
2019-12-02 22:00:00,1.09815,1.09928,1.09270,1.09349
2019-12-03 22:00:00,1.09345,1.09688,1.09210,1.09492
2019-12-04 22:00:00,1.09492,1.09823,1.09410,1.09585
2019-12-05 22:00:00,1.09571,1.09801,1.09428,1.09489
2019-12-08 22:00:00,1.09380,1.09671,1.09270,1.09282
2019-12-09 22:00:00,1.09275,1.09369,1.09117,1.09190
2019-12-10 22:00:00,1.09190,1.09451,1.09100,1.09397
2019-12-11 22:00:00,1.09367,1.09761,1.09232,1.09553
2019-12-12 22:00:00,1.09550,1.10319,1.09328,1.09413
2019-12-15 22:00:00,1.09414,1.09677,1.09359,1.09456
2019-12-16 22:00:00,1.09458,1.09677,1.09241,1.09260
2019-12-17 22:00:00,1.09270,1.09413,1.08941,1.08951
2019-12-18 22:00:00,1.08951,1.09261,1.08668,1.08800
2019-12-19 22:00:00,1.08799,1.09066,1.08693,1.08824
2019-12-22 22:00:00,1.08852,1.08969,1.08605,1.08852
2019-12-23 22:00:00,1.08853,1.08979,1.08616,1.08626
2019-12-25 22:00:00,1.08803,1.08966,1.08709,1.08890
2019-12-26 22:00:00,1.08847,1.09047,1.08697,1.08931
2019-12-29 22:00:00,1.08910,1.09033,1.08492,1.08557
2019-12-30 22:00:00,1.08557,1.08832,1.08400,1.08556
2020-01-01 22:00:00,1.08627,1.08776,1.08365,1.08500
2020-01-02 22:00:00,1.08471,1.08581,1.08237,1.08474
2020-01-05 22:00:00,1.08297,1.08594,1.08296,1.08361
2020-01-06 22:00:00,1.08360,1.08602,1.08076,1.08191
2020-01-07 22:00:00,1.08180,1.08282,1.07817,1.08141
2020-01-08 22:00:00,1.08131,1.08325,1.07941,1.08056
2020-01-09 22:00:00,1.08056,1.08291,1.08008,1.08182
2020-01-12 22:00:00,1.08052,1.08327,1.07971,1.08059
2020-01-13 22:00:00,1.08059,1.08203,1.07590,1.07610
2020-01-14 22:00:00,1.07613,1.07761,1.07417,1.07478
2020-01-15 22:00:00,1.07478,1.07587,1.07317,1.07426
2020-01-16 22:00:00,1.07426,1.07567,1.07306,1.07307
2020-01-19 22:00:00,1.07315,1.07493,1.07296,1.07400
2020-01-20 22:00:00,1.07400,1.07509,1.07305,1.07350
2020-01-21 22:00:00,1.07346,1.07875,1.07299,1.07354
2020-01-22 22:00:00,1.07354,1.07466,1.07017,1.07092
2020-01-23 22:00:00,1.07092,1.07226,1.07000,1.07059
2020-01-26 22:00:00,1.07025,1.07165,1.06763,1.06789
2020-01-27 22:00:00,1.06790,1.07263,1.06645,1.07240
2020-01-28 22:00:00,1.07231,1.07373,1.07100,1.07144
2020-01-29 22:00:00,1.07149,1.07222,1.06806,1.06929
2020-01-30 22:00:00,1.06920,1.07056,1.06765,1.06870
2020-02-02 22:00:00,1.06757,1.06928,1.06632,1.06835
2020-02-03 22:00:00,1.06835,1.07167,1.06730,1.07026
2020-02-04 22:00:00,1.07026,1.07275,1.06900,1.07058
2020-02-05 22:00:00,1.07057,1.07239,1.06949,1.07015
2020-02-06 22:00:00,1.07018,1.07103,1.06792,1.06975
2020-02-09 22:00:00,1.06951,1.07127,1.06600,1.06623
2020-02-10 22:00:00,1.06609,1.06788,1.06480,1.06506
2020-02-11 22:00:00,1.06504,1.06619,1.06298,1.06339
2020-02-12 22:00:00,1.06339,1.06383,1.06090,1.06155
2020-02-13 22:00:00,1.06154,1.06501,1.06072,1.06363
2020-02-16 22:00:00,1.06301,1.06499,1.06239,1.06271
2020-02-17 22:00:00,1.06271,1.06289,1.06086,1.06087
2020-02-18 22:00:00,1.06083,1.06345,1.06047,1.06300
2020-02-19 22:00:00,1.06273,1.06341,1.06058,1.06131
2020-02-20 22:00:00,1.06125,1.06240,1.06057,1.06111
2020-02-23 22:00:00,1.06073,1.06258,1.05896,1.06220
2020-02-24 22:00:00,1.06220,1.06347,1.05931,1.06173
2020-02-25 22:00:00,1.06173,1.06362,1.05989,1.06264
2020-02-26 22:00:00,1.06264,1.06713,1.06158,1.06431
2020-02-27 22:00:00,1.06429,1.06587,1.05847,1.06465
2020-03-01 22:00:00,1.06218,1.07060,1.06218,1.06745
2020-03-02 22:00:00,1.06744,1.07093,1.06297,1.06810
2020-03-03 22:00:00,1.06811,1.07034,1.06198,1.06476
2020-03-04 22:00:00,1.06474,1.06757,1.06162,1.06269
2020-03-05 22:00:00,1.06268,1.06268,1.05749,1.05839
2020-03-08 22:00:00,1.05779,1.06378,1.05415,1.05794
2020-03-09 22:00:00,1.05794,1.06456,1.05747,1.05935
2020-03-10 22:00:00,1.05934,1.06094,1.05550,1.05696
2020-03-11 22:00:00,1.05701,1.05917,1.05389,1.05461
2020-03-12 22:00:00,1.05563,1.06189,1.05492,1.05597
2020-03-15 22:00:00,1.05705,1.05900,1.05363,1.05623
2020-03-16 22:00:00,1.05712,1.06046,1.05416,1.05749
2020-03-17 22:00:00,1.05764,1.05849,1.05305,1.05479
2020-03-18 22:00:00,1.05479,1.06014,1.05076,1.05206
2020-03-19 22:00:00,1.05218,1.05568,1.05216,1.05437
2020-03-22 22:00:00,1.05331,1.05996,1.05229,1.05481
2020-03-23 22:00:00,1.05481,1.06002,1.05467,1.05797
2020-03-24 22:00:00,1.05789,1.06370,1.05772,1.06004
2020-03-25 22:00:00,1.06047,1.06535,1.06029,1.06168
2020-03-26 22:00:00,1.06171,1.06359,1.05636,1.05917
2020-03-29 21:00:00,1.05981,1.06034,1.05510,1.05850
2020-03-30 21:00:00,1.05850,1.06221,1.05619,1.05989
2020-03-31 21:00:00,1.05942,1.06047,1.05573,1.05827
2020-04-01 21:00:00,1.05830,1.05934,1.05457,1.05671
2020-04-02 21:00:00,1.05673,1.05770,1.05428,1.05548
2020-04-05 21:00:00,1.05532,1.05809,1.05475,1.05604
2020-04-06 21:00:00,1.05604,1.05939,1.05477,1.05614
2020-04-07 21:00:00,1.05613,1.05670,1.05483,1.05493
2020-04-08 21:00:00,1.05493,1.05822,1.05466,1.05606
2020-04-09 21:00:00,1.05609,1.05720,1.05485,1.05551
2020-04-12 21:00:00,1.05610,1.05667,1.05498,1.05540
2020-04-13 21:00:00,1.05540,1.05591,1.05329,1.05450
2020-04-14 21:00:00,1.05451,1.05512,1.05222,1.05223
2020-04-15 21:00:00,1.05227,1.05271,1.05079,1.05144
2020-04-16 21:00:00,1.05143,1.05277,1.05103,1.05150
2020-04-19 21:00:00,1.05162,1.05235,1.05115,1.05128
2020-04-20 21:00:00,1.05130,1.05314,1.05043,1.05239
2020-04-21 21:00:00,1.05239,1.05313,1.05126,1.05137
2020-04-22 21:00:00,1.05138,1.05302,1.05052,1.05170
2020-04-23 21:00:00,1.05170,1.05367,1.05114,1.05309
2020-04-26 21:00:00,1.05230,1.05794,1.05214,1.05623
2020-04-27 21:00:00,1.05609,1.06112,1.05449,1.05475
2020-04-28 21:00:00,1.05435,1.06084,1.05401,1.05868
2020-04-29 21:00:00,1.05833,1.05989,1.05464,1.05729
2020-04-30 21:00:00,1.05722,1.05833,1.05512,1.05533
2020-05-03 21:00:00,1.05542,1.05610,1.05225,1.05231
2020-05-04 21:00:00,1.05220,1.05561,1.05172,1.05393
2020-05-05 21:00:00,1.05392,1.05451,1.05207,1.05217
2020-05-06 21:00:00,1.05218,1.05427,1.05191,1.05389
2020-05-07 21:00:00,1.05386,1.05458,1.05217,1.05224
2020-05-10 21:00:00,1.05260,1.05321,1.05136,1.05136
2020-05-11 21:00:00,1.05132,1.05227,1.05109,1.05147
2020-05-12 21:00:00,1.05140,1.05319,1.05109,1.05153
2020-05-13 21:00:00,1.05141,1.05203,1.05044,1.05128
2020-05-14 21:00:00,1.05091,1.05265,1.05091,1.05149
2020-05-17 21:00:00,1.05053,1.06613,1.05053,1.05920
2020-05-18 21:00:00,1.05954,1.06557,1.05904,1.06094
2020-05-19 21:00:00,1.06093,1.06176,1.05774,1.05927
2020-05-20 21:00:00,1.05920,1.06507,1.05846,1.06241
2020-05-21 21:00:00,1.06242,1.06323,1.05811,1.05873
2020-05-24 21:00:00,1.05812,1.05991,1.05762,1.05838
2020-05-25 21:00:00,1.05830,1.06331,1.05794,1.06011
2020-05-26 21:00:00,1.05993,1.06978,1.05887,1.06562
2020-05-27 21:00:00,1.06531,1.06976,1.06510,1.06772
2020-05-28 21:00:00,1.06764,1.07258,1.06607,1.06751
2020-05-31 21:00:00,1.06704,1.07093,1.06686,1.06988
2020-06-01 21:00:00,1.06986,1.07645,1.06852,1.07477
2020-06-02 21:00:00,1.07475,1.08192,1.07431,1.07962
2020-06-03 21:00:00,1.07949,1.08609,1.07436,1.08314
2020-06-04 21:00:00,1.08318,1.09150,1.08202,1.08604
2020-06-07 21:00:00,1.08527,1.08895,1.08014,1.08135
2020-06-08 21:00:00,1.08125,1.08281,1.07457,1.07800
2020-06-09 21:00:00,1.07757,1.07901,1.07252,1.07318
2020-06-10 21:00:00,1.07387,1.07472,1.06559,1.06679
2020-06-11 21:00:00,1.06664,1.07274,1.06482,1.07190
2020-06-14 21:00:00,1.07092,1.07471,1.06725,1.07452
2020-06-15 21:00:00,1.07442,1.07686,1.06837,1.07140
2020-06-16 21:00:00,1.07124,1.07226,1.06594,1.06641
2020-06-17 21:00:00,1.06639,1.06895,1.06528,1.06597
2020-06-18 21:00:00,1.06596,1.06777,1.06358,1.06438
2020-06-21 21:00:00,1.06361,1.06744,1.06305,1.06693
2020-06-22 21:00:00,1.06695,1.07113,1.06598,1.06837
2020-06-23 21:00:00,1.06821,1.06923,1.06598,1.06644
2020-06-24 21:00:00,1.06636,1.06763,1.06351,1.06387
2020-06-25 21:00:00,1.06379,1.06440,1.06277,1.06370
2020-06-28 21:00:00,1.06293,1.06957,1.06266,1.06919
2020-06-29 21:00:00,1.06917,1.06986,1.06307,1.06408
2020-06-30 21:00:00,1.06407,1.06615,1.06120,1.06408
2020-07-01 21:00:00,1.06404,1.06610,1.06174,1.06233
2020-07-02 21:00:00,1.06230,1.06378,1.06169,1.06227
2020-07-05 21:00:00,1.06212,1.06559,1.06203,1.06539
2020-07-06 21:00:00,1.06510,1.06657,1.06210,1.06235
2020-07-07 21:00:00,1.06235,1.06408,1.06147,1.06304
2020-07-08 21:00:00,1.06280,1.06472,1.06074,1.06082
2020-07-09 21:00:00,1.06060,1.06396,1.06009,1.06335
2020-07-12 21:00:00,1.06332,1.07026,1.06282,1.06802
2020-07-13 21:00:00,1.06802,1.07162,1.06500,1.07148
2020-07-14 21:00:00,1.07148,1.07874,1.07012,1.07755
2020-07-15 21:00:00,1.07755,1.07966,1.07471,1.07626
2020-07-16 21:00:00,1.07605,1.07685,1.07254,1.07268
2020-07-19 21:00:00,1.07250,1.07757,1.07199,1.07468
2020-07-20 21:00:00,1.07449,1.07588,1.07218,1.07550
2020-07-21 21:00:00,1.07552,1.07945,1.07420,1.07548
2020-07-22 21:00:00,1.07549,1.07616,1.07150,1.07312
2020-07-23 21:00:00,1.07306,1.07489,1.07120,1.07310
2020-07-26 21:00:00,1.07129,1.08378,1.06993,1.08095
2020-07-27 21:00:00,1.08094,1.08271,1.07430,1.07536
2020-07-28 21:00:00,1.07525,1.07821,1.07457,1.07596
2020-07-29 21:00:00,1.07558,1.07734,1.07337,1.07675
2020-07-30 21:00:00,1.07675,1.07971,1.07458,1.07568
2020-08-02 21:00:00,1.07540,1.08384,1.07495,1.07936
2020-08-03 21:00:00,1.07939,1.08106,1.07391,1.07782
2020-08-04 21:00:00,1.07760,1.07928,1.07616,1.07764
2020-08-05 21:00:00,1.07732,1.08214,1.07521,1.08048
2020-08-06 21:00:00,1.08048,1.08132,1.07534,1.07541
2020-08-09 21:00:00,1.07485,1.07923,1.07455,1.07463
2020-08-10 21:00:00,1.07465,1.07912,1.07349,1.07622
2020-08-11 21:00:00,1.07611,1.07870,1.07385,1.07469
2020-08-12 21:00:00,1.07470,1.07904,1.07332,1.07463
2020-08-13 21:00:00,1.07461,1.07719,1.07408,1.07653
2020-08-16 21:00:00,1.07570,1.07844,1.07451,1.07613
2020-08-17 21:00:00,1.07613,1.07900,1.07456,1.07814
2020-08-18 21:00:00,1.07803,1.08490,1.07699,1.08308
2020-08-19 21:00:00,1.08314,1.08413,1.07615,1.07641
2020-08-20 21:00:00,1.07640,1.07779,1.07360,1.07555
2020-08-23 21:00:00,1.07505,1.07748,1.07445,1.07482
2020-08-24 21:00:00,1.07481,1.07675,1.07316,1.07417
2020-08-25 21:00:00,1.07414,1.07590,1.07317,1.07442
2020-08-26 21:00:00,1.07437,1.07606,1.07214,1.07461
2020-08-27 21:00:00,1.07450,1.07678,1.07326,1.07631
2020-08-30 21:00:00,1.07570,1.07895,1.07463,1.07870
2020-08-31 21:00:00,1.07870,1.08773,1.07758,1.08310
2020-09-01 21:00:00,1.08304,1.08511,1.07747,1.07950
2020-09-02 21:00:00,1.07895,1.08009,1.07588,1.07785
2020-09-03 21:00:00,1.07783,1.08254,1.07662,1.08130
2020-09-06 21:00:00,1.08135,1.08343,1.07988,1.08211
2020-09-07 21:00:00,1.08210,1.08465,1.07973,1.08078
2020-09-08 21:00:00,1.08089,1.08174,1.07678,1.07682
2020-09-09 21:00:00,1.07682,1.07872,1.07500,1.07583
2020-09-10 21:00:00,1.07552,1.07880,1.07531,1.07659
2020-09-13 21:00:00,1.07619,1.07778,1.07569,1.07761
2020-09-14 21:00:00,1.07760,1.07860,1.07527,1.07569
2020-09-15 21:00:00,1.07561,1.07656,1.07381,1.07450
2020-09-16 21:00:00,1.07455,1.07635,1.07270,1.07605
2020-09-17 21:00:00,1.07602,1.07945,1.07519,1.07905
2020-09-20 21:00:00,1.07764,1.07994,1.07400,1.07642
2020-09-21 21:00:00,1.07642,1.07748,1.07454,1.07683
2020-09-22 21:00:00,1.07683,1.07843,1.07520,1.07705
2020-09-23 21:00:00,1.07708,1.08179,1.07550,1.08131
2020-09-24 21:00:00,1.08129,1.08209,1.07907,1.08032
2020-09-27 21:00:00,1.08010,1.08298,1.07736,1.07830
2020-09-28 21:00:00,1.07830,1.08171,1.07794,1.07937
2020-09-29 21:00:00,1.07937,1.08162,1.07624,1.07930
2020-09-30 21:00:00,1.07930,1.08051,1.07657,1.07936
2020-10-01 21:00:00,1.07948,1.07963,1.07678,1.07847
2020-10-04 21:00:00,1.07758,1.07927,1.07348,1.07840
2020-10-05 21:00:00,1.07840,1.07893,1.07654,1.07670
2020-10-06 21:00:00,1.07670,1.07965,1.07654,1.07888
2020-10-07 21:00:00,1.07890,1.08002,1.07800,1.07816
2020-10-08 21:00:00,1.07815,1.07893,1.07544,1.07583
2020-10-11 21:00:00,1.07575,1.07738,1.07335,1.07338
2020-10-12 21:00:00,1.07336,1.07465,1.07253,1.07451
2020-10-13 21:00:00,1.07454,1.07492,1.07248,1.07299
2020-10-14 21:00:00,1.07299,1.07328,1.06883,1.07059
2020-10-15 21:00:00,1.07052,1.07296,1.06966,1.07190
2020-10-18 21:00:00,1.07161,1.07282,1.07033,1.07037
2020-10-19 21:00:00,1.07040,1.07336,1.07035,1.07212
2020-10-20 21:00:00,1.07213,1.07396,1.07103,1.07375
2020-10-21 21:00:00,1.07363,1.07484,1.07199,1.07210
2020-10-22 21:00:00,1.07195,1.07292,1.07013,1.07222
2020-10-25 22:00:00,1.07207,1.07249,1.07072,1.07204
2020-10-26 22:00:00,1.07204,1.07477,1.07089,1.07150
2020-10-27 22:00:00,1.07150,1.07190,1.06762,1.06913
2020-10-28 22:00:00,1.06922,1.07025,1.06767,1.06884
2020-10-29 22:00:00,1.06884,1.07020,1.06713,1.06764
2020-11-01 22:00:00,1.06683,1.07051,1.06610,1.06941
2020-11-02 22:00:00,1.06957,1.07183,1.06811,1.06878
2020-11-03 22:00:00,1.06882,1.07133,1.06595,1.06895
2020-11-04 22:00:00,1.06769,1.07268,1.06657,1.06931
2020-11-05 22:00:00,1.06964,1.07009,1.06760,1.06901
2020-11-08 22:00:00,1.06692,1.08079,1.06692,1.07786
2020-11-09 22:00:00,1.07786,1.08224,1.07765,1.08117
2020-11-10 22:00:00,1.08123,1.08243,1.07820,1.07977
2020-11-11 22:00:00,1.07974,1.08082,1.07812,1.08021
2020-11-12 22:00:00,1.08019,1.08164,1.07880,1.07985
2020-11-15 22:00:00,1.08008,1.08274,1.07884,1.08130
2020-11-16 22:00:00,1.08130,1.08209,1.08024,1.08105
2020-11-17 22:00:00,1.08105,1.08245,1.07898,1.07995
2020-11-18 22:00:00,1.08005,1.08187,1.07900,1.08122
2020-11-19 22:00:00,1.08107,1.08231,1.07946,1.08025
2020-11-22 22:00:00,1.07981,1.08179,1.07943,1.08101
2020-11-23 22:00:00,1.08099,1.08500,1.07978,1.08340
2020-11-24 22:00:00,1.08312,1.08713,1.08186,1.08214
2020-11-25 22:00:00,1.08214,1.08324,1.07917,1.07937
2020-11-26 22:00:00,1.07965,1.08273,1.07911,1.08179
2020-11-29 22:00:00,1.08092,1.08591,1.08032,1.08367
2020-11-30 22:00:00,1.08373,1.08649,1.08119,1.08549
2020-12-01 22:00:00,1.08549,1.08718,1.08130,1.08375
2020-12-02 22:00:00,1.08375,1.08406,1.08167,1.08178
2020-12-03 22:00:00,1.08246,1.08487,1.07976,1.08084
2020-12-06 22:00:00,1.07941,1.08132,1.07809,1.07819
2020-12-07 22:00:00,1.07810,1.07990,1.07574,1.07574
2020-12-08 22:00:00,1.07578,1.07838,1.07419,1.07450
2020-12-09 22:00:00,1.07447,1.07696,1.07353,1.07556
2020-12-10 22:00:00,1.07556,1.07895,1.07492,1.07740
2020-12-13 22:00:00,1.07835,1.07923,1.07630,1.07699
2020-12-14 22:00:00,1.07699,1.07858,1.07588,1.07611
2020-12-15 22:00:00,1.07618,1.08070,1.07546,1.07971
2020-12-16 22:00:00,1.07928,1.08580,1.07898,1.08472
2020-12-17 22:00:00,1.08474,1.08595,1.08168,1.08215
2020-12-20 22:00:00,1.08141,1.08471,1.07977,1.08388
2020-12-21 22:00:00,1.08385,1.08450,1.08147,1.08160
2020-12-22 22:00:00,1.08158,1.08582,1.08102,1.08209
2020-12-23 22:00:00,1.08207,1.08645,1.08169,1.08569
2020-12-27 22:00:00,1.08206,1.08920,1.08202,1.08540
2020-12-28 22:00:00,1.08542,1.08761,1.08223,1.08273
2020-12-29 22:00:00,1.08254,1.08629,1.08201,1.08378
2020-12-30 22:00:00,1.08371,1.08460,1.07979,1.08141
2021-01-03 22:00:00,1.08011,1.08313,1.07891,1.07899
2021-01-04 22:00:00,1.07925,1.08195,1.07861,1.07993
2021-01-05 22:00:00,1.07993,1.08377,1.07921,1.08269
2021-01-06 22:00:00,1.08297,1.08678,1.08202,1.08569
2021-01-07 22:00:00,1.08579,1.08627,1.08168,1.08195
2021-01-10 22:00:00,1.08210,1.08406,1.08134,1.08168
2021-01-11 22:00:00,1.08163,1.08311,1.08055,1.08171
2021-01-12 22:00:00,1.08166,1.08238,1.07838,1.07894
2021-01-13 22:00:00,1.07872,1.08147,1.07756,1.07947
2021-01-14 22:00:00,1.07900,1.07965,1.07504,1.07644
2021-01-17 22:00:00,1.07541,1.07705,1.07390,1.07551
2021-01-18 22:00:00,1.07577,1.07811,1.07471,1.07752
2021-01-19 22:00:00,1.07751,1.07924,1.07653,1.07662
2021-01-20 22:00:00,1.07668,1.07863,1.07563,1.07662
2021-01-21 22:00:00,1.07650,1.07840,1.07598,1.07733
2021-01-24 22:00:00,1.07671,1.07878,1.07671,1.07830
2021-01-25 22:00:00,1.07780,1.08001,1.07704,1.07817
2021-01-26 22:00:00,1.07815,1.07853,1.07499,1.07579
2021-01-27 22:00:00,1.07574,1.07894,1.07517,1.07689
2021-01-28 22:00:00,1.07689,1.08123,1.07605,1.08114
2021-01-31 22:00:00,1.07856,1.08273,1.07856,1.08192
2021-02-01 22:00:00,1.08135,1.08327,1.07988,1.08039
2021-02-02 22:00:00,1.08038,1.08195,1.07958,1.08190
2021-02-03 22:00:00,1.08178,1.08232,1.08102,1.08174
2021-02-04 22:00:00,1.08139,1.08351,1.08074,1.08321
2021-02-07 22:00:00,1.08211,1.08459,1.08203,1.08280
2021-02-08 22:00:00,1.08280,1.08331,1.08043,1.08108
2021-02-09 22:00:00,1.08097,1.08186,1.07850,1.07855
2021-02-10 22:00:00,1.07855,1.08075,1.07798,1.07939
2021-02-11 22:00:00,1.07939,1.08105,1.07836,1.08095
2021-02-14 22:00:00,1.07981,1.08199,1.07886,1.07952
2021-02-15 22:00:00,1.07952,1.08079,1.07878,1.07999
2021-02-16 22:00:00,1.07970,1.08246,1.07942,1.08123
2021-02-17 22:00:00,1.08112,1.08366,1.08097,1.08267
2021-02-18 22:00:00,1.08271,1.08707,1.08257,1.08638
2021-02-21 22:00:00,1.08591,1.09158,1.08528,1.08864
2021-02-22 22:00:00,1.08883,1.09985,1.08852,1.09933
2021-02-23 22:00:00,1.09737,1.10561,1.09646,1.10252
2021-02-24 22:00:00,1.10267,1.10976,1.10136,1.10141
2021-02-25 22:00:00,1.10141,1.10255,1.09561,1.09688
2021-02-28 22:00:00,1.09661,1.10314,1.09575,1.10213
2021-03-01 22:00:00,1.10213,1.10578,1.10032,1.10560
2021-03-02 22:00:00,1.10558,1.10994,1.10485,1.10937
2021-03-03 22:00:00,1.10930,1.11515,1.10755,1.11186
2021-03-04 22:00:00,1.11180,1.11238,1.10545,1.10931
2021-03-07 22:00:00,1.10641,1.11006,1.10641,1.10863
2021-03-08 22:00:00,1.10863,1.11191,1.10337,1.10378
2021-03-09 22:00:00,1.10378,1.10926,1.10298,1.10889
2021-03-10 22:00:00,1.10887,1.11016,1.10505,1.10771
2021-03-11 22:00:00,1.10771,1.11134,1.10631,1.11045
2021-03-14 22:00:00,1.10985,1.11078,1.10583,1.10610
2021-03-15 22:00:00,1.10602,1.10766,1.10023,1.10096
2021-03-16 22:00:00,1.10069,1.10613,1.10044,1.10485
2021-03-17 22:00:00,1.10489,1.10843,1.10298,1.10510
2021-03-18 22:00:00,1.10507,1.10787,1.10405,1.10612
2021-03-21 22:00:00,1.10471,1.10637,1.10080,1.10127
2021-03-22 22:00:00,1.10116,1.10800,1.10116,1.10623
2021-03-23 22:00:00,1.10623,1.10765,1.10485,1.10507
2021-03-24 22:00:00,1.10507,1.10744,1.10426,1.10548
2021-03-25 22:00:00,1.10573,1.10943,1.10564,1.10704
2021-03-28 21:00:00,1.10652,1.10781,1.10373,1.10454
2021-03-29 21:00:00,1.10450,1.10691,1.10349,1.10376
2021-03-30 21:00:00,1.10376,1.10911,1.10326,1.10687
2021-03-31 21:00:00,1.10679,1.11184,1.10622,1.10905
2021-04-01 21:00:00,1.10889,1.10971,1.10692,1.10804
2021-04-04 21:00:00,1.10791,1.10944,1.10498,1.10594
2021-04-05 21:00:00,1.10566,1.10876,1.10441,1.10522
2021-04-06 21:00:00,1.10520,1.10618,1.10230,1.10301
2021-04-07 21:00:00,1.10295,1.10413,1.10058,1.10077
2021-04-08 21:00:00,1.10077,1.10189,1.09926,1.10017
2021-04-11 21:00:00,1.09942,1.10152,1.09754,1.09826
2021-04-12 21:00:00,1.09825,1.10130,1.09755,1.09979
2021-04-13 21:00:00,1.09979,1.10603,1.09923,1.10467
2021-04-14 21:00:00,1.10465,1.10635,1.10298,1.10353
2021-04-15 21:00:00,1.10326,1.10451,1.10012,1.10207
2021-04-18 21:00:00,1.10037,1.10299,1.09928,1.10077
2021-04-19 21:00:00,1.10026,1.10479,1.09974,1.10200
2021-04-20 21:00:00,1.10178,1.10432,1.10085,1.10332
2021-04-21 21:00:00,1.10327,1.10475,1.10140,1.10149
2021-04-22 21:00:00,1.10231,1.10527,1.10140,1.10517
2021-04-25 21:00:00,1.10402,1.10711,1.10388,1.10475
2021-04-26 21:00:00,1.10419,1.10626,1.10239,1.10427
2021-04-27 21:00:00,1.10427,1.10754,1.10207,1.10277
2021-04-28 21:00:00,1.10278,1.10422,1.10118,1.10154
2021-04-29 21:00:00,1.10146,1.10225,1.09731,1.09754
2021-05-02 21:00:00,1.09702,1.10177,1.09656,1.09853
2021-05-03 21:00:00,1.09854,1.10105,1.09669,1.09706
2021-05-04 21:00:00,1.09706,1.09891,1.09528,1.09565
2021-05-05 21:00:00,1.09561,1.09720,1.09422,1.09484
2021-05-06 21:00:00,1.09436,1.09765,1.09353,1.09520
2021-05-09 21:00:00,1.09476,1.09632,1.09290,1.09293
2021-05-10 21:00:00,1.09300,1.09884,1.09268,1.09732
2021-05-11 21:00:00,1.09739,1.09839,1.09558,1.09704
2021-05-12 21:00:00,1.09704,1.09857,1.09370,1.09434
2021-05-13 21:00:00,1.09448,1.09614,1.09321,1.09490
2021-05-16 21:00:00,1.09390,1.09780,1.09350,1.09736
2021-05-17 21:00:00,1.09738,1.09825,1.09517,1.09683
2021-05-18 21:00:00,1.09683,1.10283,1.09612,1.09998
2021-05-19 21:00:00,1.09970,1.10206,1.09691,1.09691
2021-05-20 21:00:00,1.09688,1.09774,1.09325,1.09344
2021-05-23 21:00:00,1.09385,1.09646,1.09281,1.09531
2021-05-24 21:00:00,1.09523,1.09851,1.09483,1.09633
2021-05-25 21:00:00,1.09654,1.09727,1.09391,1.09425
2021-05-26 21:00:00,1.09425,1.09771,1.09340,1.09380
2021-05-27 21:00:00,1.09376,1.09761,1.09306,1.09722
2021-05-30 21:00:00,1.09656,1.09988,1.09562,1.09851
2021-05-31 21:00:00,1.09846,1.10023,1.09547,1.09547
2021-06-01 21:00:00,1.09528,1.09823,1.09526,1.09612
2021-06-02 21:00:00,1.09601,1.09788,1.09556,1.09560
2021-06-03 21:00:00,1.09591,1.09660,1.09341,1.09381
2021-06-06 21:00:00,1.09341,1.09488,1.09119,1.09416
2021-06-07 21:00:00,1.09417,1.09441,1.09104,1.09164
2021-06-08 21:00:00,1.09160,1.09271,1.09048,1.09052
2021-06-09 21:00:00,1.09049,1.09257,1.08900,1.08906
2021-06-10 21:00:00,1.08906,1.09017,1.08723,1.08731
2021-06-13 21:00:00,1.08742,1.09085,1.08702,1.09000
2021-06-14 21:00:00,1.08978,1.09087,1.08868,1.08910
2021-06-15 21:00:00,1.08910,1.09123,1.08830,1.08959
2021-06-16 21:00:00,1.08960,1.09317,1.08898,1.09280
2021-06-17 21:00:00,1.09278,1.09541,1.09132,1.09507
2021-06-20 21:00:00,1.09342,1.09637,1.09333,1.09339
2021-06-21 21:00:00,1.09338,1.09677,1.09326,1.09628
2021-06-22 21:00:00,1.09567,1.09679,1.09486,1.09516
2021-06-23 21:00:00,1.09517,1.09762,1.09473,1.09520
2021-06-24 21:00:00,1.09522,1.09637,1.09416,1.09427
2021-06-27 21:00:00,1.09412,1.09698,1.09412,1.09610
2021-06-28 21:00:00,1.09621,1.09719,1.09518,1.09540
2021-06-29 21:00:00,1.09576,1.09817,1.09510,1.09667
2021-06-30 21:00:00,1.09667,1.09867,1.09595,1.09667
2021-07-01 21:00:00,1.09670,1.09724,1.09213,1.09225
2021-07-04 21:00:00,1.09192,1.09456,1.09192,1.09393
2021-07-05 21:00:00,1.09363,1.09452,1.09216,1.09305
2021-07-06 21:00:00,1.09298,1.09340,1.09096,1.09096
2021-07-07 21:00:00,1.09093,1.09201,1.08246,1.08353
2021-07-08 21:00:00,1.08318,1.08677,1.08230,1.08526
2021-07-11 21:00:00,1.08546,1.08625,1.08447,1.08512
2021-07-12 21:00:00,1.08493,1.08622,1.08183,1.08186
2021-07-13 21:00:00,1.08186,1.08512,1.08125,1.08205
2021-07-14 21:00:00,1.08309,1.08482,1.08042,1.08382
2021-07-15 21:00:00,1.08382,1.08647,1.08275,1.08542
2021-07-18 21:00:00,1.08491,1.08627,1.08256,1.08297
2021-07-19 21:00:00,1.08289,1.08577,1.08212,1.08527
2021-07-20 21:00:00,1.08519,1.08576,1.08196,1.08196
2021-07-21 21:00:00,1.08196,1.08407,1.08131,1.08151
2021-07-22 21:00:00,1.08118,1.08409,1.08114,1.08237
2021-07-25 21:00:00,1.08192,1.08322,1.08065,1.08074
2021-07-26 21:00:00,1.08082,1.08212,1.07973,1.08047
2021-07-27 21:00:00,1.08033,1.08162,1.07769,1.07797
2021-07-28 21:00:00,1.07789,1.07940,1.07646,1.07683
2021-07-29 21:00:00,1.07683,1.07805,1.07418,1.07451
2021-08-01 21:00:00,1.07407,1.07667,1.07369,1.07404
2021-08-02 21:00:00,1.07437,1.07539,1.07212,1.07214
2021-08-03 21:00:00,1.07207,1.07407,1.07196,1.07289
2021-08-04 21:00:00,1.07280,1.07411,1.07206,1.07266
2021-08-05 21:00:00,1.07259,1.07639,1.07167,1.07617
2021-08-08 21:00:00,1.07526,1.08046,1.07451,1.07929
2021-08-09 21:00:00,1.07932,1.08184,1.07873,1.08116
2021-08-10 21:00:00,1.08111,1.08257,1.08057,1.08213
2021-08-11 21:00:00,1.08203,1.08397,1.08123,1.08310
2021-08-12 21:00:00,1.08308,1.08404,1.07953,1.07963
2021-08-15 21:00:00,1.07951,1.08151,1.07357,1.07437
2021-08-16 21:00:00,1.07416,1.07523,1.07003,1.07079
2021-08-17 21:00:00,1.07043,1.07577,1.07018,1.07370
2021-08-18 21:00:00,1.07354,1.07458,1.06959,1.07263
2021-08-19 21:00:00,1.07272,1.07333,1.06997,1.07270
2021-08-22 21:00:00,1.07191,1.07570,1.07146,1.07167
2021-08-23 21:00:00,1.07152,1.07344,1.07001,1.07262
2021-08-24 21:00:00,1.07227,1.07565,1.07195,1.07550
2021-08-25 21:00:00,1.07551,1.08054,1.07329,1.07859
2021-08-26 21:00:00,1.07833,1.07973,1.07411,1.07464
2021-08-29 21:00:00,1.07470,1.08256,1.07402,1.08142
2021-08-30 21:00:00,1.08123,1.08320,1.07819,1.08063
2021-08-31 21:00:00,1.08059,1.08504,1.08011,1.08293
2021-09-01 21:00:00,1.08292,1.08640,1.08291,1.08569
2021-09-02 21:00:00,1.08558,1.08726,1.08480,1.08547
2021-09-05 21:00:00,1.08431,1.08797,1.08376,1.08616
2021-09-06 21:00:00,1.08583,1.08897,1.08447,1.08862
2021-09-07 21:00:00,1.08850,1.09012,1.08643,1.08919
2021-09-08 21:00:00,1.08943,1.08973,1.08343,1.08381
2021-09-09 21:00:00,1.08390,1.08620,1.08321,1.08427
2021-09-12 21:00:00,1.08441,1.08959,1.08381,1.08875
2021-09-13 21:00:00,1.08840,1.09043,1.08544,1.08624
2021-09-14 21:00:00,1.08579,1.08706,1.08393,1.08651
2021-09-15 21:00:00,1.08630,1.09178,1.08509,1.09122
2021-09-16 21:00:00,1.09096,1.09378,1.08992,1.09306
2021-09-19 21:00:00,1.09096,1.09348,1.08747,1.08760
2021-09-20 21:00:00,1.08741,1.08854,1.08153,1.08283
2021-09-21 21:00:00,1.08281,1.08449,1.08127,1.08211
2021-09-22 21:00:00,1.08211,1.08602,1.08125,1.08510
2021-09-23 21:00:00,1.08510,1.08647,1.08210,1.08340
2021-09-26 21:00:00,1.08151,1.08647,1.08151,1.08263
2021-09-27 21:00:00,1.08195,1.08598,1.08171,1.08541
2021-09-28 21:00:00,1.08534,1.08620,1.08210,1.08361
2021-09-29 21:00:00,1.08369,1.08478,1.07830,1.07874
2021-09-30 21:00:00,1.07825,1.08079,1.07717,1.07859
2021-10-03 21:00:00,1.07860,1.08019,1.07330,1.07438
2021-10-04 21:00:00,1.07428,1.07680,1.07367,1.07621
2021-10-05 21:00:00,1.07590,1.07716,1.07076,1.07147
2021-10-06 21:00:00,1.07131,1.07350,1.07017,1.07242
2021-10-07 21:00:00,1.07213,1.07518,1.07120,1.07301
2021-10-10 21:00:00,1.07198,1.07465,1.07094,1.07163
2021-10-11 21:00:00,1.07154,1.07409,1.07085,1.07298
2021-10-12 21:00:00,1.07298,1.07391,1.07086,1.07118
2021-10-13 21:00:00,1.07104,1.07194,1.06803,1.07077
2021-10-14 21:00:00,1.07043,1.07393,1.06912,1.07055
2021-10-17 21:00:00,1.07046,1.07356,1.07033,1.07229
2021-10-18 21:00:00,1.07213,1.07404,1.07103,1.07368
2021-10-19 21:00:00,1.07365,1.07656,1.07049,1.07082
2021-10-20 21:00:00,1.07043,1.07179,1.06711,1.06725
2021-10-21 21:00:00,1.06707,1.06824,1.06585,1.06658
2021-10-24 21:00:00,1.06572,1.06921,1.06572,1.06787
2021-10-25 21:00:00,1.06779,1.07030,1.06540,1.06672
2021-10-26 21:00:00,1.06672,1.06764,1.06363,1.06517
2021-10-27 21:00:00,1.06514,1.06709,1.06316,1.06537
2021-10-28 21:00:00,1.06530,1.06563,1.05693,1.05800
2021-10-31 22:00:00,1.05784,1.06039,1.05448,1.05508
2021-11-01 22:00:00,1.05475,1.06039,1.05465,1.05907
2021-11-02 22:00:00,1.05872,1.05936,1.05520,1.05878
2021-11-03 22:00:00,1.05846,1.05901,1.05306,1.05434
2021-11-04 22:00:00,1.05433,1.05762,1.05338,1.05500
2021-11-07 22:00:00,1.05357,1.05978,1.05357,1.05848
2021-11-08 22:00:00,1.05794,1.05975,1.05533,1.05610
2021-11-09 22:00:00,1.05585,1.05707,1.05371,1.05405
2021-11-10 22:00:00,1.05373,1.05745,1.05348,1.05469
2021-11-11 22:00:00,1.05449,1.05711,1.05356,1.05400
2021-11-14 22:00:00,1.05342,1.05433,1.05107,1.05159
2021-11-15 22:00:00,1.05147,1.05504,1.05043,1.05272
2021-11-16 22:00:00,1.05244,1.05442,1.05031,1.05049
2021-11-17 22:00:00,1.05079,1.05259,1.04975,1.05246
2021-11-18 22:00:00,1.05235,1.05285,1.04474,1.04800
2021-11-21 22:00:00,1.04740,1.04852,1.04478,1.04785
2021-11-22 22:00:00,1.04830,1.05132,1.04382,1.04984
2021-11-23 22:00:00,1.04945,1.05039,1.04557,1.04609
2021-11-24 22:00:00,1.04575,1.04935,1.04526,1.04892
2021-11-25 22:00:00,1.04866,1.04893,1.04278,1.04618
2021-11-28 22:00:00,1.04221,1.04512,1.04146,1.04219
2021-11-29 22:00:00,1.04219,1.04434,1.03901,1.04134
2021-11-30 22:00:00,1.04134,1.04336,1.04049,1.04110
2021-12-01 22:00:00,1.04190,1.04358,1.03987,1.04016
2021-12-02 22:00:00,1.03993,1.04079,1.03756,1.03800
2021-12-05 22:00:00,1.03752,1.04497,1.03667,1.04439
2021-12-06 22:00:00,1.04439,1.04473,1.04025,1.04206
2021-12-07 22:00:00,1.04198,1.04551,1.04088,1.04400
2021-12-08 22:00:00,1.04391,1.04543,1.04202,1.04308
2021-12-09 22:00:00,1.04291,1.04471,1.04090,1.04189
2021-12-12 22:00:00,1.04062,1.04298,1.04021,1.04124
2021-12-13 22:00:00,1.04118,1.04175,1.03893,1.03980
2021-12-14 22:00:00,1.03967,1.04423,1.03910,1.04350
2021-12-15 22:00:00,1.04350,1.04665,1.04094,1.04162
2021-12-16 22:00:00,1.04131,1.04191,1.03839,1.03854
2021-12-19 22:00:00,1.03842,1.04135,1.03791,1.03851
2021-12-20 22:00:00,1.03892,1.04273,1.03789,1.04210
2021-12-21 22:00:00,1.04196,1.04342,1.04120,1.04173
2021-12-22 22:00:00,1.04173,1.04320,1.03915,1.04009
2021-12-23 22:00:00,1.03932,1.04112,1.03853,1.04031
2021-12-26 22:00:00,1.03870,1.04110,1.03870,1.03920
2021-12-27 22:00:00,1.03916,1.03940,1.03690,1.03756
2021-12-28 22:00:00,1.03756,1.03829,1.03622,1.03760
2021-12-29 22:00:00,1.03757,1.03841,1.03430,1.03430
2021-12-30 22:00:00,1.03479,1.03788,1.03261,1.03770
2022-01-02 22:00:00,1.03649,1.03916,1.03490,1.03826
2022-01-03 22:00:00,1.03788,1.03830,1.03347,1.03389
2022-01-04 22:00:00,1.03389,1.03900,1.03329,1.03736
2022-01-05 22:00:00,1.03697,1.04113,1.03655,1.04018
2022-01-06 22:00:00,1.04000,1.04509,1.03962,1.04312
2022-01-09 22:00:00,1.04287,1.05039,1.04246,1.04987
2022-01-10 22:00:00,1.04975,1.05115,1.04854,1.04950
2022-01-11 22:00:00,1.04917,1.05058,1.04372,1.04579
2022-01-12 22:00:00,1.04590,1.04874,1.04244,1.04342
2022-01-13 22:00:00,1.04335,1.04479,1.04185,1.04305
2022-01-16 22:00:00,1.04172,1.04448,1.04172,1.04253
2022-01-17 22:00:00,1.04227,1.04387,1.03806,1.03850
2022-01-18 22:00:00,1.03896,1.04033,1.03748,1.03915
2022-01-19 22:00:00,1.03915,1.03948,1.03721,1.03738
2022-01-20 22:00:00,1.03727,1.03798,1.03346,1.03439
2022-01-23 22:00:00,1.03307,1.03588,1.02999,1.03469
2022-01-24 22:00:00,1.03469,1.03853,1.03225,1.03776
2022-01-25 22:00:00,1.03764,1.03993,1.03277,1.03856
2022-01-26 22:00:00,1.03840,1.03975,1.03680,1.03762
2022-01-27 22:00:00,1.03725,1.03912,1.03587,1.03781
2022-01-30 22:00:00,1.03720,1.04411,1.03720,1.04124
2022-01-31 22:00:00,1.04118,1.04131,1.03630,1.03795
2022-02-01 22:00:00,1.03794,1.04064,1.03733,1.03837
2022-02-02 22:00:00,1.03797,1.05422,1.03745,1.05249
2022-02-03 22:00:00,1.05182,1.06022,1.05150,1.05975
2022-02-06 22:00:00,1.05892,1.06050,1.05499,1.05669
2022-02-07 22:00:00,1.05639,1.05714,1.05293,1.05528
2022-02-08 22:00:00,1.05578,1.05670,1.05429,1.05564
2022-02-09 22:00:00,1.05520,1.06118,1.05505,1.05730
2022-02-10 22:00:00,1.05577,1.05747,1.04816,1.04889
2022-02-13 22:00:00,1.04792,1.05136,1.04373,1.04549
2022-02-14 22:00:00,1.04489,1.05303,1.04402,1.05119
2022-02-15 22:00:00,1.05079,1.05492,1.04835,1.04904
2022-02-16 22:00:00,1.04870,1.04951,1.04469,1.04538
2022-02-17 22:00:00,1.04541,1.04821,1.04255,1.04305
2022-02-20 22:00:00,1.04240,1.04663,1.03548,1.03607
2022-02-21 22:00:00,1.03562,1.04609,1.03380,1.04368
2022-02-22 22:00:00,1.04264,1.04600,1.03761,1.03804
2022-02-23 22:00:00,1.03785,1.03818,1.02792,1.03575
2022-02-24 22:00:00,1.03575,1.04482,1.03315,1.04300
2022-02-27 22:00:00,1.03040,1.03796,1.02750,1.02861
2022-02-28 22:00:00,1.02852,1.02976,1.01991,1.02187
2022-03-01 22:00:00,1.02184,1.02630,1.01591,1.02302
2022-03-02 22:00:00,1.02281,1.02373,1.01503,1.01506
2022-03-03 22:00:00,1.01525,1.01578,1.00183,1.00241
