datetime,open,high,low,close
2012-12-03 22:00:00,0.81119,0.81376,0.80995,0.81314
2012-12-04 22:00:00,0.81313,0.81471,0.81108,0.81202
2012-12-05 22:00:00,0.81203,0.81239,0.80648,0.80763
2012-12-06 22:00:00,0.80764,0.80799,0.80448,0.80575
2012-12-09 22:00:00,0.80440,0.80578,0.80344,0.80485
2012-12-10 22:00:00,0.80484,0.80768,0.80420,0.80706
2012-12-11 22:00:00,0.80705,0.80998,0.80604,0.80978
2012-12-12 22:00:00,0.80979,0.81194,0.80878,0.81142
2012-12-13 22:00:00,0.81139,0.81444,0.80964,0.81356
2012-12-16 22:00:00,0.81475,0.81483,0.81106,0.81224
2012-12-17 22:00:00,0.81225,0.81447,0.81165,0.81378
2012-12-18 22:00:00,0.81379,0.81677,0.81161,0.81210
2012-12-19 22:00:00,0.81215,0.81610,0.81215,0.81364
2012-12-20 22:00:00,0.81365,0.81542,0.81137,0.81509
2012-12-23 22:00:00,0.81540,0.81842,0.81471,0.81738
2012-12-25 22:00:00,0.81757,0.82085,0.81728,0.81937
2012-12-26 22:00:00,0.81939,0.82239,0.81837,0.82173
2012-12-27 22:00:00,0.82176,0.82248,0.81662,0.81741
2012-12-30 22:00:00,0.81738,0.81855,0.81033,0.81244
2012-12-31 22:00:00,0.81190,0.81287,0.81154,0.81217
2013-01-01 22:00:00,0.81217,0.81507,0.81042,0.81134
2013-01-02 22:00:00,0.81135,0.81202,0.80846,0.81029
2013-01-03 22:00:00,0.81030,0.81419,0.80959,0.81297
2013-01-06 22:00:00,0.81338,0.81494,0.81043,0.81375
2013-01-07 22:00:00,0.81375,0.81610,0.81353,0.81440
2013-01-08 22:00:00,0.81439,0.81621,0.81327,0.81495
2013-01-09 22:00:00,0.81496,0.82115,0.81431,0.82057
2013-01-10 22:00:00,0.82057,0.82858,0.82029,0.82699
2013-01-13 22:00:00,0.82852,0.83245,0.82788,0.83209
2013-01-14 22:00:00,0.83210,0.83241,0.82654,0.82780
2013-01-15 22:00:00,0.82781,0.83182,0.82643,0.83051
2013-01-16 22:00:00,0.83050,0.83648,0.82976,0.83589
2013-01-17 22:00:00,0.83590,0.83961,0.83544,0.83906
2013-01-20 22:00:00,0.83957,0.84205,0.83767,0.84072
2013-01-21 22:00:00,0.84074,0.84402,0.83632,0.84093
2013-01-22 22:00:00,0.84093,0.84200,0.83785,0.84060
2013-01-23 22:00:00,0.84062,0.84805,0.83901,0.84712
2013-01-24 22:00:00,0.84710,0.85361,0.84613,0.85168
2013-01-27 22:00:00,0.85307,0.85856,0.85259,0.85677
2013-01-28 22:00:00,0.85675,0.85690,0.85272,0.85571
2013-01-29 22:00:00,0.85570,0.86057,0.85560,0.85887
2013-01-30 22:00:00,0.85886,0.85906,0.85524,0.85657
2013-01-31 22:00:00,0.85654,0.87158,0.85643,0.86897
2013-02-03 22:00:00,0.86899,0.86923,0.85667,0.85717
2013-02-04 22:00:00,0.85718,0.86869,0.85522,0.86715
2013-02-05 22:00:00,0.86716,0.86800,0.86149,0.86286
2013-02-06 22:00:00,0.86285,0.86610,0.85154,0.85217
2013-02-07 22:00:00,0.85219,0.85320,0.84458,0.84516
2013-02-10 22:00:00,0.84663,0.85732,0.84558,0.85626
2013-02-11 22:00:00,0.85625,0.86305,0.85397,0.85786
2013-02-12 22:00:00,0.85785,0.86831,0.85697,0.86544
2013-02-13 22:00:00,0.86546,0.86659,0.85845,0.86192
2013-02-14 22:00:00,0.86192,0.86324,0.85734,0.86063
2013-02-17 22:00:00,0.86119,0.86475,0.86025,0.86300
2013-02-18 22:00:00,0.86301,0.86849,0.85999,0.86780
2013-02-19 22:00:00,0.86775,0.87640,0.86754,0.87189
2013-02-20 22:00:00,0.87190,0.87577,0.86288,0.86480
2013-02-21 22:00:00,0.86484,0.86986,0.86037,0.86974
2013-02-24 22:00:00,0.87310,0.88146,0.86008,0.86100
2013-02-25 22:00:00,0.86097,0.86474,0.85748,0.86338
2013-02-26 22:00:00,0.86337,0.86788,0.86217,0.86625
2013-02-27 22:00:00,0.86623,0.86758,0.86003,0.86127
2013-02-28 22:00:00,0.86127,0.86840,0.86082,0.86560
2013-03-03 22:00:00,0.86573,0.86642,0.86131,0.86162
2013-03-04 22:00:00,0.86165,0.86345,0.85888,0.86228
2013-03-05 22:00:00,0.86224,0.86676,0.86177,0.86594
2013-03-06 22:00:00,0.86593,0.87324,0.86361,0.87284
2013-03-07 22:00:00,0.87286,0.87419,0.86758,0.87093
2013-03-10 22:00:00,0.87121,0.87483,0.87028,0.87414
2013-03-11 22:00:00,0.87413,0.87934,0.87182,0.87444
2013-03-12 22:00:00,0.87444,0.87454,0.86630,0.86835
2013-03-13 22:00:00,0.86834,0.86844,0.86115,0.86263
2013-03-14 22:00:00,0.86263,0.86585,0.86020,0.86492
2013-03-17 22:00:00,0.85406,0.85909,0.85315,0.85741
2013-03-18 22:00:00,0.85741,0.85860,0.85051,0.85188
2013-03-19 22:00:00,0.85188,0.86008,0.85186,0.85686
2013-03-20 22:00:00,0.85687,0.85732,0.84890,0.85005
2013-03-21 22:00:00,0.85005,0.85452,0.84842,0.85255
2013-03-24 22:00:00,0.85140,0.85608,0.84576,0.84730
2013-03-25 22:00:00,0.84730,0.84978,0.84594,0.84822
2013-03-26 22:00:00,0.84823,0.84850,0.84361,0.84462
2013-03-27 22:00:00,0.84462,0.84757,0.84154,0.84345
2013-03-28 22:00:00,0.84346,0.84428,0.84240,0.84269
2013-03-31 21:00:00,0.84287,0.84449,0.84102,0.84332
2013-04-01 21:00:00,0.84333,0.84935,0.84250,0.84884
2013-04-02 21:00:00,0.84884,0.84942,0.84683,0.84858
2013-04-03 21:00:00,0.84860,0.85209,0.84349,0.84906
2013-04-04 21:00:00,0.84903,0.85150,0.84685,0.84706
2013-04-07 21:00:00,0.84736,0.85320,0.84626,0.85274
2013-04-08 21:00:00,0.85274,0.85592,0.85068,0.85377
2013-04-09 21:00:00,0.85380,0.85599,0.85184,0.85240
2013-04-10 21:00:00,0.85241,0.85350,0.85039,0.85179
2013-04-11 21:00:00,0.85179,0.85481,0.84894,0.85427
2013-04-14 21:00:00,0.85403,0.85489,0.85142,0.85302
2013-04-15 21:00:00,0.85303,0.85968,0.85223,0.85758
2013-04-16 21:00:00,0.85759,0.86363,0.85329,0.85505
2013-04-17 21:00:00,0.85505,0.85734,0.85291,0.85392
2013-04-18 21:00:00,0.85392,0.85819,0.85031,0.85667
2013-04-21 21:00:00,0.85787,0.85895,0.85400,0.85425
2013-04-22 21:00:00,0.85427,0.85683,0.85101,0.85316
2013-04-23 21:00:00,0.85316,0.85375,0.84970,0.85236
2013-04-24 21:00:00,0.85226,0.85325,0.84095,0.84279
2013-04-25 21:00:00,0.84279,0.84473,0.83973,0.84171
2013-04-28 21:00:00,0.84329,0.84573,0.84039,0.84494
2013-04-29 21:00:00,0.84495,0.84847,0.84245,0.84742
2013-04-30 21:00:00,0.84735,0.84971,0.84598,0.84737
2013-05-01 21:00:00,0.84736,0.84816,0.84041,0.84086
2013-05-02 21:00:00,0.84088,0.84486,0.84061,0.84185
2013-05-05 21:00:00,0.84242,0.84374,0.84003,0.84115
2013-05-06 21:00:00,0.84117,0.84661,0.84087,0.84466
2013-05-07 21:00:00,0.84466,0.84884,0.84424,0.84673
2013-05-08 21:00:00,0.84673,0.84732,0.84304,0.84440
2013-05-09 21:00:00,0.84441,0.84604,0.84305,0.84531
2013-05-12 21:00:00,0.84501,0.84926,0.84313,0.84834
2013-05-13 21:00:00,0.84831,0.85164,0.84740,0.84974
2013-05-14 21:00:00,0.84972,0.84996,0.84355,0.84593
2013-05-15 21:00:00,0.84592,0.84642,0.84208,0.84345
2013-05-16 21:00:00,0.84345,0.84619,0.84301,0.84611
2013-05-19 21:00:00,0.84542,0.84696,0.84403,0.84423
2013-05-20 21:00:00,0.84423,0.85200,0.84398,0.85170
2013-05-21 21:00:00,0.85172,0.85895,0.85163,0.85436
2013-05-22 21:00:00,0.85440,0.85701,0.85318,0.85587
2013-05-23 21:00:00,0.85589,0.85972,0.85352,0.85471
2013-05-26 21:00:00,0.85490,0.85724,0.85350,0.85591
2013-05-27 21:00:00,0.85589,0.85623,0.85422,0.85480
2013-05-28 21:00:00,0.85484,0.85949,0.85404,0.85528
2013-05-29 21:00:00,0.85528,0.85981,0.85449,0.85625
2013-05-30 21:00:00,0.85624,0.85782,0.85282,0.85485
2013-06-02 21:00:00,0.85472,0.85529,0.85022,0.85324
2013-06-03 21:00:00,0.85328,0.85586,0.85216,0.85416
2013-06-04 21:00:00,0.85415,0.85480,0.84915,0.84975
2013-06-05 21:00:00,0.84967,0.85203,0.84765,0.84892
2013-06-06 21:00:00,0.84891,0.85265,0.84799,0.84918
2013-06-09 21:00:00,0.84932,0.85175,0.84852,0.85116
2013-06-10 21:00:00,0.85117,0.85506,0.85007,0.85076
2013-06-11 21:00:00,0.85075,0.85133,0.84688,0.85037
2013-06-12 21:00:00,0.85038,0.85412,0.84755,0.85064
2013-06-13 21:00:00,0.85068,0.85344,0.84888,0.84940
2013-06-16 21:00:00,0.84950,0.85073,0.84756,0.85007
2013-06-17 21:00:00,0.85006,0.85843,0.84991,0.85639
2013-06-18 21:00:00,0.85639,0.85899,0.85433,0.85844
2013-06-19 21:00:00,0.85844,0.85903,0.85172,0.85291
2013-06-20 21:00:00,0.85291,0.85516,0.85050,0.85070
2013-06-23 21:00:00,0.85125,0.85420,0.84825,0.85010
2013-06-24 21:00:00,0.85010,0.85116,0.84714,0.84811
2013-06-25 21:00:00,0.84815,0.84989,0.84688,0.84933
2013-06-26 21:00:00,0.84952,0.85597,0.84899,0.85427
2013-06-27 21:00:00,0.85426,0.85899,0.85401,0.85486
2013-06-30 21:00:00,0.85568,0.85907,0.85472,0.85824
2013-07-01 21:00:00,0.85825,0.85937,0.85546,0.85659
2013-07-02 21:00:00,0.85660,0.85746,0.84816,0.85115
2013-07-03 21:00:00,0.85120,0.86327,0.85105,0.85654
2013-07-04 21:00:00,0.85654,0.86292,0.85641,0.86130
2013-07-07 21:00:00,0.86164,0.86273,0.86041,0.86076
2013-07-08 21:00:00,0.86075,0.86688,0.85864,0.86006
2013-07-09 21:00:00,0.86009,0.86566,0.85749,0.86446
2013-07-10 21:00:00,0.86444,0.86937,0.86107,0.86231
2013-07-11 21:00:00,0.86229,0.86540,0.86129,0.86457
2013-07-14 21:00:00,0.86464,0.86643,0.86308,0.86517
2013-07-15 21:00:00,0.86517,0.87069,0.86423,0.86829
2013-07-16 21:00:00,0.86830,0.87107,0.86147,0.86246
2013-07-17 21:00:00,0.86247,0.86459,0.86002,0.86090
2013-07-18 21:00:00,0.86089,0.86294,0.85897,0.86018
2013-07-21 21:00:00,0.86053,0.86117,0.85819,0.85850
2013-07-22 21:00:00,0.85852,0.86082,0.85818,0.86006
2013-07-23 21:00:00,0.86006,0.86285,0.85874,0.86159
2013-07-24 21:00:00,0.86163,0.86437,0.85875,0.86299
2013-07-25 21:00:00,0.86299,0.86379,0.86062,0.86293
2013-07-28 21:00:00,0.86307,0.86468,0.86212,0.86440
2013-07-29 21:00:00,0.86441,0.87062,0.86416,0.87033
2013-07-30 21:00:00,0.87033,0.87652,0.87015,0.87477
2013-07-31 21:00:00,0.87485,0.87692,0.86807,0.87374
2013-08-01 21:00:00,0.87374,0.87446,0.86769,0.86811
2013-08-04 21:00:00,0.86890,0.86963,0.86308,0.86351
2013-08-05 21:00:00,0.86348,0.86717,0.86189,0.86681
2013-08-06 21:00:00,0.86680,0.87308,0.85784,0.86091
2013-08-07 21:00:00,0.86095,0.86226,0.85929,0.86115
2013-08-08 21:00:00,0.86122,0.86183,0.85962,0.86052
2013-08-11 21:00:00,0.86004,0.86087,0.85802,0.86005
2013-08-12 21:00:00,0.86006,0.86096,0.85348,0.85834
2013-08-13 21:00:00,0.85837,0.85985,0.85277,0.85503
2013-08-14 21:00:00,0.85505,0.85682,0.85047,0.85330
2013-08-15 21:00:00,0.85331,0.85543,0.85234,0.85250
2013-08-18 21:00:00,0.85301,0.85383,0.85120,0.85210
2013-08-19 21:00:00,0.85214,0.85733,0.85175,0.85661
2013-08-20 21:00:00,0.85663,0.85774,0.85094,0.85313
2013-08-21 21:00:00,0.85312,0.85776,0.85292,0.85691
2013-08-22 21:00:00,0.85692,0.86031,0.85416,0.85932
2013-08-25 21:00:00,0.85902,0.85963,0.85769,0.85818
2013-08-26 21:00:00,0.85818,0.86236,0.85807,0.86141
2013-08-27 21:00:00,0.86141,0.86519,0.85718,0.85912
2013-08-28 21:00:00,0.85914,0.85931,0.85292,0.85394
2013-08-29 21:00:00,0.85395,0.85526,0.85192,0.85209
2013-09-01 21:00:00,0.85120,0.85203,0.84718,0.84864
2013-09-02 21:00:00,0.84864,0.84882,0.84463,0.84616
2013-09-03 21:00:00,0.84620,0.84642,0.84263,0.84507
2013-09-04 21:00:00,0.84504,0.84648,0.84079,0.84141
2013-09-05 21:00:00,0.84143,0.84351,0.83921,0.84283
2013-09-08 21:00:00,0.84268,0.84496,0.84101,0.84448
2013-09-09 21:00:00,0.84448,0.84532,0.84227,0.84313
2013-09-10 21:00:00,0.84317,0.84389,0.83829,0.84118
2013-09-11 21:00:00,0.84118,0.84253,0.83927,0.84127
2013-09-12 21:00:00,0.84130,0.84174,0.83564,0.83710
2013-09-15 21:00:00,0.83841,0.83913,0.83708,0.83873
2013-09-16 21:00:00,0.83872,0.84110,0.83794,0.83964
2013-09-17 21:00:00,0.83963,0.83991,0.83523,0.83710
2013-09-18 21:00:00,0.83715,0.84424,0.83711,0.84392
2013-09-19 21:00:00,0.84394,0.84596,0.84213,0.84453
2013-09-22 21:00:00,0.84575,0.84588,0.84028,0.84101
2013-09-23 21:00:00,0.84102,0.84483,0.84097,0.84176
2013-09-24 21:00:00,0.84178,0.84463,0.83980,0.84097
2013-09-25 21:00:00,0.84100,0.84286,0.83942,0.84081
2013-09-26 21:00:00,0.84083,0.84195,0.83619,0.83776
2013-09-29 21:00:00,0.83531,0.83881,0.83409,0.83541
2013-09-30 21:00:00,0.83541,0.83666,0.83325,0.83518
2013-10-01 21:00:00,0.83518,0.83814,0.83344,0.83673
2013-10-02 21:00:00,0.83670,0.84388,0.83663,0.84295
2013-10-03 21:00:00,0.84297,0.84754,0.84220,0.84662
2013-10-06 21:00:00,0.84627,0.84652,0.84294,0.84375
2013-10-07 21:00:00,0.84375,0.84687,0.84247,0.84378
2013-10-08 21:00:00,0.84386,0.84864,0.84291,0.84762
2013-10-09 21:00:00,0.84759,0.84924,0.84637,0.84675
2013-10-10 21:00:00,0.84672,0.85091,0.84611,0.84800
2013-10-13 21:00:00,0.84885,0.84954,0.84793,0.84843
2013-10-14 21:00:00,0.84846,0.84945,0.84446,0.84538
2013-10-15 21:00:00,0.84538,0.84893,0.84301,0.84816
2013-10-16 21:00:00,0.84816,0.84959,0.84493,0.84592
2013-10-17 21:00:00,0.84593,0.84694,0.84411,0.84629
2013-10-20 21:00:00,0.84594,0.84732,0.84504,0.84710
2013-10-21 21:00:00,0.84714,0.84987,0.84679,0.84881
2013-10-22 21:00:00,0.84881,0.85310,0.84836,0.85214
2013-10-23 21:00:00,0.85218,0.85549,0.85071,0.85174
2013-10-24 21:00:00,0.85176,0.85424,0.85041,0.85366
2013-10-27 22:00:00,0.85371,0.85472,0.85193,0.85408
2013-10-28 22:00:00,0.85409,0.85847,0.85405,0.85639
2013-10-29 22:00:00,0.85646,0.85775,0.85570,0.85613
2013-10-30 22:00:00,0.85612,0.85671,0.84607,0.84687
2013-10-31 22:00:00,0.84688,0.84764,0.84445,0.84660
2013-11-03 22:00:00,0.84700,0.84767,0.84517,0.84630
2013-11-04 22:00:00,0.84630,0.84635,0.83918,0.83953
2013-11-05 22:00:00,0.83953,0.84160,0.83782,0.84036
2013-11-06 22:00:00,0.84036,0.84114,0.83001,0.83329
2013-11-07 22:00:00,0.83331,0.83620,0.83230,0.83405
2013-11-10 22:00:00,0.83438,0.83955,0.83387,0.83860
2013-11-11 22:00:00,0.83860,0.84520,0.83767,0.84509
2013-11-12 22:00:00,0.84511,0.84632,0.83763,0.84030
2013-11-13 22:00:00,0.84029,0.84153,0.83612,0.83782
2013-11-14 22:00:00,0.83783,0.83864,0.83577,0.83715
2013-11-17 22:00:00,0.83691,0.83998,0.83613,0.83820
2013-11-18 22:00:00,0.83819,0.84039,0.83776,0.83974
2013-11-19 22:00:00,0.83974,0.84145,0.83250,0.83446
2013-11-20 22:00:00,0.83448,0.83570,0.83199,0.83211
2013-11-21 22:00:00,0.83213,0.83614,0.83164,0.83533
2013-11-24 22:00:00,0.83470,0.83736,0.83407,0.83650
2013-11-25 22:00:00,0.83647,0.83909,0.83610,0.83678
2013-11-26 22:00:00,0.83681,0.83867,0.83305,0.83357
2013-11-27 22:00:00,0.83357,0.83519,0.83128,0.83252
2013-11-28 22:00:00,0.83250,0.83445,0.82970,0.82997
2013-12-01 22:00:00,0.82969,0.82973,0.82524,0.82786
2013-12-02 22:00:00,0.82785,0.82949,0.82579,0.82927
2013-12-03 22:00:00,0.82929,0.83196,0.82734,0.82961
2013-12-04 22:00:00,0.82962,0.83794,0.82922,0.83662
2013-12-05 22:00:00,0.83662,0.83886,0.83471,0.83813
2013-12-08 22:00:00,0.83864,0.83953,0.83605,0.83631
2013-12-09 22:00:00,0.83632,0.83908,0.83503,0.83652
2013-12-10 22:00:00,0.83652,0.84314,0.83629,0.84179
2013-12-11 22:00:00,0.84179,0.84308,0.83908,0.84120
2013-12-12 22:00:00,0.84118,0.84402,0.84075,0.84265
2013-12-15 22:00:00,0.84229,0.84546,0.84147,0.84413
2013-12-16 22:00:00,0.84411,0.84663,0.84314,0.84625
2013-12-17 22:00:00,0.84625,0.84626,0.83430,0.83472
2013-12-18 22:00:00,0.83474,0.83672,0.83342,0.83443
2013-12-19 22:00:00,0.83448,0.83782,0.83302,0.83630
2013-12-22 22:00:00,0.83733,0.83885,0.83545,0.83769
2013-12-23 22:00:00,0.83766,0.83809,0.83439,0.83545
2013-12-25 22:00:00,0.83542,0.83656,0.83290,0.83396
2013-12-26 22:00:00,0.83396,0.83918,0.83362,0.83380
2013-12-29 22:00:00,0.83452,0.83720,0.83289,0.83632
2013-12-30 22:00:00,0.83627,0.83728,0.83091,0.83208
2013-12-31 22:00:00,0.82977,0.83051,0.82972,0.83003
2014-01-01 22:00:00,0.83004,0.83192,0.82698,0.83096
2014-01-02 22:00:00,0.83096,0.83164,0.82730,0.82740
2014-01-05 22:00:00,0.82846,0.83313,0.82795,0.83047
2014-01-06 22:00:00,0.83047,0.83202,0.82919,0.83001
2014-01-07 22:00:00,0.83001,0.83162,0.82417,0.82542
2014-01-08 22:00:00,0.82547,0.82768,0.82303,0.82560
2014-01-09 22:00:00,0.82561,0.83057,0.82555,0.82877
2014-01-12 22:00:00,0.82885,0.83485,0.82843,0.83420
2014-01-13 22:00:00,0.83421,0.83423,0.83075,0.83182
2014-01-14 22:00:00,0.83182,0.83298,0.82859,0.83114
2014-01-15 22:00:00,0.83111,0.83407,0.83078,0.83268
2014-01-16 22:00:00,0.83269,0.83394,0.82338,0.82426
2014-01-19 22:00:00,0.82426,0.82630,0.82326,0.82508
2014-01-20 22:00:00,0.82511,0.82546,0.82142,0.82292
2014-01-21 22:00:00,0.82291,0.82358,0.81680,0.81749
2014-01-22 22:00:00,0.81748,0.82474,0.81719,0.82293
2014-01-23 22:00:00,0.82292,0.83003,0.82095,0.82949
2014-01-26 22:00:00,0.83015,0.83058,0.82370,0.82463
2014-01-27 22:00:00,0.82464,0.82510,0.82222,0.82405
2014-01-28 22:00:00,0.82405,0.82584,0.82199,0.82503
2014-01-29 22:00:00,0.82507,0.82685,0.82146,0.82193
2014-01-30 22:00:00,0.82191,0.82422,0.81881,0.81992
2014-02-02 22:00:00,0.82072,0.83014,0.82022,0.82924
2014-02-03 22:00:00,0.82924,0.83261,0.82656,0.82781
2014-02-04 22:00:00,0.82771,0.83332,0.82659,0.82976
2014-02-05 22:00:00,0.82977,0.83496,0.82798,0.83274
2014-02-06 22:00:00,0.83274,0.83282,0.82880,0.83070
2014-02-09 22:00:00,0.83014,0.83257,0.82951,0.83160
2014-02-10 22:00:00,0.83158,0.83365,0.82857,0.82896
2014-02-11 22:00:00,0.82894,0.82992,0.81806,0.81841
2014-02-12 22:00:00,0.81841,0.82263,0.81798,0.82120
2014-02-13 22:00:00,0.82120,0.82270,0.81742,0.81748
2014-02-16 22:00:00,0.81752,0.82087,0.81574,0.81994
2014-02-17 22:00:00,0.81995,0.82495,0.81902,0.82492
2014-02-18 22:00:00,0.82489,0.82608,0.82208,0.82331
2014-02-19 22:00:00,0.82330,0.82531,0.82148,0.82382
2014-02-20 22:00:00,0.82385,0.82678,0.82157,0.82678
2014-02-23 22:00:00,0.82597,0.82860,0.82399,0.82451
2014-02-24 22:00:00,0.82453,0.82561,0.82246,0.82409
2014-02-25 22:00:00,0.82409,0.82508,0.82082,0.82097
2014-02-26 22:00:00,0.82097,0.82231,0.81978,0.82141
2014-02-27 22:00:00,0.82142,0.82675,0.81906,0.82427
2014-03-02 22:00:00,0.82320,0.82499,0.82229,0.82430
2014-03-03 22:00:00,0.82431,0.82604,0.82275,0.82467
2014-03-04 22:00:00,0.82466,0.82473,0.82036,0.82141
2014-03-05 22:00:00,0.82142,0.82871,0.82060,0.82798
2014-03-06 22:00:00,0.82797,0.83007,0.82738,0.82993
2014-03-09 22:00:00,0.82975,0.83499,0.82915,0.83362
2014-03-10 22:00:00,0.83362,0.83468,0.83206,0.83365
2014-03-11 22:00:00,0.83365,0.83741,0.83245,0.83631
2014-03-12 22:00:00,0.83630,0.83778,0.83301,0.83416
2014-03-13 22:00:00,0.83417,0.83804,0.83351,0.83562
2014-03-16 22:00:00,0.83594,0.83765,0.83412,0.83700
2014-03-17 22:00:00,0.83699,0.83998,0.83613,0.83935
2014-03-18 22:00:00,0.83936,0.83955,0.83547,0.83593
2014-03-19 22:00:00,0.83592,0.83685,0.83283,0.83467
2014-03-20 22:00:00,0.83468,0.83709,0.83432,0.83642
2014-03-23 22:00:00,0.83650,0.83909,0.83439,0.83879
2014-03-24 22:00:00,0.83879,0.83929,0.83343,0.83616
2014-03-25 22:00:00,0.83615,0.83631,0.83097,0.83141
2014-03-26 22:00:00,0.83141,0.83217,0.82625,0.82749
2014-03-27 22:00:00,0.82750,0.82817,0.82457,0.82635
2014-03-30 21:00:00,0.82623,0.82975,0.82494,0.82651
2014-03-31 21:00:00,0.82651,0.83066,0.82615,0.82932
2014-04-01 21:00:00,0.82933,0.83090,0.82708,0.82796
2014-04-02 21:00:00,0.82796,0.83141,0.82606,0.82657
2014-04-03 21:00:00,0.82657,0.82773,0.82496,0.82641
2014-04-06 21:00:00,0.82662,0.82848,0.82606,0.82731
2014-04-07 21:00:00,0.82732,0.82753,0.82327,0.82357
2014-04-08 21:00:00,0.82356,0.82558,0.82309,0.82498
2014-04-09 21:00:00,0.82498,0.82793,0.82405,0.82736
2014-04-10 21:00:00,0.82736,0.83096,0.82731,0.82977
2014-04-13 21:00:00,0.82777,0.82839,0.82523,0.82615
2014-04-14 21:00:00,0.82614,0.82828,0.82453,0.82564
2014-04-15 21:00:00,0.82568,0.82679,0.82198,0.82249
2014-04-16 21:00:00,0.82250,0.82466,0.82145,0.82250
2014-04-17 21:00:00,0.82249,0.82383,0.82195,0.82214
2014-04-20 21:00:00,0.82230,0.82301,0.82093,0.82137
2014-04-21 21:00:00,0.82136,0.82165,0.81977,0.82050
2014-04-22 21:00:00,0.82049,0.82459,0.82012,0.82336
2014-04-23 21:00:00,0.82335,0.82444,0.82199,0.82321
2014-04-24 21:00:00,0.82320,0.82411,0.82223,0.82322
2014-04-27 21:00:00,0.82341,0.82434,0.82172,0.82397
2014-04-28 21:00:00,0.82397,0.82587,0.82006,0.82080
2014-04-29 21:00:00,0.82082,0.82344,0.81961,0.82160
2014-04-30 21:00:00,0.82154,0.82279,0.82030,0.82097
2014-05-01 21:00:00,0.82096,0.82245,0.81997,0.82192
2014-05-04 21:00:00,0.82199,0.82325,0.82140,0.82247
2014-05-05 21:00:00,0.82246,0.82261,0.81939,0.82040
2014-05-06 21:00:00,0.82042,0.82135,0.81927,0.82043
2014-05-07 21:00:00,0.82043,0.82482,0.81684,0.81730
2014-05-08 21:00:00,0.81730,0.81825,0.81605,0.81624
2014-05-11 21:00:00,0.81654,0.81679,0.81429,0.81559
2014-05-12 21:00:00,0.81559,0.81734,0.81346,0.81433
2014-05-13 21:00:00,0.81431,0.81833,0.81265,0.81792
2014-05-14 21:00:00,0.81790,0.81827,0.81442,0.81649
2014-05-15 21:00:00,0.81652,0.81711,0.81394,0.81432
2014-05-18 21:00:00,0.81419,0.81579,0.81399,0.81519
2014-05-19 21:00:00,0.81518,0.81562,0.81190,0.81354
2014-05-20 21:00:00,0.81353,0.81444,0.80852,0.80982
2014-05-21 21:00:00,0.80981,0.81119,0.80856,0.80948
2014-05-22 21:00:00,0.80955,0.81041,0.80815,0.80950
2014-05-25 21:00:00,0.80929,0.81049,0.80847,0.81007
2014-05-26 21:00:00,0.81008,0.81167,0.80856,0.81097
2014-05-27 21:00:00,0.81097,0.81426,0.81050,0.81329
2014-05-28 21:00:00,0.81333,0.81520,0.81282,0.81359
2014-05-29 21:00:00,0.81358,0.81389,0.81197,0.81365
2014-06-01 21:00:00,0.81325,0.81428,0.81146,0.81192
2014-06-02 21:00:00,0.81190,0.81480,0.81058,0.81351
2014-06-03 21:00:00,0.81349,0.81495,0.81196,0.81254
2014-06-04 21:00:00,0.81254,0.81396,0.80644,0.81253
2014-06-05 21:00:00,0.81253,0.81292,0.81005,0.81174
2014-06-08 21:00:00,0.81176,0.81222,0.80882,0.80890
2014-06-09 21:00:00,0.80891,0.80940,0.80635,0.80839
2014-06-10 21:00:00,0.80843,0.80857,0.80521,0.80602
2014-06-11 21:00:00,0.80600,0.80643,0.80003,0.80044
2014-06-12 21:00:00,0.80044,0.80067,0.79719,0.79794
2014-06-15 21:00:00,0.79746,0.79940,0.79588,0.79926
2014-06-16 21:00:00,0.79926,0.80085,0.79807,0.79854
2014-06-17 21:00:00,0.79855,0.80160,0.79692,0.79965
2014-06-18 21:00:00,0.79964,0.80248,0.79825,0.79854
2014-06-19 21:00:00,0.79854,0.79962,0.79686,0.79921
2014-06-22 21:00:00,0.79868,0.79971,0.79766,0.79886
2014-06-23 21:00:00,0.79884,0.80243,0.79837,0.80089
2014-06-24 21:00:00,0.80089,0.80335,0.80076,0.80259
2014-06-25 21:00:00,0.80259,0.80313,0.79824,0.79944
2014-06-26 21:00:00,0.79944,0.80180,0.79918,0.80073
2014-06-29 21:00:00,0.80095,0.80271,0.79970,0.80016
2014-06-30 21:00:00,0.80017,0.80064,0.79714,0.79747
2014-07-01 21:00:00,0.79747,0.79791,0.79491,0.79553
2014-07-02 21:00:00,0.79554,0.79718,0.79302,0.79336
2014-07-03 21:00:00,0.79338,0.79347,0.79190,0.79215
2014-07-06 21:00:00,0.79194,0.79469,0.79146,0.79417
2014-07-07 21:00:00,0.79418,0.79595,0.79264,0.79455
2014-07-08 21:00:00,0.79454,0.79629,0.79430,0.79500
2014-07-09 21:00:00,0.79500,0.79683,0.79338,0.79418
2014-07-10 21:00:00,0.79419,0.79589,0.79363,0.79441
2014-07-13 21:00:00,0.79464,0.79802,0.79431,0.79722
2014-07-14 21:00:00,0.79721,0.79805,0.79109,0.79144
2014-07-15 21:00:00,0.79145,0.79181,0.78901,0.78911
2014-07-16 21:00:00,0.78912,0.79140,0.78884,0.79088
2014-07-17 21:00:00,0.79087,0.79332,0.79031,0.79163
2014-07-20 21:00:00,0.79182,0.79277,0.79115,0.79193
2014-07-21 21:00:00,0.79187,0.79220,0.78878,0.78910
2014-07-22 21:00:00,0.78911,0.79099,0.78737,0.78993
2014-07-23 21:00:00,0.78994,0.79391,0.78880,0.79244
2014-07-24 21:00:00,0.79245,0.79335,0.79028,0.79084
2014-07-27 21:00:00,0.79104,0.79174,0.79039,0.79127
2014-07-28 21:00:00,0.79128,0.79262,0.79066,0.79128
2014-07-29 21:00:00,0.79128,0.79208,0.79046,0.79192
2014-07-30 21:00:00,0.79196,0.79417,0.79137,0.79280
2014-07-31 21:00:00,0.79280,0.79846,0.79247,0.79819
2014-08-03 21:00:00,0.79801,0.79835,0.79581,0.79604
2014-08-04 21:00:00,0.79603,0.79641,0.79183,0.79201
2014-08-05 21:00:00,0.79200,0.79446,0.79156,0.79414
2014-08-06 21:00:00,0.79412,0.79559,0.79238,0.79373
2014-08-07 21:00:00,0.79375,0.79971,0.79359,0.79946
2014-08-10 21:00:00,0.79923,0.79926,0.79704,0.79725
2014-08-11 21:00:00,0.79729,0.79796,0.79442,0.79513
2014-08-12 21:00:00,0.79515,0.80194,0.79191,0.80068
2014-08-13 21:00:00,0.80069,0.80356,0.79996,0.80093
2014-08-14 21:00:00,0.80091,0.80324,0.80044,0.80229
2014-08-17 21:00:00,0.80106,0.80124,0.79832,0.79877
2014-08-18 21:00:00,0.79878,0.80272,0.79823,0.80145
2014-08-19 21:00:00,0.80145,0.80162,0.79693,0.79892
2014-08-20 21:00:00,0.79892,0.80114,0.79860,0.80107
2014-08-21 21:00:00,0.80105,0.80157,0.79785,0.79930
2014-08-24 21:00:00,0.79722,0.79785,0.79515,0.79595
2014-08-25 21:00:00,0.79595,0.79672,0.79547,0.79602
2014-08-26 21:00:00,0.79603,0.79640,0.79380,0.79599
2014-08-27 21:00:00,0.79599,0.79663,0.79371,0.79473
2014-08-28 21:00:00,0.79470,0.79580,0.79091,0.79112
2014-08-31 21:00:00,0.79136,0.79168,0.78911,0.79030
2014-09-01 21:00:00,0.79033,0.79748,0.79017,0.79736
2014-09-02 21:00:00,0.79736,0.79961,0.79650,0.79881
2014-09-03 21:00:00,0.79880,0.79934,0.79027,0.79280
2014-09-04 21:00:00,0.79280,0.79570,0.79205,0.79315
2014-09-07 21:00:00,0.80007,0.80371,0.79783,0.80155
2014-09-08 21:00:00,0.80156,0.80372,0.79782,0.80348
2014-09-09 21:00:00,0.80348,0.80657,0.79528,0.79710
2014-09-10 21:00:00,0.79707,0.79777,0.79404,0.79410
2014-09-11 21:00:00,0.79410,0.79818,0.79410,0.79650
2014-09-14 21:00:00,0.79697,0.79844,0.79450,0.79745
2014-09-15 21:00:00,0.79747,0.80094,0.79574,0.79638
2014-09-16 21:00:00,0.79637,0.79696,0.78910,0.78996
2014-09-17 21:00:00,0.78996,0.79146,0.78474,0.78572
2014-09-18 21:00:00,0.78572,0.78788,0.78097,0.78746
2014-09-21 21:00:00,0.78733,0.78745,0.78442,0.78520
2014-09-22 21:00:00,0.78520,0.78895,0.78374,0.78387
2014-09-23 21:00:00,0.78389,0.78510,0.78123,0.78216
2014-09-24 21:00:00,0.78214,0.78300,0.77853,0.78143
2014-09-25 21:00:00,0.78140,0.78231,0.77997,0.78029
2014-09-28 21:00:00,0.78083,0.78289,0.77996,0.78121
2014-09-29 21:00:00,0.78123,0.78176,0.77663,0.77895
2014-09-30 21:00:00,0.77895,0.77995,0.77671,0.77967
2014-10-01 21:00:00,0.77968,0.78584,0.77902,0.78451
2014-10-02 21:00:00,0.78451,0.78608,0.78206,0.78352
2014-10-05 21:00:00,0.78354,0.78738,0.78287,0.78684
2014-10-06 21:00:00,0.78686,0.78736,0.78368,0.78674
2014-10-07 21:00:00,0.78675,0.78998,0.78594,0.78778
2014-10-08 21:00:00,0.78779,0.78949,0.78552,0.78721
2014-10-09 21:00:00,0.78723,0.78948,0.78503,0.78542
2014-10-12 21:00:00,0.78582,0.79344,0.78528,0.79265
2014-10-13 21:00:00,0.79263,0.79613,0.79058,0.79584
2014-10-14 21:00:00,0.79584,0.80465,0.79360,0.80090
2014-10-15 21:00:00,0.80090,0.80277,0.79469,0.79655
2014-10-16 21:00:00,0.79655,0.79813,0.79244,0.79277
2014-10-19 21:00:00,0.79237,0.79298,0.79030,0.79169
2014-10-20 21:00:00,0.79170,0.79413,0.78769,0.78859
2014-10-21 21:00:00,0.78861,0.79251,0.78719,0.78807
2014-10-22 21:00:00,0.78809,0.79164,0.78702,0.78881
2014-10-23 21:00:00,0.78882,0.79004,0.78704,0.78725
2014-10-26 22:00:00,0.78755,0.78931,0.78613,0.78784
2014-10-27 22:00:00,0.78785,0.79003,0.78718,0.78924
2014-10-28 22:00:00,0.78925,0.79111,0.78861,0.78907
2014-10-29 22:00:00,0.78906,0.79036,0.78597,0.78802
2014-10-30 22:00:00,0.78802,0.78832,0.78226,0.78262
2014-11-02 22:00:00,0.78293,0.78354,0.77975,0.78168
2014-11-03 22:00:00,0.78168,0.78531,0.78121,0.78417
2014-11-04 22:00:00,0.78417,0.78632,0.78075,0.78153
2014-11-05 22:00:00,0.78153,0.78632,0.77984,0.78161
2014-11-06 22:00:00,0.78164,0.78573,0.78117,0.78462
2014-11-09 22:00:00,0.78467,0.78617,0.78276,0.78395
2014-11-10 22:00:00,0.78401,0.78472,0.78208,0.78357
2014-11-11 22:00:00,0.78357,0.78890,0.78007,0.78816
2014-11-12 22:00:00,0.78817,0.79465,0.78797,0.79421
2014-11-13 22:00:00,0.79419,0.80000,0.79338,0.79887
2014-11-16 22:00:00,0.79903,0.80022,0.79548,0.79615
2014-11-17 22:00:00,0.79616,0.80224,0.79574,0.80213
2014-11-18 22:00:00,0.80213,0.80385,0.79885,0.79995
2014-11-19 22:00:00,0.79990,0.80266,0.79728,0.79911
2014-11-20 22:00:00,0.79913,0.80020,0.79057,0.79116
2014-11-23 22:00:00,0.79035,0.79342,0.79024,0.79186
2014-11-24 22:00:00,0.79176,0.79429,0.79167,0.79378
2014-11-25 22:00:00,0.79391,0.79494,0.78966,0.79166
2014-11-26 22:00:00,0.79172,0.79420,0.79061,0.79205
2014-11-27 22:00:00,0.79206,0.79698,0.79126,0.79552
2014-11-30 22:00:00,0.79617,0.79762,0.79219,0.79263
2014-12-01 22:00:00,0.79262,0.79404,0.79097,0.79155
2014-12-02 22:00:00,0.79166,0.79200,0.78319,0.78460
2014-12-03 22:00:00,0.78469,0.79216,0.78390,0.78954
2014-12-04 22:00:00,0.78954,0.79224,0.78500,0.78833
2014-12-07 22:00:00,0.78811,0.79011,0.78445,0.78670
2014-12-08 22:00:00,0.78629,0.79298,0.78624,0.78964
2014-12-09 22:00:00,0.78951,0.79225,0.78847,0.79203
2014-12-10 22:00:00,0.79203,0.79540,0.78782,0.78811
2014-12-11 22:00:00,0.78844,0.79399,0.78737,0.79241
2014-12-14 22:00:00,0.79226,0.79720,0.79071,0.79487
2014-12-15 22:00:00,0.79517,0.80064,0.79347,0.79359
2014-12-16 22:00:00,0.79349,0.79543,0.79094,0.79222
2014-12-17 22:00:00,0.79185,0.79256,0.78360,0.78386
2014-12-18 22:00:00,0.78352,0.78584,0.78089,0.78089
2014-12-21 22:00:00,0.78192,0.78591,0.78185,0.78414
2014-12-22 22:00:00,0.78416,0.78677,0.78369,0.78412
2014-12-23 22:00:00,0.78412,0.78656,0.78356,0.78383
2014-12-25 22:00:00,0.78456,0.78471,0.78200,0.78233
2014-12-28 22:00:00,0.78242,0.78531,0.78208,0.78313
2014-12-29 22:00:00,0.78276,0.78440,0.78076,0.78076
2014-12-30 22:00:00,0.78081,0.78167,0.77596,0.77652
2015-01-01 22:00:00,0.77536,0.78320,0.77444,0.78284
2015-01-04 22:00:00,0.78090,0.78491,0.77999,0.78227
2015-01-05 22:00:00,0.78227,0.78738,0.78189,0.78437
2015-01-06 22:00:00,0.78437,0.78530,0.78139,0.78334
2015-01-07 22:00:00,0.78333,0.78549,0.78042,0.78107
2015-01-08 22:00:00,0.78106,0.78235,0.77839,0.78089
2015-01-11 22:00:00,0.78047,0.78298,0.77852,0.77971
2015-01-12 22:00:00,0.77971,0.78292,0.77560,0.77624
2015-01-13 22:00:00,0.77626,0.77812,0.77323,0.77362
2015-01-14 22:00:00,0.77363,0.77458,0.76273,0.76578
2015-01-15 22:00:00,0.76573,0.76717,0.75947,0.76314
2015-01-18 22:00:00,0.76342,0.76832,0.76294,0.76767
2015-01-19 22:00:00,0.76778,0.76915,0.76118,0.76221
2015-01-20 22:00:00,0.76214,0.77124,0.76170,0.76651
2015-01-21 22:00:00,0.76650,0.76759,0.75527,0.75688
2015-01-22 22:00:00,0.75685,0.75817,0.74281,0.74717
2015-01-25 22:00:00,0.74346,0.75048,0.74038,0.74495
2015-01-26 22:00:00,0.74510,0.75110,0.74345,0.74872
2015-01-27 22:00:00,0.74875,0.74958,0.74448,0.74525
2015-01-28 22:00:00,0.74535,0.75268,0.74410,0.75112
2015-01-29 22:00:00,0.75094,0.75356,0.74804,0.74919
2015-02-01 22:00:00,0.74904,0.75636,0.74895,0.75398
2015-02-02 22:00:00,0.75395,0.75916,0.75247,0.75667
2015-02-03 22:00:00,0.75666,0.75741,0.74570,0.74694
2015-02-04 22:00:00,0.74696,0.75097,0.74490,0.74851
2015-02-05 22:00:00,0.74852,0.74899,0.74167,0.74219
2015-02-08 22:00:00,0.74170,0.74585,0.74123,0.74403
2015-02-09 22:00:00,0.74400,0.74451,0.74084,0.74192
2015-02-10 22:00:00,0.74195,0.74469,0.73849,0.74364
2015-02-11 22:00:00,0.74363,0.74548,0.73713,0.74107
2015-02-12 22:00:00,0.74109,0.74333,0.73879,0.73893
2015-02-15 22:00:00,0.73872,0.74270,0.73777,0.73887
2015-02-16 22:00:00,0.73889,0.74432,0.73743,0.74306
2015-02-17 22:00:00,0.74297,0.74353,0.73476,0.73818
2015-02-18 22:00:00,0.73808,0.74089,0.73584,0.73737
2015-02-19 22:00:00,0.73728,0.74279,0.73397,0.73879
2015-02-22 22:00:00,0.73986,0.74050,0.73253,0.73322
2015-02-23 22:00:00,0.73318,0.73487,0.73165,0.73370
2015-02-24 22:00:00,0.73358,0.73445,0.73136,0.73153
2015-02-25 22:00:00,0.73147,0.73262,0.72610,0.72678
2015-02-26 22:00:00,0.72674,0.72974,0.72457,0.72492
2015-03-01 22:00:00,0.72460,0.73012,0.72391,0.72768
2015-03-02 22:00:00,0.72766,0.72885,0.72586,0.72734
2015-03-03 22:00:00,0.72745,0.72806,0.72360,0.72565
2015-03-04 22:00:00,0.72563,0.72855,0.72196,0.72353
2015-03-05 22:00:00,0.72344,0.72382,0.71823,0.72067
2015-03-08 22:00:00,0.72009,0.72194,0.71694,0.71717
2015-03-09 22:00:00,0.71714,0.71796,0.70844,0.70937
2015-03-10 22:00:00,0.70941,0.71053,0.70138,0.70616
2015-03-11 22:00:00,0.70623,0.71463,0.70343,0.71355
2015-03-12 22:00:00,0.71355,0.71713,0.71033,0.71111
2015-03-15 22:00:00,0.71140,0.71644,0.71027,0.71261
2015-03-16 22:00:00,0.71269,0.72159,0.71186,0.71856
2015-03-17 22:00:00,0.71849,0.72908,0.71699,0.72382
2015-03-18 22:00:00,0.72388,0.72760,0.71533,0.72212
2015-03-19 22:00:00,0.72213,0.72648,0.72213,0.72324
2015-03-22 22:00:00,0.72566,0.73307,0.72273,0.73176
2015-03-23 22:00:00,0.73173,0.73711,0.73018,0.73534
2015-03-24 22:00:00,0.73534,0.73840,0.73425,0.73683
2015-03-25 22:00:00,0.73685,0.73842,0.73189,0.73207
2015-03-26 22:00:00,0.73221,0.73411,0.72653,0.73112
2015-03-29 21:00:00,0.73106,0.73388,0.72927,0.73127
2015-03-30 21:00:00,0.73130,0.73211,0.72219,0.72413
2015-03-31 21:00:00,0.72382,0.72977,0.72299,0.72600
2015-04-01 21:00:00,0.72585,0.73498,0.72525,0.73371
2015-04-02 21:00:00,0.73344,0.73786,0.73247,0.73537
2015-04-05 21:00:00,0.73537,0.73778,0.73334,0.73379
2015-04-06 21:00:00,0.73381,0.73500,0.72839,0.73019
2015-04-07 21:00:00,0.73017,0.73139,0.72270,0.72490
2015-04-08 21:00:00,0.72507,0.72771,0.72339,0.72438
2015-04-09 21:00:00,0.72424,0.72593,0.72235,0.72459
2015-04-12 21:00:00,0.72459,0.72697,0.71971,0.71985
2015-04-13 21:00:00,0.71989,0.72340,0.71812,0.72057
2015-04-14 21:00:00,0.72057,0.72166,0.71657,0.72005
2015-04-15 21:00:00,0.72005,0.72304,0.71633,0.72044
2015-04-16 21:00:00,0.72044,0.72290,0.71688,0.72236
2015-04-19 21:00:00,0.72236,0.72316,0.71853,0.72021
2015-04-20 21:00:00,0.72021,0.72103,0.71695,0.71909
2015-04-21 21:00:00,0.71909,0.72058,0.71215,0.71305
2015-04-22 21:00:00,0.71305,0.71976,0.71166,0.71870
2015-04-23 21:00:00,0.71870,0.72117,0.71421,0.71566
2015-04-26 21:00:00,0.71586,0.71709,0.71402,0.71452
2015-04-27 21:00:00,0.71457,0.71714,0.71315,0.71565
2015-04-28 21:00:00,0.71549,0.72238,0.71362,0.72067
2015-04-29 21:00:00,0.72065,0.73345,0.71871,0.73087
2015-04-30 21:00:00,0.73078,0.74195,0.72999,0.73898
2015-05-03 21:00:00,0.73869,0.73970,0.73513,0.73718
2015-05-04 21:00:00,0.73678,0.73830,0.73148,0.73674
2015-05-05 21:00:00,0.73680,0.74490,0.73652,0.74388
2015-05-06 21:00:00,0.74426,0.74826,0.73790,0.73882
2015-05-07 21:00:00,0.73834,0.73879,0.72247,0.72569
2015-05-10 21:00:00,0.72488,0.72557,0.71401,0.71556
2015-05-11 21:00:00,0.71556,0.72259,0.71512,0.71535
2015-05-12 21:00:00,0.71527,0.72274,0.71224,0.72096
2015-05-13 21:00:00,0.72089,0.72438,0.72039,0.72312
2015-05-14 21:00:00,0.72316,0.72820,0.72051,0.72767
2015-05-17 21:00:00,0.72696,0.72827,0.72161,0.72260
2015-05-18 21:00:00,0.72259,0.72314,0.71490,0.71832
2015-05-19 21:00:00,0.71827,0.71893,0.71257,0.71391
2015-05-20 21:00:00,0.71384,0.71661,0.70900,0.70934
2015-05-21 21:00:00,0.70921,0.71618,0.70885,0.71055
2015-05-24 21:00:00,0.71098,0.71112,0.70722,0.70936
2015-05-25 21:00:00,0.70940,0.70981,0.70598,0.70666
2015-05-26 21:00:00,0.70672,0.71125,0.70545,0.70991
2015-05-27 21:00:00,0.70969,0.71510,0.70965,0.71469
2015-05-28 21:00:00,0.71452,0.72006,0.71391,0.71889
2015-05-31 21:00:00,0.71776,0.71957,0.71448,0.71879
2015-06-01 21:00:00,0.71873,0.73037,0.71786,0.72653
2015-06-02 21:00:00,0.72647,0.73572,0.72516,0.73478
2015-06-03 21:00:00,0.73473,0.73852,0.73050,0.73131
2015-06-04 21:00:00,0.73134,0.73589,0.72692,0.72777
2015-06-07 21:00:00,0.72698,0.73633,0.72653,0.73557
2015-06-08 21:00:00,0.73556,0.73886,0.73278,0.73319
2015-06-09 21:00:00,0.73303,0.73642,0.72671,0.72902
2015-06-10 21:00:00,0.72902,0.73151,0.72362,0.72532
2015-06-11 21:00:00,0.72493,0.72568,0.71961,0.72368
2015-06-14 21:00:00,0.72083,0.72466,0.72029,0.72298
2015-06-15 21:00:00,0.72301,0.72499,0.71746,0.71861
2015-06-16 21:00:00,0.71853,0.72125,0.71434,0.71587
2015-06-17 21:00:00,0.71586,0.71998,0.71522,0.71524
2015-06-18 21:00:00,0.71516,0.71730,0.71246,0.71459
2015-06-21 21:00:00,0.71617,0.72105,0.71345,0.71654
2015-06-22 21:00:00,0.71655,0.71788,0.70796,0.70982
2015-06-23 21:00:00,0.70977,0.71440,0.70845,0.71308
2015-06-24 21:00:00,0.71309,0.71476,0.70998,0.71132
2015-06-25 21:00:00,0.71099,0.71260,0.70739,0.70929
2015-06-28 21:00:00,0.70082,0.71667,0.69863,0.71392
2015-06-29 21:00:00,0.71395,0.71418,0.70734,0.70902
2015-06-30 21:00:00,0.70914,0.71283,0.70596,0.70759
2015-07-01 21:00:00,0.70767,0.71184,0.70703,0.70997
2015-07-02 21:00:00,0.71002,0.71331,0.70966,0.71295
2015-07-05 21:00:00,0.70617,0.71210,0.70525,0.70817
2015-07-06 21:00:00,0.70825,0.71396,0.70583,0.71193
2015-07-07 21:00:00,0.71190,0.72231,0.71069,0.72087
2015-07-08 21:00:00,0.72088,0.72224,0.71608,0.71719
2015-07-09 21:00:00,0.71721,0.72230,0.71689,0.71849
2015-07-12 21:00:00,0.71491,0.72011,0.70867,0.71006
2015-07-13 21:00:00,0.71008,0.71368,0.70360,0.70382
2015-07-14 21:00:00,0.70382,0.70678,0.69921,0.69969
2015-07-15 21:00:00,0.69965,0.70099,0.69614,0.69635
2015-07-16 21:00:00,0.69636,0.69886,0.69355,0.69370
2015-07-19 21:00:00,0.69388,0.69764,0.69361,0.69527
2015-07-20 21:00:00,0.69523,0.70449,0.69464,0.70267
2015-07-21 21:00:00,0.70300,0.70361,0.69632,0.69976
2015-07-22 21:00:00,0.69961,0.71017,0.69890,0.70788
2015-07-23 21:00:00,0.70751,0.70921,0.70533,0.70744
2015-07-26 21:00:00,0.70752,0.71602,0.70668,0.71237
2015-07-27 21:00:00,0.71238,0.71303,0.70715,0.70816
2015-07-28 21:00:00,0.70804,0.70989,0.70314,0.70377
2015-07-29 21:00:00,0.70385,0.70411,0.69846,0.70068
2015-07-30 21:00:00,0.70044,0.70978,0.70028,0.70294
2015-08-02 21:00:00,0.70198,0.70418,0.70114,0.70241
2015-08-03 21:00:00,0.70233,0.70451,0.69897,0.69897
2015-08-04 21:00:00,0.69893,0.69980,0.69505,0.69872
2015-08-05 21:00:00,0.69850,0.70460,0.69683,0.70410
2015-08-06 21:00:00,0.70375,0.70952,0.70154,0.70744
2015-08-09 21:00:00,0.70680,0.70967,0.70521,0.70633
2015-08-10 21:00:00,0.70640,0.71170,0.70385,0.70773
2015-08-11 21:00:00,0.70885,0.71698,0.70824,0.71349
2015-08-12 21:00:00,0.71430,0.71562,0.71008,0.71383
2015-08-13 21:00:00,0.71384,0.71583,0.70917,0.70989
2015-08-16 21:00:00,0.70938,0.71136,0.70639,0.70993
2015-08-17 21:00:00,0.71039,0.71162,0.70260,0.70329
2015-08-18 21:00:00,0.70350,0.70961,0.70319,0.70783
2015-08-19 21:00:00,0.70875,0.71638,0.70860,0.71591
2015-08-20 21:00:00,0.71600,0.72591,0.71510,0.72515
2015-08-23 21:00:00,0.72476,0.74217,0.72438,0.73488
2015-08-24 21:00:00,0.73579,0.73630,0.72583,0.73293
2015-08-25 21:00:00,0.73386,0.73643,0.72916,0.73071
2015-08-26 21:00:00,0.73103,0.73343,0.72759,0.72966
2015-08-27 21:00:00,0.72953,0.73538,0.72585,0.72626
2015-08-30 21:00:00,0.72430,0.73217,0.72388,0.73034
2015-08-31 21:00:00,0.73028,0.73945,0.73010,0.73898
2015-09-01 21:00:00,0.73907,0.73941,0.73307,0.73368
2015-09-02 21:00:00,0.73346,0.73750,0.72759,0.72875
2015-09-03 21:00:00,0.72855,0.73506,0.72835,0.73448
2015-09-06 21:00:00,0.73446,0.73567,0.72988,0.73070
2015-09-07 21:00:00,0.73068,0.73297,0.72411,0.72721
2015-09-08 21:00:00,0.72712,0.72980,0.72399,0.72893
2015-09-09 21:00:00,0.72864,0.73195,0.72422,0.73000
2015-09-10 21:00:00,0.72985,0.73557,0.72935,0.73475
2015-09-13 21:00:00,0.73382,0.73586,0.73245,0.73349
2015-09-14 21:00:00,0.73348,0.73567,0.73119,0.73427
2015-09-15 21:00:00,0.73393,0.73590,0.72657,0.72827
2015-09-16 21:00:00,0.72848,0.73388,0.72747,0.73338
2015-09-17 21:00:00,0.73298,0.73406,0.72621,0.72733
2015-09-20 21:00:00,0.72608,0.72846,0.72135,0.72135
2015-09-21 21:00:00,0.72103,0.72565,0.71962,0.72377
2015-09-22 21:00:00,0.72380,0.73463,0.72345,0.73354
2015-09-23 21:00:00,0.73342,0.74109,0.73216,0.73654
2015-09-24 21:00:00,0.73624,0.73973,0.73024,0.73759
2015-09-27 21:00:00,0.73638,0.74104,0.73355,0.74052
2015-09-28 21:00:00,0.74037,0.74362,0.73804,0.74224
2015-09-29 21:00:00,0.74220,0.74302,0.73614,0.73869
2015-09-30 21:00:00,0.73860,0.73987,0.73556,0.73934
2015-10-01 21:00:00,0.73923,0.74422,0.73542,0.73819
2015-10-04 21:00:00,0.73761,0.74229,0.73728,0.73852
2015-10-05 21:00:00,0.73820,0.74084,0.73695,0.73998
2015-10-06 21:00:00,0.73991,0.74041,0.73327,0.73350
2015-10-07 21:00:00,0.73331,0.73780,0.73319,0.73453
2015-10-08 21:00:00,0.73448,0.74296,0.73360,0.74117
2015-10-11 21:00:00,0.74162,0.74251,0.73963,0.73985
2015-10-12 21:00:00,0.73993,0.74926,0.73924,0.74606
2015-10-13 21:00:00,0.74593,0.74741,0.74009,0.74124
2015-10-14 21:00:00,0.74117,0.74237,0.73420,0.73538
2015-10-15 21:00:00,0.73619,0.73687,0.73383,0.73481
2015-10-18 21:00:00,0.73502,0.73723,0.73037,0.73225
2015-10-19 21:00:00,0.73218,0.73560,0.73130,0.73446
2015-10-20 21:00:00,0.73447,0.73730,0.73326,0.73495
2015-10-21 21:00:00,0.73486,0.73581,0.72110,0.72157
2015-10-22 21:00:00,0.72103,0.72315,0.71683,0.71929
2015-10-25 22:00:00,0.71893,0.72109,0.71783,0.71992
2015-10-26 22:00:00,0.71991,0.72268,0.71907,0.72164
2015-10-27 22:00:00,0.72164,0.72496,0.71452,0.71563
2015-10-28 22:00:00,0.71563,0.71917,0.71437,0.71735
2015-10-29 22:00:00,0.71737,0.71990,0.71231,0.71312
2015-11-01 22:00:00,0.71372,0.71641,0.71069,0.71416
2015-11-02 22:00:00,0.71422,0.71472,0.71000,0.71073
2015-11-03 22:00:00,0.71081,0.71132,0.70537,0.70589
2015-11-04 22:00:00,0.70563,0.71599,0.70415,0.71544
2015-11-05 22:00:00,0.71524,0.71967,0.71082,0.71334
2015-11-08 22:00:00,0.71239,0.71538,0.71078,0.71124
2015-11-09 22:00:00,0.71093,0.71272,0.70674,0.70925
2015-11-10 22:00:00,0.70902,0.71042,0.70491,0.70612
2015-11-11 22:00:00,0.70580,0.71096,0.70402,0.70932
2015-11-12 22:00:00,0.70954,0.71000,0.70411,0.70640
2015-11-15 22:00:00,0.70474,0.70788,0.70211,0.70266
2015-11-16 22:00:00,0.70268,0.70329,0.69842,0.69945
2015-11-17 22:00:00,0.69934,0.70198,0.69820,0.69969
2015-11-18 22:00:00,0.69949,0.70262,0.69827,0.70178
2015-11-19 22:00:00,0.70184,0.70213,0.69844,0.70046
2015-11-22 22:00:00,0.70029,0.70349,0.69916,0.70319
2015-11-23 22:00:00,0.70326,0.70795,0.70147,0.70529
2015-11-24 22:00:00,0.70543,0.70793,0.70028,0.70211
2015-11-25 22:00:00,0.70179,0.70433,0.70151,0.70255
2015-11-26 22:00:00,0.70255,0.70510,0.70182,0.70412
2015-11-29 22:00:00,0.70390,0.70513,0.70127,0.70163
2015-11-30 22:00:00,0.70123,0.70512,0.70065,0.70495
2015-12-01 22:00:00,0.70487,0.71105,0.70297,0.70987
2015-12-02 22:00:00,0.70993,0.72506,0.70428,0.72216
2015-12-03 22:00:00,0.72205,0.72362,0.71799,0.71952
2015-12-06 22:00:00,0.71877,0.72110,0.71635,0.71969
2015-12-07 22:00:00,0.71963,0.72790,0.71930,0.72545
2015-12-08 22:00:00,0.72543,0.72739,0.72192,0.72610
2015-12-09 22:00:00,0.72515,0.72612,0.72034,0.72162
2015-12-10 22:00:00,0.72062,0.72507,0.72062,0.72146
2015-12-13 22:00:00,0.72098,0.73006,0.72064,0.72608
2015-12-14 22:00:00,0.72533,0.73013,0.72148,0.72647
2015-12-15 22:00:00,0.72583,0.73056,0.72533,0.72712
2015-12-16 22:00:00,0.72716,0.72958,0.72354,0.72624
2015-12-17 22:00:00,0.72613,0.72968,0.72399,0.72885
2015-12-20 22:00:00,0.72765,0.73455,0.72747,0.73314
2015-12-21 22:00:00,0.73300,0.74159,0.73203,0.73887
2015-12-22 22:00:00,0.73834,0.73888,0.73071,0.73356
2015-12-23 22:00:00,0.73330,0.73707,0.73184,0.73310
2015-12-27 22:00:00,0.73336,0.73810,0.73153,0.73712
2015-12-28 22:00:00,0.73490,0.74082,0.73490,0.73689
2015-12-29 22:00:00,0.73678,0.73880,0.73487,0.73748
2015-12-30 22:00:00,0.73749,0.73836,0.73341,0.73717
2016-01-03 22:00:00,0.73738,0.74237,0.73462,0.73587
2016-01-04 22:00:00,0.73480,0.73638,0.73119,0.73225
2016-01-05 22:00:00,0.73144,0.73787,0.73119,0.73674
2016-01-06 22:00:00,0.73649,0.74830,0.73602,0.74752
2016-01-07 22:00:00,0.74752,0.75248,0.74209,0.75202
2016-01-10 22:00:00,0.75101,0.75545,0.74423,0.74650
2016-01-11 22:00:00,0.74632,0.75480,0.74518,0.75129
2016-01-12 22:00:00,0.75142,0.75495,0.74662,0.75479
2016-01-13 22:00:00,0.75453,0.76068,0.75219,0.75371
2016-01-14 22:00:00,0.75360,0.76943,0.75251,0.76534
2016-01-17 22:00:00,0.76564,0.76634,0.75950,0.76490
2016-01-18 22:00:00,0.76452,0.77130,0.75824,0.77016
2016-01-19 22:00:00,0.76935,0.77554,0.76691,0.76722
2016-01-20 22:00:00,0.76710,0.77417,0.76166,0.76442
2016-01-21 22:00:00,0.76432,0.76484,0.75254,0.75667
2016-01-24 22:00:00,0.75586,0.76180,0.75523,0.76125
2016-01-25 22:00:00,0.76126,0.76638,0.75496,0.75724
2016-01-26 22:00:00,0.75725,0.76657,0.75608,0.76517
2016-01-27 22:00:00,0.76510,0.76625,0.75939,0.76153
2016-01-28 22:00:00,0.76155,0.76486,0.75612,0.76016
2016-01-31 22:00:00,0.75976,0.76229,0.75405,0.75423
2016-02-01 22:00:00,0.75428,0.76161,0.75377,0.75752
2016-02-02 22:00:00,0.75732,0.76146,0.75258,0.76009
2016-02-03 22:00:00,0.75998,0.77015,0.75911,0.76803
2016-02-04 22:00:00,0.76798,0.77161,0.76697,0.76912
2016-02-07 22:00:00,0.76861,0.77665,0.76608,0.77535
2016-02-08 22:00:00,0.77535,0.78507,0.77308,0.78034
2016-02-09 22:00:00,0.78011,0.78183,0.77129,0.77715
2016-02-10 22:00:00,0.77670,0.78973,0.77550,0.78193
2016-02-11 22:00:00,0.78197,0.78278,0.77417,0.77519
2016-02-14 22:00:00,0.77421,0.77595,0.76974,0.77244
2016-02-15 22:00:00,0.77160,0.78120,0.76954,0.77875
2016-02-16 22:00:00,0.77804,0.78448,0.77614,0.77807
2016-02-17 22:00:00,0.77523,0.78164,0.77074,0.77429
2016-02-18 22:00:00,0.77396,0.77929,0.77231,0.77234
2016-02-21 22:00:00,0.77825,0.78433,0.77667,0.77932
2016-02-22 22:00:00,0.77925,0.78644,0.77758,0.78586
2016-02-23 22:00:00,0.78593,0.79244,0.78533,0.79055
2016-02-24 22:00:00,0.79078,0.79284,0.78795,0.78903
2016-02-25 22:00:00,0.78906,0.79223,0.78430,0.78754
2016-02-28 22:00:00,0.78730,0.78972,0.77907,0.78101
2016-02-29 22:00:00,0.77914,0.78209,0.77572,0.77851
2016-03-01 22:00:00,0.77876,0.78133,0.76908,0.77179
2016-03-02 22:00:00,0.77118,0.77493,0.77046,0.77228
2016-03-03 22:00:00,0.77249,0.77723,0.77135,0.77311
2016-03-06 22:00:00,0.77255,0.77487,0.77129,0.77198
2016-03-07 22:00:00,0.77195,0.77925,0.77146,0.77440
2016-03-08 22:00:00,0.77458,0.77561,0.77003,0.77364
2016-03-09 22:00:00,0.77450,0.78474,0.76524,0.78264
2016-03-10 22:00:00,0.78242,0.78473,0.77376,0.77479
2016-03-13 22:00:00,0.77524,0.77693,0.77353,0.77612
2016-03-14 22:00:00,0.77621,0.78609,0.77596,0.78463
2016-03-15 22:00:00,0.78464,0.78852,0.78405,0.78650
2016-03-16 22:00:00,0.78651,0.79109,0.78074,0.78150
2016-03-17 22:00:00,0.78148,0.78294,0.77741,0.77783
2016-03-20 22:00:00,0.77918,0.78375,0.77904,0.78201
2016-03-21 22:00:00,0.78212,0.79056,0.78138,0.78883
2016-03-22 22:00:00,0.78885,0.79333,0.78816,0.79187
2016-03-23 22:00:00,0.79189,0.79463,0.78819,0.78967
2016-03-24 22:00:00,0.78969,0.79098,0.78852,0.78904
2016-03-27 21:00:00,0.78950,0.79017,0.78431,0.78552
2016-03-28 21:00:00,0.78528,0.78724,0.78300,0.78475
2016-03-29 21:00:00,0.78464,0.78856,0.78343,0.78848
2016-03-30 21:00:00,0.78838,0.79443,0.78789,0.79230
2016-03-31 21:00:00,0.79232,0.80195,0.79177,0.80051
2016-04-03 21:00:00,0.80064,0.80159,0.79596,0.79817
2016-04-04 21:00:00,0.79644,0.80543,0.79644,0.80374
2016-04-05 21:00:00,0.80373,0.81047,0.80231,0.80692
2016-04-06 21:00:00,0.80622,0.81167,0.80451,0.80925
2016-04-07 21:00:00,0.80887,0.80941,0.80466,0.80554
2016-04-10 21:00:00,0.80843,0.80892,0.79949,0.80120
2016-04-11 21:00:00,0.80058,0.80282,0.79608,0.79746
2016-04-12 21:00:00,0.79739,0.79836,0.79250,0.79341
2016-04-13 21:00:00,0.79284,0.79811,0.79284,0.79572
2016-04-14 21:00:00,0.79572,0.79758,0.79382,0.79412
2016-04-17 21:00:00,0.79532,0.79932,0.79131,0.79212
2016-04-18 21:00:00,0.79171,0.79250,0.78817,0.78865
2016-04-19 21:00:00,0.78867,0.79152,0.78631,0.78792
2016-04-20 21:00:00,0.78758,0.78977,0.78537,0.78794
2016-04-21 21:00:00,0.78790,0.78850,0.77753,0.77753
2016-04-24 21:00:00,0.77524,0.78113,0.77486,0.77781
2016-04-25 21:00:00,0.77773,0.77817,0.77348,0.77473
2016-04-26 21:00:00,0.77463,0.77928,0.77383,0.77838
2016-04-27 21:00:00,0.77809,0.78034,0.77542,0.77694
2016-04-28 21:00:00,0.77654,0.78423,0.77306,0.78359
2016-05-01 21:00:00,0.78523,0.78649,0.78210,0.78596
2016-05-02 21:00:00,0.78590,0.79200,0.78334,0.79087
2016-05-03 21:00:00,0.79087,0.79469,0.78925,0.79216
2016-05-04 21:00:00,0.79212,0.79250,0.78616,0.78729
2016-05-05 21:00:00,0.78708,0.79181,0.78647,0.78996
2016-05-08 21:00:00,0.79026,0.79274,0.78669,0.78984
2016-05-09 21:00:00,0.78981,0.79038,0.78702,0.78726
2016-05-10 21:00:00,0.78714,0.79190,0.78651,0.79070
2016-05-11 21:00:00,0.79056,0.79186,0.78453,0.78724
2016-05-12 21:00:00,0.78717,0.78825,0.78198,0.78714
2016-05-15 21:00:00,0.78779,0.78935,0.78578,0.78596
2016-05-16 21:00:00,0.78587,0.78608,0.78005,0.78207
2016-05-17 21:00:00,0.78220,0.78311,0.76817,0.76820
2016-05-18 21:00:00,0.76794,0.77029,0.76487,0.76662
2016-05-19 21:00:00,0.76662,0.77426,0.76559,0.77165
2016-05-22 21:00:00,0.77167,0.77536,0.77046,0.77453
2016-05-23 21:00:00,0.77460,0.77501,0.76099,0.76107
2016-05-24 21:00:00,0.76109,0.76393,0.75646,0.75885
2016-05-25 21:00:00,0.75885,0.76345,0.75785,0.76295
2016-05-26 21:00:00,0.76284,0.76441,0.75995,0.75995
2016-05-29 21:00:00,0.76020,0.76320,0.75889,0.76065
2016-05-30 21:00:00,0.76070,0.76960,0.75723,0.76845
2016-05-31 21:00:00,0.76842,0.77671,0.76522,0.77604
2016-06-01 21:00:00,0.77590,0.77754,0.77198,0.77308
2016-06-02 21:00:00,0.77164,0.78335,0.76887,0.78280
2016-06-05 21:00:00,0.78464,0.79052,0.78424,0.78591
2016-06-06 21:00:00,0.78611,0.78639,0.77514,0.78052
2016-06-07 21:00:00,0.78054,0.78594,0.77952,0.78545
2016-06-08 21:00:00,0.78520,0.78784,0.78068,0.78225
2016-06-09 21:00:00,0.78225,0.79312,0.78087,0.78866
2016-06-12 21:00:00,0.78793,0.79857,0.78765,0.79081
2016-06-13 21:00:00,0.79083,0.79722,0.79066,0.79347
2016-06-14 21:00:00,0.79352,0.79668,0.78917,0.79262
2016-06-15 21:00:00,0.79260,0.79943,0.78879,0.79015
2016-06-16 21:00:00,0.79010,0.79081,0.78392,0.78392
2016-06-19 21:00:00,0.78288,0.78339,0.76908,0.76939
2016-06-20 21:00:00,0.76948,0.77439,0.76538,0.76720
2016-06-21 21:00:00,0.76690,0.77167,0.76553,0.76758
2016-06-22 21:00:00,0.76687,0.77070,0.76225,0.76336
2016-06-23 21:00:00,0.76278,0.83144,0.75987,0.81012
2016-06-26 21:00:00,0.81965,0.83790,0.81765,0.83327
2016-06-27 21:00:00,0.83245,0.83431,0.82558,0.82924
2016-06-28 21:00:00,0.82882,0.83205,0.82057,0.82802
2016-06-29 21:00:00,0.82734,0.83819,0.82403,0.83419
2016-06-30 21:00:00,0.83353,0.84055,0.83150,0.83896
2016-07-03 21:00:00,0.83905,0.83990,0.83523,0.83911
2016-07-04 21:00:00,0.83875,0.85471,0.83862,0.85045
2016-07-05 21:00:00,0.85029,0.86265,0.84937,0.85816
2016-07-06 21:00:00,0.85801,0.86129,0.84901,0.85655
2016-07-07 21:00:00,0.85560,0.85853,0.85024,0.85095
2016-07-10 21:00:00,0.85223,0.85786,0.84843,0.85059
2016-07-11 21:00:00,0.84988,0.85232,0.83359,0.83490
2016-07-12 21:00:00,0.83476,0.84505,0.82994,0.84330
2016-07-13 21:00:00,0.84219,0.84694,0.82478,0.83332
2016-07-14 21:00:00,0.83074,0.84165,0.82617,0.83466
2016-07-17 21:00:00,0.83718,0.83783,0.83194,0.83546
2016-07-18 21:00:00,0.83517,0.84266,0.83412,0.84033
2016-07-19 21:00:00,0.84018,0.84235,0.83290,0.83347
2016-07-20 21:00:00,0.83335,0.83824,0.83011,0.83297
2016-07-21 21:00:00,0.83302,0.84191,0.82996,0.83675
2016-07-24 21:00:00,0.83464,0.83823,0.83369,0.83658
2016-07-25 21:00:00,0.83649,0.84260,0.83512,0.83659
2016-07-26 21:00:00,0.83534,0.84117,0.83494,0.83611
2016-07-27 21:00:00,0.83606,0.84504,0.83564,0.84127
2016-07-28 21:00:00,0.83998,0.84777,0.83874,0.84480
2016-07-31 21:00:00,0.84200,0.84872,0.84168,0.84703
2016-08-01 21:00:00,0.84614,0.84919,0.83982,0.83995
2016-08-02 21:00:00,0.83961,0.84323,0.83650,0.83650
2016-08-03 21:00:00,0.83674,0.84959,0.83434,0.84877
2016-08-04 21:00:00,0.84854,0.85045,0.84632,0.84823
2016-08-07 21:00:00,0.84682,0.85083,0.84681,0.85006
2016-08-08 21:00:00,0.85004,0.85659,0.84915,0.85494
2016-08-09 21:00:00,0.85431,0.85973,0.85167,0.85864
2016-08-10 21:00:00,0.85894,0.86231,0.85764,0.85940
2016-08-11 21:00:00,0.85953,0.86523,0.85835,0.86399
2016-08-14 21:00:00,0.86300,0.87026,0.86207,0.86835
2016-08-15 21:00:00,0.86835,0.87246,0.86405,0.86437
2016-08-16 21:00:00,0.86423,0.86725,0.86276,0.86577
2016-08-17 21:00:00,0.86577,0.86721,0.85908,0.86217
2016-08-18 21:00:00,0.85956,0.86915,0.85954,0.86572
2016-08-21 21:00:00,0.86572,0.86617,0.86088,0.86162
2016-08-22 21:00:00,0.86154,0.86287,0.85622,0.85650
2016-08-23 21:00:00,0.85635,0.85786,0.84850,0.85108
2016-08-24 21:00:00,0.84844,0.85660,0.84844,0.85521
2016-08-25 21:00:00,0.85519,0.85649,0.85168,0.85168
2016-08-28 21:00:00,0.85214,0.85501,0.85181,0.85374
2016-08-29 21:00:00,0.85380,0.85518,0.84972,0.85176
2016-08-30 21:00:00,0.85155,0.85258,0.84728,0.84911
2016-08-31 21:00:00,0.84883,0.84970,0.83874,0.84374
2016-09-01 21:00:00,0.84212,0.84446,0.83752,0.83870
2016-09-04 21:00:00,0.83798,0.84059,0.83518,0.83762
2016-09-05 21:00:00,0.83757,0.83829,0.83329,0.83734
2016-09-06 21:00:00,0.83696,0.84348,0.83696,0.84230
2016-09-07 21:00:00,0.84187,0.84947,0.84181,0.84697
2016-09-08 21:00:00,0.84664,0.84840,0.84389,0.84528
2016-09-11 21:00:00,0.84641,0.84837,0.84207,0.84241
2016-09-12 21:00:00,0.84241,0.85337,0.84196,0.85019
2016-09-13 21:00:00,0.85015,0.85445,0.84826,0.84994
2016-09-14 21:00:00,0.84954,0.85388,0.84664,0.84923
2016-09-15 21:00:00,0.84887,0.85814,0.84855,0.85784
2016-09-18 21:00:00,0.85713,0.85802,0.85347,0.85742
2016-09-19 21:00:00,0.85744,0.86309,0.85623,0.85847
2016-09-20 21:00:00,0.85822,0.86074,0.85663,0.85842
2016-09-21 21:00:00,0.85850,0.86103,0.85614,0.85677
2016-09-22 21:00:00,0.85685,0.86789,0.85624,0.86443
2016-09-25 21:00:00,0.86578,0.87161,0.86459,0.86709
2016-09-26 21:00:00,0.86686,0.86932,0.86093,0.86100
2016-09-27 21:00:00,0.86100,0.86391,0.85890,0.86144
2016-09-28 21:00:00,0.86164,0.86684,0.85928,0.86504
2016-09-29 21:00:00,0.86514,0.86717,0.86040,0.86585
2016-10-02 21:00:00,0.86847,0.87465,0.86766,0.87269
2016-10-03 21:00:00,0.87304,0.88103,0.87077,0.88021
2016-10-04 21:00:00,0.88024,0.88427,0.87763,0.87879
2016-10-05 21:00:00,0.87906,0.88500,0.87798,0.88379
2016-10-06 21:00:00,0.88347,0.93050,0.87461,0.90017
2016-10-09 21:00:00,0.90093,0.90395,0.89797,0.90096
2016-10-10 21:00:00,0.90047,0.91409,0.89951,0.91150
2016-10-11 21:00:00,0.91143,0.91295,0.89662,0.90116
2016-10-12 21:00:00,0.90119,0.90673,0.89994,0.90187
2016-10-13 21:00:00,0.90210,0.90467,0.89741,0.89999
2016-10-16 21:00:00,0.90045,0.90574,0.90009,0.90253
2016-10-17 21:00:00,0.90237,0.90302,0.89131,0.89282
2016-10-18 21:00:00,0.89243,0.89572,0.88997,0.89295
2016-10-19 21:00:00,0.89257,0.90262,0.89095,0.89172
2016-10-20 21:00:00,0.89160,0.89400,0.88801,0.88825
2016-10-23 21:00:00,0.88978,0.89262,0.88838,0.88896
2016-10-24 21:00:00,0.88887,0.89802,0.88821,0.89321
2016-10-25 21:00:00,0.89314,0.89646,0.89037,0.89047
2016-10-26 21:00:00,0.89045,0.89791,0.88925,0.89559
2016-10-27 21:00:00,0.89571,0.90179,0.89436,0.89644
2016-10-30 22:00:00,0.90118,0.90161,0.89537,0.89675
2016-10-31 22:00:00,0.89672,0.90444,0.89473,0.90302
2016-11-01 22:00:00,0.90304,0.90485,0.89798,0.90166
2016-11-02 22:00:00,0.90175,0.90235,0.88584,0.89092
2016-11-03 22:00:00,0.89094,0.89156,0.88568,0.88799
2016-11-06 22:00:00,0.88727,0.89376,0.88727,0.89036
2016-11-07 22:00:00,0.89020,0.89324,0.88838,0.89020
2016-11-08 22:00:00,0.88974,0.90251,0.87624,0.87916
2016-11-09 22:00:00,0.87923,0.88248,0.86615,0.86736
2016-11-10 22:00:00,0.86799,0.86894,0.85667,0.85968
2016-11-13 22:00:00,0.86106,0.86355,0.85805,0.85912
2016-11-14 22:00:00,0.85935,0.87069,0.85677,0.86086
2016-11-15 22:00:00,0.86086,0.86265,0.85721,0.85891
2016-11-16 22:00:00,0.85893,0.86243,0.85470,0.85506
2016-11-17 22:00:00,0.85507,0.86355,0.85260,0.85713
2016-11-20 22:00:00,0.85704,0.86382,0.84886,0.84998
2016-11-21 22:00:00,0.85016,0.85712,0.84951,0.85509
2016-11-22 22:00:00,0.85493,0.85939,0.84646,0.84745
2016-11-23 22:00:00,0.84743,0.85017,0.84597,0.84711
2016-11-24 22:00:00,0.84673,0.85447,0.84645,0.84793
2016-11-27 22:00:00,0.84976,0.85663,0.84953,0.85460
2016-11-28 22:00:00,0.85436,0.85591,0.84665,0.85244
2016-11-29 22:00:00,0.85220,0.85779,0.84552,0.84655
2016-11-30 22:00:00,0.84629,0.84853,0.83688,0.84633
2016-12-01 22:00:00,0.84629,0.84838,0.83711,0.83739
2016-12-04 22:00:00,0.83626,0.84789,0.83040,0.84544
2016-12-05 22:00:00,0.84493,0.84625,0.84062,0.84525
2016-12-06 22:00:00,0.84505,0.85500,0.84486,0.85146
2016-12-07 22:00:00,0.85155,0.85716,0.84244,0.84306
2016-12-08 22:00:00,0.84300,0.84574,0.83716,0.83753
2016-12-11 22:00:00,0.83683,0.84282,0.83612,0.83836
2016-12-12 22:00:00,0.83834,0.84099,0.83417,0.83927
2016-12-13 22:00:00,0.83883,0.84209,0.83474,0.83827
2016-12-14 22:00:00,0.83769,0.84003,0.83310,0.83833
2016-12-15 22:00:00,0.83803,0.84261,0.83491,0.83491
2016-12-18 22:00:00,0.83543,0.84498,0.83542,0.83859
2016-12-19 22:00:00,0.83806,0.84256,0.83707,0.83969
2016-12-20 22:00:00,0.83959,0.84539,0.83945,0.84359
2016-12-21 22:00:00,0.84353,0.85102,0.84316,0.84955
2016-12-22 22:00:00,0.84929,0.85388,0.84740,0.84909
2016-12-25 22:00:00,0.85140,0.85263,0.84050,0.84946
2016-12-26 22:00:00,0.84986,0.85394,0.84910,0.85207
2016-12-27 22:00:00,0.85199,0.85364,0.84890,0.85138
2016-12-28 22:00:00,0.85114,0.85827,0.84992,0.85519
2016-12-29 22:00:00,0.85474,0.86654,0.85137,0.85137
2017-01-01 22:00:00,0.85185,0.85314,0.84823,0.85117
2017-01-02 22:00:00,0.85121,0.85293,0.84497,0.85011
2017-01-03 22:00:00,0.84968,0.85371,0.84789,0.85088
2017-01-04 22:00:00,0.85050,0.85818,0.85004,0.85351
2017-01-05 22:00:00,0.85326,0.85892,0.85300,0.85586
2017-01-08 22:00:00,0.85923,0.86983,0.85826,0.86905
2017-01-09 22:00:00,0.86937,0.87632,0.86647,0.86650
2017-01-10 22:00:00,0.86613,0.87049,0.86471,0.86639
2017-01-11 22:00:00,0.86654,0.87474,0.86532,0.87213
2017-01-12 22:00:00,0.87193,0.87676,0.86916,0.86916
2017-01-15 22:00:00,0.88201,0.88519,0.87627,0.87916
2017-01-16 22:00:00,0.87886,0.88172,0.86258,0.86270
2017-01-17 22:00:00,0.86256,0.87071,0.86233,0.86669
2017-01-18 22:00:00,0.86678,0.86785,0.86091,0.86368
2017-01-19 22:00:00,0.86357,0.86719,0.86297,0.86363
2017-01-22 22:00:00,0.86433,0.86629,0.85847,0.85850
2017-01-23 22:00:00,0.85849,0.86506,0.85645,0.85711
2017-01-24 22:00:00,0.85493,0.85791,0.84968,0.85046
2017-01-25 22:00:00,0.85018,0.85330,0.84700,0.84790
2017-01-26 22:00:00,0.84784,0.85383,0.84695,0.85189
2017-01-29 22:00:00,0.85145,0.85781,0.84892,0.85637
2017-01-30 22:00:00,0.85583,0.86337,0.85462,0.85807
2017-01-31 22:00:00,0.85784,0.85943,0.84927,0.85049
2017-02-01 22:00:00,0.84799,0.86249,0.84799,0.85837
2017-02-02 22:00:00,0.85837,0.86415,0.85736,0.86191
2017-02-05 22:00:00,0.86365,0.86435,0.85916,0.86196
2017-02-06 22:00:00,0.86079,0.86387,0.85318,0.85348
2017-02-07 22:00:00,0.85348,0.85516,0.85089,0.85288
2017-02-08 22:00:00,0.85286,0.85473,0.84933,0.85222
2017-02-09 22:00:00,0.85209,0.85509,0.84875,0.84875
2017-02-12 22:00:00,0.85008,0.85184,0.84565,0.84595
2017-02-13 22:00:00,0.84571,0.85295,0.84554,0.84787
2017-02-14 22:00:00,0.84787,0.85211,0.84656,0.85051
2017-02-15 22:00:00,0.85024,0.85520,0.84843,0.85454
2017-02-16 22:00:00,0.85307,0.85914,0.85190,0.85382
2017-02-19 22:00:00,0.85465,0.85547,0.85107,0.85113
2017-02-20 22:00:00,0.85105,0.85160,0.84415,0.84470
2017-02-21 22:00:00,0.84470,0.84912,0.84022,0.84781
2017-02-22 22:00:00,0.84768,0.84933,0.84214,0.84256
2017-02-23 22:00:00,0.84229,0.84918,0.84215,0.84623
2017-02-26 22:00:00,0.84638,0.85397,0.84638,0.85072
2017-02-27 22:00:00,0.85048,0.85494,0.85047,0.85409
2017-02-28 22:00:00,0.85369,0.85869,0.85095,0.85788
2017-03-01 22:00:00,0.85753,0.85900,0.85468,0.85618
2017-03-02 22:00:00,0.85613,0.86407,0.85568,0.86066
2017-03-05 22:00:00,0.86262,0.86693,0.86243,0.86461
2017-03-06 22:00:00,0.86462,0.86830,0.86387,0.86588
2017-03-07 22:00:00,0.86588,0.86948,0.86533,0.86601
2017-03-08 22:00:00,0.86597,0.87196,0.86554,0.86917
2017-03-09 22:00:00,0.86923,0.87827,0.86777,0.87660
2017-03-12 22:00:00,0.87774,0.87871,0.87087,0.87179
2017-03-13 22:00:00,0.87173,0.87857,0.87167,0.87245
2017-03-14 22:00:00,0.87251,0.87380,0.86656,0.87366
2017-03-15 22:00:00,0.87356,0.87593,0.86686,0.87146
2017-03-16 22:00:00,0.87147,0.87364,0.86596,0.86636
2017-03-19 22:00:00,0.86673,0.87075,0.86589,0.86882
2017-03-20 22:00:00,0.86882,0.87266,0.86492,0.86618
2017-03-21 22:00:00,0.86617,0.86999,0.86395,0.86472
2017-03-22 22:00:00,0.86467,0.86553,0.86047,0.86136
2017-03-23 22:00:00,0.86139,0.86613,0.86104,0.86523
2017-03-26 21:00:00,0.86677,0.86740,0.86241,0.86495
2017-03-27 21:00:00,0.86459,0.86883,0.86176,0.86817
2017-03-28 21:00:00,0.86797,0.87351,0.86237,0.86557
2017-03-29 21:00:00,0.86574,0.86610,0.85564,0.85598
2017-03-30 21:00:00,0.85599,0.85961,0.84726,0.84726
2017-04-02 21:00:00,0.84948,0.85573,0.84879,0.85432
2017-04-03 21:00:00,0.85312,0.85874,0.85312,0.85779
2017-04-04 21:00:00,0.85742,0.85903,0.85313,0.85407
2017-04-05 21:00:00,0.85407,0.85670,0.85106,0.85349
2017-04-06 21:00:00,0.85248,0.85795,0.85246,0.85478
2017-04-09 21:00:00,0.85443,0.85534,0.85236,0.85332
2017-04-10 21:00:00,0.85272,0.85483,0.84869,0.84877
2017-04-11 21:00:00,0.84886,0.85114,0.84768,0.85013
2017-04-12 21:00:00,0.85015,0.85093,0.84745,0.84860
2017-04-13 21:00:00,0.84839,0.84946,0.84662,0.84675
2017-04-16 21:00:00,0.84611,0.84895,0.84560,0.84673
2017-04-17 21:00:00,0.84636,0.85119,0.83124,0.83539
2017-04-18 21:00:00,0.83539,0.83886,0.83369,0.83796
2017-04-19 21:00:00,0.83795,0.84135,0.83587,0.83614
2017-04-20 21:00:00,0.83608,0.83871,0.83513,0.83675
2017-04-23 21:00:00,0.84958,0.85091,0.84504,0.84916
2017-04-24 21:00:00,0.84916,0.85302,0.84773,0.85068
2017-04-25 21:00:00,0.85095,0.85304,0.84580,0.84851
2017-04-26 21:00:00,0.84817,0.84952,0.84150,0.84243
2017-04-27 21:00:00,0.84231,0.84619,0.84047,0.84074
2017-04-30 21:00:00,0.84295,0.84590,0.84113,0.84573
2017-05-01 21:00:00,0.84459,0.84841,0.84222,0.84480
2017-05-02 21:00:00,0.84457,0.84762,0.84362,0.84587
2017-05-03 21:00:00,0.84571,0.85003,0.84551,0.84975
2017-05-04 21:00:00,0.84979,0.85084,0.84616,0.84653
2017-05-07 21:00:00,0.84849,0.84851,0.84334,0.84398
2017-05-08 21:00:00,0.84394,0.84470,0.84007,0.84052
2017-05-09 21:00:00,0.84047,0.84166,0.83833,0.83989
2017-05-10 21:00:00,0.83984,0.84516,0.83936,0.84277
2017-05-11 21:00:00,0.84269,0.84883,0.84171,0.84605
2017-05-14 21:00:00,0.84746,0.85142,0.84575,0.85082
2017-05-15 21:00:00,0.85083,0.85953,0.85034,0.85777
2017-05-16 21:00:00,0.85766,0.86147,0.85598,0.86013
2017-05-17 21:00:00,0.86013,0.86133,0.85236,0.85784
2017-05-18 21:00:00,0.85784,0.86026,0.85686,0.85927
2017-05-21 21:00:00,0.86131,0.86507,0.85926,0.86435
2017-05-22 21:00:00,0.86435,0.86747,0.86185,0.86265
2017-05-23 21:00:00,0.86249,0.86557,0.86024,0.86471
2017-05-24 21:00:00,0.86455,0.86669,0.86398,0.86600
2017-05-25 21:00:00,0.86599,0.87503,0.86573,0.87204
2017-05-28 21:00:00,0.87166,0.87275,0.86924,0.86941
2017-05-29 21:00:00,0.86937,0.87057,0.86554,0.86979
2017-05-30 21:00:00,0.86971,0.87481,0.86963,0.87213
2017-05-31 21:00:00,0.87212,0.87547,0.86833,0.87029
2017-06-01 21:00:00,0.87029,0.87671,0.86947,0.87470
2017-06-04 21:00:00,0.87591,0.87672,0.86940,0.87206
2017-06-05 21:00:00,0.87208,0.87551,0.86918,0.87318
2017-06-06 21:00:00,0.87304,0.87400,0.86767,0.86846
2017-06-07 21:00:00,0.86820,0.86985,0.86514,0.86554
2017-06-08 21:00:00,0.87458,0.88590,0.87347,0.87740
2017-06-11 21:00:00,0.88107,0.88660,0.87784,0.88502
2017-06-12 21:00:00,0.88486,0.88534,0.87802,0.87895
2017-06-13 21:00:00,0.87895,0.88355,0.87659,0.87962
2017-06-14 21:00:00,0.87940,0.88067,0.87226,0.87362
2017-06-15 21:00:00,0.87321,0.87641,0.87189,0.87589
2017-06-18 21:00:00,0.87769,0.87781,0.87337,0.87515
2017-06-19 21:00:00,0.87515,0.88344,0.87383,0.88176
2017-06-20 21:00:00,0.88176,0.88452,0.87706,0.88127
2017-06-21 21:00:00,0.88127,0.88282,0.87853,0.87922
2017-06-22 21:00:00,0.87922,0.88051,0.87630,0.87926
2017-06-25 21:00:00,0.87891,0.88073,0.87726,0.87878
2017-06-26 21:00:00,0.87889,0.88625,0.87826,0.88465
2017-06-27 21:00:00,0.88452,0.88797,0.87712,0.88012
2017-06-28 21:00:00,0.88023,0.88085,0.87795,0.87961
2017-06-29 21:00:00,0.87961,0.88138,0.87630,0.87671
2017-07-02 21:00:00,0.87772,0.87898,0.87567,0.87828
2017-07-03 21:00:00,0.87773,0.87904,0.87636,0.87811
2017-07-04 21:00:00,0.87765,0.88086,0.87615,0.87754
2017-07-05 21:00:00,0.87744,0.88180,0.87562,0.88051
2017-07-06 21:00:00,0.88052,0.88602,0.87964,0.88475
2017-07-09 21:00:00,0.88433,0.88587,0.88325,0.88499
2017-07-10 21:00:00,0.88473,0.89327,0.88142,0.89243
2017-07-11 21:00:00,0.89231,0.89489,0.88385,0.88576
2017-07-12 21:00:00,0.88557,0.88735,0.88017,0.88071
2017-07-13 21:00:00,0.88045,0.88169,0.87425,0.87501
2017-07-16 21:00:00,0.87556,0.87974,0.87442,0.87909
2017-07-17 21:00:00,0.87907,0.88984,0.87812,0.88597
2017-07-18 21:00:00,0.88591,0.88619,0.88285,0.88423
2017-07-19 21:00:00,0.88411,0.89773,0.88321,0.89651
2017-07-20 21:00:00,0.89630,0.89945,0.89394,0.89722
2017-07-23 21:00:00,0.89725,0.89837,0.89203,0.89351
2017-07-24 21:00:00,0.89351,0.89589,0.89267,0.89395
2017-07-25 21:00:00,0.89385,0.89545,0.89039,0.89470
2017-07-26 21:00:00,0.89469,0.89542,0.88907,0.89375
2017-07-27 21:00:00,0.89322,0.89689,0.89284,0.89405
2017-07-30 21:00:00,0.89414,0.89755,0.89327,0.89614
2017-07-31 21:00:00,0.89602,0.89628,0.89221,0.89359
2017-08-01 21:00:00,0.89284,0.89883,0.89284,0.89656
2017-08-02 21:00:00,0.89627,0.90482,0.89228,0.90334
2017-08-03 21:00:00,0.90327,0.90541,0.89954,0.90213
2017-08-06 21:00:00,0.90242,0.90602,0.90176,0.90490
2017-08-07 21:00:00,0.90465,0.90875,0.90364,0.90453
2017-08-08 21:00:00,0.90426,0.90560,0.90087,0.90394
2017-08-09 21:00:00,0.90394,0.90753,0.90072,0.90720
2017-08-10 21:00:00,0.90690,0.91185,0.90507,0.90848
2017-08-13 21:00:00,0.90851,0.90974,0.90701,0.90875
2017-08-14 21:00:00,0.90875,0.91325,0.90504,0.91171
2017-08-15 21:00:00,0.91162,0.91425,0.90823,0.91271
2017-08-16 21:00:00,0.91259,0.91361,0.90628,0.91096
2017-08-17 21:00:00,0.91098,0.91489,0.90905,0.91223
2017-08-20 21:00:00,0.91401,0.91616,0.91106,0.91586
2017-08-21 21:00:00,0.91561,0.91763,0.91533,0.91733
2017-08-22 21:00:00,0.91606,0.92360,0.91600,0.92243
2017-08-23 21:00:00,0.92243,0.92349,0.91893,0.92196
2017-08-24 21:00:00,0.92196,0.92694,0.91949,0.92509
2017-08-27 21:00:00,0.92438,0.92676,0.92298,0.92611
2017-08-28 21:00:00,0.92573,0.93060,0.92463,0.92688
2017-08-29 21:00:00,0.92627,0.92688,0.91955,0.91967
2017-08-30 21:00:00,0.91967,0.92370,0.91854,0.92067
2017-08-31 21:00:00,0.92132,0.92219,0.91495,0.91552
2017-09-03 21:00:00,0.91701,0.92258,0.91623,0.91979
2017-09-04 21:00:00,0.91979,0.92125,0.91321,0.91448
2017-09-05 21:00:00,0.91275,0.91639,0.91237,0.91353
2017-09-06 21:00:00,0.91338,0.92024,0.91186,0.91788
2017-09-07 21:00:00,0.91788,0.92024,0.91090,0.91122
2017-09-10 21:00:00,0.91088,0.91215,0.90750,0.90756
2017-09-11 21:00:00,0.90784,0.90824,0.89824,0.90078
2017-09-12 21:00:00,0.90078,0.90385,0.89825,0.89943
2017-09-13 21:00:00,0.89943,0.90468,0.88664,0.88928
2017-09-14 21:00:00,0.88928,0.89069,0.87739,0.87889
2017-09-17 21:00:00,0.87847,0.88628,0.87785,0.88555
2017-09-18 21:00:00,0.88555,0.88990,0.88431,0.88781
2017-09-19 21:00:00,0.88781,0.88877,0.87965,0.88122
2017-09-20 21:00:00,0.88105,0.88339,0.87833,0.87886
2017-09-21 21:00:00,0.87882,0.88848,0.87859,0.88429
2017-09-24 21:00:00,0.88194,0.88388,0.87749,0.87962
2017-09-25 21:00:00,0.87962,0.87999,0.87540,0.87606
2017-09-26 21:00:00,0.87606,0.87995,0.87460,0.87722
2017-09-27 21:00:00,0.87722,0.88097,0.87596,0.87646
2017-09-28 21:00:00,0.87646,0.88417,0.87620,0.88153
2017-10-01 21:00:00,0.88186,0.88686,0.88011,0.88346
2017-10-02 21:00:00,0.88346,0.88812,0.88217,0.88682
2017-10-03 21:00:00,0.88695,0.88809,0.88500,0.88739
2017-10-04 21:00:00,0.88736,0.89337,0.88724,0.89247
2017-10-05 21:00:00,0.89264,0.89922,0.89233,0.89710
2017-10-08 21:00:00,0.89530,0.89761,0.89060,0.89335
2017-10-09 21:00:00,0.89335,0.89543,0.89250,0.89425
2017-10-10 21:00:00,0.89425,0.89885,0.89392,0.89664
2017-10-11 21:00:00,0.89664,0.90329,0.89140,0.89182
2017-10-12 21:00:00,0.89182,0.89310,0.88759,0.88937
2017-10-15 21:00:00,0.88779,0.89226,0.88557,0.88994
2017-10-16 21:00:00,0.88994,0.89299,0.88572,0.89187
2017-10-17 21:00:00,0.89187,0.89468,0.88976,0.89258
2017-10-18 21:00:00,0.89258,0.90126,0.89242,0.90024
2017-10-19 21:00:00,0.90024,0.90223,0.89238,0.89292
2017-10-22 21:00:00,0.89215,0.89275,0.88861,0.89013
2017-10-23 21:00:00,0.89013,0.89754,0.88939,0.89506
2017-10-24 21:00:00,0.89508,0.89732,0.88797,0.89056
2017-10-25 21:00:00,0.89056,0.89569,0.88494,0.88528
2017-10-26 21:00:00,0.88526,0.89012,0.88257,0.88356
2017-10-29 22:00:00,0.88364,0.88486,0.87929,0.88204
2017-10-30 22:00:00,0.88203,0.88237,0.87659,0.87668
2017-10-31 22:00:00,0.87664,0.87836,0.87328,0.87709
2017-11-01 22:00:00,0.87703,0.89385,0.87663,0.89260
2017-11-02 22:00:00,0.89260,0.89346,0.88730,0.88745
2017-11-05 22:00:00,0.88844,0.88883,0.88103,0.88116
2017-11-06 22:00:00,0.88116,0.88345,0.87914,0.87981
2017-11-07 22:00:00,0.87974,0.88624,0.87959,0.88380
2017-11-08 22:00:00,0.88376,0.88769,0.88242,0.88537
2017-11-09 22:00:00,0.88537,0.88746,0.88116,0.88418
2017-11-12 22:00:00,0.88515,0.89227,0.88444,0.88944
2017-11-13 22:00:00,0.88944,0.89745,0.88890,0.89598
2017-11-14 22:00:00,0.89598,0.90143,0.89501,0.89506
2017-11-15 22:00:00,0.89506,0.89716,0.89113,0.89196
2017-11-16 22:00:00,0.89193,0.89538,0.88977,0.89149
2017-11-19 22:00:00,0.89119,0.89232,0.88565,0.88633
2017-11-20 22:00:00,0.88633,0.88855,0.88418,0.88655
2017-11-21 22:00:00,0.88657,0.88913,0.88539,0.88704
2017-11-22 22:00:00,0.88699,0.89117,0.88669,0.89006
2017-11-23 22:00:00,0.88996,0.89619,0.88924,0.89420
2017-11-26 22:00:00,0.89473,0.89669,0.89244,0.89323
2017-11-27 22:00:00,0.89323,0.89816,0.88468,0.88731
2017-11-28 22:00:00,0.88731,0.88767,0.88169,0.88335
2017-11-29 22:00:00,0.88335,0.88390,0.87763,0.88001
2017-11-30 22:00:00,0.87966,0.88441,0.87884,0.88230
2017-12-03 22:00:00,0.88201,0.88329,0.87558,0.88020
2017-12-04 22:00:00,0.88020,0.88676,0.87797,0.87972
2017-12-05 22:00:00,0.87972,0.88534,0.87935,0.88046
2017-12-06 22:00:00,0.88041,0.88500,0.87333,0.87348
2017-12-07 22:00:00,0.87348,0.88061,0.86893,0.87923
2017-12-10 22:00:00,0.87856,0.88445,0.87730,0.88198
2017-12-11 22:00:00,0.88198,0.88463,0.87909,0.88153
2017-12-12 22:00:00,0.88153,0.88353,0.87822,0.88114
2017-12-13 22:00:00,0.88114,0.88334,0.87605,0.87673
2017-12-14 22:00:00,0.87669,0.88596,0.87610,0.88231
2017-12-17 22:00:00,0.88231,0.88404,0.87923,0.88018
2017-12-18 22:00:00,0.88018,0.88670,0.87994,0.88425
2017-12-19 22:00:00,0.88412,0.88794,0.88286,0.88743
2017-12-20 22:00:00,0.88743,0.88901,0.88677,0.88679
2017-12-21 22:00:00,0.88677,0.88867,0.88354,0.88762
2017-12-25 22:00:00,0.88759,0.88928,0.88635,0.88648
2017-12-26 22:00:00,0.88639,0.88872,0.88535,0.88673
2017-12-27 22:00:00,0.88666,0.88940,0.88596,0.88769
2017-12-28 22:00:00,0.88738,0.88915,0.88575,0.88791
2018-01-01 22:00:00,0.88816,0.89179,0.88587,0.88709
2018-01-02 22:00:00,0.88709,0.89000,0.88480,0.88865
2018-01-03 22:00:00,0.88859,0.89243,0.88804,0.89029
2018-01-04 22:00:00,0.89029,0.89113,0.88645,0.88682
2018-01-07 22:00:00,0.88671,0.88759,0.88147,0.88177
2018-01-08 22:00:00,0.88177,0.88341,0.88088,0.88143
2018-01-09 22:00:00,0.88130,0.88730,0.88129,0.88432
2018-01-10 22:00:00,0.88432,0.89122,0.88417,0.88844
2018-01-11 22:00:00,0.88844,0.89275,0.88554,0.88911
2018-01-14 22:00:00,0.88817,0.89100,0.88724,0.88894
2018-01-15 22:00:00,0.88894,0.89013,0.88620,0.88880
2018-01-16 22:00:00,0.88880,0.89079,0.88086,0.88102
2018-01-17 22:00:00,0.88102,0.88374,0.88015,0.88057
2018-01-18 22:00:00,0.88049,0.88459,0.88017,0.88261
2018-01-21 22:00:00,0.88301,0.88337,0.87618,0.87641
2018-01-22 22:00:00,0.87641,0.87955,0.87615,0.87820
2018-01-23 22:00:00,0.87804,0.87872,0.86990,0.87094
2018-01-24 22:00:00,0.87094,0.87849,0.86869,0.87588
2018-01-25 22:00:00,0.87588,0.87844,0.87216,0.87802
2018-01-28 22:00:00,0.87885,0.88161,0.87668,0.87958
2018-01-29 22:00:00,0.87944,0.88330,0.87538,0.87641
2018-01-30 22:00:00,0.87641,0.88162,0.87419,0.87448
2018-01-31 22:00:00,0.87434,0.87740,0.87162,0.87648
2018-02-01 22:00:00,0.87648,0.88249,0.87564,0.88221
2018-02-04 22:00:00,0.88150,0.88732,0.88110,0.88554
2018-02-05 22:00:00,0.88554,0.89107,0.88536,0.88695
2018-02-06 22:00:00,0.88695,0.88978,0.88333,0.88356
2018-02-07 22:00:00,0.88340,0.88411,0.87321,0.88008
2018-02-08 22:00:00,0.88008,0.88792,0.87789,0.88619
2018-02-11 22:00:00,0.88565,0.88919,0.88430,0.88825
2018-02-12 22:00:00,0.88825,0.89100,0.88574,0.88878
2018-02-13 22:00:00,0.88878,0.89196,0.88742,0.88913
2018-02-14 22:00:00,0.88913,0.89017,0.88577,0.88713
2018-02-15 22:00:00,0.88713,0.88888,0.88406,0.88415
2018-02-18 22:00:00,0.88459,0.88689,0.88453,0.88577
2018-02-19 22:00:00,0.88563,0.88697,0.88049,0.88142
2018-02-20 22:00:00,0.88141,0.88576,0.88055,0.88244
2018-02-21 22:00:00,0.88239,0.88632,0.88225,0.88308
2018-02-22 22:00:00,0.88284,0.88380,0.87863,0.88010
2018-02-25 22:00:00,0.87878,0.88230,0.87716,0.88162
2018-02-26 22:00:00,0.88163,0.88439,0.87866,0.87925
2018-02-27 22:00:00,0.87925,0.88666,0.87790,0.88602
2018-02-28 22:00:00,0.88602,0.89087,0.88369,0.89016
2018-03-01 22:00:00,0.89016,0.89513,0.88958,0.89236
2018-03-04 22:00:00,0.89323,0.89501,0.88845,0.89063
2018-03-05 22:00:00,0.89063,0.89440,0.89042,0.89296
2018-03-06 22:00:00,0.89296,0.89677,0.89190,0.89280
2018-03-07 22:00:00,0.89280,0.89567,0.89060,0.89110
2018-03-08 22:00:00,0.89093,0.89259,0.88745,0.88853
2018-03-11 22:00:00,0.88870,0.88965,0.88493,0.88701
2018-03-12 22:00:00,0.88701,0.88861,0.88511,0.88703
2018-03-13 22:00:00,0.88703,0.88792,0.88446,0.88558
2018-03-14 22:00:00,0.88558,0.88736,0.88236,0.88280
2018-03-15 22:00:00,0.88280,0.88389,0.88093,0.88178
2018-03-18 22:00:00,0.88121,0.88161,0.87449,0.87937
2018-03-19 22:00:00,0.87937,0.87991,0.87431,0.87447
2018-03-20 22:00:00,0.87448,0.87582,0.87071,0.87262
2018-03-21 22:00:00,0.87263,0.87416,0.86683,0.87243
2018-03-22 22:00:00,0.87254,0.87536,0.87092,0.87410
2018-03-25 21:00:00,0.87364,0.87624,0.87167,0.87438
2018-03-26 21:00:00,0.87438,0.87973,0.87419,0.87588
2018-03-27 21:00:00,0.87588,0.87676,0.87335,0.87420
2018-03-28 21:00:00,0.87420,0.87747,0.87389,0.87736
2018-03-29 21:00:00,0.87736,0.87891,0.87618,0.87856
2018-04-01 21:00:00,0.87755,0.87821,0.87513,0.87581
2018-04-02 21:00:00,0.87589,0.87636,0.87131,0.87269
2018-04-03 21:00:00,0.87297,0.87586,0.87149,0.87206
2018-04-04 21:00:00,0.87202,0.87497,0.87157,0.87391
2018-04-05 21:00:00,0.87392,0.87495,0.87010,0.87167
2018-04-08 21:00:00,0.87169,0.87224,0.86974,0.87177
2018-04-09 21:00:00,0.87144,0.87277,0.86921,0.87140
2018-04-10 21:00:00,0.87122,0.87395,0.87002,0.87205
2018-04-11 21:00:00,0.87205,0.87275,0.86429,0.86617
2018-04-12 21:00:00,0.86617,0.86656,0.86277,0.86616
2018-04-15 21:00:00,0.86495,0.86690,0.86269,0.86332
2018-04-16 21:00:00,0.86337,0.86603,0.86206,0.86557
2018-04-17 21:00:00,0.86532,0.87224,0.86439,0.87104
2018-04-18 21:00:00,0.87096,0.87706,0.86886,0.87615
2018-04-19 21:00:00,0.87599,0.87916,0.87341,0.87738
2018-04-22 21:00:00,0.87604,0.87751,0.87447,0.87561
2018-04-23 21:00:00,0.87564,0.87662,0.87406,0.87495
2018-04-24 21:00:00,0.87488,0.87516,0.87272,0.87285
2018-04-25 21:00:00,0.87282,0.87503,0.86805,0.86923
2018-04-26 21:00:00,0.86931,0.88035,0.86821,0.88016
2018-04-29 21:00:00,0.88028,0.88270,0.87651,0.87735
2018-04-30 21:00:00,0.87734,0.88225,0.87608,0.88068
2018-05-01 21:00:00,0.88068,0.88307,0.87825,0.88028
2018-05-02 21:00:00,0.88028,0.88400,0.87982,0.88299
2018-05-03 21:00:00,0.88299,0.88422,0.88154,0.88418
2018-05-06 21:00:00,0.88337,0.88404,0.87784,0.87931
2018-05-07 21:00:00,0.87931,0.88095,0.87536,0.87572
2018-05-08 21:00:00,0.87572,0.87669,0.87274,0.87467
2018-05-09 21:00:00,0.87467,0.88368,0.87289,0.88114
2018-05-10 21:00:00,0.88067,0.88265,0.87885,0.88185
2018-05-13 21:00:00,0.88098,0.88269,0.87974,0.87974
2018-05-14 21:00:00,0.87996,0.88175,0.87625,0.87629
2018-05-15 21:00:00,0.87626,0.87826,0.87317,0.87506
2018-05-16 21:00:00,0.87541,0.87542,0.87126,0.87235
2018-05-17 21:00:00,0.87240,0.87535,0.87240,0.87382
2018-05-20 21:00:00,0.87395,0.87841,0.87254,0.87784
2018-05-21 21:00:00,0.87775,0.87887,0.87580,0.87659
2018-05-22 21:00:00,0.87663,0.87967,0.87389,0.87594
2018-05-23 21:00:00,0.87584,0.87774,0.87379,0.87555
2018-05-24 21:00:00,0.87578,0.87803,0.87416,0.87615
2018-05-27 21:00:00,0.87702,0.87945,0.87248,0.87297
2018-05-28 21:00:00,0.87288,0.87416,0.86975,0.87051
2018-05-29 21:00:00,0.87115,0.87834,0.86977,0.87720
2018-05-30 21:00:00,0.87720,0.87993,0.87557,0.87926
2018-05-31 21:00:00,0.87888,0.88090,0.87260,0.87340
2018-06-03 21:00:00,0.87334,0.87871,0.87273,0.87857
2018-06-04 21:00:00,0.87839,0.87878,0.87233,0.87428
2018-06-05 21:00:00,0.87366,0.87878,0.87349,0.87757
2018-06-06 21:00:00,0.87754,0.88375,0.87744,0.87880
2018-06-07 21:00:00,0.87896,0.87989,0.87586,0.87758
2018-06-10 21:00:00,0.87732,0.88313,0.87719,0.88044
2018-06-11 21:00:00,0.88044,0.88318,0.87694,0.87842
2018-06-12 21:00:00,0.87822,0.88252,0.87797,0.88150
2018-06-13 21:00:00,0.88145,0.88206,0.87213,0.87224
2018-06-14 21:00:00,0.87218,0.87556,0.87177,0.87380
2018-06-17 21:00:00,0.87313,0.87790,0.87252,0.87742
2018-06-18 21:00:00,0.87728,0.87978,0.87527,0.87946
2018-06-19 21:00:00,0.87891,0.88010,0.87679,0.87799
2018-06-20 21:00:00,0.87777,0.87987,0.87251,0.87565
2018-06-21 21:00:00,0.87467,0.88051,0.87467,0.87876
2018-06-24 21:00:00,0.87973,0.88188,0.87806,0.88110
2018-06-25 21:00:00,0.88094,0.88224,0.87983,0.88042
2018-06-26 21:00:00,0.88015,0.88278,0.87967,0.88068
2018-06-27 21:00:00,0.88073,0.88705,0.88059,0.88437
2018-06-28 21:00:00,0.88430,0.88905,0.88350,0.88450
2018-07-01 21:00:00,0.88517,0.88688,0.88313,0.88540
2018-07-02 21:00:00,0.88473,0.88618,0.88290,0.88316
2018-07-03 21:00:00,0.88308,0.88404,0.87994,0.88056
2018-07-04 21:00:00,0.88065,0.88575,0.87987,0.88343
2018-07-05 21:00:00,0.88443,0.88676,0.88326,0.88382
2018-07-08 21:00:00,0.88119,0.89007,0.88116,0.88605
2018-07-09 21:00:00,0.88608,0.88748,0.88195,0.88436
2018-07-10 21:00:00,0.88452,0.88614,0.88291,0.88394
2018-07-11 21:00:00,0.88383,0.88509,0.88203,0.88350
2018-07-12 21:00:00,0.88329,0.88661,0.88248,0.88280
2018-07-15 21:00:00,0.88323,0.88535,0.88161,0.88469
2018-07-16 21:00:00,0.88447,0.89146,0.88395,0.88896
2018-07-17 21:00:00,0.88844,0.89316,0.88737,0.89017
2018-07-18 21:00:00,0.89014,0.89545,0.89014,0.89431
2018-07-19 21:00:00,0.89431,0.89578,0.89198,0.89251
2018-07-22 21:00:00,0.89329,0.89359,0.89103,0.89216
2018-07-23 21:00:00,0.89216,0.89264,0.88847,0.88886
2018-07-24 21:00:00,0.88885,0.89020,0.88721,0.88902
2018-07-25 21:00:00,0.88898,0.88953,0.88645,0.88802
2018-07-26 21:00:00,0.88799,0.88989,0.88733,0.88949
2018-07-29 21:00:00,0.88848,0.89183,0.88753,0.89112
2018-07-30 21:00:00,0.89102,0.89355,0.89049,0.89070
2018-07-31 21:00:00,0.89064,0.89169,0.88825,0.88827
2018-08-01 21:00:00,0.88819,0.89246,0.88545,0.88982
2018-08-02 21:00:00,0.88966,0.89188,0.88928,0.88961
2018-08-05 21:00:00,0.88843,0.89363,0.88813,0.89246
2018-08-06 21:00:00,0.89211,0.89656,0.89200,0.89631
2018-08-07 21:00:00,0.89614,0.90165,0.89576,0.90109
2018-08-08 21:00:00,0.90109,0.90300,0.89802,0.89872
2018-08-09 21:00:00,0.89836,0.89916,0.89255,0.89359
2018-08-12 21:00:00,0.89202,0.89456,0.89123,0.89356
2018-08-13 21:00:00,0.89330,0.89416,0.88959,0.89159
2018-08-14 21:00:00,0.89114,0.89386,0.89005,0.89332
2018-08-15 21:00:00,0.89328,0.89595,0.89313,0.89411
2018-08-16 21:00:00,0.89433,0.89774,0.89355,0.89708
2018-08-19 21:00:00,0.89618,0.89757,0.89390,0.89706
2018-08-20 21:00:00,0.89677,0.90020,0.89484,0.89639
2018-08-21 21:00:00,0.89647,0.90045,0.89594,0.89794
2018-08-22 21:00:00,0.89779,0.90230,0.89695,0.90043
2018-08-23 21:00:00,0.90017,0.90518,0.90010,0.90457
2018-08-26 21:00:00,0.90415,0.90655,0.90338,0.90564
2018-08-27 21:00:00,0.90583,0.90980,0.90525,0.90813
2018-08-28 21:00:00,0.90814,0.90911,0.89825,0.89851
2018-08-29 21:00:00,0.89847,0.89924,0.89531,0.89686
2018-08-30 21:00:00,0.89637,0.89872,0.89374,0.89516
2018-09-02 21:00:00,0.89705,0.90328,0.89676,0.90245
2018-09-03 21:00:00,0.90251,0.90267,0.89886,0.90077
2018-09-04 21:00:00,0.90024,0.90516,0.89556,0.90092
2018-09-05 21:00:00,0.90096,0.90187,0.89738,0.89869
2018-09-06 21:00:00,0.89892,0.90061,0.89126,0.89409
2018-09-09 21:00:00,0.89318,0.89570,0.88945,0.88979
2018-09-10 21:00:00,0.88979,0.89372,0.88757,0.89005
2018-09-11 21:00:00,0.89019,0.89365,0.88818,0.89089
2018-09-12 21:00:00,0.89077,0.89298,0.88917,0.89177
2018-09-13 21:00:00,0.89177,0.89324,0.88901,0.88912
2018-09-16 21:00:00,0.88896,0.89035,0.88751,0.88762
2018-09-17 21:00:00,0.88759,0.89087,0.88698,0.88718
2018-09-18 21:00:00,0.88716,0.89189,0.88611,0.88782
2018-09-19 21:00:00,0.88794,0.88899,0.88473,0.88735
2018-09-20 21:00:00,0.88723,0.89953,0.88683,0.89798
2018-09-23 21:00:00,0.89739,0.89882,0.89346,0.89521
2018-09-24 21:00:00,0.89522,0.89749,0.89203,0.89220
2018-09-25 21:00:00,0.89208,0.89456,0.89004,0.89119
2018-09-26 21:00:00,0.89124,0.89361,0.88839,0.88999
2018-09-27 21:00:00,0.88999,0.89140,0.88724,0.89036
2018-09-30 21:00:00,0.89014,0.89146,0.88582,0.88762
2018-10-01 21:00:00,0.88703,0.89138,0.88663,0.88944
2018-10-02 21:00:00,0.88934,0.89174,0.88591,0.88657
2018-10-03 21:00:00,0.88652,0.88753,0.88340,0.88418
2018-10-04 21:00:00,0.88397,0.88469,0.87764,0.87836
2018-10-07 21:00:00,0.87744,0.88067,0.87722,0.87739
2018-10-08 21:00:00,0.87783,0.87907,0.87325,0.87413
2018-10-09 21:00:00,0.87398,0.87496,0.87228,0.87294
2018-10-10 21:00:00,0.87287,0.87728,0.87276,0.87574
2018-10-11 21:00:00,0.87593,0.87944,0.87450,0.87864
2018-10-14 21:00:00,0.88155,0.88252,0.87953,0.88025
2018-10-15 21:00:00,0.88018,0.88097,0.87520,0.87744
2018-10-16 21:00:00,0.87773,0.88084,0.87640,0.87677
2018-10-17 21:00:00,0.87669,0.88059,0.87667,0.87965
2018-10-18 21:00:00,0.87964,0.88325,0.87753,0.88102
2018-10-21 21:00:00,0.88081,0.88568,0.88015,0.88405
2018-10-22 21:00:00,0.88412,0.88472,0.87979,0.88331
2018-10-23 21:00:00,0.88326,0.88486,0.88155,0.88419
2018-10-24 21:00:00,0.88415,0.88825,0.88312,0.88718
2018-10-25 21:00:00,0.88712,0.88960,0.88325,0.88875
2018-10-28 22:00:00,0.88849,0.89000,0.88680,0.88837
2018-10-29 22:00:00,0.88837,0.89390,0.88825,0.89231
2018-10-30 22:00:00,0.89231,0.89318,0.88335,0.88571
2018-10-31 22:00:00,0.88571,0.88633,0.87564,0.87724
2018-11-01 22:00:00,0.87724,0.87996,0.87676,0.87800
2018-11-04 22:00:00,0.87403,0.87716,0.87362,0.87446
2018-11-05 22:00:00,0.87427,0.87540,0.87116,0.87202
2018-11-06 22:00:00,0.87203,0.87464,0.87024,0.87030
2018-11-07 22:00:00,0.87030,0.87375,0.86898,0.86982
2018-11-08 22:00:00,0.86984,0.87439,0.86911,0.87362
2018-11-11 22:00:00,0.87617,0.87733,0.87089,0.87289
2018-11-12 22:00:00,0.87284,0.87415,0.86556,0.86961
2018-11-13 22:00:00,0.87049,0.87573,0.86660,0.86971
2018-11-14 22:00:00,0.87058,0.88882,0.86910,0.88652
2018-11-15 22:00:00,0.88689,0.89041,0.88239,0.88945
2018-11-18 22:00:00,0.88865,0.89320,0.88668,0.89088
2018-11-19 22:00:00,0.89110,0.89221,0.88742,0.88889
2018-11-20 22:00:00,0.88888,0.89232,0.88826,0.89049
2018-11-21 22:00:00,0.89087,0.89223,0.88404,0.88516
2018-11-22 22:00:00,0.88541,0.88773,0.88357,0.88370
2018-11-25 22:00:00,0.88382,0.88683,0.88355,0.88366
2018-11-26 22:00:00,0.88366,0.88873,0.88359,0.88619
2018-11-27 22:00:00,0.88615,0.88754,0.88098,0.88617
2018-11-28 22:00:00,0.88571,0.89197,0.88396,0.89064
2018-11-29 22:00:00,0.89053,0.89244,0.88599,0.88707
2018-12-02 22:00:00,0.88984,0.89246,0.88627,0.89211
2018-12-03 22:00:00,0.89213,0.89445,0.88890,0.89181
2018-12-04 22:00:00,0.89190,0.89314,0.88740,0.89080
2018-12-05 22:00:00,0.89076,0.89271,0.88861,0.88964
2018-12-06 22:00:00,0.88988,0.89673,0.88704,0.89483
2018-12-09 22:00:00,0.89635,0.90870,0.89576,0.90394
2018-12-10 22:00:00,0.90396,0.90691,0.90055,0.90610
2018-12-11 22:00:00,0.90617,0.90685,0.89678,0.90017
2018-12-12 22:00:00,0.90025,0.90144,0.89516,0.89738
2018-12-13 22:00:00,0.89743,0.90043,0.89610,0.89841
2018-12-16 22:00:00,0.89656,0.90042,0.89656,0.89925
2018-12-17 22:00:00,0.89926,0.90103,0.89623,0.89829
2018-12-18 22:00:00,0.89864,0.90406,0.89791,0.90174
2018-12-19 22:00:00,0.90174,0.90542,0.90029,0.90406
2018-12-20 22:00:00,0.90402,0.90497,0.89817,0.89903
2018-12-23 22:00:00,0.89950,0.90262,0.89616,0.89840
2018-12-25 22:00:00,0.89823,0.90074,0.89659,0.89852
2018-12-26 22:00:00,0.89848,0.90606,0.89724,0.90366
2018-12-27 22:00:00,0.90394,0.90593,0.90035,0.90069
2018-12-30 22:00:00,0.90035,0.90206,0.89267,0.89877
2019-01-01 22:00:00,0.89903,0.90308,0.89869,0.89966
2019-01-02 22:00:00,0.89946,0.91025,0.89797,0.90141
2019-01-03 22:00:00,0.90142,0.90290,0.89435,0.89536
2019-01-06 22:00:00,0.89530,0.89913,0.89481,0.89765
2019-01-07 22:00:00,0.89765,0.90060,0.89472,0.89934
2019-01-08 22:00:00,0.89927,0.90410,0.89751,0.90237
2019-01-09 22:00:00,0.90237,0.90594,0.90119,0.90174
2019-01-10 22:00:00,0.90178,0.90614,0.89218,0.89274
2019-01-13 22:00:00,0.89095,0.89519,0.88747,0.89108
2019-01-14 22:00:00,0.89091,0.89845,0.88547,0.88727
2019-01-15 22:00:00,0.88736,0.88890,0.88382,0.88390
2019-01-16 22:00:00,0.88390,0.88697,0.87631,0.87693
2019-01-17 22:00:00,0.87692,0.88381,0.87567,0.88312
2019-01-20 22:00:00,0.88169,0.88619,0.88058,0.88130
2019-01-21 22:00:00,0.88127,0.88281,0.87597,0.87664
2019-01-22 22:00:00,0.87660,0.87819,0.86978,0.87073
2019-01-23 22:00:00,0.87072,0.87248,0.86516,0.86519
2019-01-24 22:00:00,0.86538,0.86811,0.86166,0.86404
2019-01-27 22:00:00,0.86441,0.86945,0.86349,0.86808
2019-01-28 22:00:00,0.86809,0.87560,0.86555,0.87469
2019-01-29 22:00:00,0.87463,0.87631,0.87137,0.87507
2019-01-30 22:00:00,0.87518,0.87662,0.87108,0.87296
2019-01-31 22:00:00,0.87292,0.87927,0.87265,0.87519
2019-02-03 22:00:00,0.87525,0.87744,0.87256,0.87699
2019-02-04 22:00:00,0.87709,0.88213,0.87467,0.88057
2019-02-05 22:00:00,0.88049,0.88076,0.87721,0.87854
2019-02-06 22:00:00,0.87860,0.88135,0.87274,0.87527
2019-02-07 22:00:00,0.87530,0.87646,0.87396,0.87468
2019-02-10 22:00:00,0.87446,0.87761,0.87445,0.87669
2019-02-11 22:00:00,0.87665,0.87891,0.87559,0.87832
2019-02-12 22:00:00,0.87834,0.87921,0.87428,0.87644
2019-02-13 22:00:00,0.87649,0.88396,0.87536,0.88218
2019-02-14 22:00:00,0.88239,0.88273,0.87518,0.87580
2019-02-17 22:00:00,0.87437,0.87673,0.87415,0.87493
2019-02-18 22:00:00,0.87489,0.87622,0.86717,0.86784
2019-02-19 22:00:00,0.86799,0.87139,0.86726,0.86855
2019-02-20 22:00:00,0.86866,0.87036,0.86656,0.86889
2019-02-21 22:00:00,0.86925,0.87282,0.86766,0.86774
2019-02-24 22:00:00,0.86711,0.86992,0.86612,0.86704
2019-02-25 22:00:00,0.86708,0.86708,0.85618,0.85923
2019-02-26 22:00:00,0.85919,0.85974,0.85286,0.85409
2019-02-27 22:00:00,0.85413,0.85858,0.85326,0.85716
2019-02-28 22:00:00,0.85715,0.86225,0.85702,0.86001
2019-03-03 22:00:00,0.85815,0.86082,0.85574,0.86022
2019-03-04 22:00:00,0.86028,0.86452,0.85762,0.85786
2019-03-05 22:00:00,0.85792,0.86188,0.85760,0.85826
2019-03-06 22:00:00,0.85836,0.86242,0.85356,0.85533
2019-03-07 22:00:00,0.85557,0.86540,0.85469,0.86273
2019-03-10 22:00:00,0.86503,0.86754,0.85252,0.85266
2019-03-11 22:00:00,0.85266,0.86539,0.84747,0.86325
2019-03-12 22:00:00,0.86326,0.86397,0.84719,0.85084
2019-03-13 22:00:00,0.85084,0.85614,0.84983,0.85260
2019-03-14 22:00:00,0.85252,0.85741,0.85084,0.85155
2019-03-17 22:00:00,0.85143,0.85942,0.85103,0.85559
2019-03-18 22:00:00,0.85559,0.85692,0.85330,0.85549
2019-03-19 22:00:00,0.85549,0.86662,0.85527,0.86566
2019-03-20 22:00:00,0.86567,0.87226,0.86367,0.86722
2019-03-21 22:00:00,0.86722,0.86736,0.85323,0.85532
2019-03-24 22:00:00,0.85485,0.85980,0.85442,0.85732
2019-03-25 22:00:00,0.85732,0.85954,0.85187,0.85326
2019-03-26 22:00:00,0.85326,0.85511,0.84830,0.85477
2019-03-27 22:00:00,0.85476,0.86084,0.85269,0.86035
2019-03-28 22:00:00,0.86035,0.86489,0.85503,0.86056
2019-03-31 21:00:00,0.86040,0.86263,0.85245,0.85550
2019-04-01 21:00:00,0.85542,0.86074,0.85185,0.85284
2019-04-02 21:00:00,0.85298,0.85580,0.85021,0.85347
2019-04-03 21:00:00,0.85369,0.85927,0.85177,0.85780
2019-04-04 21:00:00,0.85805,0.86365,0.85563,0.86022
2019-04-07 21:00:00,0.85946,0.86448,0.85899,0.86175
2019-04-08 21:00:00,0.86182,0.86513,0.85931,0.86260
2019-04-09 21:00:00,0.86274,0.86323,0.85907,0.86104
2019-04-10 21:00:00,0.86130,0.86342,0.85968,0.86189
2019-04-11 21:00:00,0.86187,0.86566,0.86125,0.86438
2019-04-14 21:00:00,0.86330,0.86487,0.86180,0.86265
2019-04-15 21:00:00,0.86285,0.86594,0.86179,0.86420
2019-04-16 21:00:00,0.86437,0.86808,0.86400,0.86591
2019-04-17 21:00:00,0.86639,0.86662,0.86337,0.86459
2019-04-18 21:00:00,0.86450,0.86558,0.86365,0.86516
2019-04-21 21:00:00,0.86516,0.86758,0.86434,0.86700
2019-04-22 21:00:00,0.86713,0.86814,0.86354,0.86758
2019-04-23 21:00:00,0.86761,0.86787,0.86300,0.86429
2019-04-24 21:00:00,0.86441,0.86541,0.86262,0.86292
2019-04-25 21:00:00,0.86309,0.86389,0.86215,0.86262
2019-04-28 21:00:00,0.86229,0.86488,0.86200,0.86463
2019-04-29 21:00:00,0.86483,0.86496,0.85898,0.86015
2019-04-30 21:00:00,0.86019,0.86059,0.85768,0.85768
2019-05-01 21:00:00,0.85768,0.85984,0.85667,0.85702
2019-05-02 21:00:00,0.85701,0.85868,0.84967,0.85024
2019-05-05 21:00:00,0.84924,0.85562,0.84876,0.85486
2019-05-06 21:00:00,0.85484,0.85809,0.85373,0.85581
2019-05-07 21:00:00,0.85597,0.86234,0.85522,0.86023
2019-05-08 21:00:00,0.86022,0.86481,0.85951,0.86197
2019-05-09 21:00:00,0.86209,0.86419,0.86027,0.86382
2019-05-12 21:00:00,0.86311,0.86802,0.86239,0.86592
2019-05-13 21:00:00,0.86607,0.86913,0.86521,0.86796
2019-05-14 21:00:00,0.86797,0.87361,0.86681,0.87193
2019-05-15 21:00:00,0.87218,0.87475,0.87092,0.87286
2019-05-16 21:00:00,0.87301,0.87784,0.87237,0.87721
2019-05-19 21:00:00,0.87537,0.87841,0.87491,0.87738
2019-05-20 21:00:00,0.87738,0.87890,0.87239,0.87820
2019-05-21 21:00:00,0.87819,0.88393,0.87717,0.88043
2019-05-22 21:00:00,0.88059,0.88377,0.87895,0.88320
2019-05-23 21:00:00,0.88326,0.88498,0.88023,0.88135
2019-05-26 21:00:00,0.88057,0.88350,0.87897,0.88251
2019-05-27 21:00:00,0.88250,0.88412,0.88036,0.88190
2019-05-28 21:00:00,0.88192,0.88321,0.87979,0.88124
2019-05-29 21:00:00,0.88148,0.88405,0.88075,0.88245
2019-05-30 21:00:00,0.88250,0.88742,0.88134,0.88396
2019-06-02 21:00:00,0.88367,0.88874,0.88244,0.88743
2019-06-03 21:00:00,0.88741,0.89015,0.88517,0.88580
2019-06-04 21:00:00,0.88591,0.88779,0.88413,0.88455
2019-06-05 21:00:00,0.88471,0.88903,0.88280,0.88814
2019-06-06 21:00:00,0.88831,0.89008,0.88491,0.88931
2019-06-09 21:00:00,0.88729,0.89293,0.88729,0.89160
2019-06-10 21:00:00,0.89157,0.89321,0.88906,0.88994
2019-06-11 21:00:00,0.89005,0.89152,0.88711,0.88934
2019-06-12 21:00:00,0.88945,0.89193,0.88769,0.88957
2019-06-13 21:00:00,0.88957,0.89174,0.88805,0.89022
2019-06-16 21:00:00,0.89035,0.89507,0.88929,0.89482
2019-06-17 21:00:00,0.89484,0.89742,0.89103,0.89115
2019-06-18 21:00:00,0.89120,0.89265,0.88732,0.88785
2019-06-19 21:00:00,0.88786,0.89227,0.88721,0.88879
2019-06-20 21:00:00,0.88891,0.89451,0.88843,0.89201
2019-06-23 21:00:00,0.89250,0.89601,0.89171,0.89449
2019-06-24 21:00:00,0.89451,0.89632,0.89152,0.89575
2019-06-25 21:00:00,0.89568,0.89757,0.89287,0.89587
2019-06-26 21:00:00,0.89586,0.89813,0.89368,0.89709
2019-06-27 21:00:00,0.89711,0.89914,0.89393,0.89513
2019-06-30 21:00:00,0.89505,0.89796,0.89240,0.89290
2019-07-01 21:00:00,0.89290,0.89723,0.89204,0.89598
2019-07-02 21:00:00,0.89605,0.89895,0.89573,0.89680
2019-07-03 21:00:00,0.89679,0.89772,0.89578,0.89699
2019-07-04 21:00:00,0.89698,0.89840,0.89559,0.89569
2019-07-07 21:00:00,0.89564,0.89733,0.89539,0.89591
2019-07-08 21:00:00,0.89591,0.90019,0.89554,0.89910
2019-07-09 21:00:00,0.89910,0.90101,0.89838,0.89941
2019-07-10 21:00:00,0.89947,0.90056,0.89662,0.89860
2019-07-11 21:00:00,0.89849,0.89901,0.89552,0.89596
2019-07-14 21:00:00,0.89524,0.90009,0.89524,0.89939
2019-07-15 21:00:00,0.89927,0.90474,0.89925,0.90331
2019-07-16 21:00:00,0.90327,0.90510,0.90148,0.90262
2019-07-17 21:00:00,0.90256,0.90392,0.89791,0.89857
2019-07-18 21:00:00,0.89851,0.89977,0.89567,0.89708
2019-07-21 21:00:00,0.89724,0.90000,0.89605,0.89824
2019-07-22 21:00:00,0.89822,0.90051,0.89527,0.89632
2019-07-23 21:00:00,0.89632,0.89680,0.89059,0.89219
2019-07-24 21:00:00,0.89222,0.89592,0.88911,0.89472
2019-07-25 21:00:00,0.89482,0.89876,0.89227,0.89844
2019-07-28 21:00:00,0.89880,0.91217,0.89835,0.91190
2019-07-29 21:00:00,0.91169,0.91899,0.91136,0.91790
2019-07-30 21:00:00,0.91791,0.91806,0.90887,0.91055
2019-07-31 21:00:00,0.91055,0.91483,0.90957,0.91390
2019-08-01 21:00:00,0.91374,0.91702,0.91250,0.91299
2019-08-04 21:00:00,0.91225,0.92297,0.91225,0.92240
2019-08-05 21:00:00,0.92238,0.92495,0.91552,0.92003
2019-08-06 21:00:00,0.92000,0.92482,0.91882,0.92211
2019-08-07 21:00:00,0.92209,0.92652,0.92068,0.92121
2019-08-08 21:00:00,0.92116,0.93173,0.92020,0.93094
2019-08-11 21:00:00,0.92807,0.93242,0.92475,0.92849
2019-08-12 21:00:00,0.92831,0.92945,0.92405,0.92617
2019-08-13 21:00:00,0.92618,0.92756,0.92288,0.92343
2019-08-14 21:00:00,0.92338,0.92508,0.91543,0.91895
2019-08-15 21:00:00,0.91905,0.91944,0.90902,0.91291
2019-08-18 21:00:00,0.91146,0.91701,0.91117,0.91345
2019-08-19 21:00:00,0.91342,0.91838,0.91000,0.91193
2019-08-20 21:00:00,0.91189,0.91621,0.91095,0.91386
2019-08-21 21:00:00,0.91426,0.91571,0.90283,0.90423
2019-08-22 21:00:00,0.90415,0.90942,0.90376,0.90607
2019-08-25 21:00:00,0.90761,0.91091,0.90623,0.90847
2019-08-26 21:00:00,0.90849,0.90942,0.90156,0.90224
2019-08-27 21:00:00,0.90222,0.91234,0.90184,0.90673
2019-08-28 21:00:00,0.90680,0.90935,0.90514,0.90754
2019-08-29 21:00:00,0.90755,0.90839,0.90201,0.90295
2019-09-01 21:00:00,0.90304,0.91088,0.90258,0.90889
2019-09-02 21:00:00,0.90910,0.91482,0.90490,0.90778
2019-09-03 21:00:00,0.90828,0.90828,0.90016,0.90046
2019-09-04 21:00:00,0.90045,0.90305,0.89423,0.89423
2019-09-05 21:00:00,0.89458,0.89861,0.89394,0.89676
2019-09-08 21:00:00,0.89793,0.90144,0.89038,0.89472
2019-09-09 21:00:00,0.89473,0.89741,0.89206,0.89363
2019-09-10 21:00:00,0.89400,0.89518,0.89052,0.89286
2019-09-11 21:00:00,0.89285,0.89725,0.88853,0.89689
2019-09-12 21:00:00,0.89693,0.89744,0.88539,0.88554
2019-09-15 21:00:00,0.88547,0.89018,0.88490,0.88506
2019-09-16 21:00:00,0.88507,0.88887,0.88380,0.88577
2019-09-17 21:00:00,0.88572,0.88804,0.88200,0.88431
2019-09-18 21:00:00,0.88420,0.88937,0.88031,0.88152
2019-09-19 21:00:00,0.88145,0.88455,0.87859,0.88324
2019-09-22 21:00:00,0.88327,0.88553,0.88148,0.88415
2019-09-23 21:00:00,0.88417,0.88523,0.88030,0.88183
2019-09-24 21:00:00,0.88148,0.88800,0.88134,0.88563
2019-09-25 21:00:00,0.88599,0.88858,0.88441,0.88600
2019-09-26 21:00:00,0.88600,0.89044,0.88462,0.89015
2019-09-29 21:00:00,0.88907,0.89048,0.88314,0.88649
2019-09-30 21:00:00,0.88649,0.89368,0.88465,0.88813
2019-10-01 21:00:00,0.88812,0.89242,0.88798,0.89085
2019-10-02 21:00:00,0.89085,0.89215,0.88476,0.88876
2019-10-03 21:00:00,0.88869,0.89367,0.88806,0.88992
2019-10-06 21:00:00,0.89067,0.89277,0.89013,0.89222
2019-10-07 21:00:00,0.89223,0.89996,0.89201,0.89651
2019-10-08 21:00:00,0.89649,0.89947,0.89378,0.89855
2019-10-09 21:00:00,0.89848,0.90191,0.88305,0.88453
2019-10-10 21:00:00,0.88466,0.88683,0.86948,0.87196
2019-10-13 21:00:00,0.87242,0.88110,0.87148,0.87441
2019-10-14 21:00:00,0.87439,0.87503,0.86250,0.86278
2019-10-15 21:00:00,0.86294,0.87150,0.85968,0.86264
2019-10-16 21:00:00,0.86262,0.87030,0.85748,0.86276
2019-10-17 21:00:00,0.86275,0.86632,0.85985,0.86065
2019-10-20 21:00:00,0.86162,0.86601,0.85777,0.86012
2019-10-21 21:00:00,0.86008,0.86448,0.85761,0.86409
2019-10-22 21:00:00,0.86408,0.86596,0.86151,0.86170
2019-10-23 21:00:00,0.86181,0.86761,0.86000,0.86384
2019-10-24 21:00:00,0.86381,0.86700,0.86288,0.86288
2019-10-27 22:00:00,0.86360,0.86518,0.86153,0.86283
2019-10-28 22:00:00,0.86283,0.86503,0.86075,0.86362
2019-10-29 22:00:00,0.86362,0.86448,0.86115,0.86417
2019-10-30 22:00:00,0.86417,0.86458,0.86002,0.86229
2019-10-31 22:00:00,0.86229,0.86365,0.85950,0.86259
2019-11-03 22:00:00,0.86352,0.86462,0.86207,0.86360
2019-11-04 22:00:00,0.86357,0.86449,0.85848,0.85937
2019-11-05 22:00:00,0.85933,0.86166,0.85901,0.86060
2019-11-06 22:00:00,0.86060,0.86574,0.86021,0.86163
2019-11-07 22:00:00,0.86166,0.86300,0.85978,0.86224
2019-11-10 22:00:00,0.86226,0.86226,0.85578,0.85796
2019-11-11 22:00:00,0.85792,0.86051,0.85580,0.85690
2019-11-12 22:00:00,0.85690,0.85891,0.85595,0.85631
2019-11-13 22:00:00,0.85635,0.85816,0.85450,0.85546
2019-11-14 22:00:00,0.85544,0.85738,0.85500,0.85630
2019-11-17 22:00:00,0.85476,0.85598,0.85212,0.85452
2019-11-18 22:00:00,0.85452,0.85800,0.85373,0.85685
2019-11-19 22:00:00,0.85679,0.85830,0.85600,0.85660
2019-11-20 22:00:00,0.85661,0.85803,0.85445,0.85653
2019-11-21 22:00:00,0.85658,0.86050,0.85608,0.85817
2019-11-24 22:00:00,0.85690,0.85838,0.85300,0.85367
2019-11-25 22:00:00,0.85366,0.85799,0.85311,0.85629
2019-11-26 22:00:00,0.85633,0.85843,0.85094,0.85094
2019-11-27 22:00:00,0.85097,0.85319,0.84992,0.85272
2019-11-28 22:00:00,0.85262,0.85426,0.85109,0.85116
2019-12-01 22:00:00,0.85349,0.85747,0.85142,0.85581
2019-12-02 22:00:00,0.85581,0.85644,0.85125,0.85255
2019-12-03 22:00:00,0.85257,0.85293,0.84513,0.84527
2019-12-04 22:00:00,0.84529,0.84552,0.84300,0.84376
2019-12-05 22:00:00,0.84370,0.84672,0.84109,0.84182
2019-12-08 22:00:00,0.84161,0.84264,0.83927,0.84139
2019-12-09 22:00:00,0.84154,0.84324,0.83975,0.84291
2019-12-10 22:00:00,0.84288,0.84600,0.84105,0.84339
2019-12-11 22:00:00,0.84335,0.85085,0.84203,0.84384
2019-12-12 22:00:00,0.84408,0.84408,0.82764,0.83355
2019-12-15 22:00:00,0.83366,0.83644,0.83018,0.83550
2019-12-16 22:00:00,0.83550,0.85100,0.83544,0.84920
2019-12-17 22:00:00,0.84920,0.85173,0.84839,0.84959
2019-12-18 22:00:00,0.84959,0.85564,0.84762,0.85479
2019-12-19 22:00:00,0.85479,0.85510,0.84770,0.85162
2019-12-22 22:00:00,0.85100,0.85915,0.84718,0.85712
2019-12-23 22:00:00,0.85712,0.85780,0.85433,0.85535
2019-12-25 22:00:00,0.85400,0.85556,0.85290,0.85356
2019-12-26 22:00:00,0.85357,0.85647,0.85086,0.85399
2019-12-29 22:00:00,0.85282,0.85563,0.85125,0.85395
2019-12-30 22:00:00,0.85395,0.85487,0.84540,0.84674
2020-01-01 22:00:00,0.84878,0.85139,0.84687,0.85022
2020-01-02 22:00:00,0.85016,0.85428,0.84930,0.85305
2020-01-05 22:00:00,0.85257,0.85443,0.84925,0.85012
2020-01-06 22:00:00,0.85012,0.85270,0.84655,0.84953
2020-01-07 22:00:00,0.84953,0.85161,0.84546,0.84776
2020-01-08 22:00:00,0.84773,0.85331,0.84718,0.84981
2020-01-09 22:00:00,0.84980,0.85196,0.84791,0.85111
2020-01-12 22:00:00,0.85246,0.85817,0.85212,0.85708
2020-01-13 22:00:00,0.85708,0.85955,0.85395,0.85448
2020-01-14 22:00:00,0.85442,0.85772,0.85372,0.85505
2020-01-15 22:00:00,0.85503,0.85610,0.85089,0.85143
2020-01-16 22:00:00,0.85140,0.85326,0.84868,0.85225
2020-01-19 22:00:00,0.85312,0.85532,0.85201,0.85267
2020-01-20 22:00:00,0.85266,0.85350,0.84902,0.84911
2020-01-21 22:00:00,0.84920,0.85006,0.84233,0.84394
2020-01-22 22:00:00,0.84393,0.84571,0.84166,0.84201
2020-01-23 22:00:00,0.84200,0.84439,0.83854,0.84341
2020-01-26 22:00:00,0.84337,0.84488,0.84080,0.84371
2020-01-27 22:00:00,0.84370,0.84783,0.84333,0.84595
2020-01-28 22:00:00,0.84596,0.84676,0.84468,0.84543
2020-01-29 22:00:00,0.84543,0.84871,0.84120,0.84232
2020-01-30 22:00:00,0.84232,0.84314,0.83869,0.83980
2020-02-02 22:00:00,0.84164,0.85184,0.84066,0.85085
2020-02-03 22:00:00,0.85085,0.85374,0.84643,0.84738
2020-02-04 22:00:00,0.84738,0.84907,0.84337,0.84587
2020-02-05 22:00:00,0.84580,0.84973,0.84575,0.84917
2020-02-06 22:00:00,0.84919,0.84974,0.84614,0.84931
2020-02-09 22:00:00,0.84878,0.85041,0.84421,0.84468
2020-02-10 22:00:00,0.84468,0.84586,0.84201,0.84259
2020-02-11 22:00:00,0.84252,0.84294,0.83815,0.83881
2020-02-12 22:00:00,0.83886,0.83998,0.82952,0.83101
2020-02-13 22:00:00,0.83100,0.83438,0.82984,0.82998
2020-02-16 22:00:00,0.83083,0.83347,0.83028,0.83303
2020-02-17 22:00:00,0.83303,0.83478,0.82818,0.83010
2020-02-18 22:00:00,0.83004,0.83676,0.82946,0.83606
2020-02-19 22:00:00,0.83587,0.84153,0.83573,0.83695
2020-02-20 22:00:00,0.83699,0.83847,0.83431,0.83709
2020-02-23 22:00:00,0.83588,0.84067,0.83368,0.83919
2020-02-24 22:00:00,0.83920,0.84002,0.83381,0.83663
2020-02-25 22:00:00,0.83663,0.84416,0.83556,0.84337
2020-02-26 22:00:00,0.84340,0.85422,0.84274,0.85363
2020-02-27 22:00:00,0.85363,0.86414,0.85210,0.86005
2020-03-01 22:00:00,0.86263,0.87414,0.85939,0.87275
2020-03-02 22:00:00,0.87277,0.87438,0.86817,0.87168
2020-03-03 22:00:00,0.87167,0.87440,0.86489,0.86501
2020-03-04 22:00:00,0.86511,0.86812,0.86208,0.86748
2020-03-05 22:00:00,0.86741,0.87175,0.86495,0.86537
2020-03-08 22:00:00,0.86677,0.87678,0.86559,0.87334
2020-03-09 22:00:00,0.87334,0.87807,0.86804,0.87576
2020-03-10 22:00:00,0.87576,0.88470,0.87144,0.87776
2020-03-11 22:00:00,0.87805,0.89126,0.87744,0.88677
2020-03-12 22:00:00,0.88774,0.90472,0.88425,0.90301
2020-03-15 22:00:00,0.90080,0.91490,0.89770,0.91033
2020-03-16 22:00:00,0.91036,0.91406,0.90649,0.91169
2020-03-17 22:00:00,0.91159,0.94918,0.90677,0.94105
2020-03-18 22:00:00,0.94111,0.94990,0.91199,0.92878
2020-03-19 22:00:00,0.92885,0.93354,0.89928,0.92113
2020-03-22 22:00:00,0.91624,0.93872,0.91567,0.92746
2020-03-23 22:00:00,0.92746,0.93229,0.91433,0.91737
2020-03-24 22:00:00,0.91640,0.92751,0.90546,0.91364
2020-03-25 22:00:00,0.91308,0.92381,0.90246,0.90641
2020-03-26 22:00:00,0.90509,0.90905,0.89040,0.89270
2020-03-29 21:00:00,0.89189,0.89870,0.88656,0.88898
2020-03-30 21:00:00,0.88919,0.89698,0.88111,0.88845
2020-03-31 21:00:00,0.88758,0.89107,0.87852,0.88554
2020-04-01 21:00:00,0.88550,0.88558,0.87389,0.87536
2020-04-02 21:00:00,0.87530,0.88357,0.87344,0.88087
2020-04-05 21:00:00,0.88352,0.88550,0.87646,0.88207
2020-04-06 21:00:00,0.88209,0.88637,0.87998,0.88287
2020-04-07 21:00:00,0.88271,0.88323,0.87454,0.87624
2020-04-08 21:00:00,0.87596,0.87866,0.87240,0.87691
2020-04-09 21:00:00,0.87691,0.87846,0.87479,0.87676
2020-04-12 21:00:00,0.87771,0.87782,0.87058,0.87176
2020-04-13 21:00:00,0.87171,0.87384,0.86818,0.86956
2020-04-14 21:00:00,0.86956,0.87449,0.86890,0.87116
2020-04-15 21:00:00,0.87110,0.87283,0.86967,0.87020
2020-04-16 21:00:00,0.87015,0.87216,0.86832,0.86929
2020-04-19 21:00:00,0.86820,0.87433,0.86817,0.87350
2020-04-20 21:00:00,0.87349,0.88628,0.87226,0.88306
2020-04-21 21:00:00,0.88248,0.88359,0.87740,0.87744
2020-04-22 21:00:00,0.87747,0.87773,0.87084,0.87287
2020-04-23 21:00:00,0.87290,0.87681,0.87117,0.87511
2020-04-26 21:00:00,0.87424,0.87503,0.87088,0.87109
2020-04-27 21:00:00,0.87102,0.87247,0.86885,0.87034
2020-04-28 21:00:00,0.87045,0.87549,0.86933,0.87196
2020-04-29 21:00:00,0.87189,0.87422,0.86707,0.86963
2020-04-30 21:00:00,0.86957,0.87960,0.86881,0.87886
2020-05-03 21:00:00,0.87773,0.88140,0.87539,0.87625
2020-05-04 21:00:00,0.87619,0.87641,0.86902,0.87121
2020-05-05 21:00:00,0.87126,0.87563,0.86979,0.87418
2020-05-06 21:00:00,0.87381,0.87898,0.87083,0.87533
2020-05-07 21:00:00,0.87532,0.87652,0.87123,0.87330
2020-05-10 21:00:00,0.87094,0.88063,0.87047,0.87606
2020-05-11 21:00:00,0.87589,0.88517,0.87553,0.88494
2020-05-12 21:00:00,0.88468,0.88773,0.88073,0.88407
2020-05-13 21:00:00,0.88410,0.88707,0.88253,0.88317
2020-05-14 21:00:00,0.88312,0.89397,0.88247,0.89374
2020-05-17 21:00:00,0.89298,0.89597,0.88940,0.89485
2020-05-18 21:00:00,0.89504,0.89573,0.89025,0.89141
2020-05-19 21:00:00,0.89141,0.89825,0.89104,0.89666
2020-05-20 21:00:00,0.89670,0.90000,0.89454,0.89563
2020-05-21 21:00:00,0.89560,0.89708,0.89294,0.89587
2020-05-24 21:00:00,0.89381,0.89549,0.89264,0.89383
2020-05-25 21:00:00,0.89332,0.89408,0.88804,0.89014
2020-05-26 21:00:00,0.88989,0.89939,0.88887,0.89748
2020-05-27 21:00:00,0.89726,0.89940,0.89629,0.89871
2020-05-28 21:00:00,0.89879,0.90541,0.89748,0.89918
2020-05-31 21:00:00,0.90152,0.90173,0.89020,0.89116
2020-06-01 21:00:00,0.89106,0.89207,0.88659,0.88975
2020-06-02 21:00:00,0.88971,0.89383,0.88790,0.89329
2020-06-03 21:00:00,0.89324,0.90066,0.89272,0.89986
2020-06-04 21:00:00,0.89987,0.90041,0.88852,0.89079
2020-06-07 21:00:00,0.88944,0.89282,0.88692,0.88755
2020-06-08 21:00:00,0.88737,0.89382,0.88636,0.89070
2020-06-09 21:00:00,0.89079,0.89297,0.88825,0.89221
2020-06-10 21:00:00,0.89198,0.90143,0.89130,0.89643
2020-06-11 21:00:00,0.89642,0.89967,0.89480,0.89731
2020-06-14 21:00:00,0.89757,0.90245,0.89610,0.89808
2020-06-15 21:00:00,0.89806,0.89887,0.89118,0.89575
2020-06-16 21:00:00,0.89574,0.89898,0.89381,0.89530
2020-06-17 21:00:00,0.89529,0.90414,0.89494,0.90174
2020-06-18 21:00:00,0.90156,0.90725,0.90060,0.90490
2020-06-21 21:00:00,0.90427,0.90600,0.90197,0.90279
2020-06-22 21:00:00,0.90275,0.90785,0.90187,0.90310
2020-06-23 21:00:00,0.90313,0.90731,0.90153,0.90576
2020-06-24 21:00:00,0.90572,0.90647,0.90008,0.90309
2020-06-25 21:00:00,0.90308,0.91001,0.90186,0.90923
2020-06-28 21:00:00,0.90797,0.91756,0.90793,0.91391
2020-06-29 21:00:00,0.91391,0.91442,0.90570,0.90581
2020-06-30 21:00:00,0.90591,0.90791,0.90120,0.90174
2020-07-01 21:00:00,0.90177,0.90315,0.90024,0.90132
2020-07-02 21:00:00,0.90138,0.90289,0.89976,0.90088
2020-07-05 21:00:00,0.90109,0.90673,0.90064,0.90512
2020-07-06 21:00:00,0.90488,0.90558,0.89669,0.89871
2020-07-07 21:00:00,0.89748,0.90101,0.89695,0.89851
2020-07-08 21:00:00,0.89843,0.89997,0.89456,0.89503
2020-07-09 21:00:00,0.89501,0.89695,0.89376,0.89501
2020-07-12 21:00:00,0.89316,0.90388,0.89316,0.90351
2020-07-13 21:00:00,0.90345,0.91124,0.90210,0.90790
2020-07-14 21:00:00,0.90786,0.90823,0.90436,0.90645
2020-07-15 21:00:00,0.90645,0.90951,0.90560,0.90670
2020-07-16 21:00:00,0.90639,0.91346,0.90574,0.90906
2020-07-19 21:00:00,0.90778,0.91377,0.90303,0.90401
2020-07-20 21:00:00,0.90388,0.90574,0.90008,0.90534
2020-07-21 21:00:00,0.90526,0.91366,0.90485,0.90840
2020-07-22 21:00:00,0.90842,0.91243,0.90753,0.91008
2020-07-23 21:00:00,0.91018,0.91244,0.90834,0.91069
2020-07-26 21:00:00,0.90975,0.91479,0.90973,0.91220
2020-07-27 21:00:00,0.91217,0.91345,0.90527,0.90584
2020-07-28 21:00:00,0.90568,0.90870,0.90348,0.90709
2020-07-29 21:00:00,0.90604,0.90845,0.90162,0.90457
2020-07-30 21:00:00,0.90451,0.90627,0.89806,0.89967
2020-08-02 21:00:00,0.89877,0.90148,0.89816,0.89949
2020-08-03 21:00:00,0.89921,0.90405,0.89902,0.90283
2020-08-04 21:00:00,0.90283,0.90583,0.90118,0.90451
2020-08-05 21:00:00,0.90408,0.90531,0.89844,0.90362
2020-08-06 21:00:00,0.90362,0.90416,0.90113,0.90276
2020-08-09 21:00:00,0.90212,0.90292,0.89765,0.89774
2020-08-10 21:00:00,0.89776,0.90086,0.89691,0.89971
2020-08-11 21:00:00,0.89937,0.90527,0.89840,0.90405
2020-08-12 21:00:00,0.90391,0.90519,0.90268,0.90398
2020-08-13 21:00:00,0.90411,0.90487,0.90004,0.90441
2020-08-16 21:00:00,0.90351,0.90696,0.90281,0.90581
2020-08-17 21:00:00,0.90567,0.90624,0.90082,0.90112
2020-08-18 21:00:00,0.90105,0.90455,0.90026,0.90371
2020-08-19 21:00:00,0.90358,0.90681,0.89694,0.89747
2020-08-20 21:00:00,0.89728,0.90154,0.89441,0.90107
2020-08-23 21:00:00,0.90114,0.90438,0.90015,0.90227
2020-08-24 21:00:00,0.90208,0.90368,0.89826,0.89977
2020-08-25 21:00:00,0.89968,0.90034,0.89467,0.89545
2020-08-26 21:00:00,0.89547,0.89642,0.89294,0.89552
2020-08-27 21:00:00,0.89531,0.89742,0.89076,0.89161
2020-08-30 21:00:00,0.89186,0.89665,0.89131,0.89278
2020-08-31 21:00:00,0.89278,0.89454,0.88884,0.88990
2020-09-01 21:00:00,0.88999,0.89074,0.88741,0.88784
2020-09-02 21:00:00,0.88759,0.89339,0.88658,0.89231
2020-09-03 21:00:00,0.89231,0.89514,0.88996,0.89165
2020-09-06 21:00:00,0.89320,0.89936,0.89165,0.89729
2020-09-07 21:00:00,0.89688,0.90709,0.89659,0.90686
2020-09-08 21:00:00,0.90685,0.91306,0.90621,0.90776
2020-09-09 21:00:00,0.90766,0.92703,0.90729,0.92260
2020-09-10 21:00:00,0.92250,0.92912,0.92099,0.92555
2020-09-13 21:00:00,0.92577,0.92637,0.92006,0.92336
2020-09-14 21:00:00,0.92338,0.92585,0.91832,0.91904
2020-09-15 21:00:00,0.91906,0.92071,0.90942,0.91113
2020-09-16 21:00:00,0.91128,0.91694,0.90828,0.91314
2020-09-17 21:00:00,0.91316,0.91771,0.91149,0.91623
2020-09-20 21:00:00,0.91543,0.91967,0.91463,0.91838
2020-09-21 21:00:00,0.91823,0.92202,0.91436,0.91932
2020-09-22 21:00:00,0.91928,0.92179,0.91364,0.91620
2020-09-23 21:00:00,0.91622,0.91803,0.91128,0.91550
2020-09-24 21:00:00,0.91425,0.91682,0.91182,0.91263
2020-09-27 21:00:00,0.90988,0.91195,0.90247,0.90862
2020-09-28 21:00:00,0.90857,0.91456,0.90620,0.91313
2020-09-29 21:00:00,0.91314,0.91566,0.90662,0.90695
2020-09-30 21:00:00,0.90697,0.91551,0.90622,0.91109
2020-10-01 21:00:00,0.91137,0.91232,0.90438,0.90552
2020-10-04 21:00:00,0.90566,0.90901,0.90533,0.90762
2020-10-05 21:00:00,0.90757,0.91257,0.90604,0.91128
2020-10-06 21:00:00,0.91128,0.91606,0.90944,0.91056
2020-10-07 21:00:00,0.91054,0.91221,0.90696,0.90874
2020-10-08 21:00:00,0.90873,0.91313,0.90631,0.90638
2020-10-11 21:00:00,0.90686,0.90781,0.90278,0.90403
2020-10-12 21:00:00,0.90356,0.90849,0.90187,0.90770
2020-10-13 21:00:00,0.90767,0.91207,0.90067,0.90258
2020-10-14 21:00:00,0.90257,0.90771,0.90157,0.90697
2020-10-15 21:00:00,0.90694,0.91093,0.90434,0.90756
2020-10-18 21:00:00,0.90831,0.90974,0.90220,0.90907
2020-10-19 21:00:00,0.90908,0.91481,0.90790,0.91288
2020-10-20 21:00:00,0.91290,0.91349,0.90108,0.90198
2020-10-21 21:00:00,0.90199,0.90457,0.90143,0.90310
2020-10-22 21:00:00,0.90272,0.91073,0.90208,0.90908
2020-10-25 22:00:00,0.90800,0.91054,0.90405,0.90687
2020-10-26 22:00:00,0.90686,0.90843,0.90339,0.90361
2020-10-27 22:00:00,0.90361,0.90753,0.90146,0.90424
2020-10-28 22:00:00,0.90424,0.90588,0.90060,0.90296
2020-10-29 22:00:00,0.90297,0.90524,0.89836,0.89912
2020-11-01 22:00:00,0.90051,0.90485,0.89948,0.90105
2020-11-02 22:00:00,0.90102,0.90241,0.89676,0.89685
2020-11-03 22:00:00,0.89687,0.90335,0.89442,0.90267
2020-11-04 22:00:00,0.90270,0.90687,0.89924,0.89964
2020-11-05 22:00:00,0.89972,0.90548,0.89886,0.90304
2020-11-08 22:00:00,0.90263,0.90483,0.89723,0.89730
2020-11-09 22:00:00,0.89728,0.89811,0.88840,0.89032
2020-11-10 22:00:00,0.89032,0.89183,0.88610,0.89063
2020-11-11 22:00:00,0.89063,0.90041,0.89015,0.89991
2020-11-12 22:00:00,0.89988,0.90033,0.89641,0.89646
2020-11-15 22:00:00,0.89707,0.89949,0.89551,0.89791
2020-11-16 22:00:00,0.89793,0.89859,0.89474,0.89541
2020-11-17 22:00:00,0.89542,0.89581,0.89151,0.89278
2020-11-18 22:00:00,0.89280,0.89636,0.89239,0.89504
2020-11-19 22:00:00,0.89528,0.89598,0.89173,0.89221
2020-11-22 22:00:00,0.89121,0.89239,0.88664,0.88846
2020-11-23 22:00:00,0.88843,0.89129,0.88743,0.88981
2020-11-24 22:00:00,0.88982,0.89382,0.88898,0.88997
2020-11-25 22:00:00,0.89053,0.89344,0.88921,0.89172
2020-11-26 22:00:00,0.89162,0.90001,0.89103,0.89832
2020-11-29 22:00:00,0.89735,0.90012,0.89451,0.89499
2020-11-30 22:00:00,0.89500,0.90073,0.89284,0.89928
2020-12-01 22:00:00,0.89923,0.90841,0.89800,0.90617
2020-12-02 22:00:00,0.90636,0.90675,0.89983,0.90275
2020-12-03 22:00:00,0.90276,0.90669,0.89827,0.90199
2020-12-06 22:00:00,0.90386,0.91420,0.90281,0.90500
2020-12-07 22:00:00,0.90479,0.91160,0.90469,0.90608
2020-12-08 22:00:00,0.90613,0.90803,0.89831,0.90124
2020-12-09 22:00:00,0.90152,0.91419,0.90052,0.91306
2020-12-10 22:00:00,0.91265,0.92297,0.91150,0.91533
2020-12-13 22:00:00,0.90720,0.91210,0.90451,0.91102
2020-12-14 22:00:00,0.91108,0.91486,0.90213,0.90255
2020-12-15 22:00:00,0.90252,0.90557,0.89920,0.90285
2020-12-16 22:00:00,0.90289,0.90505,0.89820,0.90287
2020-12-17 22:00:00,0.90284,0.90846,0.90184,0.90754
2020-12-20 22:00:00,0.91007,0.92171,0.90698,0.90910
2020-12-21 22:00:00,0.90891,0.91579,0.90839,0.91005
2020-12-22 22:00:00,0.91073,0.91081,0.90008,0.90295
2020-12-23 22:00:00,0.90294,0.90324,0.89529,0.89995
2020-12-27 22:00:00,0.89771,0.90915,0.89771,0.90785
2020-12-28 22:00:00,0.90821,0.90931,0.90564,0.90687
2020-12-29 22:00:00,0.90688,0.90856,0.90126,0.90254
2020-12-30 22:00:00,0.90250,0.90331,0.89324,0.89325
2021-01-03 22:00:00,0.89584,0.90485,0.89435,0.90274
2021-01-04 22:00:00,0.90240,0.90540,0.90134,0.90234
2021-01-05 22:00:00,0.90213,0.90850,0.90170,0.90573
2021-01-06 22:00:00,0.90572,0.90766,0.90154,0.90429
2021-01-07 22:00:00,0.90440,0.90478,0.89930,0.90120
2021-01-10 22:00:00,0.89914,0.90366,0.89881,0.89896
2021-01-11 22:00:00,0.89899,0.89952,0.89203,0.89304
2021-01-12 22:00:00,0.89306,0.89357,0.88833,0.89111
2021-01-13 22:00:00,0.89108,0.89167,0.88691,0.88772
2021-01-14 22:00:00,0.88775,0.89070,0.88657,0.88903
2021-01-17 22:00:00,0.88746,0.89247,0.88737,0.88867
2021-01-18 22:00:00,0.88879,0.89184,0.88815,0.88969
2021-01-19 22:00:00,0.88965,0.89038,0.88371,0.88647
2021-01-20 22:00:00,0.88642,0.88702,0.88295,0.88567
2021-01-21 22:00:00,0.88565,0.89185,0.88557,0.88934
2021-01-24 22:00:00,0.88865,0.88964,0.88681,0.88744
2021-01-25 22:00:00,0.88745,0.89044,0.88467,0.88529
2021-01-26 22:00:00,0.88510,0.88566,0.88120,0.88470
2021-01-27 22:00:00,0.88469,0.88836,0.88268,0.88311
2021-01-28 22:00:00,0.88311,0.88704,0.88253,0.88582
2021-01-31 22:00:00,0.88467,0.88526,0.88044,0.88241
2021-02-01 22:00:00,0.88243,0.88369,0.87952,0.88103
2021-02-02 22:00:00,0.88108,0.88259,0.87971,0.88176
2021-02-03 22:00:00,0.88173,0.88394,0.87477,0.87488
2021-02-04 22:00:00,0.87486,0.87772,0.87383,0.87709
2021-02-07 22:00:00,0.87710,0.87927,0.87616,0.87681
2021-02-08 22:00:00,0.87673,0.87970,0.87619,0.87709
2021-02-09 22:00:00,0.87724,0.87799,0.87514,0.87572
2021-02-10 22:00:00,0.87583,0.87878,0.87525,0.87767
2021-02-11 22:00:00,0.87768,0.87912,0.87441,0.87468
2021-02-14 22:00:00,0.87470,0.87499,0.87175,0.87224
2021-02-15 22:00:00,0.87225,0.87383,0.86973,0.87057
2021-02-16 22:00:00,0.87062,0.87189,0.86803,0.86840
2021-02-17 22:00:00,0.86852,0.87001,0.86412,0.86497
2021-02-18 22:00:00,0.86493,0.86783,0.86400,0.86512
2021-02-21 22:00:00,0.86409,0.86609,0.86332,0.86421
2021-02-22 22:00:00,0.86421,0.86542,0.86055,0.86082
2021-02-23 22:00:00,0.86083,0.86161,0.85385,0.86019
2021-02-24 22:00:00,0.86022,0.86970,0.85962,0.86876
2021-02-25 22:00:00,0.86876,0.87306,0.86562,0.86662
2021-02-28 22:00:00,0.86554,0.86678,0.86203,0.86513
2021-03-01 22:00:00,0.86508,0.86670,0.86371,0.86612
2021-03-02 22:00:00,0.86610,0.86678,0.86223,0.86423
2021-03-03 22:00:00,0.86417,0.86535,0.85960,0.86102
2021-03-04 22:00:00,0.86104,0.86517,0.86022,0.86127
2021-03-07 22:00:00,0.86149,0.86266,0.85660,0.85680
2021-03-08 22:00:00,0.85679,0.85859,0.85504,0.85651
2021-03-09 22:00:00,0.85651,0.85788,0.85496,0.85597
2021-03-10 22:00:00,0.85596,0.85817,0.85484,0.85669
2021-03-11 22:00:00,0.85667,0.85989,0.85538,0.85857
2021-03-14 22:00:00,0.85807,0.85996,0.85543,0.85778
2021-03-15 22:00:00,0.85781,0.86394,0.85583,0.85641
2021-03-16 22:00:00,0.85641,0.86052,0.85401,0.85784
2021-03-17 22:00:00,0.85785,0.85843,0.85331,0.85502
2021-03-18 22:00:00,0.85502,0.85900,0.85352,0.85859
2021-03-21 22:00:00,0.85869,0.86275,0.85765,0.86086
2021-03-22 22:00:00,0.86088,0.86450,0.85973,0.86154
2021-03-23 22:00:00,0.86154,0.86453,0.86130,0.86278
2021-03-24 22:00:00,0.86278,0.86411,0.85597,0.85630
2021-03-25 22:00:00,0.85636,0.85717,0.85348,0.85501
2021-03-28 21:00:00,0.85444,0.85625,0.85058,0.85475
2021-03-29 21:00:00,0.85470,0.85562,0.85230,0.85258
2021-03-30 21:00:00,0.85268,0.85371,0.85028,0.85084
2021-03-31 21:00:00,0.85092,0.85331,0.84927,0.85112
2021-04-01 21:00:00,0.85108,0.85200,0.84981,0.85058
2021-04-04 21:00:00,0.85024,0.85110,0.84717,0.84938
2021-04-05 21:00:00,0.84949,0.85908,0.84857,0.85883
2021-04-06 21:00:00,0.85883,0.86632,0.85819,0.86384
2021-04-07 21:00:00,0.86385,0.86810,0.86213,0.86728
2021-04-08 21:00:00,0.86722,0.86971,0.86465,0.86843
2021-04-11 21:00:00,0.86619,0.86951,0.86397,0.86648
2021-04-12 21:00:00,0.86631,0.87117,0.86406,0.86869
2021-04-13 21:00:00,0.86875,0.86981,0.86685,0.86920
2021-04-14 21:00:00,0.86920,0.86973,0.86701,0.86767
2021-04-15 21:00:00,0.86762,0.87191,0.86555,0.86556
2021-04-18 21:00:00,0.86474,0.86722,0.85888,0.86044
2021-04-19 21:00:00,0.86044,0.86432,0.86004,0.86331
2021-04-20 21:00:00,0.86334,0.86443,0.86126,0.86407
2021-04-21 21:00:00,0.86408,0.87023,0.86336,0.86802
2021-04-22 21:00:00,0.86803,0.87175,0.86716,0.87125
2021-04-25 21:00:00,0.87079,0.87193,0.86822,0.86923
2021-04-26 21:00:00,0.86939,0.87010,0.86739,0.86856
2021-04-27 21:00:00,0.86849,0.87073,0.86849,0.86978
2021-04-28 21:00:00,0.86978,0.87016,0.86742,0.86899
2021-04-29 21:00:00,0.86899,0.87176,0.86724,0.87019
2021-05-02 21:00:00,0.87079,0.87095,0.86644,0.86710
2021-05-03 21:00:00,0.86707,0.86893,0.86457,0.86483
2021-05-04 21:00:00,0.86481,0.86510,0.86234,0.86305
2021-05-05 21:00:00,0.86303,0.86983,0.86271,0.86851
2021-05-06 21:00:00,0.86854,0.87004,0.86641,0.86938
2021-05-09 21:00:00,0.86798,0.86916,0.85881,0.85902
2021-05-10 21:00:00,0.85893,0.86134,0.85820,0.85868
2021-05-11 21:00:00,0.85864,0.85973,0.85606,0.85874
2021-05-12 21:00:00,0.85898,0.86171,0.85820,0.85941
2021-05-13 21:00:00,0.85939,0.86271,0.85904,0.86137
2021-05-16 21:00:00,0.85989,0.86313,0.85919,0.85931
2021-05-17 21:00:00,0.85940,0.86189,0.85816,0.86098
2021-05-18 21:00:00,0.86100,0.86428,0.86076,0.86223
2021-05-19 21:00:00,0.86240,0.86424,0.86117,0.86153
2021-05-20 21:00:00,0.86156,0.86294,0.85832,0.86069
2021-05-23 21:00:00,0.85954,0.86496,0.85906,0.86268
2021-05-24 21:00:00,0.86260,0.86714,0.86187,0.86535
2021-05-25 21:00:00,0.86530,0.86617,0.86290,0.86333
2021-05-26 21:00:00,0.86325,0.86467,0.85809,0.85812
2021-05-27 21:00:00,0.85814,0.86064,0.85750,0.85908
2021-05-30 21:00:00,0.85938,0.86143,0.85843,0.85980
2021-05-31 21:00:00,0.85978,0.86453,0.85850,0.86296
2021-06-01 21:00:00,0.86296,0.86394,0.86000,0.86157
2021-06-02 21:00:00,0.86153,0.86190,0.85858,0.85945
2021-06-03 21:00:00,0.85942,0.86004,0.85647,0.85877
2021-06-06 21:00:00,0.85854,0.86125,0.85759,0.85965
2021-06-07 21:00:00,0.85914,0.86271,0.85892,0.85945
2021-06-08 21:00:00,0.85940,0.86380,0.85889,0.86237
2021-06-09 21:00:00,0.86241,0.86425,0.85843,0.85843
2021-06-10 21:00:00,0.85853,0.86062,0.85682,0.85771
2021-06-13 21:00:00,0.85824,0.86055,0.85722,0.85882
2021-06-14 21:00:00,0.85855,0.86282,0.85760,0.86089
2021-06-15 21:00:00,0.86098,0.86126,0.85716,0.85717
2021-06-16 21:00:00,0.85721,0.85800,0.85418,0.85455
2021-06-17 21:00:00,0.85504,0.86004,0.85424,0.85937
2021-06-20 21:00:00,0.85689,0.86015,0.85492,0.85510
2021-06-21 21:00:00,0.85506,0.85821,0.85466,0.85579
2021-06-22 21:00:00,0.85577,0.85646,0.85304,0.85393
2021-06-23 21:00:00,0.85393,0.85916,0.85334,0.85659
2021-06-24 21:00:00,0.85659,0.86043,0.85594,0.85971
2021-06-27 21:00:00,0.85720,0.85993,0.85663,0.85871
2021-06-28 21:00:00,0.85888,0.86091,0.85846,0.85932
2021-06-29 21:00:00,0.85932,0.86091,0.85688,0.85716
2021-06-30 21:00:00,0.85710,0.86154,0.85635,0.86087
2021-07-01 21:00:00,0.86056,0.86114,0.85742,0.85760
2021-07-04 21:00:00,0.85724,0.85818,0.85618,0.85655
2021-07-05 21:00:00,0.85648,0.85764,0.85353,0.85666
2021-07-06 21:00:00,0.85621,0.85826,0.85406,0.85406
2021-07-07 21:00:00,0.85406,0.86177,0.85383,0.85889
2021-07-08 21:00:00,0.85887,0.85967,0.85438,0.85440
2021-07-11 21:00:00,0.85416,0.85663,0.85357,0.85403
2021-07-12 21:00:00,0.85400,0.85575,0.85226,0.85226
2021-07-13 21:00:00,0.85227,0.85433,0.85034,0.85372
2021-07-14 21:00:00,0.85374,0.85676,0.85107,0.85389
2021-07-15 21:00:00,0.85385,0.85795,0.85238,0.85759
2021-07-18 21:00:00,0.85599,0.86413,0.85591,0.86250
2021-07-19 21:00:00,0.86253,0.86696,0.86198,0.86398
2021-07-20 21:00:00,0.86398,0.86584,0.85961,0.85961
2021-07-21 21:00:00,0.85961,0.86099,0.85407,0.85467
2021-07-22 21:00:00,0.85469,0.85842,0.85404,0.85609
2021-07-25 21:00:00,0.85446,0.85736,0.85364,0.85403
2021-07-26 21:00:00,0.85403,0.85561,0.85113,0.85137
2021-07-27 21:00:00,0.85117,0.85224,0.84994,0.85154
2021-07-28 21:00:00,0.85159,0.85198,0.84999,0.85116
2021-07-29 21:00:00,0.85108,0.85375,0.85066,0.85360
2021-08-01 21:00:00,0.85145,0.85580,0.85044,0.85468
2021-08-02 21:00:00,0.85462,0.85506,0.85236,0.85236
2021-08-03 21:00:00,0.85236,0.85322,0.85044,0.85213
2021-08-04 21:00:00,0.85213,0.85280,0.84905,0.84913
2021-08-05 21:00:00,0.84913,0.84990,0.84701,0.84746
2021-08-08 21:00:00,0.84679,0.84863,0.84610,0.84748
2021-08-09 21:00:00,0.84748,0.84803,0.84500,0.84632
2021-08-10 21:00:00,0.84629,0.84838,0.84606,0.84643
2021-08-11 21:00:00,0.84643,0.85043,0.84523,0.84917
2021-08-12 21:00:00,0.84927,0.85179,0.84899,0.85041
2021-08-15 21:00:00,0.84935,0.85151,0.84835,0.85057
2021-08-16 21:00:00,0.85024,0.85360,0.85009,0.85212
2021-08-17 21:00:00,0.85182,0.85328,0.85054,0.85123
2021-08-18 21:00:00,0.85098,0.85652,0.85052,0.85610
2021-08-19 21:00:00,0.85585,0.85898,0.85428,0.85867
2021-08-22 21:00:00,0.85728,0.85936,0.85502,0.85545
2021-08-23 21:00:00,0.85545,0.85724,0.85424,0.85610
2021-08-24 21:00:00,0.85588,0.85693,0.85504,0.85513
2021-08-25 21:00:00,0.85513,0.85835,0.85442,0.85757
2021-08-26 21:00:00,0.85762,0.85885,0.85578,0.85724
2021-08-29 21:00:00,0.85620,0.85815,0.85559,0.85717
2021-08-30 21:00:00,0.85699,0.85985,0.85571,0.85841
2021-08-31 21:00:00,0.85815,0.86026,0.85738,0.85972
2021-09-01 21:00:00,0.85956,0.86009,0.85767,0.85830
2021-09-02 21:00:00,0.85822,0.85938,0.85621,0.85699
2021-09-05 21:00:00,0.85614,0.85857,0.85614,0.85774
2021-09-06 21:00:00,0.85774,0.86133,0.85683,0.85879
2021-09-07 21:00:00,0.85869,0.86030,0.85769,0.85783
2021-09-08 21:00:00,0.85754,0.85886,0.85238,0.85442
2021-09-09 21:00:00,0.85408,0.85468,0.85201,0.85377
2021-09-12 21:00:00,0.85214,0.85383,0.85104,0.85324
2021-09-13 21:00:00,0.85306,0.85511,0.85106,0.85470
2021-09-14 21:00:00,0.85463,0.85622,0.85286,0.85349
2021-09-15 21:00:00,0.85319,0.85472,0.85006,0.85287
2021-09-16 21:00:00,0.85274,0.85526,0.85206,0.85398
2021-09-19 21:00:00,0.85244,0.85941,0.85244,0.85851
2021-09-20 21:00:00,0.85851,0.85947,0.85630,0.85817
2021-09-21 21:00:00,0.85817,0.86129,0.85734,0.85811
2021-09-22 21:00:00,0.85815,0.85897,0.85363,0.85542
2021-09-23 21:00:00,0.85529,0.85768,0.85483,0.85713
2021-09-26 21:00:00,0.85764,0.85772,0.85273,0.85355
2021-09-27 21:00:00,0.85313,0.86410,0.85251,0.86295
2021-09-28 21:00:00,0.86295,0.86581,0.86128,0.86358
2021-09-29 21:00:00,0.86322,0.86427,0.85775,0.85895
2021-09-30 21:00:00,0.85895,0.86238,0.85440,0.85583
2021-10-03 21:00:00,0.85552,0.85729,0.85313,0.85378
2021-10-04 21:00:00,0.85378,0.85447,0.85031,0.85084
2021-10-05 21:00:00,0.85058,0.85267,0.84949,0.85069
2021-10-06 21:00:00,0.85050,0.85226,0.84745,0.84830
2021-10-07 21:00:00,0.84819,0.85004,0.84764,0.84977
2021-10-10 21:00:00,0.84825,0.85015,0.84723,0.84954
2021-10-11 21:00:00,0.84945,0.85181,0.84733,0.84842
2021-10-12 21:00:00,0.84803,0.84978,0.84728,0.84854
2021-10-13 21:00:00,0.84791,0.84880,0.84544,0.84794
2021-10-14 21:00:00,0.84771,0.84866,0.84237,0.84375
2021-10-17 21:00:00,0.84268,0.84637,0.84171,0.84567
2021-10-18 21:00:00,0.84555,0.84633,0.84230,0.84321
2021-10-19 21:00:00,0.84325,0.84605,0.84221,0.84262
2021-10-20 21:00:00,0.84236,0.84437,0.84191,0.84253
2021-10-21 21:00:00,0.84223,0.84686,0.84193,0.84609
2021-10-24 21:00:00,0.84544,0.84654,0.84275,0.84310
2021-10-25 21:00:00,0.84283,0.84358,0.84024,0.84231
2021-10-26 21:00:00,0.84225,0.84643,0.84067,0.84424
2021-10-27 21:00:00,0.84400,0.84757,0.84225,0.84696
2021-10-28 21:00:00,0.84662,0.84727,0.84329,0.84432
2021-10-31 22:00:00,0.84460,0.84993,0.84420,0.84898
2021-11-01 22:00:00,0.84900,0.85136,0.84900,0.85021
2021-11-02 22:00:00,0.84997,0.85126,0.84723,0.84850
2021-11-03 22:00:00,0.84831,0.85648,0.84622,0.85580
2021-11-04 22:00:00,0.85566,0.85947,0.85483,0.85704
2021-11-07 22:00:00,0.85699,0.85883,0.85353,0.85408
2021-11-08 22:00:00,0.85377,0.85608,0.85202,0.85484
2021-11-09 22:00:00,0.85452,0.85643,0.85320,0.85608
2021-11-10 22:00:00,0.85577,0.85738,0.85433,0.85624
2021-11-11 22:00:00,0.85635,0.85670,0.85252,0.85299
2021-11-14 22:00:00,0.85244,0.85373,0.84709,0.84728
2021-11-15 22:00:00,0.84701,0.84822,0.84265,0.84270
2021-11-16 22:00:00,0.84260,0.84359,0.83851,0.83894
2021-11-17 22:00:00,0.83894,0.84268,0.83828,0.84249
2021-11-18 22:00:00,0.84229,0.84262,0.83852,0.83908
2021-11-21 22:00:00,0.83864,0.84035,0.83804,0.83859
2021-11-22 22:00:00,0.83844,0.84312,0.83818,0.84062
2021-11-23 22:00:00,0.84060,0.84149,0.83850,0.84031
2021-11-24 22:00:00,0.83997,0.84359,0.83967,0.84121
2021-11-25 22:00:00,0.84070,0.84955,0.84059,0.84844
2021-11-28 22:00:00,0.84694,0.84855,0.84459,0.84789
2021-11-29 22:00:00,0.84758,0.85380,0.84713,0.85230
2021-11-30 22:00:00,0.85182,0.85298,0.84928,0.85261
2021-12-01 22:00:00,0.85254,0.85268,0.84894,0.84954
2021-12-02 22:00:00,0.84921,0.85504,0.84879,0.85458
2021-12-05 22:00:00,0.85446,0.85446,0.85003,0.85068
2021-12-06 22:00:00,0.85029,0.85127,0.84888,0.85063
2021-12-07 22:00:00,0.85037,0.85991,0.84981,0.85884
2021-12-08 22:00:00,0.85859,0.85907,0.85397,0.85400
2021-12-09 22:00:00,0.85379,0.85531,0.85259,0.85305
2021-12-12 22:00:00,0.85299,0.85501,0.85001,0.85379
2021-12-13 22:00:00,0.85397,0.85531,0.85078,0.85096
2021-12-14 22:00:00,0.85055,0.85280,0.84859,0.85153
2021-12-15 22:00:00,0.85015,0.85281,0.84536,0.85032
2021-12-16 22:00:00,0.85012,0.85275,0.84863,0.84875
2021-12-19 22:00:00,0.84844,0.85505,0.84817,0.85367
2021-12-20 22:00:00,0.85340,0.85489,0.85000,0.85033
2021-12-21 22:00:00,0.85033,0.85110,0.84784,0.84813
2021-12-22 22:00:00,0.84797,0.84985,0.84156,0.84448
2021-12-23 22:00:00,0.84434,0.84640,0.84336,0.84409
2021-12-26 22:00:00,0.84324,0.84550,0.84237,0.84249
2021-12-27 22:00:00,0.84234,0.84335,0.84023,0.84191
2021-12-28 22:00:00,0.84142,0.84248,0.84023,0.84113
2021-12-29 22:00:00,0.84082,0.84161,0.83797,0.83873
2021-12-30 22:00:00,0.83805,0.84141,0.83676,0.84107
2022-01-02 22:00:00,0.84000,0.84183,0.83720,0.83801
2022-01-03 22:00:00,0.83797,0.83944,0.83358,0.83413
2022-01-04 22:00:00,0.83413,0.83724,0.83337,0.83446
2022-01-05 22:00:00,0.83412,0.83721,0.83357,0.83462
2022-01-06 22:00:00,0.83430,0.83655,0.83368,0.83560
2022-01-09 22:00:00,0.83498,0.83592,0.83318,0.83406
2022-01-10 22:00:00,0.83380,0.83497,0.83232,0.83348
2022-01-11 22:00:00,0.83332,0.83553,0.83280,0.83490
2022-01-12 22:00:00,0.83432,0.83602,0.83365,0.83562
2022-01-13 22:00:00,0.83531,0.83624,0.83417,0.83436
2022-01-16 22:00:00,0.83398,0.83616,0.83332,0.83583
2022-01-17 22:00:00,0.83553,0.83787,0.83263,0.83295
2022-01-18 22:00:00,0.83284,0.83416,0.83128,0.83305
2022-01-19 22:00:00,0.83314,0.83387,0.83051,0.83156
2022-01-20 22:00:00,0.83142,0.83766,0.83131,0.83686
2022-01-23 22:00:00,0.83621,0.84223,0.83509,0.83959
2022-01-24 22:00:00,0.83913,0.84012,0.83580,0.83678
2022-01-25 22:00:00,0.83642,0.83705,0.83415,0.83469
2022-01-26 22:00:00,0.83473,0.83578,0.83206,0.83269
2022-01-27 22:00:00,0.83240,0.83342,0.83054,0.83208
2022-01-30 22:00:00,0.83134,0.83585,0.83051,0.83520
2022-01-31 22:00:00,0.83518,0.83602,0.83178,0.83319
2022-02-01 22:00:00,0.83310,0.83513,0.83242,0.83250
2022-02-02 22:00:00,0.83235,0.84166,0.82846,0.84106
2022-02-03 22:00:00,0.84074,0.84701,0.84006,0.84634
2022-02-06 22:00:00,0.84621,0.84779,0.84383,0.84516
2022-02-07 22:00:00,0.84493,0.84569,0.84130,0.84256
2022-02-08 22:00:00,0.84228,0.84507,0.84133,0.84398
2022-02-09 22:00:00,0.84370,0.84461,0.84102,0.84243
2022-02-10 22:00:00,0.84236,0.84273,0.83595,0.83663
2022-02-13 22:00:00,0.83559,0.83865,0.83460,0.83547
2022-02-14 22:00:00,0.83520,0.83998,0.83487,0.83883
2022-02-15 22:00:00,0.83862,0.84022,0.83654,0.83700
2022-02-16 22:00:00,0.83676,0.83772,0.83341,0.83420
2022-02-17 22:00:00,0.83420,0.83559,0.83266,0.83277
2022-02-20 22:00:00,0.83249,0.83515,0.83120,0.83129
2022-02-21 22:00:00,0.83093,0.83827,0.83050,0.83343
2022-02-22 22:00:00,0.83384,0.83541,0.83253,0.83435
2022-02-23 22:00:00,0.83443,0.83782,0.83060,0.83672
2022-02-24 22:00:00,0.83636,0.84066,0.83455,0.84035
2022-02-27 22:00:00,0.83494,0.83830,0.83418,0.83588
2022-02-28 22:00:00,0.83582,0.83673,0.83159,0.83451
2022-03-01 22:00:00,0.83424,0.83601,0.82918,0.82926
2022-03-02 22:00:00,0.82908,0.82993,0.82750,0.82875
2022-03-03 22:00:00,0.82865,0.82914,0.82302,0.82587
