datetime,open,high,low,close
2012-12-03 22:00:00,107.306,107.386,106.919,107.223
2012-12-04 22:00:00,107.222,107.955,107.129,107.718
2012-12-05 22:00:00,107.719,107.881,106.603,106.776
2012-12-06 22:00:00,106.775,107.068,106.116,106.630
2012-12-09 22:00:00,106.485,106.634,105.971,106.553
2012-12-10 22:00:00,106.553,107.410,106.467,107.361
2012-12-11 22:00:00,107.363,109.028,107.254,108.718
2012-12-12 22:00:00,108.719,109.527,108.634,109.324
2012-12-13 22:00:00,109.325,109.972,109.038,109.902
2012-12-16 22:00:00,110.924,110.934,109.925,110.369
2012-12-17 22:00:00,110.369,111.464,110.360,111.433
2012-12-18 22:00:00,111.434,112.487,110.806,110.994
2012-12-19 22:00:00,111.007,112.139,110.723,111.712
2012-12-20 22:00:00,111.721,111.768,110.615,111.076
2012-12-23 22:00:00,111.186,111.997,111.122,111.788
2012-12-25 22:00:00,112.448,113.376,112.438,113.036
2012-12-26 22:00:00,113.035,114.309,113.020,114.204
2012-12-27 22:00:00,114.183,114.682,113.287,113.539
2012-12-30 22:00:00,113.424,114.432,113.424,114.304
2012-12-31 22:00:00,114.447,114.768,114.345,114.580
2013-01-01 22:00:00,114.579,115.988,114.169,115.178
2013-01-02 22:00:00,115.181,115.181,113.647,113.981
2013-01-03 22:00:00,113.979,115.403,113.968,115.191
2013-01-06 22:00:00,115.517,115.519,114.105,114.796
2013-01-07 22:00:00,114.798,115.225,113.545,113.603
2013-01-08 22:00:00,113.602,115.021,113.592,114.928
2013-01-09 22:00:00,114.926,118.224,114.814,117.976
2013-01-10 22:00:00,117.972,119.327,117.626,118.987
2013-01-13 22:00:00,119.593,120.115,118.881,119.684
2013-01-14 22:00:00,119.685,119.972,117.613,118.100
2013-01-15 22:00:00,118.097,118.173,116.463,117.706
2013-01-16 22:00:00,117.701,120.584,117.001,120.309
2013-01-17 22:00:00,120.310,120.695,119.342,119.972
2013-01-20 22:00:00,120.002,120.147,118.881,119.592
2013-01-21 22:00:00,119.584,120.150,117.326,118.232
2013-01-22 22:00:00,118.231,118.324,117.048,117.836
2013-01-23 22:00:00,117.835,121.061,117.577,120.976
2013-01-24 22:00:00,120.972,122.766,120.662,122.335
2013-01-27 22:00:00,122.576,122.901,121.621,121.884
2013-01-28 22:00:00,121.878,122.554,121.213,122.397
2013-01-29 22:00:00,122.394,123.850,122.324,123.559
2013-01-30 22:00:00,123.558,124.658,122.979,124.634
2013-01-31 22:00:00,124.634,126.964,124.616,126.619
2013-02-03 22:00:00,126.693,126.768,124.169,124.359
2013-02-04 22:00:00,124.361,127.404,124.014,127.275
2013-02-05 22:00:00,127.276,127.694,125.930,126.415
2013-02-06 22:00:00,126.416,127.452,124.490,125.526
2013-02-07 22:00:00,125.526,125.563,123.424,123.832
2013-02-10 22:00:00,123.746,126.616,123.603,126.306
2013-02-11 22:00:00,126.305,126.942,125.000,125.404
2013-02-12 22:00:00,125.405,126.559,124.771,125.374
2013-02-13 22:00:00,125.374,125.948,123.808,124.068
2013-02-14 22:00:00,124.068,125.273,122.898,124.875
2013-02-17 22:00:00,125.302,125.883,125.006,125.383
2013-02-18 22:00:00,125.385,125.446,124.552,125.233
2013-02-19 22:00:00,125.234,125.881,124.172,124.515
2013-02-20 22:00:00,124.514,124.693,122.260,122.643
2013-02-21 22:00:00,122.651,123.762,122.562,123.196
2013-02-24 22:00:00,124.266,125.207,118.736,120.338
2013-02-25 22:00:00,120.336,121.352,118.973,120.157
2013-02-26 22:00:00,120.156,121.450,119.213,121.120
2013-02-27 22:00:00,121.114,121.816,120.520,121.033
2013-02-28 22:00:00,121.032,122.151,120.351,121.838
2013-03-03 22:00:00,121.737,121.976,121.130,121.745
2013-03-04 22:00:00,121.747,121.848,121.142,121.764
2013-03-05 22:00:00,121.780,122.271,121.513,121.961
2013-03-06 22:00:00,121.961,124.578,121.850,124.392
2013-03-07 22:00:00,124.391,125.898,123.798,124.821
2013-03-10 22:00:00,124.903,125.973,124.638,125.928
2013-03-11 22:00:00,125.930,126.030,124.382,124.907
2013-03-12 22:00:00,124.907,125.214,124.175,124.437
2013-03-13 22:00:00,124.432,125.237,124.048,125.002
2013-03-14 22:00:00,125.002,125.782,124.205,124.589
2013-03-17 22:00:00,122.474,123.946,121.633,123.438
2013-03-18 22:00:00,123.439,124.121,121.828,122.172
2013-03-19 22:00:00,122.172,124.494,122.027,124.239
2013-03-20 22:00:00,124.241,124.370,122.039,122.631
2013-03-21 22:00:00,122.631,123.454,121.459,122.663
2013-03-24 22:00:00,122.747,123.847,120.077,121.162
2013-03-25 22:00:00,121.164,121.731,120.720,121.724
2013-03-26 22:00:00,121.722,121.865,119.956,120.560
2013-03-27 22:00:00,120.561,120.940,119.743,120.826
2013-03-28 22:00:00,120.826,120.828,120.288,120.727
2013-03-31 21:00:00,120.741,120.865,119.493,119.693
2013-04-01 21:00:00,119.695,120.141,119.136,119.714
2013-04-02 21:00:00,119.715,120.171,119.105,119.541
2013-04-03 21:00:00,119.542,124.669,119.150,124.627
2013-04-04 21:00:00,124.625,127.282,123.862,126.710
2013-04-07 21:00:00,127.650,129.501,127.412,129.495
2013-04-08 21:00:00,129.494,130.088,128.430,129.727
2013-04-09 21:00:00,129.729,130.528,129.401,130.407
2013-04-10 21:00:00,130.407,131.111,129.697,130.796
2013-04-11 21:00:00,130.791,130.791,128.584,128.985
2013-04-14 21:00:00,128.854,129.313,124.963,125.988
2013-04-15 21:00:00,126.017,129.001,125.933,128.855
2013-04-16 21:00:00,128.855,129.732,126.434,128.082
2013-04-17 21:00:00,128.085,128.778,127.154,128.161
2013-04-18 21:00:00,128.159,130.245,128.055,129.850
2013-04-21 21:00:00,130.395,130.659,128.914,129.694
2013-04-22 21:00:00,129.694,129.817,127.866,129.188
2013-04-23 21:00:00,129.188,129.791,128.805,129.497
2013-04-24 21:00:00,129.495,129.895,129.022,129.206
2013-04-25 21:00:00,129.205,129.372,127.136,127.668
2013-04-28 21:00:00,127.925,128.587,127.048,128.085
2013-04-29 21:00:00,128.090,128.512,127.199,128.212
2013-04-30 21:00:00,128.225,128.924,127.848,128.245
2013-05-01 21:00:00,128.246,129.904,127.502,127.900
2013-05-02 21:00:00,127.908,130.335,127.874,129.792
2013-05-05 21:00:00,130.055,130.402,129.602,129.858
2013-05-06 21:00:00,129.858,130.360,129.226,129.422
2013-05-07 21:00:00,129.422,130.415,128.978,130.209
2013-05-08 21:00:00,130.203,131.760,129.585,131.270
2013-05-09 21:00:00,131.266,132.253,131.068,131.951
2013-05-12 21:00:00,132.099,132.395,131.571,132.107
2013-05-13 21:00:00,132.105,132.767,131.533,132.248
2013-05-14 21:00:00,132.257,132.430,131.186,131.697
2013-05-15 21:00:00,131.695,132.203,131.283,131.691
2013-05-16 21:00:00,131.697,132.534,131.302,132.487
2013-05-19 21:00:00,131.864,132.126,131.559,131.755
2013-05-20 21:00:00,131.752,132.400,131.676,132.290
2013-05-21 21:00:00,132.291,133.798,131.962,132.538
2013-05-22 21:00:00,132.540,132.868,129.968,131.888
2013-05-23 21:00:00,131.889,132.566,130.089,130.948
2013-05-26 21:00:00,130.971,131.058,130.265,130.714
2013-05-27 21:00:00,130.711,132.143,130.660,131.441
2013-05-28 21:00:00,131.444,131.702,130.391,130.884
2013-05-29 21:00:00,130.888,131.946,130.193,131.442
2013-05-30 21:00:00,131.459,132.073,130.268,130.528
2013-06-02 21:00:00,130.614,130.982,129.517,129.967
2013-06-03 21:00:00,129.976,131.398,129.928,130.870
2013-06-04 21:00:00,130.870,131.401,129.597,129.805
2013-06-05 21:00:00,129.684,130.716,127.484,128.425
2013-06-06 21:00:00,128.429,129.174,126.155,128.896
2013-06-09 21:00:00,129.071,131.102,128.996,130.910
2013-06-10 21:00:00,130.910,131.295,127.103,127.827
2013-06-11 21:00:00,127.826,129.337,127.032,128.045
2013-06-12 21:00:00,128.037,128.109,124.965,127.543
2013-06-13 21:00:00,127.864,127.945,125.182,125.503
2013-06-16 21:00:00,125.724,126.922,125.675,126.510
2013-06-17 21:00:00,126.509,128.072,126.206,127.763
2013-06-18 21:00:00,127.766,128.763,127.058,128.030
2013-06-19 21:00:00,128.030,129.907,127.821,128.705
2013-06-20 21:00:00,128.701,129.696,127.789,128.415
2013-06-23 21:00:00,128.391,129.204,127.286,128.238
2013-06-24 21:00:00,128.235,128.668,127.293,128.141
2013-06-25 21:00:00,128.141,128.449,126.572,127.166
2013-06-26 21:00:00,127.161,128.373,127.041,128.200
2013-06-27 21:00:00,128.198,129.643,128.161,128.942
2013-06-30 21:00:00,129.108,130.250,129.079,130.113
2013-07-01 21:00:00,130.121,131.119,129.837,130.630
2013-07-02 21:00:00,130.628,130.858,128.645,130.014
2013-07-03 21:00:00,130.013,130.204,128.831,129.267
2013-07-04 21:00:00,129.269,129.881,128.580,129.765
2013-07-07 21:00:00,129.831,130.188,129.397,129.822
2013-07-08 21:00:00,129.827,130.561,128.706,129.240
2013-07-09 21:00:00,129.242,129.815,128.014,129.609
2013-07-10 21:00:00,129.609,130.428,128.644,129.613
2013-07-11 21:00:00,129.613,129.952,128.906,129.570
2013-07-14 21:00:00,129.738,130.705,129.393,130.581
2013-07-15 21:00:00,130.581,130.814,130.036,130.423
2013-07-16 21:00:00,130.423,131.357,130.289,130.682
2013-07-17 21:00:00,130.682,131.887,130.532,131.795
2013-07-18 21:00:00,131.795,132.234,131.214,132.188
2013-07-21 21:00:00,131.862,132.239,131.148,131.323
2013-07-22 21:00:00,131.325,132.017,130.765,131.538
2013-07-23 21:00:00,131.537,132.733,131.370,132.320
2013-07-24 21:00:00,132.345,132.482,131.454,131.770
2013-07-25 21:00:00,131.788,131.911,130.083,130.474
2013-07-28 21:00:00,130.524,130.525,129.586,129.853
2013-07-29 21:00:00,129.852,130.517,129.762,130.022
2013-07-30 21:00:00,130.022,130.787,129.335,130.039
2013-07-31 21:00:00,130.042,131.547,129.933,131.433
2013-08-01 21:00:00,131.442,131.957,131.071,131.333
2013-08-04 21:00:00,131.452,131.553,130.146,130.295
2013-08-05 21:00:00,130.295,130.729,129.801,130.105
2013-08-06 21:00:00,130.105,130.116,128.440,128.524
2013-08-07 21:00:00,128.524,129.452,128.215,129.264
2013-08-08 21:00:00,129.262,129.710,128.282,128.344
2013-08-11 21:00:00,128.419,129.171,127.968,129.122
2013-08-12 21:00:00,129.121,130.467,129.095,130.264
2013-08-13 21:00:00,130.302,130.659,129.835,129.946
2013-08-14 21:00:00,129.947,130.723,129.423,129.840
2013-08-15 21:00:00,129.843,130.429,129.575,129.979
2013-08-18 21:00:00,130.180,131.034,129.853,130.187
2013-08-19 21:00:00,130.187,130.793,129.286,130.565
2013-08-20 21:00:00,130.568,131.010,130.286,130.503
2013-08-21 21:00:00,130.503,131.960,130.405,131.904
2013-08-22 21:00:00,131.896,132.422,131.827,132.057
2013-08-25 21:00:00,131.951,132.309,131.542,131.610
2013-08-26 21:00:00,131.620,131.741,129.839,129.925
2013-08-27 21:00:00,129.926,130.551,129.656,130.326
2013-08-28 21:00:00,130.326,130.531,129.985,130.167
2013-08-29 21:00:00,130.167,130.337,129.303,129.696
2013-09-01 21:00:00,129.893,131.380,129.786,131.117
2013-09-02 21:00:00,131.115,131.476,130.645,131.080
2013-09-03 21:00:00,131.088,131.814,130.812,131.713
2013-09-04 21:00:00,131.716,132.147,131.029,131.400
2013-09-05 21:00:00,131.401,131.474,129.909,130.572
2013-09-08 21:00:00,131.434,132.205,130.981,132.016
2013-09-09 21:00:00,132.026,133.300,131.918,133.163
2013-09-10 21:00:00,133.164,133.367,132.773,133.072
2013-09-11 21:00:00,133.070,133.094,131.731,132.314
2013-09-12 21:00:00,132.314,132.643,131.659,132.085
2013-09-15 21:00:00,132.049,132.399,131.872,132.131
2013-09-16 21:00:00,132.131,132.641,132.034,132.404
2013-09-17 21:00:00,132.413,132.682,131.862,132.601
2013-09-18 21:00:00,132.601,134.943,132.509,134.489
2013-09-19 21:00:00,134.501,134.734,134.161,134.269
2013-09-22 21:00:00,134.333,134.421,133.089,133.303
2013-09-23 21:00:00,133.314,133.999,132.698,132.986
2013-09-24 21:00:00,132.994,133.554,132.686,133.109
2013-09-25 21:00:00,133.116,133.932,132.885,133.490
2013-09-26 21:00:00,133.478,133.575,132.623,132.788
2013-09-29 21:00:00,131.842,133.228,131.639,132.832
2013-09-30 21:00:00,132.836,133.479,132.321,132.573
2013-10-01 21:00:00,132.572,132.608,131.421,132.268
2013-10-02 21:00:00,132.266,133.205,132.132,132.437
2013-10-03 21:00:00,132.440,132.687,131.770,132.134
2013-10-06 21:00:00,131.953,132.046,131.143,131.274
2013-10-07 21:00:00,131.275,132.034,131.172,131.493
2013-10-08 21:00:00,131.499,132.178,131.244,131.673
2013-10-09 21:00:00,131.680,132.961,131.662,132.929
2013-10-10 21:00:00,132.930,133.594,132.444,133.455
2013-10-13 21:00:00,133.149,133.825,133.143,133.759
2013-10-14 21:00:00,133.759,133.792,132.630,132.818
2013-10-15 21:00:00,132.828,133.748,132.745,133.690
2013-10-16 21:00:00,133.693,133.945,133.330,133.845
2013-10-17 21:00:00,133.845,134.181,133.611,133.704
2013-10-20 21:00:00,134.002,134.369,133.868,134.269
2013-10-21 21:00:00,134.281,135.503,134.196,135.174
2013-10-22 21:00:00,135.173,135.276,133.603,134.072
2013-10-23 21:00:00,134.075,134.788,133.890,134.295
2013-10-24 21:00:00,134.304,134.523,133.885,134.410
2013-10-27 22:00:00,134.659,134.930,134.553,134.640
2013-10-28 22:00:00,134.636,135.172,134.263,134.942
2013-10-29 22:00:00,134.944,135.449,134.765,135.177
2013-10-30 22:00:00,135.179,135.273,133.339,133.639
2013-10-31 22:00:00,133.630,133.641,132.603,132.972
2013-11-03 22:00:00,133.131,133.351,132.863,133.300
2013-11-04 22:00:00,133.302,133.332,132.370,132.741
2013-11-05 22:00:00,132.741,133.725,132.548,133.301
2013-11-06 22:00:00,133.305,133.526,131.227,131.707
2013-11-07 22:00:00,131.707,132.542,131.305,132.367
2013-11-10 22:00:00,132.466,133.148,132.207,132.939
2013-11-11 22:00:00,132.943,134.008,132.909,133.838
2013-11-12 22:00:00,133.848,133.955,133.226,133.850
2013-11-13 22:00:00,133.847,134.715,133.736,134.676
2013-11-14 22:00:00,134.678,135.311,134.486,135.176
2013-11-17 22:00:00,135.266,135.350,134.746,134.940
2013-11-18 22:00:00,134.940,135.715,134.606,135.612
2013-11-19 22:00:00,135.615,135.940,134.108,134.451
2013-11-20 22:00:00,134.454,136.424,134.412,136.340
2013-11-21 22:00:00,136.337,137.330,136.016,137.294
2013-11-24 22:00:00,137.263,137.983,137.018,137.278
2013-11-25 22:00:00,137.285,137.674,137.134,137.427
2013-11-26 22:00:00,137.433,138.832,137.285,138.810
2013-11-27 22:00:00,138.818,139.246,138.309,139.142
2013-11-28 22:00:00,139.133,139.703,138.966,139.162
2013-12-01 22:00:00,139.274,139.701,139.031,139.360
2013-12-02 22:00:00,139.360,140.021,138.703,139.193
2013-12-03 22:00:00,139.195,139.602,138.427,139.076
2013-12-04 22:00:00,139.076,139.565,138.459,139.165
2013-12-05 22:00:00,139.162,141.043,138.933,141.007
2013-12-08 22:00:00,141.401,141.943,140.992,141.859
2013-12-09 22:00:00,141.863,142.166,141.275,141.552
2013-12-10 22:00:00,141.551,141.685,140.914,141.262
2013-12-11 22:00:00,141.264,142.452,141.187,142.395
2013-12-12 22:00:00,142.403,142.822,141.418,141.735
2013-12-15 22:00:00,141.709,142.119,141.217,141.830
2013-12-16 22:00:00,141.832,141.950,140.980,141.262
2013-12-17 22:00:00,141.255,142.897,141.224,142.575
2013-12-18 22:00:00,142.571,142.689,141.858,142.321
2013-12-19 22:00:00,142.320,142.737,142.100,142.261
2013-12-22 22:00:00,142.262,142.752,142.096,142.697
2013-12-23 22:00:00,142.687,142.877,142.452,142.602
2013-12-25 22:00:00,143.395,143.531,143.289,143.474
2013-12-26 22:00:00,143.474,145.684,143.464,144.549
2013-12-29 22:00:00,144.881,145.165,144.551,144.923
2013-12-30 22:00:00,144.922,145.137,144.410,145.128
2013-12-31 22:00:00,144.780,145.039,144.735,144.946
2014-01-01 22:00:00,144.970,145.125,142.840,143.249
2014-01-02 22:00:00,143.249,143.313,141.961,142.426
2014-01-05 22:00:00,142.531,142.775,141.498,142.096
2014-01-06 22:00:00,142.098,142.589,141.941,142.504
2014-01-07 22:00:00,142.503,143.161,142.120,142.367
2014-01-08 22:00:00,142.366,143.033,142.038,142.586
2014-01-09 22:00:00,142.588,143.048,142.056,142.348
2014-01-12 22:00:00,142.231,142.289,140.496,140.865
2014-01-13 22:00:00,140.859,142.626,140.789,142.513
2014-01-14 22:00:00,142.515,142.589,141.795,142.262
2014-01-15 22:00:00,142.262,142.907,141.707,142.063
2014-01-16 22:00:00,142.070,142.160,140.973,141.211
2014-01-19 22:00:00,141.135,141.376,140.319,141.215
2014-01-20 22:00:00,141.215,141.855,141.035,141.417
2014-01-21 22:00:00,141.417,141.828,141.055,141.590
2014-01-22 22:00:00,141.587,142.412,141.029,141.529
2014-01-23 22:00:00,141.525,141.768,139.756,139.894
2014-01-26 22:00:00,139.629,140.693,139.444,140.348
2014-01-27 22:00:00,140.348,141.252,140.172,141.106
2014-01-28 22:00:00,141.112,141.247,139.046,139.554
2014-01-29 22:00:00,139.560,139.946,138.890,139.353
2014-01-30 22:00:00,139.352,139.500,137.466,137.499
2014-02-02 22:00:00,137.734,138.102,136.361,136.788
2014-02-03 22:00:00,136.757,137.437,136.225,137.340
2014-02-04 22:00:00,137.340,137.539,136.546,137.383
2014-02-05 22:00:00,137.383,138.822,136.750,138.578
2014-02-06 22:00:00,138.581,139.603,138.165,139.517
2014-02-09 22:00:00,139.769,139.798,139.168,139.473
2014-02-10 22:00:00,139.473,140.300,139.276,139.953
2014-02-11 22:00:00,139.954,139.971,138.673,139.405
2014-02-12 22:00:00,139.406,139.914,138.874,139.861
2014-02-13 22:00:00,139.871,140.060,138.986,139.374
2014-02-16 22:00:00,139.368,139.754,138.948,139.725
2014-02-17 22:00:00,139.736,141.032,139.491,140.902
2014-02-18 22:00:00,140.902,140.902,139.999,140.506
2014-02-19 22:00:00,140.509,140.620,139.194,140.432
2014-02-20 22:00:00,140.432,141.263,140.312,140.812
2014-02-23 22:00:00,140.895,141.039,140.341,140.746
2014-02-24 22:00:00,140.743,140.964,140.128,140.481
2014-02-25 22:00:00,140.481,140.784,139.651,140.065
2014-02-26 22:00:00,140.072,140.219,138.788,140.050
2014-02-27 22:00:00,140.051,141.115,139.116,140.450
2014-03-02 22:00:00,139.886,139.968,139.149,139.332
2014-03-03 22:00:00,139.330,140.575,139.270,140.496
2014-03-04 22:00:00,140.496,140.779,140.188,140.606
2014-03-05 22:00:00,140.607,142.992,140.502,142.874
2014-03-06 22:00:00,142.876,143.788,142.535,143.260
2014-03-09 22:00:00,143.165,143.615,142.849,143.345
2014-03-10 22:00:00,143.346,143.438,142.618,142.636
2014-03-11 22:00:00,142.638,142.965,142.235,142.811
2014-03-12 22:00:00,142.810,143.379,140.710,141.264
2014-03-13 22:00:00,141.264,141.506,140.445,141.005
2014-03-16 22:00:00,140.944,141.978,140.884,141.777
2014-03-17 22:00:00,141.775,141.960,140.738,141.234
2014-03-18 22:00:00,141.234,141.922,141.062,141.501
2014-03-19 22:00:00,141.501,141.726,140.817,141.076
2014-03-20 22:00:00,141.076,141.292,140.437,141.069
2014-03-23 22:00:00,140.975,141.886,140.721,141.454
2014-03-24 22:00:00,141.453,141.593,140.692,141.420
2014-03-25 22:00:00,141.419,141.502,140.499,140.648
2014-03-26 22:00:00,140.650,141.035,140.178,140.458
2014-03-27 22:00:00,140.459,141.644,139.960,141.375
2014-03-30 21:00:00,141.504,142.602,141.317,142.172
2014-03-31 21:00:00,142.173,143.063,142.004,143.016
2014-04-01 21:00:00,143.016,143.474,142.722,142.972
2014-04-02 21:00:00,142.974,143.442,142.297,142.550
2014-04-03 21:00:00,142.550,142.619,141.378,141.498
2014-04-06 21:00:00,141.579,141.892,141.119,141.629
2014-04-07 21:00:00,141.630,141.717,140.080,140.520
2014-04-08 21:00:00,140.522,141.330,140.451,141.288
2014-04-09 21:00:00,141.288,141.552,140.597,140.874
2014-04-10 21:00:00,140.874,141.556,140.643,141.103
2014-04-13 21:00:00,140.799,140.922,140.422,140.749
2014-04-14 21:00:00,140.750,140.902,140.230,140.680
2014-04-15 21:00:00,140.685,141.765,140.646,141.228
2014-04-16 21:00:00,141.231,141.624,140.985,141.445
2014-04-17 21:00:00,141.446,141.652,141.369,141.403
2014-04-20 21:00:00,141.529,141.820,141.404,141.561
2014-04-21 21:00:00,141.565,141.771,141.211,141.632
2014-04-22 21:00:00,141.633,141.996,141.183,141.665
2014-04-23 21:00:00,141.660,141.790,141.046,141.465
2014-04-24 21:00:00,141.466,141.746,141.033,141.345
2014-04-27 21:00:00,141.345,142.145,140.989,141.944
2014-04-28 21:00:00,141.950,142.473,141.585,141.770
2014-04-29 21:00:00,141.768,142.135,141.125,141.730
2014-04-30 21:00:00,141.730,142.011,141.679,141.891
2014-05-01 21:00:00,141.890,142.402,141.646,141.717
2014-05-04 21:00:00,141.848,141.856,141.285,141.729
2014-05-05 21:00:00,141.729,142.090,141.356,141.675
2014-05-06 21:00:00,141.673,142.005,141.151,141.710
2014-05-07 21:00:00,141.712,142.366,140.528,140.687
2014-05-08 21:00:00,140.687,140.804,139.885,140.133
2014-05-11 21:00:00,140.091,140.629,140.065,140.536
2014-05-12 21:00:00,140.537,140.944,139.987,140.140
2014-05-13 21:00:00,140.140,140.273,139.459,139.667
2014-05-14 21:00:00,139.671,139.861,138.972,139.266
2014-05-15 21:00:00,139.268,139.436,138.776,138.993
2014-05-18 21:00:00,139.048,139.262,138.613,139.110
2014-05-19 21:00:00,139.113,139.305,138.540,138.788
2014-05-20 21:00:00,138.789,138.925,138.140,138.807
2014-05-21 21:00:00,138.806,139.121,138.639,138.952
2014-05-22 21:00:00,138.954,139.057,138.593,138.953
2014-05-25 21:00:00,138.939,139.102,138.724,139.075
2014-05-26 21:00:00,139.074,139.359,138.813,139.083
2014-05-27 21:00:00,139.086,139.102,138.292,138.386
2014-05-28 21:00:00,138.385,138.512,137.972,138.367
2014-05-29 21:00:00,138.386,138.869,138.079,138.734
2014-06-01 21:00:00,138.784,139.321,138.659,139.217
2014-06-02 21:00:00,139.217,139.773,139.101,139.728
2014-06-03 21:00:00,139.724,139.956,139.550,139.710
2014-06-04 21:00:00,139.710,139.985,138.674,139.937
2014-06-05 21:00:00,139.934,139.969,139.273,139.793
2014-06-08 21:00:00,139.930,140.089,139.264,139.392
2014-06-09 21:00:00,139.392,139.420,138.450,138.632
2014-06-10 21:00:00,138.634,138.655,137.872,138.034
2014-06-11 21:00:00,138.030,138.336,137.716,137.856
2014-06-12 21:00:00,137.856,138.548,137.743,138.164
2014-06-15 21:00:00,138.101,138.269,137.702,138.190
2014-06-16 21:00:00,138.188,138.537,138.186,138.392
2014-06-17 21:00:00,138.397,138.742,138.341,138.503
2014-06-18 21:00:00,138.505,138.888,138.424,138.697
2014-06-19 21:00:00,138.697,138.892,138.538,138.814
2014-06-22 21:00:00,138.762,138.811,138.280,138.638
2014-06-23 21:00:00,138.631,138.924,138.454,138.698
2014-06-24 21:00:00,138.700,138.899,138.562,138.804
2014-06-25 21:00:00,138.807,138.823,137.919,138.404
2014-06-26 21:00:00,138.416,138.485,137.981,138.396
2014-06-29 21:00:00,138.394,138.745,138.102,138.713
2014-06-30 21:00:00,138.714,139.126,138.672,138.906
2014-07-01 21:00:00,138.906,139.057,138.538,138.982
2014-07-02 21:00:00,138.983,139.270,138.954,139.086
2014-07-03 21:00:00,139.086,139.117,138.581,138.748
2014-07-06 21:00:00,138.749,138.828,138.437,138.609
2014-07-07 21:00:00,138.609,138.622,138.109,138.220
2014-07-08 21:00:00,138.228,138.761,138.149,138.638
2014-07-09 21:00:00,138.638,138.642,137.494,137.866
2014-07-10 21:00:00,137.867,138.045,137.671,137.885
2014-07-13 21:00:00,137.872,138.449,137.825,138.317
2014-07-14 21:00:00,138.317,138.425,137.887,137.956
2014-07-15 21:00:00,137.958,138.086,137.479,137.503
2014-07-16 21:00:00,137.502,137.539,136.754,136.823
2014-07-17 21:00:00,136.823,137.287,136.705,137.079
2014-07-20 21:00:00,137.103,137.152,136.881,137.129
2014-07-21 21:00:00,137.129,137.336,136.578,136.639
2014-07-22 21:00:00,136.638,136.757,136.406,136.698
2014-07-23 21:00:00,136.695,137.189,136.362,137.059
2014-07-24 21:00:00,137.056,137.246,136.625,136.625
2014-07-27 21:00:00,136.703,136.912,136.635,136.870
2014-07-28 21:00:00,136.871,137.102,136.752,136.923
2014-07-29 21:00:00,136.924,137.851,136.830,137.712
2014-07-30 21:00:00,137.713,137.845,137.508,137.628
2014-07-31 21:00:00,137.626,137.999,137.562,137.675
2014-08-03 21:00:00,137.726,137.906,137.420,137.646
2014-08-04 21:00:00,137.646,137.718,137.070,137.212
2014-08-05 21:00:00,137.211,137.231,136.152,136.676
2014-08-06 21:00:00,136.675,137.117,136.262,136.423
2014-08-07 21:00:00,136.422,136.941,135.722,136.831
2014-08-10 21:00:00,136.900,136.964,136.592,136.775
2014-08-11 21:00:00,136.775,136.884,136.362,136.680
2014-08-12 21:00:00,136.681,137.175,136.609,136.866
2014-08-13 21:00:00,136.871,137.240,136.790,136.955
2014-08-14 21:00:00,136.957,137.613,136.765,137.100
2014-08-17 21:00:00,137.092,137.259,136.899,137.044
2014-08-18 21:00:00,137.045,137.153,136.809,137.067
2014-08-19 21:00:00,137.066,137.661,137.010,137.491
2014-08-20 21:00:00,137.492,137.942,137.460,137.909
2014-08-21 21:00:00,137.908,137.998,137.309,137.605
2014-08-24 21:00:00,137.458,137.667,137.088,137.239
2014-08-25 21:00:00,137.239,137.412,137.006,137.072
2014-08-26 21:00:00,137.072,137.293,136.739,137.050
2014-08-27 21:00:00,137.051,137.213,136.414,136.739
2014-08-28 21:00:00,136.738,137.183,136.579,136.683
2014-08-31 21:00:00,136.739,137.038,136.658,136.944
2014-09-01 21:00:00,136.945,138.097,136.923,138.019
2014-09-02 21:00:00,138.017,138.279,137.683,137.871
2014-09-03 21:00:00,137.871,138.014,135.965,136.227
2014-09-04 21:00:00,136.230,136.614,135.815,136.114
2014-09-07 21:00:00,136.191,136.995,135.887,136.702
2014-09-08 21:00:00,136.703,137.506,136.622,137.435
2014-09-09 21:00:00,137.435,138.173,137.311,137.990
2014-09-10 21:00:00,137.983,138.519,137.731,138.298
2014-09-11 21:00:00,138.300,139.196,138.300,139.179
2014-09-14 21:00:00,139.127,139.182,138.469,138.717
2014-09-15 21:00:00,138.717,138.971,138.524,138.835
2014-09-16 21:00:00,138.833,139.637,138.771,139.344
2014-09-17 21:00:00,139.348,140.541,139.316,140.484
2014-09-18 21:00:00,140.490,141.223,139.683,139.874
2014-09-21 21:00:00,139.840,140.206,139.634,139.790
2014-09-22 21:00:00,139.795,140.218,139.271,139.870
2014-09-23 21:00:00,139.870,139.898,139.002,139.376
2014-09-24 21:00:00,139.376,139.705,138.434,138.669
2014-09-25 21:00:00,138.670,139.088,138.385,138.612
2014-09-28 21:00:00,138.663,139.134,138.604,138.878
2014-09-29 21:00:00,138.882,138.916,137.945,138.437
2014-09-30 21:00:00,138.435,138.803,137.382,137.518
2014-10-01 21:00:00,137.520,137.723,136.872,137.338
2014-10-02 21:00:00,137.339,137.882,137.113,137.361
2014-10-05 21:00:00,137.336,137.773,137.048,137.586
2014-10-06 21:00:00,137.584,137.767,136.561,136.969
2014-10-07 21:00:00,136.962,137.940,136.655,137.661
2014-10-08 21:00:00,137.663,137.874,136.648,136.807
2014-10-09 21:00:00,136.807,137.076,135.838,135.935
2014-10-12 21:00:00,135.781,136.384,135.550,136.312
2014-10-13 21:00:00,136.315,136.548,135.037,135.612
2014-10-14 21:00:00,135.609,136.066,135.136,135.924
2014-10-15 21:00:00,135.924,136.292,134.143,136.083
2014-10-16 21:00:00,136.085,136.714,135.756,136.377
2014-10-19 21:00:00,136.552,137.008,136.269,136.857
2014-10-20 21:00:00,136.858,136.893,135.686,136.116
2014-10-21 21:00:00,136.115,136.198,135.429,135.556
2014-10-22 21:00:00,135.553,136.999,135.202,136.944
2014-10-23 21:00:00,136.945,137.069,136.487,137.016
2014-10-26 22:00:00,137.125,137.247,136.582,136.914
2014-10-27 22:00:00,136.918,137.792,136.884,137.680
2014-10-28 22:00:00,137.680,138.023,137.402,137.497
2014-10-29 22:00:00,137.495,138.057,137.038,137.831
2014-10-30 22:00:00,137.830,140.786,137.672,140.664
2014-11-02 22:00:00,141.273,142.553,140.397,142.104
2014-11-03 22:00:00,142.107,142.612,141.695,142.393
2014-11-04 22:00:00,142.393,143.442,142.383,143.120
2014-11-05 22:00:00,143.120,144.214,142.183,142.625
2014-11-06 22:00:00,142.624,143.051,142.249,142.734
2014-11-09 22:00:00,142.655,142.845,142.086,142.658
2014-11-10 22:00:00,142.657,144.692,142.583,144.474
2014-11-11 22:00:00,144.474,144.568,143.345,143.653
2014-11-12 22:00:00,143.649,144.587,143.561,144.410
2014-11-13 22:00:00,144.410,145.838,144.297,145.587
2014-11-16 22:00:00,145.988,146.523,144.785,145.234
2014-11-17 22:00:00,145.230,146.645,145.192,146.506
2014-11-18 22:00:00,146.507,148.370,146.363,148.239
2014-11-19 22:00:00,148.240,149.130,147.878,148.311
2014-11-20 22:00:00,148.316,148.428,145.674,145.947
2014-11-23 22:00:00,145.761,147.321,145.583,147.143
2014-11-24 22:00:00,147.126,147.384,146.292,147.150
2014-11-25 22:00:00,147.139,147.410,146.494,147.206
2014-11-26 22:00:00,147.236,147.237,146.417,146.739
2014-11-27 22:00:00,146.689,147.969,146.689,147.634
2014-11-30 22:00:00,147.954,148.151,147.084,147.619
2014-12-01 22:00:00,147.617,148.187,147.453,147.607
2014-12-02 22:00:00,147.604,147.910,147.029,147.452
2014-12-03 22:00:00,147.457,148.946,147.290,148.236
2014-12-04 22:00:00,148.240,149.510,148.226,149.226
2014-12-07 22:00:00,149.305,149.780,148.189,148.464
2014-12-08 22:00:00,148.613,148.873,146.800,148.096
2014-12-09 22:00:00,148.093,148.244,146.508,146.640
2014-12-10 22:00:00,146.565,148.054,146.419,147.156
2014-12-11 22:00:00,147.241,148.176,146.949,147.985
2014-12-14 22:00:00,147.897,148.239,146.264,146.400
2014-12-15 22:00:00,146.485,147.021,144.959,145.460
2014-12-16 22:00:00,145.551,146.761,145.212,146.406
2014-12-17 22:00:00,146.358,146.735,145.598,145.972
2014-12-18 22:00:00,145.960,146.739,145.904,145.937
2014-12-21 22:00:00,146.117,147.121,145.949,146.809
2014-12-22 22:00:00,146.807,147.131,146.686,146.866
2014-12-23 22:00:00,146.866,147.137,146.443,146.833
2014-12-25 22:00:00,146.786,146.859,146.475,146.496
2014-12-28 22:00:00,146.572,147.217,146.504,146.623
2014-12-29 22:00:00,146.597,146.736,144.766,145.171
2014-12-30 22:00:00,145.198,145.573,144.817,144.996
2015-01-01 22:00:00,145.134,145.312,144.126,144.597
2015-01-04 22:00:00,143.967,144.152,142.297,142.731
2015-01-05 22:00:00,142.732,142.766,140.728,140.742
2015-01-06 22:00:00,140.741,141.659,140.559,141.173
2015-01-07 22:00:00,141.175,141.716,140.702,141.060
2015-01-08 22:00:00,141.063,141.356,140.180,140.274
2015-01-11 22:00:00,140.184,140.870,139.749,140.023
2015-01-12 22:00:00,140.028,140.498,138.312,138.803
2015-01-13 22:00:00,138.800,138.890,136.996,138.307
2015-01-14 22:00:00,138.309,138.782,134.993,135.090
2015-01-15 22:00:00,135.081,136.171,134.695,135.887
2015-01-18 22:00:00,135.691,136.814,135.129,136.402
2015-01-19 22:00:00,136.434,137.626,136.407,137.188
2015-01-20 22:00:00,137.190,137.276,135.797,136.927
2015-01-21 22:00:00,136.960,137.297,134.210,134.629
2015-01-22 22:00:00,134.622,135.043,130.916,131.924
2015-01-25 22:00:00,131.011,133.700,130.138,133.090
2015-01-26 22:00:00,133.097,134.206,132.488,134.128
2015-01-27 22:00:00,134.127,134.353,132.440,132.661
2015-01-28 22:00:00,132.653,134.056,132.381,133.849
2015-01-29 22:00:00,133.879,134.171,132.360,132.592
2015-02-01 22:00:00,132.269,133.593,132.269,133.342
2015-02-02 22:00:00,133.279,135.187,132.383,134.930
2015-02-03 22:00:00,134.937,135.352,132.545,133.023
2015-02-04 22:00:00,133.012,135.157,132.558,134.857
2015-02-05 22:00:00,134.854,135.183,133.918,134.742
2015-02-08 22:00:00,134.445,134.990,133.678,134.327
2015-02-09 22:00:00,134.330,135.285,134.039,135.177
2015-02-10 22:00:00,135.173,136.683,135.026,136.537
2015-02-11 22:00:00,136.534,136.672,134.799,135.811
2015-02-12 22:00:00,135.805,136.027,135.107,135.242
2015-02-15 22:00:00,135.047,135.551,133.991,134.506
2015-02-16 22:00:00,134.507,136.226,133.933,136.054
2015-02-17 22:00:00,136.055,136.097,135.074,135.372
2015-02-18 22:00:00,135.364,135.938,134.952,135.208
2015-02-19 22:00:00,135.203,135.894,133.557,135.396
2015-02-22 22:00:00,135.697,135.697,134.444,134.665
2015-02-23 22:00:00,134.663,135.581,134.517,134.897
2015-02-24 22:00:00,134.882,135.222,134.568,135.027
2015-02-25 22:00:00,135.005,135.366,133.544,133.701
2015-02-26 22:00:00,133.706,134.266,133.444,133.919
2015-03-01 22:00:00,133.854,134.588,133.669,134.331
2015-03-02 22:00:00,134.333,134.431,133.680,133.789
2015-03-03 22:00:00,133.811,133.847,132.403,132.563
2015-03-04 22:00:00,132.564,133.569,132.113,132.492
2015-03-05 22:00:00,132.499,132.555,130.885,130.991
2015-03-08 22:00:00,130.830,131.804,130.702,131.521
2015-03-09 22:00:00,131.520,131.870,129.203,129.397
2015-03-10 22:00:00,129.425,129.954,127.619,128.095
2015-03-11 22:00:00,128.110,129.018,127.660,128.856
2015-03-12 22:00:00,128.864,129.056,126.899,127.379
2015-03-15 22:00:00,127.285,128.790,127.145,128.250
2015-03-16 22:00:00,128.279,129.152,128.081,128.590
2015-03-17 22:00:00,128.592,131.629,128.260,130.179
2015-03-18 22:00:00,130.196,130.840,128.360,128.710
2015-03-19 22:00:00,128.716,130.694,128.704,129.856
2015-03-22 22:00:00,130.240,131.346,129.286,130.998
2015-03-23 22:00:00,130.996,131.505,130.347,130.726
2015-03-24 22:00:00,130.731,131.408,130.577,131.069
2015-03-25 22:00:00,131.071,131.097,129.481,129.637
2015-03-26 22:00:00,129.648,130.407,129.027,129.687
2015-03-29 21:00:00,129.687,130.181,129.299,130.063
2015-03-30 21:00:00,130.061,130.248,128.602,128.887
2015-03-31 21:00:00,128.886,129.446,128.393,128.884
2015-04-01 21:00:00,128.866,130.488,128.606,130.232
2015-04-02 21:00:00,130.245,130.960,130.006,130.310
2015-04-05 21:00:00,130.774,131.287,130.408,130.546
2015-04-06 21:00:00,130.540,131.035,130.007,130.043
2015-04-07 21:00:00,130.057,130.352,129.391,129.498
2015-04-08 21:00:00,129.483,129.759,128.237,128.515
2015-04-09 21:00:00,128.514,128.780,127.196,127.451
2015-04-12 21:00:00,127.451,127.823,126.502,126.917
2015-04-13 21:00:00,126.925,127.624,126.090,127.193
2015-04-14 21:00:00,127.178,127.481,126.276,127.353
2015-04-15 21:00:00,127.353,128.574,126.748,127.977
2015-04-16 21:00:00,127.977,128.720,127.763,128.536
2015-04-19 21:00:00,128.536,128.751,127.593,127.998
2015-04-20 21:00:00,127.998,128.769,127.452,128.416
2015-04-21 21:00:00,128.416,128.959,128.177,128.551
2015-04-22 21:00:00,128.551,129.673,127.874,129.438
2015-04-23 21:00:00,129.438,130.111,128.831,129.335
2015-04-26 21:00:00,129.160,129.978,129.006,129.596
2015-04-27 21:00:00,129.624,130.677,129.353,130.535
2015-04-28 21:00:00,130.468,132.891,130.257,132.444
2015-04-29 21:00:00,132.449,134.512,131.304,134.003
2015-04-30 21:00:00,133.954,135.284,133.899,134.497
2015-05-03 21:00:00,134.565,134.720,133.699,133.917
2015-05-04 21:00:00,133.826,134.488,133.111,134.067
2015-05-05 21:00:00,134.058,135.676,134.010,135.499
2015-05-06 21:00:00,135.532,135.999,134.191,134.878
2015-05-07 21:00:00,134.883,135.226,134.079,134.206
2015-05-10 21:00:00,134.057,134.222,133.480,133.921
2015-05-11 21:00:00,133.940,135.286,133.745,134.385
2015-05-12 21:00:00,134.386,135.497,134.199,135.269
2015-05-13 21:00:00,135.258,136.415,135.195,135.937
2015-05-14 21:00:00,135.928,136.811,135.690,136.655
2015-05-17 21:00:00,136.577,136.954,135.578,135.743
2015-05-18 21:00:00,135.726,135.819,133.932,134.551
2015-05-19 21:00:00,134.552,134.818,133.906,134.608
2015-05-20 21:00:00,134.565,135.335,134.210,134.468
2015-05-21 21:00:00,134.486,135.322,133.715,133.876
2015-05-24 21:00:00,133.701,133.822,133.239,133.421
2015-05-25 21:00:00,133.415,134.500,133.089,133.816
2015-05-26 21:00:00,133.840,135.002,133.767,134.801
2015-05-27 21:00:00,134.801,135.843,134.742,135.692
2015-05-28 21:00:00,135.696,136.419,135.420,136.402
2015-05-31 21:00:00,136.276,136.580,135.120,136.318
2015-06-01 21:00:00,136.315,138.850,136.095,138.386
2015-06-02 21:00:00,138.380,140.128,138.036,140.053
2015-06-03 21:00:00,140.052,141.050,139.556,139.734
2015-06-04 21:00:00,139.738,140.687,139.026,139.589
2015-06-07 21:00:00,139.411,140.740,139.035,140.530
2015-06-08 21:00:00,140.546,141.000,139.363,140.282
2015-06-09 21:00:00,140.240,140.666,138.428,138.895
2015-06-10 21:00:00,138.895,139.604,138.572,138.908
2015-06-11 21:00:00,138.907,139.313,137.979,138.920
2015-06-14 21:00:00,138.157,139.339,138.100,139.211
2015-06-15 21:00:00,139.230,139.991,138.248,138.730
2015-06-16 21:00:00,138.722,139.997,138.673,139.897
2015-06-17 21:00:00,139.911,140.663,139.488,139.675
2015-06-18 21:00:00,139.661,140.074,138.918,139.212
2015-06-21 21:00:00,139.832,140.627,139.260,139.891
2015-06-22 21:00:00,139.878,140.020,138.202,138.388
2015-06-23 21:00:00,138.392,139.158,138.243,138.738
2015-06-24 21:00:00,138.739,138.880,137.656,138.508
2015-06-25 21:00:00,138.490,138.669,137.793,138.347
2015-06-28 21:00:00,135.387,138.114,134.450,137.674
2015-06-29 21:00:00,137.664,137.735,135.874,136.504
2015-06-30 21:00:00,136.538,137.407,136.023,136.153
2015-07-01 21:00:00,136.119,136.905,136.034,136.368
2015-07-02 21:00:00,136.396,136.845,135.907,136.373
2015-07-05 21:00:00,133.950,136.049,133.858,135.490
2015-07-06 21:00:00,135.490,135.666,133.502,134.883
2015-07-07 21:00:00,134.884,134.951,133.298,133.689
2015-07-08 21:00:00,133.690,135.058,133.298,133.871
2015-07-09 21:00:00,133.876,137.277,133.793,136.925
2015-07-12 21:00:00,135.738,137.785,135.732,135.776
2015-07-13 21:00:00,135.775,136.364,135.273,135.806
2015-07-14 21:00:00,135.803,136.370,135.347,135.474
2015-07-15 21:00:00,135.473,135.870,134.740,134.971
2015-07-16 21:00:00,134.971,135.264,134.325,134.348
2015-07-19 21:00:00,134.373,135.042,134.339,134.481
2015-07-20 21:00:00,134.491,135.764,134.460,135.434
2015-07-21 21:00:00,135.429,135.622,134.842,135.452
2015-07-22 21:00:00,135.440,136.431,135.405,136.064
2015-07-23 21:00:00,135.980,136.281,135.526,135.909
2015-07-26 21:00:00,135.863,137.100,135.746,136.653
2015-07-27 21:00:00,136.635,136.975,136.367,136.638
2015-07-28 21:00:00,136.635,136.929,135.970,136.125
2015-07-29 21:00:00,136.084,136.485,135.534,135.699
2015-07-30 21:00:00,135.678,137.342,135.574,136.029
2015-08-02 21:00:00,135.959,136.440,135.586,135.819
2015-08-03 21:00:00,135.789,136.164,135.269,135.303
2015-08-04 21:00:00,135.318,136.196,134.991,136.113
2015-08-05 21:00:00,136.134,136.486,135.798,136.235
2015-08-06 21:00:00,136.211,136.716,135.551,136.173
2015-08-09 21:00:00,136.111,137.415,136.097,137.255
2015-08-10 21:00:00,137.274,138.367,136.782,138.055
2015-08-11 21:00:00,138.128,138.858,138.011,138.525
2015-08-12 21:00:00,138.549,138.852,138.074,138.697
2015-08-13 21:00:00,138.691,138.851,137.927,138.110
2015-08-16 21:00:00,138.132,138.395,137.580,137.583
2015-08-17 21:00:00,137.750,137.898,137.058,137.071
2015-08-18 21:00:00,137.148,137.839,137.059,137.506
2015-08-19 21:00:00,137.624,138.724,137.598,138.668
2015-08-20 21:00:00,138.659,139.010,138.162,138.914
2015-08-23 21:00:00,138.612,138.953,135.990,137.281
2015-08-24 21:00:00,137.535,138.610,136.480,136.859
2015-08-25 21:00:00,136.884,137.591,135.446,135.532
2015-08-26 21:00:00,135.650,136.408,135.256,135.990
2015-08-27 21:00:00,136.054,136.612,135.296,136.085
2015-08-30 21:00:00,135.886,136.353,135.673,135.867
2015-08-31 21:00:00,135.843,136.238,134.671,135.047
2015-09-01 21:00:00,135.039,135.794,134.722,135.083
2015-09-02 21:00:00,135.047,135.363,133.122,133.542
2015-09-03 21:00:00,133.519,133.664,132.225,132.692
2015-09-06 21:00:00,132.660,133.349,132.643,133.197
2015-09-07 21:00:00,133.177,134.403,132.967,134.179
2015-09-08 21:00:00,134.161,135.191,134.161,135.045
2015-09-09 21:00:00,134.982,136.192,134.747,136.022
2015-09-10 21:00:00,135.964,136.920,135.723,136.712
2015-09-13 21:00:00,136.552,137.045,135.490,135.998
2015-09-14 21:00:00,135.993,136.408,134.994,135.663
2015-09-15 21:00:00,135.682,136.631,135.150,136.083
2015-09-16 21:00:00,136.105,137.441,136.046,137.215
2015-09-17 21:00:00,137.199,137.298,135.242,135.540
2015-09-20 21:00:00,135.515,136.134,134.766,134.882
2015-09-21 21:00:00,134.884,134.964,133.313,133.636
2015-09-22 21:00:00,133.630,134.686,133.151,134.512
2015-09-23 21:00:00,134.492,134.866,134.002,134.818
2015-09-24 21:00:00,134.855,135.385,134.111,135.024
2015-09-27 21:00:00,134.794,134.970,133.935,134.794
2015-09-28 21:00:00,134.811,134.957,134.234,134.681
2015-09-29 21:00:00,134.664,135.113,133.571,133.966
2015-09-30 21:00:00,133.961,134.238,133.433,134.225
2015-10-01 21:00:00,134.200,134.878,133.936,134.394
2015-10-04 21:00:00,134.650,135.710,134.409,134.734
2015-10-05 21:00:00,134.732,135.599,134.400,135.491
2015-10-06 21:00:00,135.482,135.628,134.613,134.834
2015-10-07 21:00:00,134.839,135.588,134.724,135.217
2015-10-08 21:00:00,135.202,136.952,135.049,136.529
2015-10-11 21:00:00,136.493,136.932,136.230,136.314
2015-10-12 21:00:00,136.306,136.593,136.003,136.225
2015-10-13 21:00:00,136.222,136.612,136.144,136.325
2015-10-14 21:00:00,136.300,136.740,134.799,135.323
2015-10-15 21:00:00,135.427,135.983,134.952,135.549
2015-10-18 21:00:00,135.552,135.937,135.073,135.374
2015-10-19 21:00:00,135.287,136.221,135.261,135.925
2015-10-20 21:00:00,135.927,136.385,135.880,135.972
2015-10-21 21:00:00,135.956,136.064,134.049,134.063
2015-10-22 21:00:00,134.050,134.261,133.367,133.795
2015-10-25 22:00:00,133.697,133.898,133.141,133.736
2015-10-26 22:00:00,133.736,133.860,132.729,132.982
2015-10-27 22:00:00,132.968,133.549,131.967,132.332
2015-10-28 22:00:00,132.332,133.027,131.595,132.991
2015-10-29 22:00:00,132.992,133.385,132.197,132.722
2015-11-01 22:00:00,132.883,133.204,132.618,132.994
2015-11-02 22:00:00,132.987,133.116,132.543,132.692
2015-11-03 22:00:00,132.734,132.903,131.841,132.052
2015-11-04 22:00:00,132.065,132.722,131.858,132.487
2015-11-05 22:00:00,132.447,132.710,131.507,132.290
2015-11-08 22:00:00,132.275,133.189,132.172,132.414
2015-11-09 22:00:00,132.372,132.783,131.620,132.079
2015-11-10 22:00:00,132.018,132.405,131.651,131.974
2015-11-11 22:00:00,131.914,132.752,131.477,132.509
2015-11-12 22:00:00,132.503,132.614,131.556,131.983
2015-11-15 22:00:00,131.241,132.208,130.639,131.619
2015-11-16 22:00:00,131.624,131.796,131.196,131.355
2015-11-17 22:00:00,131.343,131.777,131.115,131.747
2015-11-18 22:00:00,131.729,132.269,131.427,131.850
2015-11-19 22:00:00,131.837,131.958,130.690,130.703
2015-11-22 22:00:00,130.685,131.041,130.349,130.627
2015-11-23 22:00:00,130.655,130.794,130.193,130.407
2015-11-24 22:00:00,130.433,130.761,129.772,130.334
2015-11-25 22:00:00,130.277,130.368,129.889,130.030
2015-11-26 22:00:00,130.119,130.247,129.665,129.960
2015-11-29 22:00:00,130.042,130.293,129.810,130.043
2015-11-30 22:00:00,129.994,130.806,129.752,130.617
2015-12-01 22:00:00,130.636,130.973,130.297,130.829
2015-12-02 22:00:00,130.837,134.496,129.840,134.109
2015-12-03 22:00:00,134.079,134.588,133.322,133.907
2015-12-06 22:00:00,133.904,134.117,133.294,133.673
2015-12-07 22:00:00,133.668,134.002,133.477,133.896
2015-12-08 22:00:00,133.857,134.215,133.520,133.874
2015-12-09 22:00:00,133.875,134.115,132.767,133.024
2015-12-10 22:00:00,132.962,133.779,132.625,132.926
2015-12-13 22:00:00,133.048,133.235,132.435,133.019
2015-12-14 22:00:00,133.019,133.525,132.699,132.953
2015-12-15 22:00:00,132.924,133.781,132.869,133.335
2015-12-16 22:00:00,133.341,133.379,132.589,132.659
2015-12-17 22:00:00,132.648,133.780,131.031,131.583
2015-12-20 22:00:00,131.549,132.342,131.492,132.243
2015-12-21 22:00:00,132.230,132.793,132.093,132.648
2015-12-22 22:00:00,132.558,132.624,131.500,131.901
2015-12-23 22:00:00,131.918,132.001,131.585,131.796
2015-12-27 22:00:00,131.600,132.460,131.589,132.043
2015-12-28 22:00:00,132.035,132.349,131.355,131.561
2015-12-29 22:00:00,131.559,131.918,131.445,131.739
2015-12-30 22:00:00,131.700,131.773,130.467,130.564
2016-01-03 22:00:00,130.657,130.760,128.674,129.370
2016-01-04 22:00:00,129.303,129.474,127.516,127.939
2016-01-05 22:00:00,127.893,128.182,127.017,127.706
2016-01-06 22:00:00,127.693,128.628,126.780,128.584
2016-01-07 22:00:00,128.494,129.085,128.073,128.073
2016-01-10 22:00:00,127.888,128.462,127.306,127.864
2016-01-11 22:00:00,127.868,128.006,127.452,127.733
2016-01-12 22:00:00,127.669,128.543,127.632,127.974
2016-01-13 22:00:00,127.972,128.751,127.738,128.232
2016-01-14 22:00:00,128.176,128.410,127.583,127.670
2016-01-17 22:00:00,127.459,127.943,127.346,127.821
2016-01-18 22:00:00,127.763,128.553,127.744,128.281
2016-01-19 22:00:00,128.243,128.365,126.624,127.322
2016-01-20 22:00:00,127.308,128.190,126.160,127.966
2016-01-21 22:00:00,127.971,128.428,127.415,128.231
2016-01-24 22:00:00,128.011,128.544,127.850,128.318
2016-01-25 22:00:00,128.320,128.716,127.816,128.696
2016-01-26 22:00:00,128.700,129.478,128.247,129.257
2016-01-27 22:00:00,129.235,130.216,128.940,129.964
2016-01-28 22:00:00,129.968,132.289,129.575,131.168
2016-01-31 22:00:00,131.396,132.021,131.221,131.709
2016-02-01 22:00:00,131.694,131.967,130.892,130.969
2016-02-02 22:00:00,130.955,131.001,130.049,130.859
2016-02-03 22:00:00,130.873,131.655,130.634,130.853
2016-02-04 22:00:00,130.856,131.015,130.156,130.316
2016-02-07 22:00:00,130.141,130.899,128.759,129.649
2016-02-08 22:00:00,129.654,130.260,128.267,130.017
2016-02-09 22:00:00,129.919,130.110,127.739,127.954
2016-02-10 22:00:00,127.952,128.096,125.771,127.277
2016-02-11 22:00:00,127.260,127.653,126.365,127.359
2016-02-14 22:00:00,127.371,127.957,127.244,127.791
2016-02-15 22:00:00,127.804,128.166,126.613,127.079
2016-02-16 22:00:00,127.113,127.391,126.626,126.923
2016-02-17 22:00:00,126.900,127.159,125.589,125.750
2016-02-18 22:00:00,125.754,125.951,125.014,125.254
2016-02-21 22:00:00,125.092,125.558,124.366,124.515
2016-02-22 22:00:00,124.465,124.613,123.062,123.509
2016-02-23 22:00:00,123.522,123.618,122.450,123.525
2016-02-24 22:00:00,123.526,124.637,123.269,124.484
2016-02-25 22:00:00,124.487,125.004,124.216,124.571
2016-02-28 22:00:00,124.352,124.462,122.450,122.515
2016-02-29 22:00:00,122.518,124.076,122.076,123.874
2016-03-01 22:00:00,123.886,124.357,123.086,123.328
2016-03-02 22:00:00,123.310,124.594,123.257,124.534
2016-03-03 22:00:00,124.520,125.587,123.930,125.214
2016-03-06 22:00:00,125.178,125.237,124.239,124.933
2016-03-07 22:00:00,124.884,125.004,123.844,124.005
2016-03-08 22:00:00,124.003,124.882,123.055,124.635
2016-03-09 22:00:00,124.627,126.767,123.647,126.563
2016-03-10 22:00:00,126.467,127.284,126.059,126.864
2016-03-13 22:00:00,126.937,127.150,126.073,126.320
2016-03-14 22:00:00,126.320,126.713,125.091,125.699
2016-03-15 22:00:00,125.687,126.520,125.545,126.316
2016-03-16 22:00:00,126.337,126.619,125.325,126.058
2016-03-17 22:00:00,126.058,126.193,125.262,125.709
2016-03-20 22:00:00,125.695,126.072,125.216,125.830
2016-03-21 22:00:00,125.850,126.269,124.669,126.025
2016-03-22 22:00:00,126.017,126.246,125.501,125.639
2016-03-23 22:00:00,125.641,126.178,125.383,126.110
2016-03-24 22:00:00,126.108,126.457,125.901,126.224
2016-03-27 21:00:00,126.297,127.053,126.253,126.995
2016-03-28 21:00:00,126.958,127.445,126.774,127.214
2016-03-29 21:00:00,127.265,127.821,126.777,127.486
2016-03-30 21:00:00,127.426,128.216,126.959,128.100
2016-03-31 21:00:00,128.079,128.162,127.091,127.106
2016-04-03 21:00:00,127.189,127.348,126.446,126.770
2016-04-04 21:00:00,126.724,126.835,125.243,125.580
2016-04-05 21:00:00,125.564,125.834,124.855,125.130
2016-04-06 21:00:00,125.130,125.301,122.548,123.076
2016-04-07 21:00:00,123.076,124.227,122.973,123.104
2016-04-10 21:00:00,123.267,123.724,122.831,123.162
2016-04-11 21:00:00,123.110,123.995,123.066,123.554
2016-04-12 21:00:00,123.570,123.860,123.008,123.249
2016-04-13 21:00:00,123.255,123.416,122.718,123.230
2016-04-14 21:00:00,123.182,123.562,122.588,122.671
2016-04-17 21:00:00,122.270,123.349,121.710,123.078
2016-04-18 21:00:00,123.054,124.434,123.044,124.017
2016-04-19 21:00:00,124.020,124.330,123.538,124.059
2016-04-20 21:00:00,124.018,124.961,123.358,123.531
2016-04-21 21:00:00,123.531,125.499,123.401,125.415
2016-04-24 21:00:00,125.463,125.528,124.798,125.278
2016-04-25 21:00:00,125.274,125.971,124.688,125.723
2016-04-26 21:00:00,125.762,126.317,125.441,126.201
2016-04-27 21:00:00,126.191,126.466,122.515,122.686
2016-04-28 21:00:00,122.688,122.947,121.664,121.751
2016-05-01 21:00:00,121.726,122.909,121.719,122.730
2016-05-02 21:00:00,122.730,122.758,122.118,122.525
2016-05-03 21:00:00,122.527,123.514,122.291,122.903
2016-05-04 21:00:00,122.916,123.124,122.091,122.313
2016-05-05 21:00:00,122.307,122.453,121.477,122.098
2016-05-08 21:00:00,122.006,123.703,121.995,123.276
2016-05-09 21:00:00,123.285,124.436,123.263,124.253
2016-05-10 21:00:00,124.243,124.383,123.595,123.866
2016-05-11 21:00:00,123.859,124.648,123.682,124.003
2016-05-12 21:00:00,123.953,124.122,122.719,122.721
2016-05-15 21:00:00,122.849,123.505,122.610,123.407
2016-05-16 21:00:00,123.410,124.169,123.235,123.453
2016-05-17 21:00:00,123.492,123.908,122.954,123.583
2016-05-18 21:00:00,123.573,123.774,122.925,123.167
2016-05-19 21:00:00,123.179,124.038,123.050,123.512
2016-05-22 21:00:00,123.360,123.639,122.382,122.542
2016-05-23 21:00:00,122.539,122.726,122.342,122.524
2016-05-24 21:00:00,122.514,123.111,122.451,122.917
2016-05-25 21:00:00,122.860,123.065,122.256,122.856
2016-05-26 21:00:00,122.851,123.078,122.213,122.497
2016-05-29 21:00:00,122.692,123.896,122.637,123.746
2016-05-30 21:00:00,123.753,124.185,122.968,123.239
2016-05-31 21:00:00,123.231,123.309,121.894,122.532
2016-06-01 21:00:00,122.530,122.607,121.054,121.396
2016-06-02 21:00:00,121.360,121.670,120.824,121.070
2016-06-05 21:00:00,120.974,122.328,120.820,122.103
2016-06-06 21:00:00,122.087,122.694,121.652,121.893
2016-06-07 21:00:00,121.884,122.015,121.327,121.896
2016-06-08 21:00:00,121.892,122.032,120.319,121.197
2016-06-09 21:00:00,121.200,121.200,119.903,120.279
2016-06-12 21:00:00,120.133,120.316,118.995,119.924
2016-06-13 21:00:00,119.919,120.113,118.510,118.860
2016-06-14 21:00:00,118.910,119.482,118.713,119.358
2016-06-15 21:00:00,119.345,119.434,115.495,117.001
2016-06-16 21:00:00,117.047,118.090,116.892,117.329
2016-06-19 21:00:00,117.362,119.134,117.344,117.564
2016-06-20 21:00:00,117.607,118.681,117.306,117.776
2016-06-21 21:00:00,117.770,118.603,117.422,117.899
2016-06-22 21:00:00,117.896,120.928,117.843,120.763
2016-06-23 21:00:00,120.633,121.965,109.426,113.397
2016-06-26 21:00:00,111.755,113.241,111.366,112.427
2016-06-27 21:00:00,112.372,113.851,111.917,113.677
2016-06-28 21:00:00,113.651,114.493,112.940,114.382
2016-06-29 21:00:00,114.368,114.794,113.334,114.581
2016-06-30 21:00:00,114.549,114.747,113.671,114.176
2016-07-03 21:00:00,114.167,114.507,113.955,114.349
2016-07-04 21:00:00,114.334,114.359,112.386,112.672
2016-07-05 21:00:00,112.672,112.673,110.817,112.423
2016-07-06 21:00:00,112.369,112.517,111.212,111.439
2016-07-07 21:00:00,111.433,111.856,110.862,110.913
2016-07-10 21:00:00,111.142,113.774,111.015,113.647
2016-07-11 21:00:00,113.639,116.420,113.278,115.758
2016-07-12 21:00:00,115.767,116.221,114.916,115.869
2016-07-13 21:00:00,115.814,118.028,115.363,117.122
2016-07-14 21:00:00,117.128,118.401,115.407,115.564
2016-07-17 21:00:00,116.414,117.687,116.310,117.559
2016-07-18 21:00:00,117.533,117.762,116.566,116.931
2016-07-19 21:00:00,116.858,117.922,116.528,117.708
2016-07-20 21:00:00,117.708,118.461,116.143,116.645
2016-07-21 21:00:00,116.652,117.270,116.214,116.366
2016-07-24 21:00:00,116.441,116.959,116.216,116.321
2016-07-25 21:00:00,116.298,116.410,114.450,114.935
2016-07-26 21:00:00,114.880,117.136,114.880,116.541
2016-07-27 21:00:00,116.531,116.839,115.814,116.574
2016-07-28 21:00:00,116.509,116.868,113.876,114.031
2016-07-31 21:00:00,114.208,114.730,113.900,114.302
2016-08-01 21:00:00,114.284,114.805,113.002,113.204
2016-08-02 21:00:00,113.138,113.635,112.657,112.859
2016-08-03 21:00:00,112.841,113.267,112.475,112.610
2016-08-04 21:00:00,112.614,112.973,112.307,112.873
2016-08-07 21:00:00,112.940,113.750,112.892,113.588
2016-08-08 21:00:00,113.561,113.619,113.028,113.199
2016-08-09 21:00:00,113.142,113.462,112.782,113.167
2016-08-10 21:00:00,113.159,113.690,112.699,113.518
2016-08-11 21:00:00,113.515,114.025,112.728,113.076
2016-08-14 21:00:00,112.929,113.290,112.673,113.227
2016-08-15 21:00:00,113.215,113.272,112.356,113.115
2016-08-16 21:00:00,113.072,113.928,112.822,113.156
2016-08-17 21:00:00,113.156,113.700,112.640,113.392
2016-08-18 21:00:00,113.392,113.874,113.224,113.472
2016-08-21 21:00:00,113.916,113.959,113.400,113.556
2016-08-22 21:00:00,113.546,113.722,113.218,113.319
2016-08-23 21:00:00,113.317,113.579,112.784,113.131
2016-08-24 21:00:00,113.130,113.575,112.928,113.415
2016-08-25 21:00:00,113.413,114.129,113.146,113.854
2016-08-28 21:00:00,114.140,114.686,113.929,114.027
2016-08-29 21:00:00,113.997,114.932,113.848,114.720
2016-08-30 21:00:00,114.677,115.429,114.594,115.378
2016-08-31 21:00:00,115.355,115.821,115.019,115.579
2016-09-01 21:00:00,115.576,116.361,115.488,115.711
2016-09-04 21:00:00,116.072,116.149,115.120,115.257
2016-09-05 21:00:00,115.210,115.673,114.699,114.827
2016-09-06 21:00:00,114.724,114.884,113.804,114.325
2016-09-07 21:00:00,114.314,115.441,114.130,115.421
2016-09-08 21:00:00,115.389,115.941,115.011,115.106
2016-09-11 21:00:00,115.194,115.471,114.242,114.404
2016-09-12 21:00:00,114.418,115.309,113.926,115.054
2016-09-13 21:00:00,115.025,116.078,114.909,115.227
2016-09-14 21:00:00,115.131,115.424,114.638,114.769
2016-09-15 21:00:00,114.733,114.831,113.949,114.062
2016-09-18 21:00:00,113.898,114.280,113.469,113.885
2016-09-19 21:00:00,113.881,114.018,113.411,113.418
2016-09-20 21:00:00,113.378,114.390,112.076,112.253
2016-09-21 21:00:00,112.236,113.490,112.078,112.904
2016-09-22 21:00:00,112.892,113.615,112.874,113.065
2016-09-25 21:00:00,113.338,113.509,112.809,112.914
2016-09-26 21:00:00,112.914,113.567,112.241,112.600
2016-09-27 21:00:00,112.614,113.098,112.454,112.928
2016-09-28 21:00:00,112.903,114.185,112.879,113.329
2016-09-29 21:00:00,113.322,114.117,112.592,113.892
2016-10-02 21:00:00,113.619,114.133,113.585,113.940
2016-10-03 21:00:00,113.923,115.373,113.764,115.303
2016-10-04 21:00:00,115.245,116.250,115.107,115.946
2016-10-05 21:00:00,115.946,116.277,115.713,115.909
2016-10-06 21:00:00,115.893,115.964,115.044,115.093
2016-10-09 21:00:00,115.379,115.730,115.066,115.412
2016-10-10 21:00:00,115.372,115.786,114.007,114.427
2016-10-11 21:00:00,114.382,115.163,114.033,114.660
2016-10-12 21:00:00,114.670,115.141,114.039,114.617
2016-10-13 21:00:00,114.620,115.044,114.207,114.220
2016-10-16 21:00:00,114.409,114.572,114.014,114.262
2016-10-17 21:00:00,114.233,114.679,113.989,114.037
2016-10-18 21:00:00,114.023,114.154,113.112,113.512
2016-10-19 21:00:00,113.489,114.512,113.363,113.600
2016-10-20 21:00:00,113.588,113.850,112.605,112.723
2016-10-23 21:00:00,112.970,113.581,112.830,113.363
2016-10-24 21:00:00,113.328,113.903,113.220,113.469
2016-10-25 21:00:00,113.457,114.195,113.261,113.948
2016-10-26 21:00:00,113.943,114.860,113.697,114.697
2016-10-27 21:00:00,114.715,115.321,114.581,114.808
2016-10-30 22:00:00,114.868,115.261,114.784,114.997
2016-10-31 22:00:00,114.998,115.673,114.791,115.080
2016-11-01 22:00:00,115.080,115.123,114.349,114.646
2016-11-02 22:00:00,114.652,114.764,114.005,114.339
2016-11-03 22:00:00,114.339,114.854,114.132,114.775
2016-11-06 22:00:00,114.959,115.884,114.784,115.329
2016-11-07 22:00:00,115.314,116.005,115.108,115.937
2016-11-08 22:00:00,115.894,115.976,113.710,115.262
2016-11-09 22:00:00,115.254,116.573,114.954,116.324
2016-11-10 22:00:00,116.333,116.483,115.299,115.485
2016-11-13 22:00:00,115.704,116.507,115.547,116.399
2016-11-14 22:00:00,116.401,117.212,116.077,117.061
2016-11-15 22:00:00,117.057,117.480,116.514,116.591
2016-11-16 22:00:00,116.591,117.218,116.248,116.962
2016-11-17 22:00:00,116.961,117.509,116.739,117.177
2016-11-20 22:00:00,118.437,118.437,117.292,117.739
2016-11-21 22:00:00,117.696,118.148,117.383,118.073
2016-11-22 22:00:00,118.064,118.986,117.707,118.696
2016-11-23 22:00:00,118.664,119.763,118.494,119.550
2016-11-24 22:00:00,119.490,120.161,119.298,119.727
2016-11-27 22:00:00,119.674,119.753,118.699,118.781
2016-11-28 22:00:00,118.786,119.969,118.547,119.681
2016-11-29 22:00:00,119.661,121.304,119.448,121.163
2016-11-30 22:00:00,121.149,121.794,120.838,121.594
2016-12-01 22:00:00,121.592,121.885,120.834,120.834
2016-12-04 22:00:00,120.217,123.189,118.687,122.545
2016-12-05 22:00:00,122.499,122.934,121.929,122.175
2016-12-06 22:00:00,122.138,122.587,122.017,122.299
2016-12-07 22:00:00,122.309,123.342,120.907,121.022
2016-12-08 22:00:00,120.956,121.761,120.944,121.505
2016-12-11 22:00:00,121.529,122.925,121.529,122.309
2016-12-12 22:00:00,122.294,122.792,122.068,122.367
2016-12-13 22:00:00,122.368,123.408,122.127,123.282
2016-12-14 22:00:00,123.225,124.091,122.560,123.039
2016-12-15 22:00:00,123.056,123.629,122.828,123.382
2016-12-18 22:00:00,123.041,123.221,121.675,121.782
2016-12-19 22:00:00,121.750,122.792,121.711,122.401
2016-12-20 22:00:00,122.388,122.871,122.064,122.530
2016-12-21 22:00:00,122.494,123.193,122.449,122.630
2016-12-22 22:00:00,122.594,122.762,122.372,122.408
2016-12-25 22:00:00,122.449,122.663,120.699,122.360
2016-12-26 22:00:00,122.333,122.995,122.324,122.780
2016-12-27 22:00:00,122.721,123.240,121.830,122.055
2016-12-28 22:00:00,122.113,122.373,121.591,122.253
2016-12-29 22:00:00,122.189,123.851,122.147,122.683
2017-01-01 22:00:00,122.769,123.504,122.458,122.831
2017-01-02 22:00:00,122.784,123.325,122.263,122.503
2017-01-03 22:00:00,122.481,123.126,122.377,122.941
2017-01-04 22:00:00,122.936,123.114,122.009,122.337
2017-01-05 22:00:00,122.272,123.443,122.115,122.997
2017-01-08 22:00:00,122.974,123.721,122.407,122.652
2017-01-09 22:00:00,122.642,122.936,122.102,122.171
2017-01-10 22:00:00,122.138,122.613,121.237,122.117
2017-01-11 22:00:00,122.091,122.220,121.188,121.722
2017-01-12 22:00:00,121.705,122.413,121.586,121.800
2017-01-15 22:00:00,121.153,121.664,120.755,121.005
2017-01-16 22:00:00,121.000,121.396,120.537,120.630
2017-01-17 22:00:00,120.617,121.987,120.568,121.844
2017-01-18 22:00:00,121.849,122.748,121.717,122.443
2017-01-19 22:00:00,122.443,122.942,122.272,122.434
2017-01-22 22:00:00,122.274,122.472,121.129,121.293
2017-01-23 22:00:00,121.260,122.214,121.190,122.112
2017-01-24 22:00:00,122.024,122.262,121.617,121.714
2017-01-25 22:00:00,121.671,122.661,121.661,122.326
2017-01-26 22:00:00,122.306,123.307,122.216,123.071
2017-01-29 22:00:00,123.006,123.128,121.435,121.645
2017-01-30 22:00:00,121.626,122.251,121.011,121.760
2017-01-31 22:00:00,121.744,122.513,121.585,121.928
2017-02-01 22:00:00,121.902,122.040,121.206,121.333
2017-02-02 22:00:00,121.320,121.759,121.077,121.205
2017-02-05 22:00:00,121.286,121.491,119.950,120.102
2017-02-06 22:00:00,120.069,120.220,119.533,120.047
2017-02-07 22:00:00,119.978,120.097,119.322,119.733
2017-02-08 22:00:00,119.756,120.784,119.518,120.651
2017-02-09 22:00:00,120.606,121.330,120.225,120.227
2017-02-12 22:00:00,120.646,121.169,120.384,120.528
2017-02-13 22:00:00,120.494,120.993,120.211,120.832
2017-02-14 22:00:00,120.775,121.276,120.702,120.999
2017-02-15 22:00:00,120.954,121.164,120.680,120.842
2017-02-16 22:00:00,120.841,121.093,119.481,119.558
2017-02-19 22:00:00,119.720,120.300,119.720,119.988
2017-02-20 22:00:00,119.988,120.311,119.556,119.759
2017-02-21 22:00:00,119.739,119.869,118.592,119.636
2017-02-22 22:00:00,119.592,119.724,119.037,119.144
2017-02-23 22:00:00,119.115,119.501,118.172,118.172
2017-02-26 22:00:00,118.445,119.460,118.246,119.285
2017-02-27 22:00:00,119.322,119.392,118.663,119.251
2017-02-28 22:00:00,119.251,120.218,119.207,119.939
2017-03-01 22:00:00,119.901,120.491,119.873,120.204
2017-03-02 22:00:00,120.198,121.175,120.011,120.880
2017-03-05 22:00:00,120.818,121.139,120.346,120.511
2017-03-06 22:00:00,120.503,120.716,120.385,120.418
2017-03-07 22:00:00,120.402,121.119,120.015,120.503
2017-03-08 22:00:00,120.503,121.875,120.272,121.559
2017-03-09 22:00:00,121.561,122.828,121.495,122.424
2017-03-12 22:00:00,122.637,122.884,122.135,122.353
2017-03-13 22:00:00,122.350,122.628,121.647,121.706
2017-03-14 22:00:00,121.706,122.055,121.196,121.817
2017-03-15 22:00:00,121.818,122.066,121.123,122.042
2017-03-16 22:00:00,122.042,122.249,120.814,121.009
2017-03-19 22:00:00,120.957,121.428,120.710,120.785
2017-03-20 22:00:00,120.783,121.832,120.616,120.793
2017-03-21 22:00:00,120.791,120.846,119.679,120.076
2017-03-22 22:00:00,120.074,120.309,119.319,119.659
2017-03-23 22:00:00,119.658,120.241,119.520,119.970
2017-03-26 21:00:00,120.126,120.315,119.541,120.221
2017-03-27 21:00:00,120.219,120.385,119.693,120.163
2017-03-28 21:00:00,120.140,120.441,119.011,119.517
2017-03-29 21:00:00,119.494,119.845,119.080,119.465
2017-03-30 21:00:00,119.466,119.817,118.341,118.417
2017-04-02 21:00:00,118.734,119.045,118.125,118.323
2017-04-03 21:00:00,118.306,118.364,117.425,118.169
2017-04-04 21:00:00,118.128,118.789,118.014,118.033
2017-04-05 21:00:00,118.021,118.421,117.357,117.927
2017-04-06 21:00:00,117.872,118.160,117.313,117.400
2017-04-09 21:00:00,117.560,118.060,117.452,117.541
2017-04-10 21:00:00,117.541,117.543,116.211,116.222
2017-04-11 21:00:00,116.221,116.542,115.927,116.240
2017-04-12 21:00:00,116.241,116.453,115.714,115.768
2017-04-13 21:00:00,115.793,116.012,114.921,115.695
2017-04-16 21:00:00,115.430,116.028,114.847,115.883
2017-04-17 21:00:00,115.881,116.488,115.739,116.318
2017-04-18 21:00:00,116.321,116.973,116.267,116.581
2017-04-19 21:00:00,116.581,117.815,116.523,117.147
2017-04-20 21:00:00,117.146,117.303,116.464,116.652
2017-04-23 21:00:00,120.497,120.535,118.916,119.265
2017-04-24 21:00:00,119.265,121.641,119.058,121.362
2017-04-25 21:00:00,121.330,121.975,120.911,121.087
2017-04-26 21:00:00,121.080,121.888,120.602,120.946
2017-04-27 21:00:00,120.963,121.996,120.686,121.404
2017-04-30 21:00:00,121.411,122.084,121.293,121.918
2017-05-01 21:00:00,121.863,122.598,121.802,122.463
2017-05-02 21:00:00,122.391,122.860,122.313,122.742
2017-05-03 21:00:00,122.729,123.641,122.579,123.524
2017-05-04 21:00:00,123.526,124.047,122.924,123.674
2017-05-07 21:00:00,124.452,124.459,122.980,123.716
2017-05-08 21:00:00,123.713,124.532,123.648,123.930
2017-05-09 21:00:00,123.932,124.321,123.488,124.181
2017-05-10 21:00:00,124.181,124.421,123.316,123.653
2017-05-11 21:00:00,123.653,123.950,123.304,123.790
2017-05-14 21:00:00,123.686,124.894,123.675,124.864
2017-05-15 21:00:00,124.871,125.812,124.586,125.350
2017-05-16 21:00:00,125.348,125.401,123.633,123.648
2017-05-17 21:00:00,123.655,124.109,122.553,123.764
2017-05-18 21:00:00,123.757,124.938,123.380,124.585
2017-05-21 21:00:00,124.266,125.293,124.115,125.071
2017-05-22 21:00:00,125.071,125.386,124.558,124.983
2017-05-23 21:00:00,124.981,125.403,124.902,125.075
2017-05-24 21:00:00,125.073,125.804,125.038,125.384
2017-05-25 21:00:00,125.384,125.419,124.164,124.328
2017-05-28 21:00:00,124.195,124.639,124.183,124.189
2017-05-29 21:00:00,124.185,124.392,123.152,123.966
2017-05-30 21:00:00,123.960,124.548,123.724,124.548
2017-05-31 21:00:00,124.545,125.087,124.464,124.848
2017-06-01 21:00:00,124.851,125.306,124.419,124.419
2017-06-04 21:00:00,124.426,124.707,124.190,124.325
2017-06-05 21:00:00,124.330,124.389,122.923,123.380
2017-06-06 21:00:00,123.380,123.730,122.627,123.610
2017-06-07 21:00:00,123.610,124.031,123.159,123.377
2017-06-08 21:00:00,123.283,123.857,122.808,123.413
2017-06-11 21:00:00,123.578,123.731,122.787,123.178
2017-06-12 21:00:00,123.122,123.745,123.013,123.378
2017-06-13 21:00:00,123.378,123.637,122.762,122.906
2017-06-14 21:00:00,122.916,123.712,122.396,123.647
2017-06-15 21:00:00,123.647,124.456,123.542,124.046
2017-06-18 21:00:00,124.250,124.497,124.052,124.322
2017-06-19 21:00:00,124.322,124.643,123.919,124.081
2017-06-20 21:00:00,124.066,124.455,123.654,124.380
2017-06-21 21:00:00,124.380,124.437,123.838,124.126
2017-06-22 21:00:00,124.112,124.702,124.016,124.448
2017-06-25 21:00:00,124.429,125.148,124.380,125.071
2017-06-26 21:00:00,125.047,127.477,124.737,127.388
2017-06-27 21:00:00,127.356,127.858,126.483,127.781
2017-06-28 21:00:00,127.762,128.825,127.712,128.317
2017-06-29 21:00:00,128.317,128.599,127.438,128.348
2017-07-02 21:00:00,127.989,128.946,127.989,128.915
2017-07-03 21:00:00,128.915,128.965,128.033,128.512
2017-07-04 21:00:00,128.423,129.081,128.149,128.522
2017-07-05 21:00:00,128.535,129.411,127.992,129.281
2017-07-06 21:00:00,129.253,130.121,129.169,129.753
2017-07-09 21:00:00,129.818,130.393,129.747,129.984
2017-07-10 21:00:00,129.945,130.762,129.937,130.626
2017-07-11 21:00:00,130.621,130.677,129.041,129.111
2017-07-12 21:00:00,129.087,129.654,128.490,129.110
2017-07-13 21:00:00,129.052,129.515,128.587,129.012
2017-07-16 21:00:00,129.006,129.465,128.735,129.263
2017-07-17 21:00:00,129.220,129.742,129.056,129.442
2017-07-18 21:00:00,129.442,129.533,128.574,128.828
2017-07-19 21:00:00,128.855,130.260,128.776,130.115
2017-07-20 21:00:00,130.098,130.501,129.496,129.588
2017-07-23 21:00:00,129.567,129.758,128.867,129.348
2017-07-24 21:00:00,129.348,130.582,129.249,130.374
2017-07-25 21:00:00,130.289,130.603,129.932,130.392
2017-07-26 21:00:00,130.392,130.582,129.543,129.955
2017-07-27 21:00:00,129.955,130.402,129.552,130.035
2017-07-30 21:00:00,129.935,130.573,129.544,130.540
2017-07-31 21:00:00,130.540,130.596,129.833,130.256
2017-08-01 21:00:00,130.171,131.398,130.138,131.330
2017-08-02 21:00:00,131.189,131.330,130.453,130.555
2017-08-03 21:00:00,130.594,131.111,130.092,130.262
2017-08-06 21:00:00,130.343,130.866,130.292,130.618
2017-08-07 21:00:00,130.606,130.821,129.599,129.658
2017-08-08 21:00:00,129.673,129.714,128.433,129.398
2017-08-09 21:00:00,129.398,129.550,128.224,128.599
2017-08-10 21:00:00,128.515,129.155,128.045,129.070
2017-08-13 21:00:00,129.002,129.647,128.915,129.234
2017-08-14 21:00:00,129.234,130.030,129.067,129.883
2017-08-15 21:00:00,129.874,130.392,129.513,129.665
2017-08-16 21:00:00,129.665,129.701,128.365,128.458
2017-08-17 21:00:00,128.458,128.785,127.555,128.407
2017-08-20 21:00:00,128.521,128.781,127.829,128.756
2017-08-21 21:00:00,128.722,129.178,128.324,128.861
2017-08-22 21:00:00,128.861,129.120,128.481,128.750
2017-08-23 21:00:00,128.750,129.358,128.536,129.298
2017-08-24 21:00:00,129.269,130.426,129.107,130.117
2017-08-27 21:00:00,130.384,130.969,129.978,130.864
2017-08-28 21:00:00,130.833,131.618,129.651,131.325
2017-08-29 21:00:00,131.325,131.701,131.088,131.091
2017-08-30 21:00:00,131.091,131.580,130.700,130.894
2017-08-31 21:00:00,130.926,131.340,130.656,130.790
2017-09-03 21:00:00,130.185,130.704,130.101,130.444
2017-09-04 21:00:00,130.444,130.635,129.378,129.612
2017-09-05 21:00:00,129.612,130.395,129.361,130.241
2017-09-06 21:00:00,130.241,131.092,129.907,130.491
2017-09-07 21:00:00,130.491,130.662,129.462,129.541
2017-09-10 21:00:00,129.996,130.903,129.981,130.856
2017-09-11 21:00:00,130.722,131.898,130.663,131.825
2017-09-12 21:00:00,131.825,132.011,131.250,131.305
2017-09-13 21:00:00,131.305,131.756,131.103,131.391
2017-09-14 21:00:00,131.375,133.092,130.609,132.405
2017-09-17 21:00:00,132.410,133.429,132.406,133.353
2017-09-18 21:00:00,133.319,134.173,133.232,133.834
2017-09-19 21:00:00,133.834,134.093,133.251,133.451
2017-09-20 21:00:00,133.422,134.378,133.402,134.273
2017-09-21 21:00:00,134.273,134.405,133.500,133.777
2017-09-24 21:00:00,133.522,134.237,131.917,132.357
2017-09-25 21:00:00,132.357,132.596,131.747,132.340
2017-09-26 21:00:00,132.340,132.745,132.088,132.505
2017-09-27 21:00:00,132.505,132.884,132.289,132.400
2017-09-28 21:00:00,132.400,133.113,132.298,132.832
2017-10-01 21:00:00,132.699,133.073,132.190,132.286
2017-10-02 21:00:00,132.286,132.885,132.186,132.515
2017-10-03 21:00:00,132.515,132.835,132.243,132.580
2017-10-04 21:00:00,132.580,132.773,131.841,132.098
2017-10-05 21:00:00,132.098,132.768,131.973,132.164
2017-10-08 21:00:00,132.035,132.495,131.863,132.301
2017-10-09 21:00:00,132.301,132.868,132.229,132.764
2017-10-10 21:00:00,132.765,133.494,132.454,133.375
2017-10-11 21:00:00,133.376,133.490,132.794,132.819
2017-10-12 21:00:00,132.818,132.936,132.141,132.180
2017-10-15 21:00:00,132.042,132.387,131.660,132.331
2017-10-16 21:00:00,132.327,132.371,131.843,132.008
2017-10-17 21:00:00,132.008,133.280,131.952,133.111
2017-10-18 21:00:00,133.111,133.624,132.474,133.355
2017-10-19 21:00:00,133.355,133.961,133.286,133.695
2017-10-22 21:00:00,133.975,134.124,133.100,133.270
2017-10-23 21:00:00,133.270,134.190,133.180,133.942
2017-10-24 21:00:00,133.942,134.499,133.754,134.352
2017-10-25 21:00:00,134.352,134.491,132.655,132.785
2017-10-26 21:00:00,132.785,132.950,131.751,131.938
2017-10-29 22:00:00,131.986,132.285,131.453,131.858
2017-10-30 22:00:00,131.845,132.566,131.509,132.334
2017-10-31 22:00:00,132.325,132.837,132.325,132.662
2017-11-01 22:00:00,132.664,133.148,132.562,132.974
2017-11-02 22:00:00,132.974,132.996,132.380,132.385
2017-11-05 22:00:00,132.369,133.117,131.993,131.997
2017-11-06 22:00:00,131.999,132.413,131.836,132.083
2017-11-07 22:00:00,132.083,132.168,131.396,132.020
2017-11-08 22:00:00,132.020,132.262,131.517,132.085
2017-11-09 22:00:00,132.085,132.551,131.952,132.402
2017-11-12 22:00:00,132.249,132.625,131.930,132.555
2017-11-13 22:00:00,132.555,133.859,132.481,133.845
2017-11-14 22:00:00,133.836,133.880,132.967,133.080
2017-11-15 22:00:00,133.077,133.453,132.755,133.058
2017-11-16 22:00:00,133.058,133.158,132.050,132.142
2017-11-19 22:00:00,132.120,132.466,131.167,132.139
2017-11-20 22:00:00,132.126,132.271,131.574,131.970
2017-11-21 22:00:00,131.973,132.099,131.431,131.486
2017-11-22 22:00:00,131.486,131.881,131.228,131.768
2017-11-23 22:00:00,131.768,133.235,131.702,133.037
2017-11-26 22:00:00,132.971,133.221,132.078,132.166
2017-11-27 22:00:00,132.166,132.570,131.720,131.952
2017-11-28 22:00:00,131.952,132.795,131.870,132.587
2017-11-29 22:00:00,132.587,134.144,132.520,133.951
2017-11-30 22:00:00,133.951,134.382,132.909,133.386
2017-12-03 22:00:00,133.721,134.051,133.266,133.362
2017-12-04 22:00:00,133.362,133.745,133.009,133.122
2017-12-05 22:00:00,133.122,133.211,132.261,132.437
2017-12-06 22:00:00,132.436,133.285,132.192,133.123
2017-12-07 22:00:00,133.114,133.610,133.047,133.592
2017-12-10 22:00:00,133.576,133.885,133.529,133.630
2017-12-11 22:00:00,133.630,133.759,133.005,133.313
2017-12-12 22:00:00,133.313,133.357,132.840,133.089
2017-12-13 22:00:00,133.089,133.755,132.236,132.353
2017-12-14 22:00:00,132.343,132.730,132.054,132.308
2017-12-17 22:00:00,132.381,133.008,132.107,132.580
2017-12-18 22:00:00,132.580,133.919,132.557,133.637
2017-12-19 22:00:00,133.637,134.775,133.591,134.609
2017-12-20 22:00:00,134.609,134.879,134.443,134.584
2017-12-21 22:00:00,134.584,134.596,133.901,134.400
2017-12-25 22:00:00,134.468,134.554,134.202,134.253
2017-12-26 22:00:00,134.259,134.970,134.162,134.708
2017-12-27 22:00:00,134.708,134.978,134.459,134.824
2017-12-28 22:00:00,134.824,135.515,134.541,135.189
2018-01-01 22:00:00,135.220,135.632,134.935,135.365
2018-01-02 22:00:00,135.371,135.505,134.803,135.151
2018-01-03 22:00:00,135.150,136.366,135.000,136.050
2018-01-04 22:00:00,136.054,136.635,135.980,136.025
2018-01-07 22:00:00,136.058,136.322,135.126,135.307
2018-01-08 22:00:00,135.315,135.473,134.050,134.428
2018-01-09 22:00:00,134.428,134.555,133.077,133.105
2018-01-10 22:00:00,133.105,134.350,133.045,133.816
2018-01-11 22:00:00,133.816,135.549,133.778,135.499
2018-01-14 22:00:00,135.437,135.986,135.016,135.522
2018-01-15 22:00:00,135.522,136.095,134.977,135.379
2018-01-16 22:00:00,135.379,135.984,135.154,135.580
2018-01-17 22:00:00,135.590,136.310,135.455,135.920
2018-01-18 22:00:00,135.920,136.048,135.183,135.421
2018-01-21 22:00:00,135.575,136.145,135.344,135.990
2018-01-22 22:00:00,135.990,136.215,135.200,135.637
2018-01-23 22:00:00,135.640,135.674,134.916,135.515
2018-01-24 22:00:00,135.511,136.293,135.038,135.583
2018-01-25 22:00:00,135.583,136.138,134.540,134.946
2018-01-28 22:00:00,135.028,135.342,134.325,134.882
2018-01-29 22:00:00,134.884,135.206,134.127,134.889
2018-01-30 22:00:00,134.886,136.050,134.802,135.519
2018-01-31 22:00:00,135.519,136.959,135.428,136.811
2018-02-01 22:00:00,136.811,137.500,136.665,137.219
2018-02-04 22:00:00,137.007,137.196,134.881,134.884
2018-02-05 22:00:00,134.899,135.793,133.973,135.573
2018-02-06 22:00:00,135.573,135.841,133.818,134.033
2018-02-07 22:00:00,134.050,134.796,132.935,133.173
2018-02-08 22:00:00,133.173,134.170,131.984,133.306
2018-02-11 22:00:00,133.295,133.644,132.898,133.517
2018-02-12 22:00:00,133.517,133.788,132.518,133.138
2018-02-13 22:00:00,133.138,133.384,131.603,133.181
2018-02-14 22:00:00,133.240,133.278,132.505,132.693
2018-02-15 22:00:00,132.694,133.101,131.809,131.895
2018-02-18 22:00:00,131.813,132.376,131.805,132.227
2018-02-19 22:00:00,132.231,132.509,132.115,132.395
2018-02-20 22:00:00,132.400,133.057,132.262,132.357
2018-02-21 22:00:00,132.359,132.381,131.287,131.597
2018-02-22 22:00:00,131.602,131.848,130.933,131.407
2018-02-25 22:00:00,131.667,131.747,131.077,131.655
2018-02-26 22:00:00,131.655,132.186,131.270,131.273
2018-02-27 22:00:00,131.273,131.517,130.040,130.053
2018-02-28 22:00:00,130.063,130.792,129.762,130.274
2018-03-01 22:00:00,130.274,130.439,129.560,130.243
2018-03-04 22:00:00,130.037,131.010,129.350,130.996
2018-03-05 22:00:00,130.997,132.015,130.598,131.613
2018-03-06 22:00:00,131.613,131.743,130.919,131.600
2018-03-07 22:00:00,131.604,131.981,130.515,130.725
2018-03-08 22:00:00,130.774,131.890,130.676,131.422
2018-03-11 22:00:00,131.436,131.692,130.964,131.278
2018-03-12 22:00:00,131.274,132.429,131.109,131.905
2018-03-13 22:00:00,131.905,132.279,131.019,131.481
2018-03-14 22:00:00,131.481,131.538,130.561,130.835
2018-03-15 22:00:00,130.840,130.887,130.074,130.274
2018-03-18 22:00:00,130.209,131.068,129.605,130.790
2018-03-19 22:00:00,130.790,131.717,130.339,130.424
2018-03-20 22:00:00,130.426,131.062,130.190,130.866
2018-03-21 22:00:00,130.867,131.017,129.494,129.595
2018-03-22 22:00:00,129.598,129.973,128.946,129.391
2018-03-25 21:00:00,129.273,131.376,129.259,131.152
2018-03-26 21:00:00,131.206,131.814,130.580,130.627
2018-03-27 21:00:00,130.627,131.712,130.573,131.468
2018-03-28 21:00:00,131.456,131.602,130.610,130.889
2018-03-29 21:00:00,130.912,131.083,130.616,130.925
2018-04-01 21:00:00,130.800,131.294,129.977,130.264
2018-04-02 21:00:00,130.256,130.920,129.983,130.805
2018-04-03 21:00:00,130.795,131.192,130.229,131.099
2018-04-04 21:00:00,131.085,131.497,131.051,131.434
2018-04-05 21:00:00,131.432,131.617,131.085,131.330
2018-04-08 21:00:00,131.302,131.993,131.106,131.513
2018-04-09 21:00:00,131.503,132.618,131.422,132.449
2018-04-10 21:00:00,132.449,132.607,132.026,132.066
2018-04-11 21:00:00,132.048,132.335,131.803,132.268
2018-04-12 21:00:00,132.248,132.898,132.170,132.365
2018-04-15 21:00:00,132.462,132.970,132.111,132.598
2018-04-16 21:00:00,132.584,132.768,132.105,132.362
2018-04-17 21:00:00,132.361,132.906,132.303,132.677
2018-04-18 21:00:00,132.666,133.089,132.350,132.534
2018-04-19 21:00:00,132.532,132.974,132.039,132.288
2018-04-22 21:00:00,132.202,132.785,132.106,132.703
2018-04-23 21:00:00,132.694,133.484,132.611,133.105
2018-04-24 21:00:00,133.099,133.336,132.913,133.072
2018-04-25 21:00:00,133.055,133.251,132.287,132.297
2018-04-26 21:00:00,132.267,132.393,131.884,132.272
2018-04-29 21:00:00,132.231,132.541,131.858,132.032
2018-04-30 21:00:00,132.037,132.133,131.572,131.776
2018-05-01 21:00:00,131.776,132.112,131.253,131.304
2018-05-02 21:00:00,131.303,131.670,130.266,130.907
2018-05-03 21:00:00,130.907,130.945,129.895,130.494
2018-05-06 21:00:00,130.418,130.590,129.950,130.059
2018-05-07 21:00:00,130.059,130.118,129.231,129.467
2018-05-08 21:00:00,129.467,130.485,129.353,130.048
2018-05-09 21:00:00,130.048,130.763,129.943,130.412
2018-05-10 21:00:00,130.404,130.684,129.996,130.616
2018-05-13 21:00:00,130.547,131.375,130.417,130.765
2018-05-14 21:00:00,130.765,131.136,130.439,130.614
2018-05-15 21:00:00,130.554,130.675,129.531,130.337
2018-05-16 21:00:00,130.333,130.847,130.228,130.616
2018-05-17 21:00:00,130.616,131.123,130.238,130.354
2018-05-20 21:00:00,130.496,131.004,130.372,130.931
2018-05-21 21:00:00,130.898,131.346,130.596,130.622
2018-05-22 21:00:00,130.611,130.663,128.231,128.733
2018-05-23 21:00:00,128.686,128.875,127.718,128.027
2018-05-24 21:00:00,128.026,128.524,127.150,127.424
2018-05-27 21:00:00,128.207,128.535,126.855,127.175
2018-05-28 21:00:00,127.132,127.278,124.618,125.485
2018-05-29 21:00:00,125.413,127.317,124.979,127.009
2018-05-30 21:00:00,126.985,127.719,126.324,127.208
2018-05-31 21:00:00,127.187,128.134,127.124,127.702
2018-06-03 21:00:00,127.543,128.686,127.543,128.445
2018-06-04 21:00:00,128.420,128.697,127.791,128.654
2018-06-05 21:00:00,128.627,129.826,128.560,129.715
2018-06-06 21:00:00,129.720,130.274,129.300,129.416
2018-06-07 21:00:00,129.401,129.728,128.108,128.893
2018-06-10 21:00:00,128.690,130.057,128.676,129.649
2018-06-11 21:00:00,129.623,130.275,129.499,129.629
2018-06-12 21:00:00,129.629,130.342,129.611,130.090
2018-06-13 21:00:00,130.070,130.353,127.897,127.932
2018-06-14 21:00:00,127.956,128.497,127.697,128.463
2018-06-17 21:00:00,128.267,128.495,127.810,128.490
2018-06-18 21:00:00,128.490,128.510,126.640,127.526
2018-06-19 21:00:00,127.522,127.935,127.085,127.686
2018-06-20 21:00:00,127.668,128.028,126.984,127.580
2018-06-21 21:00:00,127.556,128.597,127.474,128.205
2018-06-24 21:00:00,128.135,128.830,127.282,128.435
2018-06-25 21:00:00,128.434,128.463,127.796,128.130
2018-06-26 21:00:00,128.129,128.343,127.256,127.365
2018-06-27 21:00:00,127.360,127.920,127.139,127.812
2018-06-28 21:00:00,127.813,129.466,127.656,129.333
2018-07-01 21:00:00,129.202,129.497,128.415,129.066
2018-07-02 21:00:00,129.053,129.561,128.726,128.858
2018-07-03 21:00:00,128.866,128.962,128.497,128.742
2018-07-04 21:00:00,128.737,129.627,128.571,129.286
2018-07-05 21:00:00,129.289,129.966,129.166,129.716
2018-07-08 21:00:00,129.534,130.264,129.534,130.233
2018-07-09 21:00:00,130.211,130.738,130.094,130.345
2018-07-10 21:00:00,130.355,130.959,129.908,130.711
2018-07-11 21:00:00,130.692,131.475,130.661,131.342
2018-07-12 21:00:00,131.272,131.531,130.802,131.312
2018-07-15 21:00:00,131.164,131.695,131.056,131.483
2018-07-16 21:00:00,131.446,131.982,131.438,131.610
2018-07-17 21:00:00,131.597,131.772,130.876,131.347
2018-07-18 21:00:00,131.316,131.427,130.722,130.895
2018-07-19 21:00:00,130.897,131.207,130.543,130.638
2018-07-22 21:00:00,130.602,130.736,129.853,130.178
2018-07-23 21:00:00,130.178,130.371,129.732,129.919
2018-07-24 21:00:00,129.921,130.263,129.401,130.142
2018-07-25 21:00:00,130.146,130.257,129.435,129.504
2018-07-26 21:00:00,129.482,129.509,129.118,129.449
2018-07-29 21:00:00,129.295,130.064,129.245,129.949
2018-07-30 21:00:00,129.946,131.139,129.676,130.782
2018-07-31 21:00:00,130.763,131.096,130.020,130.257
2018-08-01 21:00:00,130.248,130.287,129.239,129.329
2018-08-02 21:00:00,129.329,129.525,128.627,128.696
2018-08-05 21:00:00,128.661,128.875,128.497,128.701
2018-08-06 21:00:00,128.699,129.223,128.584,129.171
2018-08-07 21:00:00,129.150,129.451,128.549,128.839
2018-08-08 21:00:00,128.855,129.002,128.029,128.035
2018-08-09 21:00:00,128.028,128.103,126.000,126.580
2018-08-12 21:00:00,125.592,126.771,125.136,126.293
2018-08-13 21:00:00,126.257,126.982,125.799,126.077
2018-08-14 21:00:00,126.058,126.362,124.893,125.623
2018-08-15 21:00:00,125.626,126.480,125.274,126.152
2018-08-16 21:00:00,126.145,126.599,125.570,126.395
2018-08-19 21:00:00,126.483,126.486,126.066,126.369
2018-08-20 21:00:00,126.362,128.047,126.253,127.590
2018-08-21 21:00:00,127.534,128.266,127.340,128.188
2018-08-22 21:00:00,128.177,128.758,127.909,128.415
2018-08-23 21:00:00,128.414,129.410,128.353,129.282
2018-08-26 21:00:00,129.298,129.827,128.785,129.705
2018-08-27 21:00:00,129.684,130.265,129.630,130.017
2018-08-28 21:00:00,130.019,130.842,129.573,130.730
2018-08-29 21:00:00,130.744,130.858,129.408,129.503
2018-08-30 21:00:00,129.444,129.839,128.549,128.926
2018-09-02 21:00:00,128.765,129.142,128.564,129.010
2018-09-03 21:00:00,128.987,129.190,128.310,128.968
2018-09-04 21:00:00,128.962,129.973,128.590,129.689
2018-09-05 21:00:00,129.699,129.831,128.487,128.707
2018-09-06 21:00:00,128.695,129.096,128.010,128.286
2018-09-09 21:00:00,128.220,129.062,127.854,128.791
2018-09-10 21:00:00,128.792,129.820,128.749,129.532
2018-09-11 21:00:00,129.515,129.801,128.927,129.336
2018-09-12 21:00:00,129.377,130.933,129.250,130.837
2018-09-13 21:00:00,130.830,131.105,130.170,130.223
2018-09-16 21:00:00,130.171,131.035,130.090,130.667
2018-09-17 21:00:00,130.662,131.491,130.290,131.057
2018-09-18 21:00:00,131.061,131.673,130.773,131.049
2018-09-19 21:00:00,131.040,132.512,130.904,132.474
2018-09-20 21:00:00,132.473,133.125,132.148,132.247
2018-09-23 21:00:00,132.034,133.062,131.896,132.511
2018-09-24 21:00:00,132.511,133.103,132.360,132.917
2018-09-25 21:00:00,132.914,133.109,132.222,132.342
2018-09-26 21:00:00,132.341,132.669,131.567,131.959
2018-09-27 21:00:00,131.975,132.298,131.173,131.889
2018-09-30 21:00:00,132.085,132.454,131.728,131.846
2018-10-01 21:00:00,131.862,131.989,130.704,131.222
2018-10-02 21:00:00,131.180,131.968,130.960,131.447
2018-10-03 21:00:00,131.421,131.568,130.736,131.147
2018-10-04 21:00:00,131.122,131.406,130.593,130.974
2018-10-07 21:00:00,131.084,131.242,129.502,130.103
2018-10-08 21:00:00,130.100,130.222,129.331,129.782
2018-10-09 21:00:00,129.775,130.494,129.288,129.315
2018-10-10 21:00:00,129.332,130.208,129.200,130.021
2018-10-11 21:00:00,129.907,130.491,129.349,129.685
2018-10-14 21:00:00,129.385,129.791,129.116,129.404
2018-10-15 21:00:00,129.404,130.290,129.398,129.911
2018-10-16 21:00:00,129.908,130.149,129.164,129.535
2018-10-17 21:00:00,129.533,129.723,128.312,128.474
2018-10-18 21:00:00,128.458,129.675,128.405,129.574
2018-10-21 21:00:00,129.629,130.193,129.194,129.324
2018-10-22 21:00:00,129.329,129.373,128.202,128.966
2018-10-23 21:00:00,128.965,129.210,127.759,127.862
2018-10-24 21:00:00,127.829,128.432,127.487,127.848
2018-10-25 21:00:00,127.837,127.878,126.624,127.551
2018-10-28 22:00:00,127.534,128.227,127.241,127.769
2018-10-29 22:00:00,127.768,128.432,127.725,128.276
2018-10-30 22:00:00,128.276,128.536,127.649,127.760
2018-10-31 22:00:00,127.760,128.757,127.608,128.438
2018-11-01 22:00:00,128.438,129.318,128.360,128.864
2018-11-04 22:00:00,128.815,129.317,128.591,129.106
2018-11-05 22:00:00,129.108,129.630,128.844,129.590
2018-11-06 22:00:00,129.590,130.139,129.382,129.661
2018-11-07 22:00:00,129.709,130.119,129.381,129.604
2018-11-08 22:00:00,129.610,129.629,128.731,128.862
2018-11-11 22:00:00,128.793,129.180,127.643,127.692
2018-11-12 22:00:00,127.687,128.746,127.489,128.470
2018-11-13 22:00:00,128.488,129.221,128.120,128.464
2018-11-14 22:00:00,128.499,129.044,127.759,128.699
2018-11-15 22:00:00,128.693,128.887,128.117,128.751
2018-11-18 22:00:00,128.690,129.057,128.456,128.890
2018-11-19 22:00:00,128.901,129.028,128.000,128.207
2018-11-20 22:00:00,128.207,129.069,128.112,128.714
2018-11-21 22:00:00,128.729,129.094,128.619,128.765
2018-11-22 22:00:00,128.799,128.912,127.811,127.941
2018-11-25 22:00:00,128.023,128.909,127.920,128.649
2018-11-26 22:00:00,128.648,128.838,128.346,128.429
2018-11-27 22:00:00,128.451,129.251,128.241,129.199
2018-11-28 22:00:00,129.205,129.289,128.666,129.273
2018-11-29 22:00:00,129.272,129.285,128.379,128.394
2018-12-02 22:00:00,129.043,129.142,128.534,129.020
2018-12-03 22:00:00,129.013,129.019,127.609,127.915
2018-12-04 22:00:00,127.907,128.484,127.782,128.404
2018-12-05 22:00:00,128.404,128.427,127.664,128.187
2018-12-06 22:00:00,128.186,128.664,127.918,128.413
2018-12-09 22:00:00,128.199,128.929,128.163,128.687
2018-12-10 22:00:00,128.662,128.976,128.168,128.293
2018-12-11 22:00:00,128.329,128.858,128.237,128.774
2018-12-12 22:00:00,128.765,129.246,128.697,129.063
2018-12-13 22:00:00,129.033,129.110,127.977,128.171
2018-12-16 22:00:00,128.099,128.584,127.855,128.023
2018-12-17 22:00:00,128.022,128.105,127.634,127.820
2018-12-18 22:00:00,127.863,128.369,127.534,127.947
2018-12-19 22:00:00,127.949,128.380,127.208,127.382
2018-12-20 22:00:00,127.384,127.676,126.366,126.382
2018-12-23 22:00:00,126.397,126.734,125.781,125.915
2018-12-25 22:00:00,126.029,126.439,125.792,126.410
2018-12-26 22:00:00,126.411,127.084,125.981,126.900
2018-12-27 22:00:00,126.909,127.007,126.116,126.195
2018-12-30 22:00:00,126.117,126.429,125.393,125.607
2019-01-01 22:00:00,125.265,125.565,123.513,123.531
2019-01-02 22:00:00,123.538,123.807,118.586,122.640
2019-01-03 22:00:00,122.638,123.848,122.573,123.644
2019-01-06 22:00:00,123.628,124.791,123.396,124.735
2019-01-07 22:00:00,124.743,124.852,124.113,124.394
2019-01-08 22:00:00,124.392,125.090,124.350,124.825
2019-01-09 22:00:00,124.828,125.064,124.356,124.691
2019-01-10 22:00:00,124.696,124.989,124.227,124.419
2019-01-13 22:00:00,124.311,124.422,123.760,124.029
2019-01-14 22:00:00,124.041,124.845,123.390,124.024
2019-01-15 22:00:00,124.038,124.407,123.516,124.274
2019-01-16 22:00:00,124.266,124.670,123.730,124.406
2019-01-17 22:00:00,124.403,124.964,124.220,124.736
2019-01-20 22:00:00,124.577,124.819,124.502,124.626
2019-01-21 22:00:00,124.627,124.702,124.036,124.238
2019-01-22 22:00:00,124.223,124.931,124.198,124.729
2019-01-23 22:00:00,124.733,124.891,123.780,123.936
2019-01-24 22:00:00,123.959,125.309,123.778,124.930
2019-01-27 22:00:00,124.882,125.029,124.591,124.918
2019-01-28 22:00:00,124.919,125.229,124.677,125.054
2019-01-29 22:00:00,125.022,125.458,124.876,125.159
2019-01-30 22:00:00,125.159,125.288,124.486,124.614
2019-01-31 22:00:00,124.598,125.727,124.355,125.391
2019-02-03 22:00:00,125.402,125.939,125.349,125.665
2019-02-04 22:00:00,125.671,125.865,125.272,125.403
2019-02-05 22:00:00,125.395,125.447,124.807,124.942
2019-02-06 22:00:00,124.943,125.061,124.340,124.510
2019-02-07 22:00:00,124.515,124.687,124.165,124.273
2019-02-10 22:00:00,124.225,124.870,124.225,124.449
2019-02-11 22:00:00,124.444,125.263,124.369,125.111
2019-02-12 22:00:00,125.135,125.531,124.987,124.988
2019-02-13 22:00:00,124.991,125.446,124.734,124.782
2019-02-14 22:00:00,124.788,124.857,124.223,124.680
2019-02-17 22:00:00,124.697,125.264,124.689,125.070
2019-02-18 22:00:00,125.071,125.532,124.761,125.441
2019-02-19 22:00:00,125.423,125.928,125.342,125.663
2019-02-20 22:00:00,125.663,125.862,125.316,125.474
2019-02-21 22:00:00,125.451,125.768,125.358,125.379
2019-02-24 22:00:00,125.402,126.295,125.348,126.123
2019-02-25 22:00:00,126.119,126.219,125.709,125.931
2019-02-26 22:00:00,125.927,126.340,125.529,126.184
2019-02-27 22:00:00,126.183,126.898,125.881,126.642
2019-02-28 22:00:00,126.643,127.491,126.594,127.172
2019-03-03 22:00:00,127.232,127.374,126.436,126.700
2019-03-04 22:00:00,126.709,126.928,126.353,126.511
2019-03-05 22:00:00,126.501,126.527,126.166,126.354
2019-03-06 22:00:00,126.365,126.421,124.662,124.880
2019-03-07 22:00:00,124.895,125.020,124.267,124.861
2019-03-10 22:00:00,124.870,125.197,124.474,125.097
2019-03-11 22:00:00,125.098,125.820,125.062,125.676
2019-03-12 22:00:00,125.676,126.087,125.447,126.072
2019-03-13 22:00:00,126.072,126.557,125.927,126.210
2019-03-14 22:00:00,126.211,126.564,126.113,126.205
2019-03-17 22:00:00,126.218,126.685,126.139,126.325
2019-03-18 22:00:00,126.324,126.608,126.085,126.450
2019-03-19 22:00:00,126.449,126.782,126.236,126.379
2019-03-20 22:00:00,126.377,126.596,125.677,126.064
2019-03-21 22:00:00,126.065,126.172,123.814,124.205
2019-03-24 22:00:00,124.246,124.811,123.870,124.407
2019-03-25 22:00:00,124.407,125.003,124.403,124.660
2019-03-26 22:00:00,124.659,124.730,124.042,124.264
2019-03-27 22:00:00,124.264,124.420,123.645,124.192
2019-03-28 22:00:00,124.196,124.631,124.136,124.275
2019-03-31 21:00:00,124.653,124.945,124.429,124.844
2019-04-01 21:00:00,124.848,124.885,124.469,124.716
2019-04-02 21:00:00,124.714,125.441,124.601,125.221
2019-04-03 21:00:00,125.227,125.385,124.960,125.279
2019-04-04 21:00:00,125.274,125.502,125.206,125.276
2019-04-07 21:00:00,125.222,125.610,124.977,125.528
2019-04-08 21:00:00,125.526,125.611,125.124,125.160
2019-04-09 21:00:00,125.182,125.444,124.771,125.137
2019-04-10 21:00:00,125.151,125.708,124.998,125.647
2019-04-11 21:00:00,125.647,126.759,125.606,126.532
2019-04-14 21:00:00,126.527,126.785,126.485,126.632
2019-04-15 21:00:00,126.636,126.675,126.191,126.331
2019-04-16 21:00:00,126.354,126.802,126.273,126.545
2019-04-17 21:00:00,126.586,126.597,125.644,125.720
2019-04-18 21:00:00,125.718,125.875,125.665,125.745
2019-04-21 21:00:00,125.748,126.061,125.727,126.003
2019-04-22 21:00:00,126.000,126.050,125.272,125.576
2019-04-23 21:00:00,125.576,125.597,124.797,125.115
2019-04-24 21:00:00,125.115,125.225,124.203,124.330
2019-04-25 21:00:00,124.339,124.709,124.083,124.400
2019-04-28 21:00:00,124.294,125.090,124.294,124.936
2019-04-29 21:00:00,124.922,125.084,124.466,125.007
2019-04-30 21:00:00,125.020,125.225,124.725,124.734
2019-05-01 21:00:00,124.740,125.116,124.546,124.582
2019-05-02 21:00:00,124.583,124.648,124.272,124.457
2019-05-05 21:00:00,123.562,124.289,123.353,124.041
2019-05-06 21:00:00,124.040,124.246,123.100,123.365
2019-05-07 21:00:00,123.378,123.510,123.101,123.208
2019-05-08 21:00:00,123.208,123.258,122.478,123.084
2019-05-09 21:00:00,123.053,123.608,122.987,123.528
2019-05-12 21:00:00,123.289,123.452,122.541,122.650
2019-05-13 21:00:00,122.688,123.393,122.570,122.792
2019-05-14 21:00:00,122.787,123.083,122.072,122.739
2019-05-15 21:00:00,122.750,122.957,122.532,122.735
2019-05-16 21:00:00,122.719,122.989,122.266,122.765
2019-05-19 21:00:00,122.867,123.184,122.528,122.887
2019-05-20 21:00:00,122.878,123.739,122.666,123.310
2019-05-21 21:00:00,123.310,123.501,122.974,123.035
2019-05-22 21:00:00,123.041,123.072,122.139,122.538
2019-05-23 21:00:00,122.548,122.817,122.409,122.450
2019-05-26 21:00:00,122.567,122.797,122.461,122.560
2019-05-27 21:00:00,122.561,122.695,121.994,122.048
2019-05-28 21:00:00,122.045,122.204,121.572,121.976
2019-05-29 21:00:00,121.974,122.251,121.894,121.992
2019-05-30 21:00:00,121.994,122.090,120.911,120.918
2019-06-02 21:00:00,120.908,121.643,120.776,121.465
2019-06-03 21:00:00,121.464,121.779,121.295,121.672
2019-06-04 21:00:00,121.679,122.257,121.483,121.694
2019-06-05 21:00:00,121.680,122.389,121.231,122.214
2019-06-06 21:00:00,122.203,122.708,122.091,122.607
2019-06-09 21:00:00,122.799,122.915,122.617,122.656
2019-06-10 21:00:00,122.653,123.170,122.615,122.903
2019-06-11 21:00:00,122.894,122.996,122.410,122.465
2019-06-12 21:00:00,122.458,122.554,122.128,122.207
2019-06-13 21:00:00,122.183,122.257,121.584,121.685
2019-06-16 21:00:00,121.587,122.118,121.558,121.757
2019-06-17 21:00:00,121.749,121.863,121.055,121.376
2019-06-18 21:00:00,121.382,121.647,121.162,121.355
2019-06-19 21:00:00,121.351,121.914,121.079,121.154
2019-06-20 21:00:00,121.140,122.117,120.942,122.032
2019-06-23 21:00:00,121.992,122.389,121.963,122.287
2019-06-24 21:00:00,122.289,122.458,121.644,121.801
2019-06-25 21:00:00,121.819,122.622,121.762,122.534
2019-06-26 21:00:00,122.520,122.887,122.394,122.545
2019-06-27 21:00:00,122.524,122.777,122.274,122.680
2019-06-30 21:00:00,122.663,123.350,122.348,122.368
2019-07-01 21:00:00,122.363,122.528,121.716,121.726
2019-07-02 21:00:00,121.732,121.821,121.306,121.590
2019-07-03 21:00:00,121.591,121.711,121.529,121.656
2019-07-04 21:00:00,121.655,121.924,121.266,121.756
2019-07-07 21:00:00,121.612,121.971,121.508,121.919
2019-07-08 21:00:00,121.919,122.130,121.847,121.999
2019-07-09 21:00:00,121.998,122.317,121.950,122.023
2019-07-10 21:00:00,122.021,122.143,121.622,122.098
2019-07-11 21:00:00,122.098,122.229,121.513,121.583
2019-07-14 21:00:00,121.541,121.851,121.417,121.478
2019-07-15 21:00:00,121.472,121.679,121.096,121.329
2019-07-16 21:00:00,121.328,121.483,121.154,121.156
2019-07-17 21:00:00,121.154,121.224,120.779,120.982
2019-07-18 21:00:00,120.968,121.280,120.808,120.869
2019-07-21 21:00:00,120.826,121.164,120.800,120.901
2019-07-22 21:00:00,120.897,121.088,120.492,120.669
2019-07-23 21:00:00,120.663,120.707,120.206,120.509
2019-07-24 21:00:00,120.496,121.373,120.049,121.081
2019-07-25 21:00:00,121.074,121.194,120.794,120.920
2019-07-28 21:00:00,120.822,121.304,120.733,121.233
2019-07-29 21:00:00,121.233,121.378,120.880,121.133
2019-07-30 21:00:00,121.122,121.188,120.349,120.458
2019-07-31 21:00:00,120.461,120.709,118.913,118.983
2019-08-01 21:00:00,118.983,119.119,118.261,118.374
2019-08-04 21:00:00,118.257,118.930,117.670,118.689
2019-08-05 21:00:00,118.684,119.870,118.367,119.208
2019-08-06 21:00:00,119.211,119.275,118.434,119.000
2019-08-07 21:00:00,118.994,119.163,118.489,118.598
2019-08-08 21:00:00,118.585,118.737,118.084,118.345
2019-08-11 21:00:00,118.152,118.398,117.515,118.069
2019-08-12 21:00:00,118.067,119.583,117.684,119.243
2019-08-13 21:00:00,119.244,119.278,117.782,117.955
2019-08-14 21:00:00,117.954,118.971,117.622,117.868
2019-08-15 21:00:00,117.820,118.163,117.574,117.954
2019-08-18 21:00:00,117.744,118.473,117.744,118.127
2019-08-19 21:00:00,118.115,118.265,117.577,117.905
2019-08-20 21:00:00,117.903,118.328,117.885,118.176
2019-08-21 21:00:00,118.162,118.300,117.729,117.920
2019-08-22 21:00:00,117.915,118.162,117.258,117.389
2019-08-25 21:00:00,117.064,118.196,116.560,117.804
2019-08-26 21:00:00,117.816,117.838,117.205,117.267
2019-08-27 21:00:00,117.259,117.675,117.102,117.549
2019-08-28 21:00:00,117.542,117.933,117.276,117.769
2019-08-29 21:00:00,117.752,117.817,116.624,116.776
2019-09-01 21:00:00,116.470,116.776,116.346,116.508
2019-09-02 21:00:00,116.522,116.555,115.863,116.232
2019-09-03 21:00:00,116.239,117.431,116.131,117.390
2019-09-04 21:00:00,117.392,118.610,117.276,117.995
2019-09-05 21:00:00,118.002,118.264,117.807,117.854
2019-09-08 21:00:00,117.742,118.508,117.736,118.469
2019-09-09 21:00:00,118.449,118.781,118.270,118.762
2019-09-10 21:00:00,118.760,119.169,118.296,118.692
2019-09-11 21:00:00,118.695,119.820,117.550,119.589
2019-09-12 21:00:00,119.596,120.007,119.535,119.669
2019-09-15 21:00:00,119.682,119.682,118.683,118.933
2019-09-16 21:00:00,118.907,119.771,118.871,119.716
2019-09-17 21:00:00,119.691,119.821,119.406,119.612
2019-09-18 21:00:00,119.600,119.666,118.951,119.255
2019-09-19 21:00:00,119.261,119.377,118.450,118.530
2019-09-22 21:00:00,118.646,118.788,117.752,118.213
2019-09-23 21:00:00,118.213,118.555,117.887,117.953
2019-09-24 21:00:00,117.963,118.195,117.789,117.915
2019-09-25 21:00:00,117.907,118.050,117.515,117.738
2019-09-26 21:00:00,117.749,118.471,117.444,118.089
2019-09-29 21:00:00,118.101,118.180,117.540,117.783
2019-09-30 21:00:00,117.783,118.169,117.674,117.759
2019-10-01 21:00:00,117.762,118.000,117.324,117.456
2019-10-02 21:00:00,117.450,117.649,117.070,117.205
2019-10-03 21:00:00,117.199,117.487,117.084,117.350
2019-10-06 21:00:00,117.112,117.902,117.083,117.656
2019-10-07 21:00:00,117.635,117.969,117.128,117.302
2019-10-08 21:00:00,117.298,118.092,117.205,117.912
2019-10-09 21:00:00,117.889,118.940,117.569,118.814
2019-10-10 21:00:00,118.815,120.005,118.716,119.659
2019-10-13 21:00:00,119.492,119.708,119.186,119.515
2019-10-14 21:00:00,119.515,120.223,119.104,120.085
2019-10-15 21:00:00,120.085,120.469,119.743,120.416
2019-10-16 21:00:00,120.416,121.354,120.332,120.846
2019-10-17 21:00:00,120.848,121.119,120.669,121.065
2019-10-20 21:00:00,120.952,121.471,120.781,121.092
2019-10-21 21:00:00,121.090,121.283,120.577,120.679
2019-10-22 21:00:00,120.679,121.051,120.383,120.974
2019-10-23 21:00:00,120.974,121.384,120.426,120.601
2019-10-24 21:00:00,120.601,120.800,120.352,120.400
2019-10-27 22:00:00,120.439,120.988,120.399,120.946
2019-10-28 22:00:00,120.948,121.061,120.573,120.993
2019-10-29 22:00:00,120.993,121.433,120.876,121.399
2019-10-30 22:00:00,121.399,121.468,120.285,120.463
2019-10-31 22:00:00,120.463,120.937,120.359,120.789
2019-11-03 22:00:00,120.776,121.105,120.772,120.806
2019-11-04 22:00:00,120.805,121.298,120.687,120.869
2019-11-05 22:00:00,120.868,120.908,120.470,120.578
2019-11-06 22:00:00,120.577,121.113,120.136,120.756
2019-11-07 22:00:00,120.746,120.874,120.214,120.366
2019-11-10 22:00:00,120.374,120.419,120.068,120.298
2019-11-11 22:00:00,120.295,120.635,119.943,119.991
2019-11-12 22:00:00,119.991,120.181,119.576,119.768
2019-11-13 22:00:00,119.768,119.809,119.247,119.487
2019-11-14 22:00:00,119.486,120.314,119.436,120.194
2019-11-17 22:00:00,120.182,120.684,120.091,120.318
2019-11-18 22:00:00,120.318,120.493,119.999,120.235
2019-11-19 22:00:00,120.234,120.404,119.848,120.241
2019-11-20 22:00:00,120.214,120.575,119.939,120.102
2019-11-21 22:00:00,120.100,120.483,119.660,119.701
2019-11-24 22:00:00,119.647,120.114,119.632,119.970
2019-11-25 22:00:00,119.956,120.250,119.913,120.140
2019-11-26 22:00:00,120.129,120.593,120.058,120.463
2019-11-27 22:00:00,120.458,120.584,120.322,120.515
2019-11-28 22:00:00,120.534,120.759,120.410,120.582
2019-12-01 22:00:00,120.442,121.014,120.434,120.719
2019-12-02 22:00:00,120.717,120.957,120.244,120.372
2019-12-03 22:00:00,120.370,120.811,120.100,120.585
2019-12-04 22:00:00,120.585,120.886,120.554,120.754
2019-12-05 22:00:00,120.752,120.784,120.001,120.066
2019-12-08 22:00:00,120.099,120.269,119.991,120.100
2019-12-09 22:00:00,120.094,120.685,120.078,120.589
2019-12-10 22:00:00,120.580,120.925,120.371,120.812
2019-12-11 22:00:00,120.807,121.726,120.753,121.643
2019-12-12 22:00:00,121.666,122.647,121.382,121.559
2019-12-15 22:00:00,121.641,122.228,121.607,122.073
2019-12-16 22:00:00,122.073,122.458,121.926,122.068
2019-12-17 22:00:00,122.068,122.157,121.729,121.745
2019-12-18 22:00:00,121.729,122.048,121.420,121.623
2019-12-19 22:00:00,121.611,121.691,121.190,121.212
2019-12-22 22:00:00,121.204,121.350,121.080,121.297
2019-12-23 22:00:00,121.280,121.372,121.059,121.194
2019-12-25 22:00:00,121.484,121.780,121.414,121.662
2019-12-26 22:00:00,121.660,122.498,121.578,122.390
2019-12-29 22:00:00,122.390,122.486,121.869,121.947
2019-12-30 22:00:00,121.947,122.093,121.725,121.913
2020-01-01 22:00:00,121.901,122.014,120.977,121.300
2020-01-02 22:00:00,121.275,121.375,120.166,120.591
2020-01-05 22:00:00,120.393,121.396,120.273,121.337
2020-01-06 22:00:00,121.306,121.444,120.781,120.951
2020-01-07 22:00:00,120.951,121.378,120.168,121.161
2020-01-08 22:00:00,121.159,121.689,121.097,121.633
2020-01-09 22:00:00,121.632,121.835,121.521,121.778
2020-01-12 22:00:00,121.514,122.489,121.514,122.403
2020-01-13 22:00:00,122.319,122.761,122.184,122.379
2020-01-14 22:00:00,122.383,122.717,122.194,122.525
2020-01-15 22:00:00,122.523,122.871,122.480,122.654
2020-01-16 22:00:00,122.652,122.838,122.121,122.163
2020-01-19 22:00:00,122.145,122.314,122.032,122.229
2020-01-20 22:00:00,122.231,122.368,121.711,121.749
2020-01-21 22:00:00,121.736,122.012,121.612,121.840
2020-01-22 22:00:00,121.840,121.875,120.630,121.020
2020-01-23 22:00:00,121.018,121.261,120.412,120.486
2020-01-26 22:00:00,120.125,120.397,119.902,119.986
2020-01-27 22:00:00,119.986,120.330,119.804,120.296
2020-01-28 22:00:00,120.255,120.416,119.886,120.018
2020-01-29 22:00:00,120.021,120.242,119.766,120.175
2020-01-30 22:00:00,120.178,120.401,120.021,120.207
2020-02-02 22:00:00,120.040,120.376,119.917,120.185
2020-02-03 22:00:00,120.170,120.980,120.061,120.949
2020-02-04 22:00:00,120.950,121.151,120.656,120.788
2020-02-05 22:00:00,120.785,121.019,120.565,120.786
2020-02-06 22:00:00,120.786,120.800,120.089,120.136
2020-02-09 22:00:00,120.054,120.336,119.675,119.776
2020-02-10 22:00:00,119.769,120.022,119.590,119.832
2020-02-11 22:00:00,119.824,120.301,119.608,119.706
2020-02-12 22:00:00,119.705,119.735,118.871,119.044
2020-02-13 22:00:00,119.038,119.227,118.861,118.894
2020-02-16 22:00:00,119.007,119.192,118.901,119.046
2020-02-17 22:00:00,119.045,119.064,118.462,118.560
2020-02-18 22:00:00,118.560,120.492,118.544,120.308
2020-02-19 22:00:00,120.308,121.394,120.091,120.887
2020-02-20 22:00:00,120.881,121.347,120.355,121.032
2020-02-23 22:00:00,120.457,121.065,119.898,120.157
2020-02-24 22:00:00,120.151,120.533,119.410,119.905
2020-02-25 22:00:00,119.904,120.583,119.751,120.141
2020-02-26 22:00:00,120.141,121.039,119.948,120.539
2020-02-27 22:00:00,120.539,120.656,118.372,119.185
2020-03-01 22:00:00,118.742,120.744,118.588,120.568
2020-03-02 22:00:00,120.566,120.946,119.525,119.627
2020-03-03 22:00:00,119.609,120.129,119.021,119.734
2020-03-04 22:00:00,119.733,119.997,118.988,119.310
2020-03-05 22:00:00,119.311,119.428,118.704,118.939
2020-03-08 22:00:00,118.475,118.679,116.115,116.985
2020-03-09 22:00:00,116.984,119.477,116.798,118.832
2020-03-10 22:00:00,118.819,119.217,117.400,117.546
2020-03-11 22:00:00,117.551,118.325,116.307,117.046
2020-03-12 22:00:00,116.935,120.317,116.866,119.893
2020-03-15 22:00:00,119.812,119.839,117.138,118.326
2020-03-16 22:00:00,118.293,119.679,117.293,118.415
2020-03-17 22:00:00,118.428,118.493,116.887,117.743
2020-03-18 22:00:00,117.744,119.318,117.397,118.186
2020-03-19 22:00:00,118.199,119.291,117.838,118.559
2020-03-22 22:00:00,118.458,119.931,117.718,119.254
2020-03-23 22:00:00,119.257,120.533,118.798,119.913
2020-03-24 22:00:00,119.920,121.141,119.515,120.843
2020-03-25 22:00:00,120.850,121.075,119.951,120.626
2020-03-26 22:00:00,120.630,120.814,118.797,120.295
2020-03-29 21:00:00,119.589,119.980,118.789,119.027
2020-03-30 21:00:00,118.958,119.699,118.191,118.622
2020-03-31 21:00:00,118.649,118.869,116.944,117.475
2020-04-01 21:00:00,117.475,117.712,116.347,117.061
2020-04-02 21:00:00,117.005,117.395,116.730,117.250
2020-04-05 21:00:00,117.099,118.303,117.066,117.845
2020-04-06 21:00:00,117.845,119.035,117.507,118.443
2020-04-07 21:00:00,118.443,118.690,117.913,118.122
2020-04-08 21:00:00,118.113,118.999,118.035,118.527
2020-04-09 21:00:00,118.447,118.728,118.360,118.486
2020-04-12 21:00:00,118.651,118.694,117.304,117.554
2020-04-13 21:00:00,117.554,117.938,117.303,117.729
2020-04-14 21:00:00,117.709,117.774,116.794,117.207
2020-04-15 21:00:00,117.154,117.501,116.551,116.970
2020-04-16 21:00:00,116.954,117.410,116.621,116.942
2020-04-19 21:00:00,116.677,117.287,116.677,116.887
2020-04-20 21:00:00,116.872,117.159,116.215,117.018
2020-04-21 21:00:00,117.020,117.217,116.442,116.612
2020-04-22 21:00:00,116.618,116.832,115.635,115.950
2020-04-23 21:00:00,115.950,116.363,115.542,116.346
2020-04-26 21:00:00,116.248,116.506,116.046,116.142
2020-04-27 21:00:00,116.113,116.266,115.603,115.621
2020-04-28 21:00:00,115.602,116.077,115.448,115.946
2020-04-29 21:00:00,115.943,117.775,115.544,117.319
2020-04-30 21:00:00,117.294,117.762,117.016,117.386
2020-05-03 21:00:00,117.258,117.275,116.263,116.385
2020-05-04 21:00:00,116.371,116.568,115.407,115.419
2020-05-05 21:00:00,115.427,115.599,114.427,114.509
2020-05-06 21:00:00,114.518,115.138,114.410,115.108
2020-05-07 21:00:00,115.095,115.742,115.032,115.613
2020-05-10 21:00:00,115.179,116.512,115.149,116.291
2020-05-11 21:00:00,116.283,116.856,115.957,116.176
2020-05-12 21:00:00,116.174,116.409,115.691,115.772
2020-05-13 21:00:00,115.764,115.924,115.323,115.854
2020-05-14 21:00:00,115.846,116.196,115.472,115.937
2020-05-17 21:00:00,115.875,117.237,115.636,117.122
2020-05-18 21:00:00,117.113,118.198,117.024,117.627
2020-05-19 21:00:00,117.618,118.202,117.517,118.038
2020-05-20 21:00:00,118.041,118.529,117.727,117.805
2020-05-21 21:00:00,117.765,117.975,116.994,117.314
2020-05-24 21:00:00,117.120,117.555,117.082,117.305
2020-05-25 21:00:00,117.279,118.334,117.273,118.047
2020-05-26 21:00:00,118.031,118.908,117.701,118.485
2020-05-27 21:00:00,118.479,119.391,118.448,119.205
2020-05-28 21:00:00,119.166,119.898,118.845,119.719
2020-05-31 21:00:00,119.739,119.972,119.421,119.787
2020-06-01 21:00:00,119.779,121.629,119.621,121.367
2020-06-02 21:00:00,121.363,122.623,121.265,122.315
2020-06-03 21:00:00,122.313,123.969,121.845,123.732
2020-06-04 21:00:00,123.708,124.430,123.490,123.696
2020-06-07 21:00:00,123.782,124.117,122.218,122.440
2020-06-08 21:00:00,122.438,122.603,121.327,122.175
2020-06-09 21:00:00,122.200,122.361,121.585,121.812
2020-06-10 21:00:00,121.658,121.901,120.649,120.726
2020-06-11 21:00:00,120.712,121.815,120.253,120.877
2020-06-14 21:00:00,120.396,121.632,120.332,121.518
2020-06-15 21:00:00,121.554,122.114,120.471,120.880
2020-06-16 21:00:00,120.861,121.230,120.148,120.299
2020-06-17 21:00:00,120.301,120.541,119.587,119.851
2020-06-18 21:00:00,119.852,120.211,119.370,119.441
2020-06-21 21:00:00,119.328,120.441,119.275,120.364
2020-06-22 21:00:00,120.365,121.098,119.904,120.447
2020-06-23 21:00:00,120.431,120.746,120.032,120.426
2020-06-24 21:00:00,120.426,120.621,120.090,120.240
2020-06-25 21:00:00,120.229,120.378,119.812,120.279
2020-06-28 21:00:00,119.965,121.358,119.965,120.925
2020-06-29 21:00:00,120.922,121.423,120.587,121.238
2020-06-30 21:00:00,121.238,121.480,120.253,120.907
2020-07-01 21:00:00,120.907,121.439,120.748,120.811
2020-07-02 21:00:00,120.811,120.962,120.611,120.853
2020-07-05 21:00:00,120.731,121.967,120.731,121.361
2020-07-06 21:00:00,121.274,121.716,121.169,121.201
2020-07-07 21:00:00,121.201,121.881,121.093,121.509
2020-07-08 21:00:00,121.500,121.963,120.898,120.969
2020-07-09 21:00:00,120.925,121.065,120.268,120.774
2020-07-12 21:00:00,120.749,121.963,120.749,121.704
2020-07-13 21:00:00,121.703,122.319,121.466,122.229
2020-07-14 21:00:00,122.225,122.498,121.821,122.020
2020-07-15 21:00:00,121.997,122.501,121.813,122.093
2020-07-16 21:00:00,122.085,122.575,121.931,122.269
2020-07-19 21:00:00,122.042,122.973,122.042,122.786
2020-07-20 21:00:00,122.792,123.172,122.470,123.114
2020-07-21 21:00:00,123.111,124.291,123.040,123.982
2020-07-22 21:00:00,123.981,124.239,123.708,123.912
2020-07-23 21:00:00,123.914,123.965,122.839,123.677
2020-07-26 21:00:00,123.403,123.900,123.219,123.821
2020-07-27 21:00:00,123.818,123.983,123.013,123.116
2020-07-28 21:00:00,123.111,123.786,123.014,123.701
2020-07-29 21:00:00,123.667,124.194,123.336,124.064
2020-07-30 21:00:00,124.039,125.207,123.839,124.692
2020-08-02 21:00:00,124.517,125.047,123.989,124.616
2020-08-03 21:00:00,124.616,124.998,124.262,124.766
2020-08-04 21:00:00,124.756,125.513,124.633,125.272
2020-08-05 21:00:00,125.272,125.588,124.652,125.352
2020-08-06 21:00:00,125.355,125.391,124.458,124.827
2020-08-09 21:00:00,124.743,124.877,124.335,124.362
2020-08-10 21:00:00,124.362,125.498,124.302,125.011
2020-08-11 21:00:00,125.023,126.212,124.849,125.979
2020-08-12 21:00:00,125.956,126.750,125.872,126.310
2020-08-13 21:00:00,126.309,126.467,125.738,126.194
2020-08-16 21:00:00,126.034,126.460,125.668,125.828
2020-08-17 21:00:00,125.813,126.089,125.343,125.753
2020-08-18 21:00:00,125.753,126.057,125.366,125.596
2020-08-19 21:00:00,125.596,125.780,125.080,125.474
2020-08-20 21:00:00,125.469,125.557,124.440,124.823
2020-08-23 21:00:00,124.712,125.342,124.687,124.915
2020-08-24 21:00:00,124.908,126.028,124.891,125.900
2020-08-25 21:00:00,125.896,126.136,125.257,125.378
2020-08-26 21:00:00,125.374,126.090,125.129,125.975
2020-08-27 21:00:00,125.969,126.777,125.194,125.417
2020-08-30 21:00:00,125.469,126.842,125.379,126.412
2020-08-31 21:00:00,126.412,127.072,126.135,126.209
2020-09-01 21:00:00,126.211,126.310,125.549,125.874
2020-09-02 21:00:00,125.798,126.020,125.281,125.840
2020-09-03 21:00:00,125.838,125.980,125.301,125.773
2020-09-06 21:00:00,125.845,125.941,125.515,125.532
2020-09-07 21:00:00,125.570,125.647,124.692,124.838
2020-09-08 21:00:00,124.852,125.643,124.414,125.325
2020-09-09 21:00:00,125.327,126.461,125.281,125.374
2020-09-10 21:00:00,125.376,126.122,125.347,125.736
2020-09-13 21:00:00,125.527,125.899,125.283,125.424
2020-09-14 21:00:00,125.429,125.765,124.753,124.906
2020-09-15 21:00:00,124.901,125.014,123.834,124.004
2020-09-16 21:00:00,124.004,124.133,123.309,124.094
2020-09-17 21:00:00,124.088,124.309,123.434,123.820
2020-09-20 21:00:00,123.825,123.938,122.514,123.178
2020-09-21 21:00:00,123.171,123.273,122.655,122.843
2020-09-22 21:00:00,122.842,123.190,122.573,122.877
2020-09-23 21:00:00,122.873,123.156,122.580,123.019
2020-09-24 21:00:00,123.016,123.151,122.608,122.750
2020-09-27 21:00:00,122.680,123.206,122.377,123.016
2020-09-28 21:00:00,123.052,124.114,123.006,124.076
2020-09-29 21:00:00,123.999,124.247,123.528,123.589
2020-09-30 21:00:00,123.607,124.203,123.558,123.970
2020-10-01 21:00:00,123.970,124.002,123.019,123.404
2020-10-04 21:00:00,123.311,124.709,123.286,124.591
2020-10-05 21:00:00,124.579,124.729,123.843,123.932
2020-10-06 21:00:00,123.934,124.874,123.865,124.625
2020-10-07 21:00:00,124.620,124.871,124.361,124.667
2020-10-08 21:00:00,124.637,125.085,124.511,124.941
2020-10-11 21:00:00,124.958,124.998,124.282,124.406
2020-10-12 21:00:00,124.403,124.465,123.803,123.881
2020-10-13 21:00:00,123.880,123.943,123.471,123.515
2020-10-14 21:00:00,123.485,123.771,123.015,123.433
2020-10-15 21:00:00,123.425,123.710,123.111,123.491
2020-10-18 21:00:00,123.468,124.337,123.362,124.084
2020-10-19 21:00:00,124.086,124.997,123.981,124.719
2020-10-20 21:00:00,124.718,124.835,123.910,124.039
2020-10-21 21:00:00,124.035,124.090,123.645,123.925
2020-10-22 21:00:00,123.912,124.225,123.408,124.184
2020-10-25 22:00:00,124.084,124.201,123.772,123.810
2020-10-26 22:00:00,123.807,123.992,123.047,123.125
2020-10-27 22:00:00,123.125,123.185,122.185,122.518
2020-10-28 22:00:00,122.509,122.887,121.891,122.101
2020-10-29 22:00:00,122.094,122.462,121.616,121.904
2020-11-01 22:00:00,121.703,122.150,121.700,121.919
2020-11-02 22:00:00,121.919,122.750,121.795,122.346
2020-11-03 22:00:00,122.356,123.068,121.957,122.537
2020-11-04 22:00:00,122.544,123.184,122.210,122.426
2020-11-05 22:00:00,122.426,122.991,122.219,122.743
2020-11-08 22:00:00,122.769,125.133,122.669,124.456
2020-11-09 22:00:00,124.461,124.604,123.988,124.388
2020-11-10 22:00:00,124.363,124.674,123.919,124.148
2020-11-11 22:00:00,124.149,124.501,123.684,124.108
2020-11-12 22:00:00,124.107,124.301,123.657,123.787
2020-11-15 22:00:00,123.965,124.441,123.625,123.923
2020-11-16 22:00:00,123.923,124.024,123.516,123.596
2020-11-17 22:00:00,123.584,123.634,123.017,123.060
2020-11-18 22:00:00,123.068,123.318,122.846,123.178
2020-11-19 22:00:00,123.169,123.482,123.009,123.141
2020-11-22 22:00:00,122.972,123.827,122.972,123.740
2020-11-23 22:00:00,123.740,124.349,123.630,124.177
2020-11-24 22:00:00,124.212,124.508,124.145,124.460
2020-11-25 22:00:00,124.434,124.568,123.909,124.193
2020-11-26 22:00:00,124.200,124.536,123.901,124.488
2020-11-29 22:00:00,124.359,125.125,124.305,124.380
2020-11-30 22:00:00,124.409,125.954,124.370,125.904
2020-12-01 22:00:00,125.898,126.549,125.778,126.475
2020-12-02 22:00:00,126.476,126.654,126.030,126.120
2020-12-03 22:00:00,126.120,126.678,126.006,126.268
2020-12-06 22:00:00,126.281,126.484,125.961,125.985
2020-12-07 22:00:00,125.992,126.257,125.859,126.048
2020-12-08 22:00:00,126.048,126.517,125.784,125.898
2020-12-09 22:00:00,125.899,126.738,125.792,126.520
2020-12-10 22:00:00,126.515,126.610,125.784,125.997
2020-12-13 22:00:00,126.126,126.513,125.917,126.329
2020-12-14 22:00:00,126.349,126.588,125.937,125.975
2020-12-15 22:00:00,125.998,126.344,125.706,126.202
2020-12-16 22:00:00,126.230,126.519,126.014,126.469
2020-12-17 22:00:00,126.467,127.012,126.386,126.589
2020-12-20 22:00:00,126.478,126.615,125.911,126.477
2020-12-21 22:00:00,126.494,126.657,125.989,126.041
2020-12-22 22:00:00,126.046,126.377,125.937,126.179
2020-12-23 22:00:00,126.184,126.500,126.109,126.277
2020-12-27 22:00:00,126.097,126.955,126.046,126.778
2020-12-28 22:00:00,126.773,127.232,126.668,126.891
2020-12-29 22:00:00,126.859,127.135,126.464,126.910
2020-12-30 22:00:00,126.762,126.979,126.112,126.130
2021-01-03 22:00:00,126.105,126.793,126.070,126.291
2021-01-04 22:00:00,126.290,126.554,126.048,126.262
2021-01-05 22:00:00,126.314,127.244,126.138,126.975
2021-01-06 22:00:00,126.970,127.492,126.914,127.360
2021-01-07 22:00:00,127.340,127.465,126.813,127.069
2021-01-10 22:00:00,126.798,127.081,126.555,126.668
2021-01-11 22:00:00,126.670,126.865,126.451,126.642
2021-01-12 22:00:00,126.672,126.763,126.208,126.280
2021-01-13 22:00:00,126.279,126.524,125.926,126.148
2021-01-14 22:00:00,126.163,126.194,125.401,125.439
2021-01-17 22:00:00,125.394,125.489,125.087,125.206
2021-01-18 22:00:00,125.201,126.209,125.182,126.016
2021-01-19 22:00:00,126.017,126.184,125.268,125.327
2021-01-20 22:00:00,125.318,125.966,125.294,125.916
2021-01-21 22:00:00,125.929,126.401,125.851,126.282
2021-01-24 22:00:00,126.286,126.368,125.807,125.972
2021-01-25 22:00:00,125.955,126.159,125.689,125.982
2021-01-26 22:00:00,125.993,126.187,125.597,126.055
2021-01-27 22:00:00,126.051,126.664,125.988,126.340
2021-01-28 22:00:00,126.340,127.344,126.119,127.089
2021-01-31 22:00:00,127.081,127.133,126.520,126.527
2021-02-01 22:00:00,126.531,126.822,126.266,126.417
2021-02-02 22:00:00,126.414,126.525,126.143,126.407
2021-02-03 22:00:00,126.401,126.462,126.098,126.229
2021-02-04 22:00:00,126.236,126.993,126.141,126.977
2021-02-07 22:00:00,126.804,127.125,126.647,126.768
2021-02-08 22:00:00,126.768,126.848,126.436,126.700
2021-02-09 22:00:00,126.703,127.076,126.645,126.751
2021-02-10 22:00:00,126.751,127.162,126.700,127.040
2021-02-11 22:00:00,127.054,127.304,126.874,127.157
2021-02-14 22:00:00,127.168,127.972,127.124,127.784
2021-02-15 22:00:00,127.806,128.373,127.656,128.355
2021-02-16 22:00:00,128.349,128.453,127.308,127.454
2021-02-17 22:00:00,127.454,127.808,127.329,127.773
2021-02-18 22:00:00,127.765,128.184,127.650,127.741
2021-02-21 22:00:00,127.604,128.245,127.506,127.719
2021-02-22 22:00:00,127.721,128.056,127.636,127.870
2021-02-23 22:00:00,127.874,128.876,127.681,128.774
2021-02-24 22:00:00,128.772,129.973,128.701,129.329
2021-02-25 22:00:00,129.329,129.521,128.559,128.629
2021-02-28 22:00:00,128.551,128.938,128.219,128.619
2021-03-01 22:00:00,128.625,129.078,128.181,128.982
2021-03-02 22:00:00,128.982,129.455,128.736,129.068
2021-03-03 22:00:00,129.040,129.636,128.913,129.245
2021-03-04 22:00:00,129.245,129.577,128.846,129.105
2021-03-07 22:00:00,128.980,129.387,128.780,128.999
2021-03-08 22:00:00,128.999,129.543,128.858,129.096
2021-03-09 22:00:00,129.096,129.429,128.998,129.274
2021-03-10 22:00:00,129.268,130.056,129.213,130.036
2021-03-11 22:00:00,130.017,130.391,129.819,130.304
2021-03-14 22:00:00,130.200,130.487,129.989,130.173
2021-03-15 22:00:00,130.167,130.397,129.491,129.710
2021-03-16 22:00:00,129.712,130.441,129.710,130.392
2021-03-17 22:00:00,130.393,130.665,129.596,129.773
2021-03-18 22:00:00,129.758,129.997,129.321,129.614
2021-03-21 22:00:00,129.134,129.943,128.977,129.874
2021-03-22 22:00:00,129.874,129.920,128.599,128.677
2021-03-23 22:00:00,128.676,128.860,128.292,128.430
2021-03-24 22:00:00,128.428,128.944,128.340,128.462
2021-03-25 22:00:00,128.461,129.460,128.451,129.342
2021-03-28 21:00:00,129.319,129.429,128.832,129.180
2021-03-29 21:00:00,129.189,129.546,129.095,129.285
2021-03-30 21:00:00,129.286,130.047,129.220,129.856
2021-03-31 21:00:00,129.851,130.266,129.651,130.227
2021-04-01 21:00:00,130.220,130.317,129.938,130.123
2021-04-04 21:00:00,130.031,130.266,129.834,130.134
2021-04-05 21:00:00,130.121,130.562,129.811,130.290
2021-04-06 21:00:00,130.290,130.683,130.138,130.363
2021-04-07 21:00:00,130.366,130.478,129.573,130.172
2021-04-08 21:00:00,130.172,130.550,130.049,130.500
2021-04-11 21:00:00,130.296,130.609,129.894,130.272
2021-04-12 21:00:00,130.272,130.496,129.798,130.300
2021-04-13 21:00:00,130.295,130.582,130.031,130.461
2021-04-14 21:00:00,130.481,130.552,130.023,130.112
2021-04-15 21:00:00,130.099,130.540,129.975,130.346
2021-04-18 21:00:00,130.136,130.325,129.699,130.149
2021-04-19 21:00:00,130.154,130.971,129.992,130.082
2021-04-20 21:00:00,130.084,130.142,129.636,130.042
2021-04-21 21:00:00,130.072,130.467,129.673,129.711
2021-04-22 21:00:00,129.711,130.562,129.590,130.502
2021-04-25 21:00:00,130.436,130.760,130.207,130.627
2021-04-26 21:00:00,130.613,131.500,130.569,131.429
2021-04-27 21:00:00,131.369,131.816,131.367,131.660
2021-04-28 21:00:00,131.697,132.366,131.585,132.012
2021-04-29 21:00:00,132.000,132.191,131.376,131.427
2021-05-02 21:00:00,131.376,132.163,131.341,131.568
2021-05-03 21:00:00,131.563,131.638,131.144,131.318
2021-05-04 21:00:00,131.332,131.460,130.985,131.051
2021-05-05 21:00:00,131.054,131.850,131.005,131.603
2021-05-06 21:00:00,131.616,132.172,131.480,132.080
2021-05-09 21:00:00,131.986,132.528,131.980,131.980
2021-05-10 21:00:00,131.980,132.473,131.783,131.937
2021-05-11 21:00:00,131.937,132.449,131.642,132.403
2021-05-12 21:00:00,132.403,132.733,132.035,132.203
2021-05-13 21:00:00,132.205,132.842,132.146,132.808
2021-05-16 21:00:00,132.632,132.951,132.433,132.731
2021-05-17 21:00:00,132.729,133.189,132.665,133.089
2021-05-18 21:00:00,133.089,133.438,132.636,132.974
2021-05-19 21:00:00,132.974,133.090,132.707,133.024
2021-05-20 21:00:00,132.990,133.209,132.533,132.698
2021-05-23 21:00:00,132.596,133.045,132.523,132.867
2021-05-24 21:00:00,132.847,133.613,132.751,133.223
2021-05-25 21:00:00,133.222,133.413,132.997,133.052
2021-05-26 21:00:00,133.050,134.057,132.931,133.890
2021-05-27 21:00:00,133.890,134.005,133.607,133.922
2021-05-30 21:00:00,133.883,134.020,133.660,133.924
2021-05-31 21:00:00,133.946,134.125,133.707,133.707
2021-06-01 21:00:00,133.721,134.070,133.646,133.749
2021-06-02 21:00:00,133.761,133.917,133.621,133.740
2021-06-03 21:00:00,133.740,133.813,133.141,133.244
2021-06-06 21:00:00,133.208,133.385,132.888,133.169
2021-06-07 21:00:00,133.169,133.422,133.132,133.263
2021-06-08 21:00:00,133.258,133.624,133.201,133.504
2021-06-09 21:00:00,133.501,133.758,133.042,133.080
2021-06-10 21:00:00,133.078,133.413,132.659,132.785
2021-06-13 21:00:00,132.687,133.434,132.648,133.369
2021-06-14 21:00:00,133.369,133.682,133.272,133.451
2021-06-15 21:00:00,133.461,133.584,132.684,132.767
2021-06-16 21:00:00,132.758,132.876,131.022,131.185
2021-06-17 21:00:00,131.183,131.429,130.656,130.703
2021-06-20 21:00:00,130.540,131.496,130.038,131.382
2021-06-21 21:00:00,131.369,132.197,131.212,132.135
2021-06-22 21:00:00,132.135,132.692,132.015,132.298
2021-06-23 21:00:00,132.279,132.578,132.114,132.248
2021-06-24 21:00:00,132.246,132.454,132.119,132.230
2021-06-27 21:00:00,132.098,132.346,131.777,131.885
2021-06-28 21:00:00,131.938,131.967,131.277,131.501
2021-06-29 21:00:00,131.432,131.780,131.277,131.713
2021-06-30 21:00:00,131.704,132.430,131.560,132.131
2021-07-01 21:00:00,132.132,132.229,131.678,131.719
2021-07-04 21:00:00,131.590,131.867,131.544,131.614
2021-07-05 21:00:00,131.614,131.861,130.618,130.779
2021-07-06 21:00:00,130.762,131.035,130.418,130.427
2021-07-07 21:00:00,130.425,130.525,129.620,130.015
2021-07-08 21:00:00,130.015,130.872,129.870,130.757
2021-07-11 21:00:00,130.672,130.986,130.451,130.882
2021-07-12 21:00:00,130.878,131.087,130.211,130.266
2021-07-13 21:00:00,130.255,130.433,130.019,130.129
2021-07-14 21:00:00,130.118,130.201,129.613,129.716
2021-07-15 21:00:00,129.716,130.281,129.600,129.952
2021-07-18 21:00:00,129.732,129.964,128.888,129.119
2021-07-19 21:00:00,129.189,129.485,128.592,129.404
2021-07-20 21:00:00,129.386,130.189,129.157,130.050
2021-07-21 21:00:00,130.043,130.295,129.483,129.627
2021-07-22 21:00:00,129.610,130.184,129.557,130.106
2021-07-25 21:00:00,129.952,130.346,129.674,130.257
2021-07-26 21:00:00,130.255,130.294,129.545,129.690
2021-07-27 21:00:00,129.678,130.235,129.622,130.161
2021-07-28 21:00:00,130.161,130.561,129.895,130.103
2021-07-29 21:00:00,130.098,130.498,130.015,130.189
2021-08-01 21:00:00,130.031,130.418,129.598,129.729
2021-08-02 21:00:00,129.729,129.868,129.165,129.331
2021-08-03 21:00:00,129.327,129.818,129.135,129.574
2021-08-04 21:00:00,129.574,130.011,129.525,129.869
2021-08-05 21:00:00,129.868,129.963,129.548,129.625
2021-08-08 21:00:00,129.560,129.693,129.391,129.485
2021-08-09 21:00:00,129.482,129.684,129.394,129.552
2021-08-10 21:00:00,129.553,129.804,129.498,129.612
2021-08-11 21:00:00,129.573,129.709,129.389,129.500
2021-08-12 21:00:00,129.451,129.696,129.233,129.277
2021-08-15 21:00:00,129.220,129.431,128.498,128.654
2021-08-16 21:00:00,128.641,128.873,128.251,128.353
2021-08-17 21:00:00,128.353,128.943,128.217,128.532
2021-08-18 21:00:00,128.473,128.705,127.928,128.167
2021-08-19 21:00:00,128.165,128.523,127.945,128.457
2021-08-22 21:00:00,128.212,129.142,128.102,128.853
2021-08-23 21:00:00,128.807,129.031,128.593,128.929
2021-08-24 21:00:00,128.915,129.535,128.741,129.518
2021-08-25 21:00:00,129.503,129.765,129.226,129.361
2021-08-26 21:00:00,129.358,129.748,129.154,129.573
2021-08-29 21:00:00,129.514,129.707,129.478,129.647
2021-08-30 21:00:00,129.627,130.175,129.580,129.903
2021-08-31 21:00:00,129.886,130.452,129.842,130.255
2021-09-01 21:00:00,130.230,130.594,130.136,130.533
2021-09-02 21:00:00,130.533,130.744,130.186,130.308
2021-09-05 21:00:00,130.184,130.500,130.148,130.407
2021-09-06 21:00:00,130.349,130.656,130.278,130.578
2021-09-07 21:00:00,130.565,130.696,130.173,130.272
2021-09-08 21:00:00,130.242,130.314,129.665,129.735
2021-09-09 21:00:00,129.691,130.277,129.645,129.806
2021-09-12 21:00:00,129.740,129.946,129.588,129.914
2021-09-13 21:00:00,129.914,130.195,129.365,129.459
2021-09-14 21:00:00,129.437,129.531,129.057,129.232
2021-09-15 21:00:00,129.232,129.355,128.605,129.124
2021-09-16 21:00:00,129.117,129.669,128.902,128.942
2021-09-19 21:00:00,128.830,129.025,128.141,128.291
2021-09-20 21:00:00,128.198,128.703,127.997,128.049
2021-09-21 21:00:00,128.031,128.771,127.920,128.330
2021-09-22 21:00:00,128.307,129.540,128.266,129.503
2021-09-23 21:00:00,129.376,129.840,129.376,129.792
2021-09-26 21:00:00,129.766,129.934,129.482,129.812
2021-09-27 21:00:00,129.799,130.379,129.663,130.259
2021-09-28 21:00:00,130.230,130.470,129.673,129.843
2021-09-29 21:00:00,129.823,129.959,128.784,128.822
2021-09-30 21:00:00,128.782,129.044,128.546,128.757
2021-10-03 21:00:00,128.751,129.374,128.540,128.896
2021-10-04 21:00:00,128.825,129.386,128.756,129.262
2021-10-05 21:00:00,129.236,129.496,128.333,128.747
2021-10-06 21:00:00,128.725,129.028,128.630,128.948
2021-10-07 21:00:00,128.948,129.902,128.872,129.891
2021-10-10 21:00:00,129.636,131.221,129.636,130.895
2021-10-11 21:00:00,130.887,131.272,130.731,130.977
2021-10-12 21:00:00,130.977,131.463,130.862,131.303
2021-10-13 21:00:00,131.225,131.855,131.189,131.821
2021-10-14 21:00:00,131.806,132.774,131.755,132.511
2021-10-17 21:00:00,132.514,132.787,132.145,132.720
2021-10-18 21:00:00,132.702,133.190,132.622,133.036
2021-10-19 21:00:00,132.920,133.478,132.734,133.192
2021-10-20 21:00:00,133.168,133.368,132.261,132.505
2021-10-21 21:00:00,132.480,132.790,131.916,132.142
2021-10-24 21:00:00,132.150,132.599,131.860,132.001
2021-10-25 21:00:00,131.990,132.663,131.926,132.361
2021-10-26 21:00:00,132.330,132.520,131.578,132.064
2021-10-27 21:00:00,132.024,132.697,131.555,132.652
2021-10-28 21:00:00,132.628,132.917,131.604,131.763
2021-10-31 22:00:00,131.908,132.442,131.794,132.287
2021-11-01 22:00:00,132.264,132.388,131.476,131.952
2021-11-02 22:00:00,131.934,132.412,131.746,132.369
2021-11-03 22:00:00,132.343,132.561,131.016,131.424
2021-11-04 22:00:00,131.401,131.589,130.833,131.157
2021-11-07 22:00:00,130.933,131.425,130.895,131.185
2021-11-08 22:00:00,131.154,131.263,130.674,130.851
2021-11-09 22:00:00,130.834,131.415,130.640,130.727
2021-11-10 22:00:00,130.630,130.992,130.438,130.594
2021-11-11 22:00:00,130.564,130.760,130.232,130.357
2021-11-14 22:00:00,130.370,130.597,129.677,129.724
2021-11-15 22:00:00,129.704,130.110,129.583,129.969
2021-11-16 22:00:00,129.959,130.073,129.033,129.157
2021-11-17 22:00:00,129.156,129.942,128.990,129.913
2021-11-18 22:00:00,129.885,129.985,127.977,128.648
2021-11-21 22:00:00,128.533,129.321,128.328,129.058
2021-11-22 22:00:00,129.051,129.593,128.893,129.510
2021-11-23 22:00:00,129.465,129.558,128.684,129.277
2021-11-24 22:00:00,129.248,129.529,129.191,129.300
2021-11-25 22:00:00,129.228,129.286,127.790,128.291
2021-11-28 22:00:00,128.405,128.568,127.487,128.186
2021-11-29 22:00:00,128.180,128.597,127.646,128.301
2021-11-30 22:00:00,128.252,128.785,127.566,127.638
2021-12-01 22:00:00,127.642,128.221,127.486,127.891
2021-12-02 22:00:00,127.687,128.337,127.378,127.598
2021-12-05 22:00:00,127.492,128.084,127.492,128.058
2021-12-06 22:00:00,128.040,128.464,127.599,127.956
2021-12-07 22:00:00,127.904,129.103,127.746,128.939
2021-12-08 22:00:00,128.919,129.068,127.932,128.136
2021-12-09 22:00:00,128.092,128.402,127.809,128.306
2021-12-12 22:00:00,128.077,128.451,128.007,128.168
2021-12-13 22:00:00,128.147,128.556,127.991,128.039
2021-12-14 22:00:00,127.920,128.822,127.920,128.814
2021-12-15 22:00:00,128.814,129.636,128.448,128.806
2021-12-16 22:00:00,128.736,128.976,127.745,127.770
2021-12-19 22:00:00,127.609,128.311,127.514,128.141
2021-12-20 22:00:00,128.120,128.764,127.940,128.729
2021-12-21 22:00:00,128.704,129.500,128.530,129.250
2021-12-22 22:00:00,129.249,129.723,129.044,129.591
2021-12-23 22:00:00,129.583,129.747,129.284,129.472
2021-12-26 22:00:00,129.182,130.152,129.182,130.125
2021-12-27 22:00:00,130.096,130.222,129.602,129.845
2021-12-28 22:00:00,129.822,130.561,129.647,130.491
2021-12-29 22:00:00,130.481,130.586,130.120,130.315
2021-12-30 22:00:00,130.295,131.032,130.158,130.919
2022-01-02 22:00:00,130.801,131.001,130.022,130.293
2022-01-03 22:00:00,130.277,131.458,130.165,131.069
2022-01-04 22:00:00,131.027,131.604,130.837,131.342
2022-01-05 22:00:00,131.311,131.425,130.636,130.864
2022-01-06 22:00:00,130.857,131.346,130.743,131.262
2022-01-09 22:00:00,131.162,131.360,130.159,130.491
2022-01-10 22:00:00,130.502,131.196,130.374,131.062
2022-01-11 22:00:00,131.053,131.474,130.949,131.138
2022-01-12 22:00:00,131.129,131.442,130.617,130.772
2022-01-13 22:00:00,130.763,130.850,129.775,130.362
2022-01-16 22:00:00,130.223,130.827,130.217,130.727
2022-01-17 22:00:00,130.717,131.180,129.695,129.782
2022-01-18 22:00:00,129.757,129.986,129.392,129.672
2022-01-19 22:00:00,129.641,130.084,129.026,129.068
2022-01-20 22:00:00,129.068,129.309,128.556,128.949
2022-01-23 22:00:00,128.773,129.154,128.403,129.066
2022-01-24 22:00:00,128.996,129.191,128.245,128.675
2022-01-25 22:00:00,128.643,129.240,128.546,128.874
2022-01-26 22:00:00,128.797,129.016,128.326,128.551
2022-01-27 22:00:00,128.510,128.854,128.352,128.455
2022-01-30 22:00:00,128.404,129.372,128.296,129.320
2022-01-31 22:00:00,129.299,129.535,128.866,129.278
2022-02-01 22:00:00,129.243,129.468,129.044,129.369
2022-02-02 22:00:00,129.331,131.540,129.187,131.523
2022-02-03 22:00:00,131.490,132.088,131.374,131.903
2022-02-06 22:00:00,132.090,132.124,131.255,131.670
2022-02-07 22:00:00,131.642,132.032,131.478,131.901
2022-02-08 22:00:00,131.885,132.154,131.624,131.978
2022-02-09 22:00:00,131.958,133.149,131.863,132.556
2022-02-10 22:00:00,132.525,132.601,130.381,130.992
2022-02-13 22:00:00,130.717,131.382,130.041,130.629
2022-02-14 22:00:00,130.605,131.538,130.432,131.293
2022-02-15 22:00:00,131.285,131.905,131.103,131.306
2022-02-16 22:00:00,131.310,131.497,130.396,130.571
2022-02-17 22:00:00,130.588,131.120,130.207,130.251
2022-02-20 22:00:00,130.164,130.919,129.722,129.752
2022-02-21 22:00:00,129.725,130.765,129.346,130.306
2022-02-22 22:00:00,130.342,130.709,129.940,129.987
2022-02-23 22:00:00,129.980,130.008,127.914,129.311
2022-02-24 22:00:00,129.271,130.288,128.720,130.222
2022-02-27 22:00:00,128.172,129.775,128.172,128.982
2022-02-28 22:00:00,128.971,129.243,127.373,127.825
2022-03-01 22:00:00,127.728,128.766,127.295,128.464
2022-03-02 22:00:00,128.455,128.519,127.576,127.762
2022-03-03 22:00:00,127.758,127.816,125.071,125.546
