datetime,open,high,low,close
2012-12-03 22:00:00,1.30584,1.31073,1.30453,1.30935
2012-12-04 22:00:00,1.30934,1.31253,1.30596,1.30701
2012-12-05 22:00:00,1.30702,1.30857,1.29500,1.29571
2012-12-06 22:00:00,1.29573,1.29718,1.28769,1.29261
2012-12-09 22:00:00,1.28992,1.29458,1.28855,1.29400
2012-12-10 22:00:00,1.29400,1.30140,1.29283,1.30078
2012-12-11 22:00:00,1.30080,1.30960,1.29951,1.30698
2012-12-12 22:00:00,1.30700,1.30998,1.30405,1.30745
2012-12-13 22:00:00,1.30748,1.31727,1.30657,1.31622
2012-12-16 22:00:00,1.31821,1.31863,1.31437,1.31593
2012-12-17 22:00:00,1.31594,1.32376,1.31558,1.32235
2012-12-18 22:00:00,1.32237,1.33076,1.31889,1.31986
2012-12-19 22:00:00,1.31988,1.32942,1.31988,1.32454
2012-12-20 22:00:00,1.32461,1.32464,1.31570,1.31867
2012-12-23 22:00:00,1.31790,1.32326,1.31706,1.31870
2012-12-25 22:00:00,1.31867,1.32534,1.31826,1.32203
2012-12-26 22:00:00,1.32204,1.32833,1.32014,1.32342
2012-12-27 22:00:00,1.32344,1.32562,1.31654,1.32146
2012-12-30 22:00:00,1.32157,1.32338,1.31716,1.31964
2012-12-31 22:00:00,1.32036,1.32192,1.31977,1.32053
2013-01-01 22:00:00,1.32049,1.32992,1.31567,1.31888
2013-01-02 22:00:00,1.31889,1.31889,1.30246,1.30366
2013-01-03 22:00:00,1.30364,1.30884,1.29975,1.30677
2013-01-06 22:00:00,1.30779,1.31276,1.30165,1.31252
2013-01-07 22:00:00,1.31253,1.31388,1.30569,1.30802
2013-01-08 22:00:00,1.30804,1.30953,1.30364,1.30540
2013-01-09 22:00:00,1.30538,1.32789,1.30383,1.32668
2013-01-10 22:00:00,1.32669,1.33644,1.32481,1.33416
2013-01-13 22:00:00,1.33621,1.34031,1.33357,1.33765
2013-01-14 22:00:00,1.33762,1.33930,1.32664,1.32972
2013-01-15 22:00:00,1.32972,1.33242,1.32564,1.32901
2013-01-16 22:00:00,1.32905,1.33871,1.32696,1.33743
2013-01-17 22:00:00,1.33741,1.33979,1.32798,1.33195
2013-01-20 22:00:00,1.33107,1.33315,1.32991,1.33153
2013-01-21 22:00:00,1.33149,1.33711,1.32667,1.33213
2013-01-22 22:00:00,1.33210,1.33538,1.32642,1.33094
2013-01-23 22:00:00,1.33095,1.33922,1.32859,1.33790
2013-01-24 22:00:00,1.33790,1.34785,1.33500,1.34629
2013-01-27 22:00:00,1.34598,1.34765,1.34244,1.34447
2013-01-28 22:00:00,1.34446,1.34963,1.34140,1.34867
2013-01-29 22:00:00,1.34866,1.35857,1.34816,1.35677
2013-01-30 22:00:00,1.35676,1.35931,1.35409,1.35869
2013-01-31 22:00:00,1.35864,1.37106,1.35828,1.36391
2013-02-03 22:00:00,1.36488,1.36532,1.34985,1.35026
2013-02-04 22:00:00,1.35024,1.35969,1.34578,1.35816
2013-02-05 22:00:00,1.35815,1.35953,1.34939,1.35175
2013-02-06 22:00:00,1.35174,1.35765,1.33705,1.33943
2013-02-07 22:00:00,1.33945,1.34282,1.33532,1.33614
2013-02-10 22:00:00,1.33682,1.34265,1.33562,1.34016
2013-02-11 22:00:00,1.34015,1.34751,1.33640,1.34518
2013-02-12 22:00:00,1.34519,1.35193,1.34260,1.34484
2013-02-13 22:00:00,1.34483,1.34546,1.33147,1.33573
2013-02-14 22:00:00,1.33572,1.33929,1.33062,1.33585
2013-02-17 22:00:00,1.33484,1.33782,1.33215,1.33515
2013-02-18 22:00:00,1.33518,1.33954,1.33294,1.33847
2013-02-19 22:00:00,1.33846,1.34316,1.32709,1.32874
2013-02-20 22:00:00,1.32872,1.32888,1.31612,1.31916
2013-02-21 22:00:00,1.31915,1.32443,1.31451,1.31907
2013-02-24 22:00:00,1.31904,1.33183,1.30487,1.30574
2013-02-25 22:00:00,1.30575,1.31209,1.30180,1.30645
2013-02-26 22:00:00,1.30646,1.31465,1.30415,1.31352
2013-02-27 22:00:00,1.31352,1.31605,1.30527,1.30665
2013-02-28 22:00:00,1.30664,1.31006,1.29664,1.30180
2013-03-03 22:00:00,1.30136,1.30304,1.29822,1.30241
2013-03-04 22:00:00,1.30252,1.30742,1.30122,1.30439
2013-03-05 22:00:00,1.30438,1.30698,1.29646,1.29765
2013-03-06 22:00:00,1.29769,1.31181,1.29731,1.31042
2013-03-07 22:00:00,1.31043,1.31341,1.29550,1.30042
2013-03-10 22:00:00,1.29892,1.30535,1.29793,1.30344
2013-03-11 22:00:00,1.30341,1.30742,1.29909,1.30277
2013-03-12 22:00:00,1.30277,1.30646,1.29228,1.29568
2013-03-13 22:00:00,1.29568,1.30311,1.29110,1.30124
2013-03-14 22:00:00,1.30124,1.31069,1.30023,1.30754
2013-03-17 22:00:00,1.29071,1.29954,1.28817,1.29425
2013-03-18 22:00:00,1.29423,1.29694,1.28438,1.28578
2013-03-19 22:00:00,1.28578,1.29776,1.28566,1.29330
2013-03-20 22:00:00,1.29331,1.29551,1.28799,1.28980
2013-03-21 22:00:00,1.28981,1.30095,1.28880,1.29867
2013-03-24 22:00:00,1.29724,1.30479,1.28296,1.28593
2013-03-25 22:00:00,1.28596,1.28895,1.28286,1.28633
2013-03-26 22:00:00,1.28632,1.28668,1.27509,1.27785
2013-03-27 22:00:00,1.27786,1.28443,1.27550,1.28144
2013-03-28 22:00:00,1.28144,1.28368,1.27930,1.28148
2013-03-31 21:00:00,1.28112,1.28677,1.27710,1.28435
2013-04-01 21:00:00,1.28431,1.28775,1.28086,1.28223
2013-04-02 21:00:00,1.28221,1.28639,1.27898,1.28427
2013-04-03 21:00:00,1.28427,1.29487,1.27454,1.29330
2013-04-04 21:00:00,1.29330,1.30397,1.29005,1.29915
2013-04-07 21:00:00,1.29937,1.30376,1.29683,1.30184
2013-04-08 21:00:00,1.30184,1.31029,1.30045,1.30812
2013-04-09 21:00:00,1.30811,1.31214,1.30521,1.30667
2013-04-10 21:00:00,1.30668,1.31380,1.30431,1.31065
2013-04-11 21:00:00,1.31065,1.31262,1.30366,1.31082
2013-04-14 21:00:00,1.31025,1.31094,1.30210,1.30466
2013-04-15 21:00:00,1.30466,1.32015,1.30275,1.31790
2013-04-16 21:00:00,1.31790,1.31995,1.30011,1.30355
2013-04-17 21:00:00,1.30355,1.30961,1.30208,1.30483
2013-04-18 21:00:00,1.30485,1.31282,1.30470,1.30510
2013-04-21 21:00:00,1.30691,1.30840,1.30150,1.30615
2013-04-22 21:00:00,1.30615,1.30831,1.29730,1.30006
2013-04-23 21:00:00,1.30010,1.30340,1.29547,1.30111
2013-04-24 21:00:00,1.30111,1.30933,1.29887,1.30088
2013-04-25 21:00:00,1.30090,1.30475,1.29905,1.30267
2013-04-28 21:00:00,1.30585,1.31163,1.30318,1.30929
2013-04-29 21:00:00,1.30929,1.31858,1.30540,1.31664
2013-04-30 21:00:00,1.31667,1.32427,1.31605,1.31836
2013-05-01 21:00:00,1.31842,1.32176,1.30376,1.30618
2013-05-02 21:00:00,1.30620,1.31582,1.30323,1.31131
2013-05-05 21:00:00,1.31170,1.31406,1.30534,1.30727
2013-05-06 21:00:00,1.30728,1.31315,1.30677,1.30787
2013-05-07 21:00:00,1.30787,1.31944,1.30715,1.31600
2013-05-08 21:00:00,1.31592,1.31769,1.30098,1.30441
2013-05-09 21:00:00,1.30446,1.30506,1.29350,1.29853
2013-05-12 21:00:00,1.29756,1.29982,1.29415,1.29820
2013-05-13 21:00:00,1.29817,1.30293,1.29129,1.29313
2013-05-14 21:00:00,1.29313,1.29424,1.28430,1.28802
2013-05-15 21:00:00,1.28808,1.29297,1.28463,1.28829
2013-05-16 21:00:00,1.28835,1.28897,1.27962,1.28363
2013-05-19 21:00:00,1.28446,1.29006,1.28192,1.28839
2013-05-20 21:00:00,1.28840,1.29333,1.28413,1.29061
2013-05-21 21:00:00,1.29055,1.29980,1.28335,1.28529
2013-05-22 21:00:00,1.28527,1.29564,1.28214,1.29321
2013-05-23 21:00:00,1.29322,1.29933,1.29043,1.29278
2013-05-26 21:00:00,1.29363,1.29485,1.29152,1.29335
2013-05-27 21:00:00,1.29332,1.29496,1.28493,1.28522
2013-05-28 21:00:00,1.28522,1.29775,1.28378,1.29401
2013-05-29 21:00:00,1.29398,1.30614,1.29334,1.30440
2013-05-30 21:00:00,1.30458,1.30593,1.29442,1.29956
2013-06-02 21:00:00,1.29922,1.31074,1.29555,1.30700
2013-06-03 21:00:00,1.30699,1.31012,1.30426,1.30823
2013-06-04 21:00:00,1.30821,1.31157,1.30532,1.30923
2013-06-05 21:00:00,1.30923,1.33045,1.30749,1.32453
2013-06-06 21:00:00,1.32452,1.32844,1.31915,1.32168
2013-06-09 21:00:00,1.31917,1.32687,1.31772,1.32566
2013-06-10 21:00:00,1.32567,1.33171,1.32322,1.33137
2013-06-11 21:00:00,1.33135,1.33589,1.32656,1.33370
2013-06-12 21:00:00,1.33369,1.33898,1.32786,1.33756
2013-06-13 21:00:00,1.33734,1.33734,1.32947,1.33445
2013-06-16 21:00:00,1.33487,1.33803,1.33184,1.33620
2013-06-17 21:00:00,1.33623,1.34156,1.33258,1.33940
2013-06-18 21:00:00,1.33941,1.34158,1.32621,1.32959
2013-06-19 21:00:00,1.32959,1.33015,1.31612,1.32270
2013-06-20 21:00:00,1.32268,1.32541,1.30988,1.31209
2013-06-23 21:00:00,1.31042,1.31438,1.30592,1.31232
2013-06-24 21:00:00,1.31232,1.31508,1.30651,1.30821
2013-06-25 21:00:00,1.30822,1.30870,1.29848,1.30067
2013-06-26 21:00:00,1.30116,1.30545,1.29999,1.30377
2013-06-27 21:00:00,1.30378,1.31022,1.29911,1.30078
2013-06-30 21:00:00,1.30144,1.30700,1.30052,1.30614
2013-07-01 21:00:00,1.30614,1.30780,1.29636,1.29816
2013-07-02 21:00:00,1.29815,1.30314,1.29230,1.30084
2013-07-03 21:00:00,1.30084,1.30232,1.28831,1.29120
2013-07-04 21:00:00,1.29114,1.29167,1.28061,1.28291
2013-07-07 21:00:00,1.28204,1.28819,1.28117,1.28679
2013-07-08 21:00:00,1.28680,1.28981,1.27553,1.27863
2013-07-09 21:00:00,1.27862,1.30239,1.27647,1.30235
2013-07-10 21:00:00,1.30236,1.32066,1.30060,1.30957
2013-07-11 21:00:00,1.30958,1.31001,1.29992,1.30651
2013-07-14 21:00:00,1.30664,1.30788,1.29934,1.30660
2013-07-15 21:00:00,1.30660,1.31742,1.30524,1.31533
2013-07-16 21:00:00,1.31541,1.31781,1.30831,1.31228
2013-07-17 21:00:00,1.31228,1.31255,1.30668,1.31113
2013-07-18 21:00:00,1.31115,1.31539,1.30891,1.31408
2013-07-21 21:00:00,1.31366,1.32179,1.31358,1.31842
2013-07-22 21:00:00,1.31839,1.32386,1.31634,1.32232
2013-07-23 21:00:00,1.32233,1.32560,1.31772,1.31972
2013-07-24 21:00:00,1.31969,1.32956,1.31655,1.32759
2013-07-25 21:00:00,1.32758,1.32968,1.32526,1.32765
2013-07-28 21:00:00,1.32792,1.32949,1.32393,1.32620
2013-07-29 21:00:00,1.32622,1.33009,1.32346,1.32626
2013-07-30 21:00:00,1.32625,1.33446,1.32140,1.32963
2013-07-31 21:00:00,1.33022,1.33108,1.31943,1.32096
2013-08-01 21:00:00,1.32097,1.32937,1.31877,1.32798
2013-08-04 21:00:00,1.32813,1.33003,1.32327,1.32611
2013-08-05 21:00:00,1.32612,1.33229,1.32460,1.33073
2013-08-06 21:00:00,1.33080,1.33452,1.32655,1.33365
2013-08-07 21:00:00,1.33365,1.34002,1.33282,1.33814
2013-08-08 21:00:00,1.33809,1.33903,1.33326,1.33387
2013-08-11 21:00:00,1.33366,1.33439,1.32772,1.32990
2013-08-12 21:00:00,1.32991,1.33171,1.32335,1.32601
2013-08-13 21:00:00,1.32605,1.32795,1.32388,1.32577
2013-08-14 21:00:00,1.32575,1.33623,1.32058,1.33504
2013-08-15 21:00:00,1.33503,1.33798,1.33109,1.33279
2013-08-18 21:00:00,1.33354,1.33744,1.33152,1.33357
2013-08-19 21:00:00,1.33357,1.34518,1.33233,1.34176
2013-08-20 21:00:00,1.34178,1.34267,1.33355,1.33579
2013-08-21 21:00:00,1.33577,1.33730,1.32980,1.33559
2013-08-22 21:00:00,1.33557,1.34097,1.33334,1.33788
2013-08-25 21:00:00,1.33819,1.33942,1.33566,1.33702
2013-08-26 21:00:00,1.33701,1.33986,1.33232,1.33905
2013-08-27 21:00:00,1.33906,1.33976,1.33050,1.33404
2013-08-28 21:00:00,1.33404,1.33431,1.32195,1.32374
2013-08-29 21:00:00,1.32389,1.32546,1.31750,1.32195
2013-09-01 21:00:00,1.32122,1.32270,1.31837,1.31957
2013-09-02 21:00:00,1.31954,1.31969,1.31386,1.31661
2013-09-03 21:00:00,1.31667,1.32178,1.31571,1.32028
2013-09-04 21:00:00,1.32043,1.32226,1.31104,1.31177
2013-09-05 21:00:00,1.31180,1.31890,1.31047,1.31766
2013-09-08 21:00:00,1.31735,1.32806,1.31651,1.32531
2013-09-09 21:00:00,1.32534,1.32757,1.32300,1.32655
2013-09-10 21:00:00,1.32654,1.33244,1.32438,1.33108
2013-09-11 21:00:00,1.33110,1.33241,1.32577,1.32998
2013-09-12 21:00:00,1.33001,1.33211,1.32543,1.32932
2013-09-15 21:00:00,1.33627,1.33854,1.33300,1.33349
2013-09-16 21:00:00,1.33350,1.33693,1.33251,1.33578
2013-09-17 21:00:00,1.33578,1.35415,1.33380,1.35082
2013-09-18 21:00:00,1.35083,1.35685,1.35009,1.35291
2013-09-19 21:00:00,1.35286,1.35486,1.34980,1.35217
2013-09-22 21:00:00,1.35318,1.35444,1.34792,1.34927
2013-09-23 21:00:00,1.34930,1.35186,1.34643,1.34702
2013-09-24 21:00:00,1.34709,1.35372,1.34622,1.35219
2013-09-25 21:00:00,1.35222,1.35260,1.34722,1.34865
2013-09-26 21:00:00,1.34870,1.35642,1.34741,1.35216
2013-09-29 21:00:00,1.34819,1.35556,1.34775,1.35215
2013-09-30 21:00:00,1.35215,1.35876,1.35168,1.35241
2013-10-01 21:00:00,1.35241,1.36068,1.35060,1.35811
2013-10-02 21:00:00,1.35812,1.36455,1.35774,1.36215
2013-10-03 21:00:00,1.36219,1.36315,1.35384,1.35565
2013-10-06 21:00:00,1.35629,1.35909,1.35425,1.35766
2013-10-07 21:00:00,1.35767,1.36070,1.35573,1.35727
2013-10-08 21:00:00,1.35729,1.36044,1.34857,1.35232
2013-10-09 21:00:00,1.35232,1.35463,1.34877,1.35253
2013-10-10 21:00:00,1.35254,1.35813,1.35193,1.35372
2013-10-13 21:00:00,1.35569,1.35974,1.35453,1.35591
2013-10-14 21:00:00,1.35592,1.35708,1.34794,1.35256
2013-10-15 21:00:00,1.35254,1.35673,1.34734,1.35334
2013-10-16 21:00:00,1.35335,1.36816,1.35154,1.36723
2013-10-17 21:00:00,1.36723,1.37036,1.36594,1.36853
2013-10-20 21:00:00,1.36829,1.36884,1.36509,1.36768
2013-10-21 21:00:00,1.36769,1.37916,1.36622,1.37781
2013-10-22 21:00:00,1.37780,1.37927,1.37414,1.37750
2013-10-23 21:00:00,1.37751,1.38249,1.37647,1.37989
2013-10-24 21:00:00,1.37988,1.38320,1.37742,1.38020
2013-10-27 22:00:00,1.38080,1.38171,1.37748,1.37829
2013-10-28 22:00:00,1.37831,1.38129,1.37364,1.37465
2013-10-29 22:00:00,1.37465,1.37841,1.36961,1.37217
2013-10-30 22:00:00,1.37219,1.37384,1.35750,1.35880
2013-10-31 22:00:00,1.35878,1.35892,1.34799,1.34858
2013-11-03 22:00:00,1.34910,1.35244,1.34425,1.35121
2013-11-04 22:00:00,1.35121,1.35221,1.34489,1.34717
2013-11-05 22:00:00,1.34717,1.35472,1.34675,1.35149
2013-11-06 22:00:00,1.35151,1.35286,1.32959,1.34131
2013-11-07 22:00:00,1.34134,1.34376,1.33178,1.33644
2013-11-10 22:00:00,1.33574,1.34158,1.33445,1.34065
2013-11-11 22:00:00,1.34065,1.34558,1.33591,1.34345
2013-11-12 22:00:00,1.34344,1.34972,1.33900,1.34816
2013-11-13 22:00:00,1.34816,1.34940,1.34182,1.34585
2013-11-14 22:00:00,1.34582,1.35046,1.34319,1.34943
2013-11-17 22:00:00,1.34917,1.35417,1.34743,1.35037
2013-11-18 22:00:00,1.35034,1.35469,1.34876,1.35354
2013-11-19 22:00:00,1.35353,1.35770,1.34152,1.34390
2013-11-20 22:00:00,1.34387,1.34862,1.33992,1.34753
2013-11-21 22:00:00,1.34753,1.35567,1.34621,1.35554
2013-11-24 22:00:00,1.35536,1.35600,1.34902,1.35220
2013-11-25 22:00:00,1.35217,1.35747,1.35193,1.35666
2013-11-26 22:00:00,1.35673,1.36128,1.35576,1.35776
2013-11-27 22:00:00,1.35776,1.36179,1.35635,1.36025
2013-11-28 22:00:00,1.36022,1.36214,1.35798,1.35901
2013-12-01 22:00:00,1.35878,1.36152,1.35259,1.35385
2013-12-02 22:00:00,1.35390,1.36134,1.35241,1.35885
2013-12-03 22:00:00,1.35889,1.36052,1.35282,1.35898
2013-12-04 22:00:00,1.35896,1.36771,1.35431,1.36722
2013-12-05 22:00:00,1.36720,1.37061,1.36195,1.37045
2013-12-08 22:00:00,1.37101,1.37452,1.36943,1.37351
2013-12-09 22:00:00,1.37354,1.37947,1.37341,1.37589
2013-12-10 22:00:00,1.37592,1.38105,1.37412,1.37861
2013-12-11 22:00:00,1.37862,1.38030,1.37376,1.37501
2013-12-12 22:00:00,1.37498,1.37689,1.37093,1.37376
2013-12-15 22:00:00,1.37370,1.37984,1.37361,1.37582
2013-12-16 22:00:00,1.37583,1.37820,1.37230,1.37711
2013-12-17 22:00:00,1.37712,1.38111,1.36727,1.36750
2013-12-18 22:00:00,1.36750,1.36938,1.36492,1.36549
2013-12-19 22:00:00,1.36548,1.37090,1.36251,1.36700
2013-12-22 22:00:00,1.36723,1.37164,1.36714,1.36957
2013-12-23 22:00:00,1.36953,1.36987,1.36547,1.36794
2013-12-25 22:00:00,1.36854,1.37018,1.36797,1.36889
2013-12-26 22:00:00,1.36885,1.38930,1.36881,1.37462
2013-12-29 22:00:00,1.37586,1.38189,1.37285,1.37937
2013-12-30 22:00:00,1.37938,1.38123,1.37596,1.37876
2013-12-31 22:00:00,1.37550,1.37648,1.37372,1.37580
2014-01-01 22:00:00,1.37581,1.37749,1.36294,1.36643
2014-01-02 22:00:00,1.36643,1.36716,1.35821,1.35874
2014-01-05 22:00:00,1.35955,1.36528,1.35712,1.36334
2014-01-06 22:00:00,1.36334,1.36562,1.35966,1.36138
2014-01-07 22:00:00,1.36142,1.36349,1.35533,1.35749
2014-01-08 22:00:00,1.35746,1.36328,1.35484,1.36017
2014-01-09 22:00:00,1.36016,1.36871,1.35721,1.36665
2014-01-12 22:00:00,1.36662,1.36846,1.36373,1.36680
2014-01-13 22:00:00,1.36680,1.36992,1.36490,1.36722
2014-01-14 22:00:00,1.36728,1.36760,1.35812,1.36042
2014-01-15 22:00:00,1.36043,1.36492,1.35830,1.36162
2014-01-16 22:00:00,1.36163,1.36208,1.35168,1.35405
2014-01-19 22:00:00,1.35325,1.35677,1.35074,1.35557
2014-01-20 22:00:00,1.35557,1.35687,1.35162,1.35591
2014-01-21 22:00:00,1.35588,1.35832,1.35344,1.35447
2014-01-22 22:00:00,1.35451,1.36981,1.35303,1.36931
2014-01-23 22:00:00,1.36930,1.37393,1.36627,1.36752
2014-01-26 22:00:00,1.36800,1.37163,1.36529,1.36728
2014-01-27 22:00:00,1.36730,1.36882,1.36290,1.36517
2014-01-28 22:00:00,1.36519,1.36845,1.36029,1.36608
2014-01-29 22:00:00,1.36609,1.36642,1.35434,1.35565
2014-01-30 22:00:00,1.35567,1.35733,1.34790,1.34849
2014-02-02 22:00:00,1.34855,1.35353,1.34770,1.35258
2014-02-03 22:00:00,1.35260,1.35384,1.34934,1.35143
2014-02-04 22:00:00,1.35147,1.35552,1.34986,1.35361
2014-02-05 22:00:00,1.35361,1.36188,1.34841,1.35898
2014-02-06 22:00:00,1.35898,1.36425,1.35516,1.36342
2014-02-09 22:00:00,1.36232,1.36513,1.36179,1.36442
2014-02-10 22:00:00,1.36441,1.36827,1.36291,1.36372
2014-02-11 22:00:00,1.36375,1.36525,1.35620,1.35948
2014-02-12 22:00:00,1.35952,1.36916,1.35852,1.36787
2014-02-13 22:00:00,1.36785,1.37145,1.36735,1.36918
2014-02-16 22:00:00,1.37007,1.37240,1.36919,1.37047
2014-02-17 22:00:00,1.37047,1.37696,1.36943,1.37604
2014-02-18 22:00:00,1.37601,1.37730,1.37242,1.37321
2014-02-19 22:00:00,1.37322,1.37623,1.36857,1.37202
2014-02-20 22:00:00,1.37208,1.37583,1.37018,1.37380
2014-02-23 22:00:00,1.37382,1.37710,1.37081,1.37336
2014-02-24 22:00:00,1.37337,1.37668,1.37152,1.37447
2014-02-25 22:00:00,1.37449,1.37569,1.36614,1.36831
2014-02-26 22:00:00,1.36831,1.37266,1.36430,1.37080
2014-02-27 22:00:00,1.37081,1.38241,1.36940,1.38016
2014-03-02 22:00:00,1.37856,1.37924,1.37260,1.37361
2014-03-03 22:00:00,1.37362,1.37812,1.37206,1.37395
2014-03-04 22:00:00,1.37396,1.37491,1.37072,1.37361
2014-03-05 22:00:00,1.37361,1.38723,1.37210,1.38596
2014-03-06 22:00:00,1.38599,1.39146,1.38522,1.38746
2014-03-09 22:00:00,1.38761,1.38976,1.38614,1.38769
2014-03-10 22:00:00,1.38767,1.38784,1.38335,1.38545
2014-03-11 22:00:00,1.38545,1.39142,1.38432,1.39018
2014-03-12 22:00:00,1.39018,1.39666,1.38454,1.38676
2014-03-13 22:00:00,1.38676,1.39374,1.38473,1.39134
2014-03-16 22:00:00,1.39062,1.39474,1.38788,1.39252
2014-03-17 22:00:00,1.39251,1.39427,1.38797,1.39304
2014-03-18 22:00:00,1.39304,1.39329,1.38095,1.38223
2014-03-19 22:00:00,1.38226,1.38448,1.37490,1.37782
2014-03-20 22:00:00,1.37781,1.38106,1.37654,1.37933
2014-03-23 22:00:00,1.37914,1.38757,1.37601,1.38380
2014-03-24 22:00:00,1.38381,1.38470,1.37490,1.38250
2014-03-25 22:00:00,1.38249,1.38263,1.37762,1.37830
2014-03-26 22:00:00,1.37834,1.37967,1.37283,1.37437
2014-03-27 22:00:00,1.37436,1.37729,1.37047,1.37513
2014-03-30 21:00:00,1.37531,1.38085,1.37215,1.37735
2014-03-31 21:00:00,1.37734,1.38152,1.37690,1.37932
2014-04-01 21:00:00,1.37931,1.38201,1.37530,1.37651
2014-04-02 21:00:00,1.37653,1.38066,1.36980,1.37168
2014-04-03 21:00:00,1.37169,1.37312,1.36725,1.37014
2014-04-06 21:00:00,1.37008,1.37483,1.36960,1.37412
2014-04-07 21:00:00,1.37413,1.38116,1.37371,1.37946
2014-04-08 21:00:00,1.37955,1.38620,1.37799,1.38536
2014-04-09 21:00:00,1.38534,1.38988,1.38357,1.38868
2014-04-10 21:00:00,1.38868,1.39057,1.38632,1.38844
2014-04-13 21:00:00,1.38573,1.38627,1.38080,1.38181
2014-04-14 21:00:00,1.38185,1.38332,1.37899,1.38133
2014-04-15 21:00:00,1.38133,1.38507,1.38035,1.38160
2014-04-16 21:00:00,1.38160,1.38645,1.38109,1.38131
2014-04-17 21:00:00,1.38130,1.38222,1.38068,1.38068
2014-04-20 21:00:00,1.38164,1.38302,1.37869,1.37944
2014-04-21 21:00:00,1.37945,1.38247,1.37849,1.38053
2014-04-22 21:00:00,1.38052,1.38545,1.38001,1.38160
2014-04-23 21:00:00,1.38158,1.38432,1.37912,1.38312
2014-04-24 21:00:00,1.38314,1.38481,1.38267,1.38330
2014-04-27 21:00:00,1.38394,1.38792,1.38145,1.38497
2014-04-28 21:00:00,1.38497,1.38788,1.38054,1.38116
2014-04-29 21:00:00,1.38118,1.38764,1.37749,1.38653
2014-04-30 21:00:00,1.38656,1.38889,1.38626,1.38670
2014-05-01 21:00:00,1.38671,1.38811,1.38120,1.38689
2014-05-04 21:00:00,1.38724,1.38858,1.38643,1.38740
2014-05-05 21:00:00,1.38743,1.39511,1.38719,1.39247
2014-05-06 21:00:00,1.39248,1.39384,1.39097,1.39109
2014-05-07 21:00:00,1.39109,1.39932,1.38328,1.38392
2014-05-08 21:00:00,1.38393,1.38441,1.37453,1.37577
2014-05-11 21:00:00,1.37569,1.37747,1.37492,1.37582
2014-05-12 21:00:00,1.37582,1.37713,1.36889,1.37034
2014-05-13 21:00:00,1.37035,1.37304,1.36978,1.37142
2014-05-14 21:00:00,1.37139,1.37322,1.36484,1.37101
2014-05-15 21:00:00,1.37101,1.37267,1.36851,1.36933
2014-05-18 21:00:00,1.36978,1.37337,1.36951,1.37085
2014-05-19 21:00:00,1.37086,1.37133,1.36780,1.36989
2014-05-20 21:00:00,1.36991,1.37229,1.36353,1.36856
2014-05-21 21:00:00,1.36856,1.36871,1.36451,1.36561
2014-05-22 21:00:00,1.36557,1.36563,1.36155,1.36280
2014-05-25 21:00:00,1.36246,1.36540,1.36153,1.36438
2014-05-26 21:00:00,1.36439,1.36681,1.36123,1.36334
2014-05-27 21:00:00,1.36336,1.36373,1.35880,1.35921
2014-05-28 21:00:00,1.35920,1.36253,1.35858,1.36017
2014-05-29 21:00:00,1.36019,1.36498,1.35980,1.36339
2014-06-01 21:00:00,1.36304,1.36359,1.35879,1.35979
2014-06-02 21:00:00,1.35979,1.36475,1.35867,1.36271
2014-06-03 21:00:00,1.36268,1.36389,1.35962,1.36001
2014-06-04 21:00:00,1.35997,1.36693,1.35028,1.36628
2014-06-05 21:00:00,1.36629,1.36769,1.36208,1.36423
2014-06-08 21:00:00,1.36458,1.36685,1.35823,1.35923
2014-06-09 21:00:00,1.35925,1.36017,1.35333,1.35445
2014-06-10 21:00:00,1.35445,1.35569,1.35215,1.35337
2014-06-11 21:00:00,1.35339,1.35714,1.35121,1.35489
2014-06-12 21:00:00,1.35490,1.35787,1.35207,1.35379
2014-06-15 21:00:00,1.35373,1.35792,1.35129,1.35722
2014-06-16 21:00:00,1.35719,1.35869,1.35360,1.35462
2014-06-17 21:00:00,1.35460,1.35992,1.35416,1.35875
2014-06-18 21:00:00,1.35875,1.36433,1.35838,1.36060
2014-06-19 21:00:00,1.36063,1.36338,1.35642,1.35995
2014-06-22 21:00:00,1.35949,1.36133,1.35738,1.36035
2014-06-23 21:00:00,1.36037,1.36274,1.35832,1.36028
2014-06-24 21:00:00,1.36028,1.36510,1.36003,1.36306
2014-06-25 21:00:00,1.36306,1.36411,1.35757,1.36120
2014-06-26 21:00:00,1.36124,1.36502,1.36098,1.36488
2014-06-29 21:00:00,1.36450,1.36969,1.36402,1.36927
2014-06-30 21:00:00,1.36928,1.36991,1.36753,1.36787
2014-07-01 21:00:00,1.36786,1.36820,1.36422,1.36567
2014-07-02 21:00:00,1.36568,1.36639,1.35962,1.36088
2014-07-03 21:00:00,1.36087,1.36110,1.35851,1.35944
2014-07-06 21:00:00,1.35935,1.36089,1.35758,1.36056
2014-07-07 21:00:00,1.36055,1.36172,1.35881,1.36117
2014-07-08 21:00:00,1.36116,1.36473,1.36021,1.36404
2014-07-09 21:00:00,1.36403,1.36506,1.35891,1.36063
2014-07-10 21:00:00,1.36064,1.36244,1.35916,1.36032
2014-07-13 21:00:00,1.36055,1.36401,1.35973,1.36207
2014-07-14 21:00:00,1.36206,1.36277,1.35619,1.35679
2014-07-15 21:00:00,1.35679,1.35714,1.35206,1.35251
2014-07-16 21:00:00,1.35249,1.35399,1.35163,1.35258
2014-07-17 21:00:00,1.35258,1.35358,1.34908,1.35203
2014-07-20 21:00:00,1.35268,1.35484,1.35123,1.35221
2014-07-21 21:00:00,1.35221,1.35290,1.34584,1.34659
2014-07-22 21:00:00,1.34659,1.34737,1.34545,1.34622
2014-07-23 21:00:00,1.34622,1.34846,1.34378,1.34622
2014-07-24 21:00:00,1.34622,1.34752,1.34210,1.34288
2014-07-27 21:00:00,1.34305,1.34436,1.34265,1.34393
2014-07-28 21:00:00,1.34393,1.34441,1.34039,1.34087
2014-07-29 21:00:00,1.34088,1.34149,1.33665,1.33945
2014-07-30 21:00:00,1.33945,1.34004,1.33710,1.33877
2014-07-31 21:00:00,1.33872,1.34446,1.33781,1.34264
2014-08-03 21:00:00,1.34271,1.34308,1.34091,1.34218
2014-08-04 21:00:00,1.34217,1.34244,1.33580,1.33712
2014-08-05 21:00:00,1.33712,1.33875,1.33327,1.33838
2014-08-06 21:00:00,1.33836,1.33933,1.33367,1.33614
2014-08-07 21:00:00,1.33613,1.34323,1.33432,1.34094
2014-08-10 21:00:00,1.34061,1.34082,1.33801,1.33843
2014-08-11 21:00:00,1.33843,1.33857,1.33356,1.33670
2014-08-12 21:00:00,1.33674,1.34148,1.33419,1.33630
2014-08-13 21:00:00,1.33630,1.34074,1.33479,1.33637
2014-08-14 21:00:00,1.33637,1.34114,1.33583,1.33975
2014-08-17 21:00:00,1.33913,1.33988,1.33526,1.33611
2014-08-18 21:00:00,1.33611,1.33627,1.33129,1.33174
2014-08-19 21:00:00,1.33174,1.33240,1.32550,1.32576
2014-08-20 21:00:00,1.32575,1.32881,1.32417,1.32819
2014-08-21 21:00:00,1.32817,1.32963,1.32204,1.32381
2014-08-24 21:00:00,1.31914,1.32100,1.31834,1.31903
2014-08-25 21:00:00,1.31904,1.32144,1.31644,1.31682
2014-08-26 21:00:00,1.31681,1.32094,1.31523,1.31935
2014-08-27 21:00:00,1.31934,1.32204,1.31596,1.31838
2014-08-28 21:00:00,1.31837,1.31960,1.31323,1.31323
2014-08-31 21:00:00,1.31292,1.31451,1.31188,1.31273
2014-09-01 21:00:00,1.31271,1.31365,1.31098,1.31326
2014-09-02 21:00:00,1.31323,1.31600,1.31219,1.31487
2014-09-03 21:00:00,1.31488,1.31540,1.29201,1.29357
2014-09-04 21:00:00,1.29357,1.29883,1.29221,1.29510
2014-09-07 21:00:00,1.29531,1.29590,1.28811,1.29001
2014-09-08 21:00:00,1.29000,1.29574,1.28594,1.29404
2014-09-09 21:00:00,1.29403,1.29628,1.28833,1.29157
2014-09-10 21:00:00,1.29157,1.29516,1.28966,1.29233
2014-09-11 21:00:00,1.29231,1.29791,1.29089,1.29643
2014-09-14 21:00:00,1.29679,1.29694,1.29088,1.29409
2014-09-15 21:00:00,1.29408,1.29951,1.29223,1.29574
2014-09-16 21:00:00,1.29575,1.29814,1.28355,1.28449
2014-09-17 21:00:00,1.28456,1.29303,1.28347,1.29160
2014-09-18 21:00:00,1.29160,1.29289,1.28275,1.28284
2014-09-21 21:00:00,1.28267,1.28679,1.28164,1.28464
2014-09-22 21:00:00,1.28463,1.29012,1.28427,1.28486
2014-09-23 21:00:00,1.28485,1.28637,1.27742,1.27780
2014-09-24 21:00:00,1.27781,1.27834,1.26968,1.27515
2014-09-25 21:00:00,1.27515,1.27607,1.26769,1.26825
2014-09-28 21:00:00,1.26812,1.27149,1.26638,1.26887
2014-09-29 21:00:00,1.26889,1.27024,1.25712,1.26307
2014-09-30 21:00:00,1.26306,1.26397,1.25837,1.26185
2014-10-01 21:00:00,1.26183,1.26988,1.26138,1.26696
2014-10-02 21:00:00,1.26700,1.26719,1.25006,1.25145
2014-10-05 21:00:00,1.25132,1.26750,1.25089,1.26534
2014-10-06 21:00:00,1.26536,1.26820,1.25836,1.26646
2014-10-07 21:00:00,1.26649,1.27489,1.26228,1.27304
2014-10-08 21:00:00,1.27303,1.27914,1.26638,1.26895
2014-10-09 21:00:00,1.26895,1.27161,1.26056,1.26272
2014-10-12 21:00:00,1.26273,1.27681,1.26273,1.27412
2014-10-13 21:00:00,1.27412,1.27489,1.26400,1.26580
2014-10-14 21:00:00,1.26580,1.28868,1.26248,1.28156
2014-10-15 21:00:00,1.28173,1.28450,1.27059,1.28040
2014-10-16 21:00:00,1.28036,1.28368,1.27435,1.27591
2014-10-19 21:00:00,1.27552,1.28164,1.27308,1.27942
2014-10-20 21:00:00,1.27941,1.28397,1.27107,1.27112
2014-10-21 21:00:00,1.27113,1.27391,1.26367,1.26441
2014-10-22 21:00:00,1.26444,1.26762,1.26134,1.26447
2014-10-23 21:00:00,1.26447,1.26953,1.26344,1.26681
2014-10-26 22:00:00,1.26751,1.27231,1.26653,1.26947
2014-10-27 22:00:00,1.26947,1.27644,1.26848,1.27355
2014-10-28 22:00:00,1.27355,1.27701,1.26261,1.26377
2014-10-29 22:00:00,1.26376,1.26388,1.25469,1.26047
2014-10-30 22:00:00,1.26047,1.26135,1.24851,1.25231
2014-11-02 22:00:00,1.25085,1.25110,1.24385,1.24903
2014-11-03 22:00:00,1.24901,1.25772,1.24870,1.25521
2014-11-04 22:00:00,1.25520,1.25665,1.24568,1.24746
2014-11-05 22:00:00,1.24746,1.25328,1.23645,1.23786
2014-11-06 22:00:00,1.23785,1.24683,1.23571,1.24535
2014-11-09 22:00:00,1.24637,1.25090,1.24180,1.24235
2014-11-10 22:00:00,1.24234,1.24988,1.23939,1.24728
2014-11-11 22:00:00,1.24729,1.24974,1.24187,1.24279
2014-11-12 22:00:00,1.24281,1.24917,1.24259,1.24747
2014-11-13 22:00:00,1.24744,1.25462,1.23988,1.25215
2014-11-16 22:00:00,1.25204,1.25771,1.24440,1.24491
2014-11-17 22:00:00,1.24492,1.25449,1.24432,1.25311
2014-11-18 22:00:00,1.25309,1.25991,1.25116,1.25446
2014-11-19 22:00:00,1.25446,1.25746,1.25040,1.25413
2014-11-20 22:00:00,1.25412,1.25675,1.23747,1.23892
2014-11-23 22:00:00,1.23623,1.24444,1.23623,1.24410
2014-11-24 22:00:00,1.24407,1.24865,1.24015,1.24736
2014-11-25 22:00:00,1.24734,1.25310,1.24429,1.25044
2014-11-26 22:00:00,1.25047,1.25233,1.24643,1.24664
2014-11-27 22:00:00,1.24657,1.24897,1.24259,1.24498
2014-11-30 22:00:00,1.24613,1.25062,1.24189,1.24682
2014-12-01 22:00:00,1.24685,1.24757,1.23765,1.23818
2014-12-02 22:00:00,1.23806,1.23904,1.23008,1.23092
2014-12-03 22:00:00,1.23103,1.24561,1.22794,1.23787
2014-12-04 22:00:00,1.23767,1.23925,1.22707,1.22844
2014-12-07 22:00:00,1.22828,1.23435,1.22472,1.23162
2014-12-08 22:00:00,1.23061,1.24476,1.22920,1.23736
2014-12-09 22:00:00,1.23737,1.24481,1.23619,1.24467
2014-12-10 22:00:00,1.24435,1.24949,1.23700,1.24080
2014-12-11 22:00:00,1.24112,1.24850,1.23842,1.24600
2014-12-14 22:00:00,1.24731,1.24785,1.24144,1.24345
2014-12-15 22:00:00,1.24351,1.25696,1.24334,1.25102
2014-12-16 22:00:00,1.25079,1.25154,1.23204,1.23406
2014-12-17 22:00:00,1.23405,1.23527,1.22656,1.22856
2014-12-18 22:00:00,1.22849,1.23019,1.22200,1.22224
2014-12-21 22:00:00,1.22230,1.22723,1.22164,1.22285
2014-12-22 22:00:00,1.22285,1.22454,1.21644,1.21721
2014-12-23 22:00:00,1.21721,1.22199,1.21693,1.21891
2014-12-25 22:00:00,1.22085,1.22108,1.21684,1.21773
2014-12-28 22:00:00,1.21807,1.22209,1.21430,1.21500
2014-12-29 22:00:00,1.21500,1.21873,1.21237,1.21546
2014-12-30 22:00:00,1.21525,1.21695,1.20973,1.20995
2015-01-01 22:00:00,1.20538,1.20690,1.19997,1.20014
2015-01-04 22:00:00,1.19454,1.19757,1.18642,1.19317
2015-01-05 22:00:00,1.19318,1.19682,1.18836,1.18887
2015-01-06 22:00:00,1.18889,1.18956,1.18014,1.18386
2015-01-07 22:00:00,1.18386,1.18467,1.17536,1.17899
2015-01-08 22:00:00,1.17901,1.18450,1.17623,1.18402
2015-01-11 22:00:00,1.18481,1.18702,1.17856,1.18325
2015-01-12 22:00:00,1.18324,1.18589,1.17529,1.17718
2015-01-13 22:00:00,1.17712,1.18451,1.17267,1.17881
2015-01-14 22:00:00,1.17882,1.17921,1.15673,1.16298
2015-01-15 22:00:00,1.16305,1.16479,1.14594,1.15650
2015-01-18 22:00:00,1.15524,1.16381,1.15512,1.16060
2015-01-19 22:00:00,1.16050,1.16138,1.15397,1.15479
2015-01-20 22:00:00,1.15480,1.16790,1.15406,1.16087
2015-01-21 22:00:00,1.16088,1.16485,1.13156,1.13642
2015-01-22 22:00:00,1.13630,1.13731,1.11145,1.12032
2015-01-25 22:00:00,1.11492,1.12945,1.10970,1.12373
2015-01-26 22:00:00,1.12377,1.14221,1.12230,1.13803
2015-01-27 22:00:00,1.13803,1.13828,1.12757,1.12865
2015-01-28 22:00:00,1.12867,1.13670,1.12612,1.13185
2015-01-29 22:00:00,1.13154,1.13628,1.12770,1.12844
2015-02-01 22:00:00,1.13115,1.13616,1.12918,1.13413
2015-02-02 22:00:00,1.13399,1.15332,1.13122,1.14781
2015-02-03 22:00:00,1.14779,1.14842,1.13155,1.13433
2015-02-04 22:00:00,1.13428,1.14983,1.13035,1.14763
2015-02-05 22:00:00,1.14760,1.14850,1.13090,1.13102
2015-02-08 22:00:00,1.12952,1.13586,1.12698,1.13234
2015-02-09 22:00:00,1.13233,1.13448,1.12726,1.13197
2015-02-10 22:00:00,1.13200,1.13466,1.12794,1.13351
2015-02-11 22:00:00,1.13348,1.14224,1.13016,1.14022
2015-02-12 22:00:00,1.14020,1.14421,1.13792,1.13919
2015-02-15 22:00:00,1.13994,1.14285,1.13191,1.13528
2015-02-16 22:00:00,1.13533,1.14478,1.13217,1.14100
2015-02-17 22:00:00,1.14097,1.14152,1.13335,1.13962
2015-02-18 22:00:00,1.13960,1.14496,1.13550,1.13674
2015-02-19 22:00:00,1.13675,1.14231,1.12788,1.13785
2015-02-22 22:00:00,1.13940,1.13952,1.12947,1.13340
2015-02-23 22:00:00,1.13335,1.13577,1.12900,1.13397
2015-02-24 22:00:00,1.13395,1.13880,1.13353,1.13606
2015-02-25 22:00:00,1.13593,1.13791,1.11834,1.11975
2015-02-26 22:00:00,1.11975,1.12446,1.11758,1.11957
2015-03-01 22:00:00,1.11805,1.12402,1.11597,1.11824
2015-03-02 22:00:00,1.11835,1.12171,1.11545,1.11752
2015-03-03 22:00:00,1.11742,1.11852,1.10615,1.10767
2015-03-04 22:00:00,1.10772,1.11118,1.09879,1.10291
2015-03-05 22:00:00,1.10284,1.10322,1.08387,1.08433
2015-03-08 22:00:00,1.08296,1.09061,1.08227,1.08518
2015-03-09 22:00:00,1.08509,1.08547,1.06676,1.06785
2015-03-10 22:00:00,1.06791,1.07163,1.05108,1.05444
2015-03-11 22:00:00,1.05457,1.06833,1.04943,1.06241
2015-03-12 22:00:00,1.06238,1.06343,1.04619,1.04910
2015-03-15 22:00:00,1.04855,1.06193,1.04791,1.05669
2015-03-16 22:00:00,1.05664,1.06505,1.05510,1.05972
2015-03-17 22:00:00,1.05961,1.10415,1.05797,1.08284
2015-03-18 22:00:00,1.08291,1.09191,1.06125,1.06561
2015-03-19 22:00:00,1.06562,1.08813,1.06550,1.08189
2015-03-22 22:00:00,1.08667,1.09707,1.07667,1.09441
2015-03-23 22:00:00,1.09457,1.10286,1.08897,1.09176
2015-03-24 22:00:00,1.09184,1.10139,1.09002,1.09708
2015-03-25 22:00:00,1.09711,1.10515,1.08555,1.08740
2015-03-26 22:00:00,1.08743,1.09473,1.08007,1.08841
2015-03-29 21:00:00,1.08841,1.08913,1.08095,1.08320
2015-03-30 21:00:00,1.08317,1.08447,1.07123,1.07308
2015-03-31 21:00:00,1.07331,1.07992,1.07180,1.07624
2015-04-01 21:00:00,1.07622,1.09048,1.07497,1.08792
2015-04-02 21:00:00,1.08793,1.10261,1.08632,1.09679
2015-04-05 21:00:00,1.10007,1.10348,1.09090,1.09213
2015-04-06 21:00:00,1.09211,1.09540,1.08029,1.08137
2015-04-07 21:00:00,1.08137,1.08870,1.07627,1.07795
2015-04-08 21:00:00,1.07796,1.07884,1.06372,1.06584
2015-04-09 21:00:00,1.06585,1.06833,1.05674,1.06030
2015-04-12 21:00:00,1.06030,1.06190,1.05202,1.05659
2015-04-13 21:00:00,1.05658,1.07043,1.05311,1.06539
2015-04-14 21:00:00,1.06534,1.07015,1.05705,1.06869
2015-04-15 21:00:00,1.06869,1.08172,1.06246,1.07592
2015-04-16 21:00:00,1.07592,1.08481,1.07343,1.08089
2015-04-19 21:00:00,1.08089,1.08195,1.07120,1.07379
2015-04-20 21:00:00,1.07379,1.07808,1.06594,1.07333
2015-04-21 21:00:00,1.07333,1.08004,1.07079,1.07253
2015-04-22 21:00:00,1.07253,1.08458,1.06655,1.08245
2015-04-23 21:00:00,1.08245,1.08996,1.07842,1.08700
2015-04-26 21:00:00,1.08627,1.09263,1.08191,1.08869
2015-04-27 21:00:00,1.08897,1.09905,1.08595,1.09788
2015-04-28 21:00:00,1.09767,1.11875,1.09591,1.11265
2015-04-29 21:00:00,1.11277,1.12659,1.10708,1.12222
2015-04-30 21:00:00,1.12188,1.12896,1.11742,1.11967
2015-05-03 21:00:00,1.11922,1.12238,1.11224,1.11469
2015-05-04 21:00:00,1.11444,1.12203,1.10662,1.11849
2015-05-05 21:00:00,1.11851,1.13693,1.11749,1.13447
2015-05-06 21:00:00,1.13473,1.13918,1.12371,1.12657
2015-05-07 21:00:00,1.12654,1.12876,1.11789,1.12085
2015-05-10 21:00:00,1.12000,1.12053,1.11305,1.11542
2015-05-11 21:00:00,1.11544,1.12780,1.11337,1.12127
2015-05-12 21:00:00,1.12127,1.13821,1.12019,1.13542
2015-05-13 21:00:00,1.13535,1.14442,1.13402,1.14095
2015-05-14 21:00:00,1.14094,1.14661,1.13233,1.14466
2015-05-17 21:00:00,1.14485,1.14485,1.12979,1.13140
2015-05-18 21:00:00,1.13146,1.13256,1.11184,1.11490
2015-05-19 21:00:00,1.11506,1.11514,1.10616,1.10932
2015-05-20 21:00:00,1.10917,1.11807,1.10790,1.11113
2015-05-21 21:00:00,1.11113,1.12069,1.10016,1.10141
2015-05-24 21:00:00,1.10052,1.10089,1.09584,1.09769
2015-05-25 21:00:00,1.09764,1.09806,1.08626,1.08723
2015-05-26 21:00:00,1.08718,1.09284,1.08185,1.09034
2015-05-27 21:00:00,1.09035,1.09579,1.08681,1.09473
2015-05-28 21:00:00,1.09471,1.10053,1.09251,1.09895
2015-05-31 21:00:00,1.09835,1.09876,1.08865,1.09258
2015-06-01 21:00:00,1.09257,1.11927,1.09152,1.11501
2015-06-02 21:00:00,1.11499,1.12843,1.10811,1.12737
2015-06-03 21:00:00,1.12736,1.13793,1.12219,1.12372
2015-06-04 21:00:00,1.12370,1.12793,1.10489,1.11163
2015-06-07 21:00:00,1.11018,1.13063,1.10837,1.12908
2015-06-08 21:00:00,1.12902,1.13446,1.12136,1.12817
2015-06-09 21:00:00,1.12796,1.13855,1.12599,1.13230
2015-06-10 21:00:00,1.13232,1.13306,1.11816,1.12566
2015-06-11 21:00:00,1.12567,1.12961,1.11509,1.12621
2015-06-14 21:00:00,1.12133,1.12938,1.11893,1.12820
2015-06-15 21:00:00,1.12830,1.13292,1.12044,1.12467
2015-06-16 21:00:00,1.12467,1.13574,1.12057,1.13365
2015-06-17 21:00:00,1.13365,1.14360,1.13297,1.13595
2015-06-18 21:00:00,1.13575,1.13962,1.12915,1.13483
2015-06-21 21:00:00,1.13740,1.14097,1.13115,1.13396
2015-06-22 21:00:00,1.13398,1.13469,1.11347,1.11674
2015-06-23 21:00:00,1.11663,1.12344,1.11539,1.12033
2015-06-24 21:00:00,1.12056,1.12273,1.11534,1.12035
2015-06-25 21:00:00,1.12023,1.12194,1.11297,1.11713
2015-06-28 21:00:00,1.10047,1.12776,1.09538,1.12350
2015-06-29 21:00:00,1.12346,1.12437,1.11123,1.11453
2015-06-30 21:00:00,1.11380,1.11708,1.10425,1.10518
2015-07-01 21:00:00,1.10525,1.11209,1.10319,1.10826
2015-07-02 21:00:00,1.10835,1.11175,1.10643,1.11038
2015-07-05 21:00:00,1.09794,1.10950,1.09688,1.10551
2015-07-06 21:00:00,1.10551,1.10581,1.09158,1.10103
2015-07-07 21:00:00,1.10104,1.10925,1.09734,1.10756
2015-07-08 21:00:00,1.10754,1.11245,1.09910,1.10353
2015-07-09 21:00:00,1.10353,1.12153,1.10300,1.11541
2015-07-12 21:00:00,1.10993,1.11963,1.09948,1.10001
2015-07-13 21:00:00,1.10001,1.10808,1.09649,1.10082
2015-07-14 21:00:00,1.10082,1.10349,1.09293,1.09477
2015-07-15 21:00:00,1.09483,1.09620,1.08549,1.08730
2015-07-16 21:00:00,1.08731,1.09063,1.08281,1.08299
2015-07-19 21:00:00,1.08332,1.08695,1.08078,1.08245
2015-07-20 21:00:00,1.08243,1.09690,1.08109,1.09324
2015-07-21 21:00:00,1.09341,1.09662,1.08691,1.09278
2015-07-22 21:00:00,1.09234,1.10180,1.09213,1.09826
2015-07-23 21:00:00,1.09800,1.09955,1.09251,1.09762
2015-07-26 21:00:00,1.09759,1.11292,1.09687,1.10866
2015-07-27 21:00:00,1.10871,1.10995,1.10219,1.10592
2015-07-28 21:00:00,1.10588,1.10837,1.09667,1.09821
2015-07-29 21:00:00,1.09809,1.09890,1.08931,1.09313
2015-07-30 21:00:00,1.09304,1.11139,1.09208,1.09831
2015-08-02 21:00:00,1.09711,1.09957,1.09410,1.09503
2015-08-03 21:00:00,1.09493,1.09873,1.08786,1.08809
2015-08-04 21:00:00,1.08783,1.09370,1.08477,1.09052
2015-08-05 21:00:00,1.09041,1.09433,1.08733,1.09235
2015-08-06 21:00:00,1.09216,1.09780,1.08548,1.09640
2015-08-09 21:00:00,1.09623,1.10411,1.09250,1.10154
2015-08-10 21:00:00,1.10167,1.10880,1.09602,1.10370
2015-08-11 21:00:00,1.10390,1.12137,1.10240,1.11553
2015-08-12 21:00:00,1.11563,1.11885,1.10796,1.11476
2015-08-13 21:00:00,1.11460,1.11885,1.10976,1.11100
2015-08-16 21:00:00,1.11140,1.11245,1.10584,1.10728
2015-08-17 21:00:00,1.10738,1.10935,1.10171,1.10228
2015-08-18 21:00:00,1.10238,1.11342,1.10174,1.11160
2015-08-19 21:00:00,1.11154,1.12444,1.11067,1.12375
2015-08-20 21:00:00,1.12372,1.13884,1.12289,1.13865
2015-08-23 21:00:00,1.13742,1.17138,1.13679,1.16129
2015-08-24 21:00:00,1.16168,1.16214,1.13961,1.15127
2015-08-25 21:00:00,1.15155,1.15612,1.12912,1.13115
2015-08-26 21:00:00,1.13072,1.13642,1.12028,1.12393
2015-08-27 21:00:00,1.12428,1.13094,1.11559,1.11803
2015-08-30 21:00:00,1.11767,1.12620,1.11692,1.12090
2015-08-31 21:00:00,1.12079,1.13318,1.12077,1.13133
2015-09-01 21:00:00,1.13127,1.13193,1.12162,1.12258
2015-09-02 21:00:00,1.12252,1.12430,1.10869,1.11222
2015-09-03 21:00:00,1.11206,1.11894,1.10897,1.11469
2015-09-06 21:00:00,1.11571,1.11774,1.11210,1.11684
2015-09-07 21:00:00,1.11668,1.12292,1.11522,1.12012
2015-09-08 21:00:00,1.11981,1.12160,1.11313,1.12060
2015-09-09 21:00:00,1.12020,1.12950,1.11715,1.12776
2015-09-10 21:00:00,1.12755,1.13493,1.12538,1.13395
2015-09-13 21:00:00,1.13298,1.13729,1.12832,1.13150
2015-09-14 21:00:00,1.13145,1.13284,1.12580,1.12687
2015-09-15 21:00:00,1.12680,1.13204,1.12138,1.12890
2015-09-16 21:00:00,1.12885,1.14408,1.12842,1.14336
2015-09-17 21:00:00,1.14333,1.14600,1.12691,1.12985
2015-09-20 21:00:00,1.12823,1.13298,1.11809,1.11888
2015-09-21 21:00:00,1.11886,1.12072,1.11130,1.11236
2015-09-22 21:00:00,1.11229,1.12130,1.11049,1.11844
2015-09-23 21:00:00,1.11843,1.12956,1.11641,1.12321
2015-09-24 21:00:00,1.12280,1.12280,1.11159,1.11994
2015-09-27 21:00:00,1.11910,1.12474,1.11463,1.12436
2015-09-28 21:00:00,1.12441,1.12810,1.11935,1.12478
2015-09-29 21:00:00,1.12469,1.12610,1.11569,1.11763
2015-09-30 21:00:00,1.11748,1.12090,1.11347,1.11939
2015-10-01 21:00:00,1.11931,1.13181,1.11501,1.12095
2015-10-04 21:00:00,1.12202,1.12890,1.11731,1.11871
2015-10-05 21:00:00,1.11854,1.12792,1.11717,1.12704
2015-10-06 21:00:00,1.12706,1.12840,1.12112,1.12368
2015-10-07 21:00:00,1.12353,1.13265,1.12341,1.12756
2015-10-08 21:00:00,1.12748,1.13869,1.12667,1.13569
2015-10-11 21:00:00,1.13588,1.13966,1.13547,1.13578
2015-10-12 21:00:00,1.13571,1.14108,1.13438,1.13782
2015-10-13 21:00:00,1.13773,1.14889,1.13768,1.14730
2015-10-14 21:00:00,1.14723,1.14949,1.13629,1.13803
2015-10-15 21:00:00,1.13819,1.13945,1.13339,1.13474
2015-10-18 21:00:00,1.13546,1.13788,1.13054,1.13269
2015-10-19 21:00:00,1.13268,1.13868,1.13237,1.13453
2015-10-20 21:00:00,1.13430,1.13772,1.13342,1.13382
2015-10-21 21:00:00,1.13372,1.13507,1.10998,1.11087
2015-10-22 21:00:00,1.11055,1.11394,1.09963,1.10169
2015-10-25 22:00:00,1.10071,1.10682,1.10035,1.10529
2015-10-26 22:00:00,1.10524,1.10780,1.10300,1.10462
2015-10-27 22:00:00,1.10454,1.10955,1.08966,1.09267
2015-10-28 22:00:00,1.09268,1.09862,1.09026,1.09858
2015-10-29 22:00:00,1.09858,1.10723,1.09653,1.10050
2015-11-01 22:00:00,1.10266,1.10527,1.09998,1.10150
2015-11-02 22:00:00,1.10139,1.10298,1.09357,1.09627
2015-11-03 22:00:00,1.09626,1.09675,1.08439,1.08653
2015-11-04 22:00:00,1.08628,1.08972,1.08333,1.08828
2015-11-05 22:00:00,1.08825,1.08935,1.07070,1.07390
2015-11-08 22:00:00,1.07283,1.07896,1.07191,1.07499
2015-11-09 22:00:00,1.07500,1.07637,1.06740,1.07227
2015-11-10 22:00:00,1.07214,1.07733,1.07054,1.07417
2015-11-11 22:00:00,1.07432,1.08301,1.06906,1.08120
2015-11-12 22:00:00,1.08103,1.08167,1.07137,1.07668
2015-11-15 22:00:00,1.07366,1.07578,1.06744,1.06847
2015-11-16 22:00:00,1.06770,1.06904,1.06305,1.06430
2015-11-17 22:00:00,1.06413,1.06922,1.06166,1.06583
2015-11-18 22:00:00,1.06574,1.07628,1.06549,1.07338
2015-11-19 22:00:00,1.07322,1.07382,1.06397,1.06451
2015-11-22 22:00:00,1.06372,1.06565,1.05922,1.06354
2015-11-23 22:00:00,1.06355,1.06733,1.06193,1.06426
2015-11-24 22:00:00,1.06428,1.06890,1.05657,1.06238
2015-11-25 22:00:00,1.06228,1.06270,1.05996,1.06102
2015-11-26 22:00:00,1.06101,1.06376,1.05682,1.05938
2015-11-29 22:00:00,1.05887,1.05947,1.05576,1.05643
2015-11-30 22:00:00,1.05639,1.06369,1.05629,1.06324
2015-12-01 22:00:00,1.06340,1.06355,1.05505,1.06135
2015-12-02 22:00:00,1.06121,1.09807,1.05222,1.09385
2015-12-03 22:00:00,1.09408,1.09559,1.08357,1.08779
2015-12-06 22:00:00,1.08681,1.08872,1.07958,1.08366
2015-12-07 22:00:00,1.08348,1.09021,1.08299,1.08920
2015-12-08 22:00:00,1.08895,1.10427,1.08789,1.10244
2015-12-09 22:00:00,1.10214,1.10242,1.09247,1.09401
2015-12-10 22:00:00,1.09395,1.10305,1.09263,1.09894
2015-12-13 22:00:00,1.09801,1.10483,1.09452,1.09922
2015-12-14 22:00:00,1.09905,1.10593,1.09044,1.09285
2015-12-15 22:00:00,1.09289,1.10116,1.08878,1.09104
2015-12-16 22:00:00,1.09097,1.09138,1.08023,1.08245
2015-12-17 22:00:00,1.08242,1.08742,1.08047,1.08613
2015-12-20 22:00:00,1.08511,1.09387,1.08457,1.09139
2015-12-21 22:00:00,1.09133,1.09839,1.09021,1.09568
2015-12-22 22:00:00,1.09506,1.09568,1.08696,1.09099
2015-12-23 22:00:00,1.09087,1.09673,1.09023,1.09542
2015-12-27 22:00:00,1.09441,1.09922,1.09441,1.09681
2015-12-28 22:00:00,1.09641,1.09914,1.08988,1.09180
2015-12-29 22:00:00,1.09214,1.09434,1.09014,1.09312
2015-12-30 22:00:00,1.09303,1.09368,1.08526,1.08609
2016-01-03 22:00:00,1.08696,1.09462,1.07808,1.08319
2016-01-04 22:00:00,1.08274,1.08386,1.07104,1.07463
2016-01-05 22:00:00,1.07464,1.07992,1.07127,1.07796
2016-01-06 22:00:00,1.07789,1.09399,1.07707,1.09287
2016-01-07 22:00:00,1.09243,1.09331,1.08028,1.09245
2016-01-10 22:00:00,1.09171,1.09697,1.08476,1.08581
2016-01-11 22:00:00,1.08568,1.08999,1.08193,1.08570
2016-01-12 22:00:00,1.08579,1.08870,1.08046,1.08757
2016-01-13 22:00:00,1.08739,1.09429,1.08342,1.08634
2016-01-14 22:00:00,1.08647,1.09844,1.08543,1.09132
2016-01-17 22:00:00,1.09206,1.09273,1.08684,1.08941
2016-01-18 22:00:00,1.08894,1.09389,1.08591,1.09065
2016-01-19 22:00:00,1.09051,1.09757,1.08769,1.08883
2016-01-20 22:00:00,1.08876,1.09208,1.07770,1.08726
2016-01-21 22:00:00,1.08727,1.08763,1.07888,1.07965
2016-01-24 22:00:00,1.07886,1.08566,1.07886,1.08475
2016-01-25 22:00:00,1.08474,1.08740,1.08185,1.08683
2016-01-26 22:00:00,1.08685,1.09163,1.08503,1.08920
2016-01-27 22:00:00,1.08925,1.09674,1.08694,1.09390
2016-01-28 22:00:00,1.09384,1.09483,1.08096,1.08300
2016-01-31 22:00:00,1.08297,1.09125,1.08142,1.08873
2016-02-01 22:00:00,1.08873,1.09397,1.08819,1.09177
2016-02-02 22:00:00,1.09158,1.11452,1.09034,1.11017
2016-02-03 22:00:00,1.11016,1.12387,1.10693,1.12067
2016-02-04 22:00:00,1.12053,1.12468,1.11084,1.11578
2016-02-07 22:00:00,1.11415,1.12155,1.10862,1.11912
2016-02-08 22:00:00,1.11910,1.13378,1.11620,1.12940
2016-02-09 22:00:00,1.12903,1.13111,1.11602,1.12889
2016-02-10 22:00:00,1.12899,1.13761,1.12736,1.13218
2016-02-11 22:00:00,1.13220,1.13337,1.12138,1.12503
2016-02-14 22:00:00,1.12336,1.12495,1.11276,1.11531
2016-02-15 22:00:00,1.11530,1.11928,1.11239,1.11423
2016-02-16 22:00:00,1.11420,1.11788,1.11057,1.11267
2016-02-17 22:00:00,1.11262,1.11493,1.10707,1.11058
2016-02-18 22:00:00,1.11063,1.11390,1.10664,1.11279
2016-02-21 22:00:00,1.11111,1.11244,1.10028,1.10281
2016-02-22 22:00:00,1.10273,1.10524,1.09898,1.10180
2016-02-23 22:00:00,1.10173,1.10459,1.09571,1.10116
2016-02-24 22:00:00,1.10137,1.10496,1.09865,1.10168
2016-02-25 22:00:00,1.10168,1.10679,1.09114,1.09289
2016-02-28 22:00:00,1.09130,1.09625,1.08589,1.08718
2016-02-29 22:00:00,1.08751,1.08932,1.08338,1.08656
2016-03-01 22:00:00,1.08644,1.08807,1.08251,1.08672
2016-03-02 22:00:00,1.08676,1.09725,1.08533,1.09556
2016-03-03 22:00:00,1.09556,1.10430,1.09027,1.10064
2016-03-06 22:00:00,1.09879,1.10255,1.09397,1.10121
2016-03-07 22:00:00,1.10127,1.10575,1.09933,1.10096
2016-03-08 22:00:00,1.10095,1.10345,1.09457,1.09981
2016-03-09 22:00:00,1.09973,1.12177,1.08219,1.11759
2016-03-10 22:00:00,1.11759,1.12093,1.10801,1.11462
2016-03-13 22:00:00,1.11444,1.11759,1.10775,1.11012
2016-03-14 22:00:00,1.11012,1.11248,1.10715,1.11048
2016-03-15 22:00:00,1.11049,1.12420,1.10575,1.12120
2016-03-16 22:00:00,1.12123,1.13422,1.12048,1.13151
2016-03-17 22:00:00,1.13139,1.13365,1.12558,1.12688
2016-03-20 22:00:00,1.12682,1.12844,1.12344,1.12386
2016-03-21 22:00:00,1.12386,1.12596,1.11881,1.12150
2016-03-22 22:00:00,1.12151,1.12231,1.11628,1.11796
2016-03-23 22:00:00,1.11802,1.11874,1.11439,1.11786
2016-03-24 22:00:00,1.11786,1.11789,1.11536,1.11613
2016-03-27 21:00:00,1.11599,1.12197,1.11527,1.11952
2016-03-28 21:00:00,1.11930,1.13032,1.11687,1.12893
2016-03-29 21:00:00,1.12896,1.13652,1.12831,1.13387
2016-03-30 21:00:00,1.13359,1.14115,1.13098,1.13788
2016-03-31 21:00:00,1.13777,1.14377,1.13344,1.13897
2016-04-03 21:00:00,1.13994,1.14123,1.13570,1.13888
2016-04-04 21:00:00,1.13863,1.14049,1.13356,1.13826
2016-04-05 21:00:00,1.13826,1.14317,1.13262,1.13979
2016-04-06 21:00:00,1.13975,1.14538,1.13373,1.13767
2016-04-07 21:00:00,1.13751,1.14190,1.13488,1.13949
2016-04-10 21:00:00,1.14138,1.14470,1.13721,1.14097
2016-04-11 21:00:00,1.14052,1.14645,1.13458,1.13835
2016-04-12 21:00:00,1.13827,1.13909,1.12680,1.12723
2016-04-13 21:00:00,1.12728,1.12945,1.12335,1.12663
2016-04-14 21:00:00,1.12616,1.13167,1.12453,1.12827
2016-04-17 21:00:00,1.12998,1.13317,1.12734,1.13119
2016-04-18 21:00:00,1.13091,1.13842,1.13030,1.13575
2016-04-19 21:00:00,1.13566,1.13876,1.12901,1.12952
2016-04-20 21:00:00,1.12952,1.13985,1.12696,1.12860
2016-04-21 21:00:00,1.12859,1.13084,1.12154,1.12154
2016-04-24 21:00:00,1.12167,1.12779,1.12145,1.12660
2016-04-25 21:00:00,1.12660,1.13394,1.12559,1.12950
2016-04-26 21:00:00,1.12948,1.13611,1.12713,1.13191
2016-04-27 21:00:00,1.13199,1.13676,1.12960,1.13509
2016-04-28 21:00:00,1.13509,1.14590,1.13470,1.14504
2016-05-01 21:00:00,1.14582,1.15354,1.14479,1.15331
2016-05-02 21:00:00,1.15331,1.16159,1.14947,1.14949
2016-05-03 21:00:00,1.14960,1.15292,1.14659,1.14855
2016-05-04 21:00:00,1.14829,1.14934,1.13856,1.14048
2016-05-05 21:00:00,1.14040,1.14796,1.13863,1.14009
2016-05-08 21:00:00,1.13939,1.14194,1.13750,1.13806
2016-05-09 21:00:00,1.13814,1.14096,1.13583,1.13717
2016-05-10 21:00:00,1.13691,1.14462,1.13686,1.14251
2016-05-11 21:00:00,1.14242,1.14288,1.13702,1.13766
2016-05-12 21:00:00,1.13736,1.13795,1.12825,1.13088
2016-05-15 21:00:00,1.13098,1.13420,1.13019,1.13193
2016-05-16 21:00:00,1.13198,1.13482,1.13013,1.13118
2016-05-17 21:00:00,1.13111,1.13159,1.12140,1.12158
2016-05-18 21:00:00,1.12144,1.12297,1.11796,1.12019
2016-05-19 21:00:00,1.12016,1.12370,1.11960,1.12217
2016-05-22 21:00:00,1.12033,1.12426,1.11873,1.12190
2016-05-23 21:00:00,1.12187,1.12267,1.11321,1.11393
2016-05-24 21:00:00,1.11398,1.11666,1.11285,1.11539
2016-05-25 21:00:00,1.11536,1.12164,1.11492,1.11927
2016-05-26 21:00:00,1.11918,1.12004,1.11107,1.11130
2016-05-29 21:00:00,1.11125,1.11443,1.10977,1.11380
2016-05-30 21:00:00,1.11362,1.11731,1.11219,1.11303
2016-05-31 21:00:00,1.11301,1.11937,1.11138,1.11869
2016-06-01 21:00:00,1.11865,1.12198,1.11449,1.11510
2016-06-02 21:00:00,1.11499,1.13732,1.10707,1.13662
2016-06-05 21:00:00,1.13542,1.13923,1.13262,1.13528
2016-06-06 21:00:00,1.13528,1.13801,1.13383,1.13555
2016-06-07 21:00:00,1.13563,1.14103,1.13541,1.13938
2016-06-08 21:00:00,1.13936,1.14151,1.13052,1.13129
2016-06-09 21:00:00,1.13130,1.13210,1.12450,1.12533
2016-06-12 21:00:00,1.12478,1.13027,1.12316,1.12893
2016-06-13 21:00:00,1.12890,1.12980,1.11886,1.12056
2016-06-14 21:00:00,1.12068,1.12982,1.11894,1.12602
2016-06-15 21:00:00,1.12580,1.12946,1.11307,1.12230
2016-06-16 21:00:00,1.12231,1.12961,1.12225,1.12752
2016-06-19 21:00:00,1.13308,1.13821,1.13018,1.13121
2016-06-20 21:00:00,1.13093,1.13492,1.12428,1.12439
2016-06-21 21:00:00,1.12421,1.13372,1.12362,1.12947
2016-06-22 21:00:00,1.12937,1.14208,1.12930,1.13791
2016-06-23 21:00:00,1.13840,1.14278,1.09113,1.10912
2016-06-26 21:00:00,1.10024,1.10833,1.09705,1.10237
2016-06-27 21:00:00,1.10235,1.11112,1.10098,1.10647
2016-06-28 21:00:00,1.10641,1.11300,1.10489,1.11235
2016-06-29 21:00:00,1.11170,1.11541,1.10238,1.11048
2016-06-30 21:00:00,1.11014,1.11689,1.10716,1.11361
2016-07-03 21:00:00,1.11245,1.11591,1.10975,1.11532
2016-07-04 21:00:00,1.11528,1.11862,1.10619,1.10750
2016-07-05 21:00:00,1.10709,1.11112,1.10288,1.10989
2016-07-06 21:00:00,1.10969,1.11069,1.10522,1.10601
2016-07-07 21:00:00,1.10601,1.11198,1.10016,1.10497
2016-07-10 21:00:00,1.10448,1.10743,1.10153,1.10568
2016-07-11 21:00:00,1.10556,1.11260,1.10517,1.10604
2016-07-12 21:00:00,1.10595,1.11195,1.10418,1.10883
2016-07-13 21:00:00,1.10877,1.11644,1.10850,1.11191
2016-07-14 21:00:00,1.11173,1.11486,1.10240,1.10244
2016-07-17 21:00:00,1.10497,1.10839,1.10372,1.10748
2016-07-18 21:00:00,1.10735,1.10801,1.09996,1.10189
2016-07-19 21:00:00,1.10187,1.10298,1.09810,1.10129
2016-07-20 21:00:00,1.10122,1.10600,1.09793,1.10237
2016-07-21 21:00:00,1.10229,1.10406,1.09551,1.09747
2016-07-24 21:00:00,1.09725,1.09986,1.09516,1.09942
2016-07-25 21:00:00,1.09927,1.10294,1.09778,1.09855
2016-07-26 21:00:00,1.09821,1.10647,1.09314,1.10583
2016-07-27 21:00:00,1.10570,1.11191,1.10519,1.10757
2016-07-28 21:00:00,1.10763,1.11972,1.10720,1.11743
2016-07-31 21:00:00,1.11715,1.11831,1.11548,1.11614
2016-08-01 21:00:00,1.11602,1.12334,1.11573,1.12209
2016-08-02 21:00:00,1.12202,1.12265,1.11403,1.11474
2016-08-03 21:00:00,1.11478,1.11561,1.11135,1.11282
2016-08-04 21:00:00,1.11252,1.11608,1.10453,1.10867
2016-08-07 21:00:00,1.10795,1.11046,1.10716,1.10878
2016-08-08 21:00:00,1.10855,1.11221,1.10700,1.11169
2016-08-09 21:00:00,1.11151,1.11898,1.11114,1.11744
2016-08-10 21:00:00,1.11744,1.11909,1.11349,1.11354
2016-08-11 21:00:00,1.11356,1.12209,1.11309,1.11634
2016-08-14 21:00:00,1.11659,1.12032,1.11530,1.11825
2016-08-15 21:00:00,1.11820,1.13221,1.11770,1.12772
2016-08-16 21:00:00,1.12773,1.13155,1.12403,1.12874
2016-08-17 21:00:00,1.12837,1.13661,1.12837,1.13536
2016-08-18 21:00:00,1.13521,1.13591,1.13037,1.13237
2016-08-21 21:00:00,1.13087,1.13302,1.12707,1.13190
2016-08-22 21:00:00,1.13180,1.13548,1.13028,1.13041
2016-08-23 21:00:00,1.13039,1.13111,1.12448,1.12628
2016-08-24 21:00:00,1.12625,1.12970,1.12588,1.12833
2016-08-25 21:00:00,1.12783,1.13406,1.11806,1.11856
2016-08-28 21:00:00,1.11823,1.12074,1.11575,1.11889
2016-08-29 21:00:00,1.11873,1.11920,1.11317,1.11418
2016-08-30 21:00:00,1.11400,1.11650,1.11227,1.11571
2016-08-31 21:00:00,1.11562,1.12048,1.11272,1.11957
2016-09-01 21:00:00,1.11927,1.12518,1.11449,1.11449
2016-09-04 21:00:00,1.11564,1.11819,1.11393,1.11458
2016-09-05 21:00:00,1.11456,1.12627,1.11404,1.12555
2016-09-06 21:00:00,1.12516,1.12706,1.12283,1.12385
2016-09-07 21:00:00,1.12384,1.13266,1.12340,1.12607
2016-09-08 21:00:00,1.12596,1.12849,1.11981,1.12235
2016-09-11 21:00:00,1.12304,1.12680,1.12100,1.12349
2016-09-12 21:00:00,1.12331,1.12601,1.12036,1.12182
2016-09-13 21:00:00,1.12180,1.12737,1.12097,1.12495
2016-09-14 21:00:00,1.12488,1.12833,1.12187,1.12435
2016-09-15 21:00:00,1.12422,1.12497,1.11492,1.11535
2016-09-18 21:00:00,1.11531,1.11975,1.11505,1.11731
2016-09-19 21:00:00,1.11729,1.12131,1.11495,1.11501
2016-09-20 21:00:00,1.11486,1.11962,1.11228,1.11878
2016-09-21 21:00:00,1.11865,1.12569,1.11844,1.12068
2016-09-22 21:00:00,1.12068,1.12403,1.11935,1.12149
2016-09-25 21:00:00,1.12290,1.12788,1.12204,1.12524
2016-09-26 21:00:00,1.12533,1.12586,1.11906,1.12137
2016-09-27 21:00:00,1.12152,1.12365,1.11814,1.12163
2016-09-28 21:00:00,1.12160,1.12496,1.11965,1.12210
2016-09-29 21:00:00,1.12212,1.12503,1.11531,1.12399
2016-10-02 21:00:00,1.12262,1.12439,1.12049,1.12096
2016-10-03 21:00:00,1.12101,1.12384,1.11376,1.12042
2016-10-04 21:00:00,1.12015,1.12330,1.11894,1.12031
2016-10-05 21:00:00,1.12030,1.12121,1.11395,1.11493
2016-10-06 21:00:00,1.11481,1.12048,1.11040,1.11931
2016-10-09 21:00:00,1.11810,1.12028,1.11309,1.11390
2016-10-10 21:00:00,1.11346,1.11419,1.10486,1.10530
2016-10-11 21:00:00,1.10530,1.10673,1.10041,1.10046
2016-10-12 21:00:00,1.10063,1.10573,1.09851,1.10547
2016-10-13 21:00:00,1.10543,1.10582,1.09699,1.09711
2016-10-16 21:00:00,1.09689,1.10076,1.09635,1.09985
2016-10-17 21:00:00,1.09994,1.10262,1.09697,1.09794
2016-10-18 21:00:00,1.09783,1.10044,1.09547,1.09735
2016-10-19 21:00:00,1.09720,1.10388,1.09154,1.09285
2016-10-20 21:00:00,1.09281,1.09293,1.08590,1.08736
2016-10-23 21:00:00,1.08801,1.08993,1.08592,1.08812
2016-10-24 21:00:00,1.08800,1.09045,1.08507,1.08880
2016-10-25 21:00:00,1.08863,1.09462,1.08740,1.09069
2016-10-26 21:00:00,1.09068,1.09418,1.08821,1.08945
2016-10-27 21:00:00,1.08960,1.09915,1.08926,1.09745
2016-10-30 22:00:00,1.09841,1.09907,1.09355,1.09762
2016-10-31 22:00:00,1.09761,1.10686,1.09597,1.10564
2016-11-01 22:00:00,1.10571,1.11228,1.10493,1.10946
2016-11-02 22:00:00,1.10950,1.11255,1.10595,1.11050
2016-11-03 22:00:00,1.11052,1.11405,1.10795,1.11375
2016-11-06 22:00:00,1.10616,1.11099,1.10270,1.10395
2016-11-07 22:00:00,1.10396,1.10667,1.10083,1.10257
2016-11-08 22:00:00,1.10238,1.12991,1.09066,1.09077
2016-11-09 22:00:00,1.09083,1.09533,1.08645,1.08907
2016-11-10 22:00:00,1.08932,1.09229,1.08301,1.08503
2016-11-13 22:00:00,1.08316,1.08403,1.07087,1.07358
2016-11-14 22:00:00,1.07357,1.08161,1.07138,1.07215
2016-11-15 22:00:00,1.07205,1.07592,1.06656,1.06898
2016-11-16 22:00:00,1.06899,1.07453,1.06197,1.06241
2016-11-17 22:00:00,1.06216,1.06425,1.05687,1.05826
2016-11-20 22:00:00,1.05915,1.06488,1.05785,1.06264
2016-11-21 22:00:00,1.06256,1.06575,1.05835,1.06243
2016-11-22 22:00:00,1.06220,1.06433,1.05258,1.05516
2016-11-23 22:00:00,1.05485,1.05849,1.05176,1.05517
2016-11-24 22:00:00,1.05462,1.06270,1.05291,1.05772
2016-11-27 22:00:00,1.06079,1.06854,1.05632,1.06122
2016-11-28 22:00:00,1.06116,1.06542,1.05645,1.06487
2016-11-29 22:00:00,1.06472,1.06662,1.05521,1.05870
2016-11-30 22:00:00,1.05891,1.06683,1.05842,1.06596
2016-12-01 22:00:00,1.06581,1.06896,1.06248,1.06538
2016-12-04 22:00:00,1.06171,1.07959,1.05044,1.07631
2016-12-05 22:00:00,1.07617,1.07850,1.06979,1.07177
2016-12-06 22:00:00,1.07153,1.07679,1.07095,1.07513
2016-12-07 22:00:00,1.07521,1.08734,1.05968,1.06121
2016-12-08 22:00:00,1.06117,1.06293,1.05306,1.05515
2016-12-11 22:00:00,1.05326,1.06513,1.05250,1.06336
2016-12-12 22:00:00,1.06333,1.06667,1.06034,1.06244
2016-12-13 22:00:00,1.06233,1.06698,1.04955,1.05340
2016-12-14 22:00:00,1.05308,1.05389,1.03660,1.04126
2016-12-15 22:00:00,1.04107,1.04738,1.04003,1.04401
2016-12-18 22:00:00,1.04374,1.04791,1.03922,1.04010
2016-12-19 22:00:00,1.03998,1.04175,1.03519,1.03867
2016-12-20 22:00:00,1.03846,1.04509,1.03819,1.04228
2016-12-21 22:00:00,1.04220,1.04989,1.04213,1.04355
2016-12-22 22:00:00,1.04326,1.04700,1.04262,1.04700
2016-12-25 22:00:00,1.04607,1.04668,1.03249,1.04491
2016-12-26 22:00:00,1.04493,1.04630,1.04319,1.04566
2016-12-27 22:00:00,1.04546,1.04795,1.03717,1.04102
2016-12-28 22:00:00,1.04162,1.04936,1.04079,1.04892
2016-12-29 22:00:00,1.04844,1.06522,1.04827,1.05068
2017-01-01 22:00:00,1.05100,1.05275,1.04480,1.04519
2017-01-02 22:00:00,1.04524,1.04898,1.03399,1.04044
2017-01-03 22:00:00,1.04044,1.04996,1.03895,1.04871
2017-01-04 22:00:00,1.04871,1.06149,1.04804,1.06055
2017-01-05 22:00:00,1.06005,1.06207,1.05235,1.05235
2017-01-08 22:00:00,1.05292,1.05826,1.05104,1.05723
2017-01-09 22:00:00,1.05718,1.06268,1.05506,1.05534
2017-01-10 22:00:00,1.05530,1.06226,1.04534,1.05818
2017-01-11 22:00:00,1.05818,1.06844,1.05710,1.06109
2017-01-12 22:00:00,1.06104,1.06730,1.05959,1.06420
2017-01-15 22:00:00,1.06023,1.06355,1.05789,1.05946
2017-01-16 22:00:00,1.05946,1.07190,1.05893,1.07120
2017-01-17 22:00:00,1.07111,1.07150,1.06278,1.06286
2017-01-18 22:00:00,1.06288,1.06763,1.05888,1.06627
2017-01-19 22:00:00,1.06610,1.07090,1.06248,1.06982
2017-01-22 22:00:00,1.07004,1.07688,1.06930,1.07631
2017-01-23 22:00:00,1.07643,1.07745,1.07199,1.07310
2017-01-24 22:00:00,1.07288,1.07694,1.07109,1.07465
2017-01-25 22:00:00,1.07477,1.07653,1.06572,1.06810
2017-01-26 22:00:00,1.06794,1.07247,1.06579,1.06968
2017-01-29 22:00:00,1.07023,1.07399,1.06200,1.06920
2017-01-30 22:00:00,1.06921,1.08120,1.06843,1.07968
2017-01-31 22:00:00,1.07958,1.08070,1.07298,1.07675
2017-02-01 22:00:00,1.07668,1.08284,1.07556,1.07569
2017-02-02 22:00:00,1.07570,1.07973,1.07106,1.07789
2017-02-05 22:00:00,1.07848,1.07906,1.07053,1.07488
2017-02-06 22:00:00,1.07392,1.07492,1.06558,1.06820
2017-02-07 22:00:00,1.06795,1.07138,1.06402,1.06969
2017-02-08 22:00:00,1.06971,1.07092,1.06505,1.06541
2017-02-09 22:00:00,1.06552,1.06674,1.06072,1.06377
2017-02-12 22:00:00,1.06276,1.06581,1.05917,1.05972
2017-02-13 22:00:00,1.05948,1.06331,1.05607,1.05764
2017-02-14 22:00:00,1.05738,1.06090,1.05210,1.05991
2017-02-15 22:00:00,1.05980,1.06790,1.05906,1.06727
2017-02-16 22:00:00,1.06725,1.06762,1.06051,1.06056
2017-02-19 22:00:00,1.06069,1.06326,1.06029,1.06103
2017-02-20 22:00:00,1.06099,1.06149,1.05255,1.05349
2017-02-21 22:00:00,1.05345,1.05737,1.04933,1.05573
2017-02-22 22:00:00,1.05526,1.05949,1.05373,1.05804
2017-02-23 22:00:00,1.05778,1.06176,1.05513,1.05513
2017-02-26 22:00:00,1.05622,1.06304,1.05511,1.05851
2017-02-27 22:00:00,1.05851,1.06298,1.05680,1.05757
2017-02-28 22:00:00,1.05731,1.05890,1.05138,1.05459
2017-03-01 22:00:00,1.05457,1.05512,1.04946,1.05059
2017-03-02 22:00:00,1.05058,1.06236,1.05015,1.06166
2017-03-05 22:00:00,1.06033,1.06397,1.05745,1.05803
2017-03-06 22:00:00,1.05806,1.06022,1.05580,1.05655
2017-03-07 22:00:00,1.05635,1.05738,1.05345,1.05392
2017-03-08 22:00:00,1.05392,1.06151,1.05247,1.05756
2017-03-09 22:00:00,1.05737,1.06988,1.05721,1.06712
2017-03-12 22:00:00,1.06832,1.07141,1.06519,1.06535
2017-03-13 22:00:00,1.06533,1.06624,1.05995,1.06077
2017-03-14 22:00:00,1.06077,1.07397,1.06042,1.07360
2017-03-15 22:00:00,1.07359,1.07738,1.07053,1.07715
2017-03-16 22:00:00,1.07715,1.07821,1.07272,1.07362
2017-03-19 22:00:00,1.07384,1.07770,1.07249,1.07363
2017-03-20 22:00:00,1.07363,1.08190,1.07189,1.08060
2017-03-21 22:00:00,1.08061,1.08245,1.07755,1.07919
2017-03-22 22:00:00,1.07919,1.08047,1.07677,1.07822
2017-03-23 22:00:00,1.07821,1.08178,1.07600,1.07957
2017-03-26 21:00:00,1.08316,1.09057,1.08266,1.08638
2017-03-27 21:00:00,1.08637,1.08723,1.07985,1.08123
2017-03-28 21:00:00,1.08117,1.08263,1.07396,1.07640
2017-03-29 21:00:00,1.07647,1.07695,1.06717,1.06740
2017-03-30 21:00:00,1.06742,1.07017,1.06462,1.06462
2017-04-02 21:00:00,1.06591,1.06807,1.06421,1.06683
2017-04-03 21:00:00,1.06690,1.06770,1.06354,1.06720
2017-04-04 21:00:00,1.06710,1.06887,1.06345,1.06624
2017-04-05 21:00:00,1.06611,1.06838,1.06287,1.06434
2017-04-06 21:00:00,1.06425,1.06664,1.05804,1.05884
2017-04-09 21:00:00,1.05860,1.06063,1.05695,1.05947
2017-04-10 21:00:00,1.05935,1.06299,1.05783,1.06037
2017-04-11 21:00:00,1.06034,1.06749,1.05886,1.06633
2017-04-12 21:00:00,1.06639,1.06773,1.06089,1.06122
2017-04-13 21:00:00,1.06116,1.06294,1.06056,1.06096
2017-04-16 21:00:00,1.06102,1.06701,1.06025,1.06411
2017-04-17 21:00:00,1.06415,1.07357,1.06365,1.07302
2017-04-18 21:00:00,1.07279,1.07366,1.06995,1.07094
2017-04-19 21:00:00,1.07089,1.07773,1.07073,1.07161
2017-04-20 21:00:00,1.07160,1.07378,1.06820,1.07266
2017-04-23 21:00:00,1.09047,1.09061,1.08205,1.08667
2017-04-24 21:00:00,1.08668,1.09497,1.08511,1.09245
2017-04-25 21:00:00,1.09243,1.09506,1.08554,1.09033
2017-04-26 21:00:00,1.09024,1.09325,1.08514,1.08720
2017-04-27 21:00:00,1.08702,1.09471,1.08567,1.08921
2017-04-30 21:00:00,1.09086,1.09234,1.08838,1.08985
2017-05-01 21:00:00,1.08970,1.09328,1.08878,1.09317
2017-05-02 21:00:00,1.09276,1.09365,1.08825,1.08839
2017-05-03 21:00:00,1.08847,1.09869,1.08745,1.09837
2017-05-04 21:00:00,1.09837,1.09988,1.09476,1.09863
2017-05-07 21:00:00,1.10160,1.10176,1.09159,1.09236
2017-05-08 21:00:00,1.09234,1.09331,1.08631,1.08729
2017-05-09 21:00:00,1.08728,1.08979,1.08530,1.08672
2017-05-10 21:00:00,1.08671,1.08927,1.08387,1.08611
2017-05-11 21:00:00,1.08611,1.09341,1.08553,1.09268
2017-05-14 21:00:00,1.09318,1.09892,1.09222,1.09748
2017-05-15 21:00:00,1.09747,1.10970,1.09730,1.10825
2017-05-16 21:00:00,1.10823,1.11618,1.10792,1.11583
2017-05-17 21:00:00,1.11583,1.11716,1.10755,1.11027
2017-05-18 21:00:00,1.11025,1.12115,1.10957,1.11740
2017-05-21 21:00:00,1.11984,1.12631,1.11611,1.12371
2017-05-22 21:00:00,1.12371,1.12680,1.11747,1.11825
2017-05-23 21:00:00,1.11821,1.12198,1.11681,1.12184
2017-05-24 21:00:00,1.12181,1.12502,1.11932,1.12101
2017-05-25 21:00:00,1.12100,1.12342,1.11602,1.11733
2017-05-28 21:00:00,1.11660,1.11896,1.11615,1.11627
2017-05-29 21:00:00,1.11622,1.12051,1.11092,1.11855
2017-05-30 21:00:00,1.11853,1.12520,1.11643,1.12430
2017-05-31 21:00:00,1.12429,1.12564,1.12018,1.12121
2017-06-01 21:00:00,1.12123,1.12848,1.12047,1.12784
2017-06-04 21:00:00,1.12699,1.12835,1.12339,1.12536
2017-06-05 21:00:00,1.12546,1.12837,1.12401,1.12764
2017-06-06 21:00:00,1.12749,1.12824,1.12037,1.12563
2017-06-07 21:00:00,1.12557,1.12691,1.11948,1.12122
2017-06-08 21:00:00,1.12153,1.12365,1.11661,1.11935
2017-06-11 21:00:00,1.12045,1.12318,1.11916,1.12039
2017-06-12 21:00:00,1.12015,1.12247,1.11850,1.12100
2017-06-13 21:00:00,1.12100,1.12954,1.11927,1.12173
2017-06-14 21:00:00,1.12157,1.12283,1.11318,1.11449
2017-06-15 21:00:00,1.11435,1.12014,1.11382,1.11961
2017-06-18 21:00:00,1.12037,1.12125,1.11428,1.11476
2017-06-19 21:00:00,1.11476,1.11647,1.11186,1.11337
2017-06-20 21:00:00,1.11319,1.11687,1.11270,1.11682
2017-06-21 21:00:00,1.11682,1.11777,1.11390,1.11509
2017-06-22 21:00:00,1.11512,1.12087,1.11449,1.11928
2017-06-25 21:00:00,1.11969,1.12195,1.11714,1.11810
2017-06-26 21:00:00,1.11785,1.13490,1.11785,1.13379
2017-06-27 21:00:00,1.13366,1.13901,1.12912,1.13762
2017-06-28 21:00:00,1.13784,1.14451,1.13741,1.14396
2017-06-29 21:00:00,1.14396,1.14449,1.13919,1.14254
2017-07-02 21:00:00,1.14175,1.14264,1.13548,1.13641
2017-07-03 21:00:00,1.13612,1.13766,1.13357,1.13438
2017-07-04 21:00:00,1.13401,1.13682,1.13121,1.13495
2017-07-05 21:00:00,1.13505,1.14243,1.13269,1.14216
2017-07-06 21:00:00,1.14207,1.14395,1.13794,1.13954
2017-07-09 21:00:00,1.13965,1.14177,1.13814,1.13985
2017-07-10 21:00:00,1.13966,1.14793,1.13825,1.14659
2017-07-11 21:00:00,1.14641,1.14891,1.13914,1.14127
2017-07-12 21:00:00,1.14124,1.14556,1.13700,1.13966
2017-07-13 21:00:00,1.13958,1.14718,1.13912,1.14666
2017-07-16 21:00:00,1.14688,1.14866,1.14345,1.14777
2017-07-17 21:00:00,1.14790,1.15830,1.14711,1.15538
2017-07-18 21:00:00,1.15539,1.15559,1.15097,1.15152
2017-07-19 21:00:00,1.15135,1.16579,1.14790,1.16303
2017-07-20 21:00:00,1.16296,1.16825,1.16188,1.16623
2017-07-23 21:00:00,1.16589,1.16840,1.16256,1.16417
2017-07-24 21:00:00,1.16421,1.17122,1.16304,1.16464
2017-07-25 21:00:00,1.16476,1.17394,1.16123,1.17262
2017-07-26 21:00:00,1.17262,1.17765,1.16497,1.16757
2017-07-27 21:00:00,1.16757,1.17638,1.16709,1.17494
2017-07-30 21:00:00,1.17518,1.18446,1.17229,1.18397
2017-07-31 21:00:00,1.18397,1.18415,1.17849,1.18021
2017-08-01 21:00:00,1.18006,1.19100,1.17932,1.18545
2017-08-02 21:00:00,1.18548,1.18926,1.18302,1.18706
2017-08-03 21:00:00,1.18706,1.18889,1.17278,1.17719
2017-08-06 21:00:00,1.17729,1.18139,1.17679,1.17949
2017-08-07 21:00:00,1.17942,1.18235,1.17149,1.17527
2017-08-08 21:00:00,1.17502,1.17635,1.16885,1.17578
2017-08-09 21:00:00,1.17558,1.17850,1.17039,1.17725
2017-08-10 21:00:00,1.17717,1.18468,1.17483,1.18189
2017-08-13 21:00:00,1.18212,1.18380,1.17694,1.17811
2017-08-14 21:00:00,1.17811,1.17923,1.16869,1.17341
2017-08-15 21:00:00,1.17337,1.17783,1.16809,1.17667
2017-08-16 21:00:00,1.17673,1.17897,1.16619,1.17228
2017-08-17 21:00:00,1.17222,1.17741,1.17080,1.17578
2017-08-20 21:00:00,1.17590,1.18277,1.17307,1.18151
2017-08-21 21:00:00,1.18140,1.18239,1.17448,1.17611
2017-08-22 21:00:00,1.17611,1.18230,1.17398,1.18086
2017-08-23 21:00:00,1.18086,1.18175,1.17838,1.17993
2017-08-24 21:00:00,1.17987,1.19411,1.17728,1.19209
2017-08-27 21:00:00,1.19423,1.19834,1.19166,1.19775
2017-08-28 21:00:00,1.19775,1.20699,1.19461,1.19786
2017-08-29 21:00:00,1.19710,1.19839,1.18813,1.18819
2017-08-30 21:00:00,1.18825,1.19123,1.18228,1.19039
2017-08-31 21:00:00,1.19039,1.19795,1.18499,1.18627
2017-09-03 21:00:00,1.18807,1.19217,1.18735,1.18934
2017-09-04 21:00:00,1.18934,1.19404,1.18679,1.19165
2017-09-05 21:00:00,1.19081,1.19500,1.19025,1.19187
2017-09-06 21:00:00,1.19158,1.20593,1.19136,1.20233
2017-09-07 21:00:00,1.20208,1.20921,1.20145,1.20337
2017-09-10 21:00:00,1.20161,1.20292,1.19489,1.19524
2017-09-11 21:00:00,1.19522,1.19781,1.19262,1.19662
2017-09-12 21:00:00,1.19661,1.19949,1.18729,1.18848
2017-09-13 21:00:00,1.18848,1.19223,1.18379,1.19187
2017-09-14 21:00:00,1.19187,1.19867,1.19009,1.19447
2017-09-17 21:00:00,1.19233,1.19693,1.19150,1.19521
2017-09-18 21:00:00,1.19521,1.20065,1.19481,1.19935
2017-09-19 21:00:00,1.19936,1.20330,1.18611,1.18926
2017-09-20 21:00:00,1.18926,1.19535,1.18656,1.19407
2017-09-21 21:00:00,1.19399,1.20045,1.19366,1.19465
2017-09-24 21:00:00,1.18987,1.19366,1.18321,1.18472
2017-09-25 21:00:00,1.18472,1.18615,1.17573,1.17925
2017-09-26 21:00:00,1.17925,1.17952,1.17171,1.17444
2017-09-27 21:00:00,1.17444,1.18040,1.17210,1.17858
2017-09-28 21:00:00,1.17854,1.18324,1.17725,1.18131
2017-10-01 21:00:00,1.17945,1.18151,1.17302,1.17326
2017-10-02 21:00:00,1.17326,1.17735,1.16960,1.17434
2017-10-03 21:00:00,1.17434,1.17876,1.17349,1.17589
2017-10-04 21:00:00,1.17589,1.17788,1.16991,1.17106
2017-10-05 21:00:00,1.17106,1.17387,1.16692,1.17290
2017-10-08 21:00:00,1.17305,1.17561,1.17195,1.17402
2017-10-09 21:00:00,1.17402,1.18253,1.17390,1.18077
2017-10-10 21:00:00,1.18077,1.18690,1.17951,1.18581
2017-10-11 21:00:00,1.18581,1.18797,1.18270,1.18294
2017-10-12 21:00:00,1.18294,1.18749,1.18052,1.18195
2017-10-15 21:00:00,1.18120,1.18194,1.17805,1.17952
2017-10-16 21:00:00,1.17958,1.18000,1.17361,1.17659
2017-10-17 21:00:00,1.17660,1.18053,1.17300,1.17872
2017-10-18 21:00:00,1.17872,1.18578,1.17681,1.18508
2017-10-19 21:00:00,1.18508,1.18579,1.17623,1.17811
2017-10-22 21:00:00,1.17664,1.17774,1.17247,1.17487
2017-10-23 21:00:00,1.17487,1.17929,1.17428,1.17606
2017-10-24 21:00:00,1.17605,1.18176,1.17531,1.18126
2017-10-25 21:00:00,1.18126,1.18367,1.16403,1.16503
2017-10-26 21:00:00,1.16503,1.16568,1.15742,1.16075
2017-10-29 22:00:00,1.16054,1.16578,1.15933,1.16505
2017-10-30 22:00:00,1.16503,1.16612,1.16248,1.16457
2017-10-31 22:00:00,1.16451,1.16573,1.16063,1.16184
2017-11-01 22:00:00,1.16177,1.16782,1.16130,1.16559
2017-11-02 22:00:00,1.16559,1.16906,1.15991,1.16066
2017-11-05 22:00:00,1.16097,1.16241,1.15802,1.16089
2017-11-06 22:00:00,1.16091,1.16157,1.15540,1.15854
2017-11-07 22:00:00,1.15854,1.16110,1.15792,1.15943
2017-11-08 22:00:00,1.15943,1.16548,1.15856,1.16411
2017-11-09 22:00:00,1.16411,1.16779,1.16227,1.16637
2017-11-12 22:00:00,1.16574,1.16752,1.16373,1.16667
2017-11-13 22:00:00,1.16665,1.18048,1.16614,1.17974
2017-11-14 22:00:00,1.17974,1.18603,1.17846,1.17903
2017-11-15 22:00:00,1.17903,1.18008,1.17566,1.17695
2017-11-16 22:00:00,1.17695,1.18217,1.17653,1.17884
2017-11-19 22:00:00,1.17852,1.18085,1.17221,1.17330
2017-11-20 22:00:00,1.17330,1.17577,1.17129,1.17378
2017-11-21 22:00:00,1.17378,1.18269,1.17321,1.18218
2017-11-22 22:00:00,1.18218,1.18560,1.18132,1.18486
2017-11-23 22:00:00,1.18486,1.19443,1.18368,1.19287
2017-11-26 22:00:00,1.19265,1.19611,1.18955,1.18978
2017-11-27 22:00:00,1.18970,1.19199,1.18268,1.18372
2017-11-28 22:00:00,1.18365,1.18827,1.18168,1.18468
2017-11-29 22:00:00,1.18468,1.19315,1.18089,1.19035
2017-11-30 22:00:00,1.19031,1.19403,1.18508,1.18919
2017-12-03 22:00:00,1.18618,1.18786,1.18291,1.18656
2017-12-04 22:00:00,1.18655,1.18766,1.18007,1.18261
2017-12-05 22:00:00,1.18247,1.18480,1.17806,1.17948
2017-12-06 22:00:00,1.17948,1.18147,1.17719,1.17719
2017-12-07 22:00:00,1.17719,1.17765,1.17302,1.17731
2017-12-10 22:00:00,1.17650,1.18118,1.17634,1.17685
2017-12-11 22:00:00,1.17685,1.17927,1.17175,1.17410
2017-12-12 22:00:00,1.17410,1.18315,1.17294,1.18257
2017-12-13 22:00:00,1.18257,1.18625,1.17707,1.17773
2017-12-14 22:00:00,1.17774,1.18124,1.17482,1.17505
2017-12-17 22:00:00,1.17435,1.18344,1.17375,1.17812
2017-12-18 22:00:00,1.17812,1.18486,1.17766,1.18385
2017-12-19 22:00:00,1.18382,1.19017,1.18289,1.18702
2017-12-20 22:00:00,1.18702,1.18896,1.18493,1.18724
2017-12-21 22:00:00,1.18722,1.18754,1.18169,1.18630
2017-12-25 22:00:00,1.18704,1.18785,1.18466,1.18579
2017-12-26 22:00:00,1.18579,1.19103,1.18551,1.18865
2017-12-27 22:00:00,1.18865,1.19589,1.18864,1.19422
2017-12-28 22:00:00,1.19422,1.20255,1.19362,1.20045
2018-01-01 22:00:00,1.20088,1.20812,1.20007,1.20579
2018-01-02 22:00:00,1.20579,1.20661,1.20010,1.20142
2018-01-03 22:00:00,1.20142,1.20889,1.20043,1.20678
2018-01-04 22:00:00,1.20678,1.20828,1.20206,1.20298
2018-01-07 22:00:00,1.20268,1.20523,1.19556,1.19669
2018-01-08 22:00:00,1.19669,1.19756,1.19155,1.19364
2018-01-09 22:00:00,1.19364,1.20181,1.19232,1.19474
2018-01-10 22:00:00,1.19474,1.20588,1.19293,1.20314
2018-01-11 22:00:00,1.20314,1.22185,1.20308,1.22000
2018-01-14 22:00:00,1.21932,1.22965,1.21875,1.22626
2018-01-15 22:00:00,1.22626,1.22834,1.21951,1.22595
2018-01-16 22:00:00,1.22595,1.23231,1.21769,1.21843
2018-01-17 22:00:00,1.21843,1.22648,1.21652,1.22369
2018-01-18 22:00:00,1.22369,1.22954,1.22149,1.22224
2018-01-21 22:00:00,1.22698,1.22708,1.22139,1.22615
2018-01-22 22:00:00,1.22615,1.23062,1.22230,1.22983
2018-01-23 22:00:00,1.22979,1.24149,1.22912,1.24070
2018-01-24 22:00:00,1.24070,1.25378,1.23638,1.23926
2018-01-25 22:00:00,1.23926,1.24938,1.23699,1.24264
2018-01-28 22:00:00,1.24259,1.24321,1.23368,1.23813
2018-01-29 22:00:00,1.23813,1.24540,1.23348,1.24021
2018-01-30 22:00:00,1.24017,1.24748,1.23870,1.24132
2018-01-31 22:00:00,1.24132,1.25220,1.23854,1.25078
2018-02-01 22:00:00,1.25073,1.25181,1.24091,1.24560
2018-02-04 22:00:00,1.24344,1.24749,1.23625,1.23665
2018-02-05 22:00:00,1.23658,1.24346,1.23139,1.23768
2018-02-06 22:00:00,1.23768,1.24060,1.22457,1.22627
2018-02-07 22:00:00,1.22620,1.22948,1.22121,1.22467
2018-02-08 22:00:00,1.22467,1.22873,1.22054,1.22498
2018-02-11 22:00:00,1.22442,1.22973,1.22350,1.22906
2018-02-12 22:00:00,1.22906,1.23710,1.22845,1.23501
2018-02-13 22:00:00,1.23497,1.24651,1.22758,1.24494
2018-02-14 22:00:00,1.24491,1.25102,1.24480,1.25062
2018-02-15 22:00:00,1.25062,1.25554,1.23934,1.24105
2018-02-18 22:00:00,1.24008,1.24352,1.23691,1.24070
2018-02-19 22:00:00,1.24068,1.24123,1.23196,1.23367
2018-02-20 22:00:00,1.23367,1.23598,1.22810,1.22822
2018-02-21 22:00:00,1.22819,1.23521,1.22595,1.23292
2018-02-22 22:00:00,1.23292,1.23369,1.22798,1.22935
2018-02-25 22:00:00,1.22930,1.23550,1.22779,1.23167
2018-02-26 22:00:00,1.23167,1.23464,1.22215,1.22325
2018-02-27 22:00:00,1.22325,1.22416,1.21878,1.21929
2018-02-28 22:00:00,1.21924,1.22733,1.21546,1.22651
2018-03-01 22:00:00,1.22651,1.23359,1.22514,1.23184
2018-03-04 22:00:00,1.23324,1.23645,1.22688,1.23353
2018-03-05 22:00:00,1.23353,1.24201,1.23280,1.24033
2018-03-06 22:00:00,1.24033,1.24448,1.23848,1.24107
2018-03-07 22:00:00,1.24107,1.24462,1.22979,1.23103
2018-03-08 22:00:00,1.23102,1.23342,1.22730,1.23053
2018-03-11 22:00:00,1.23096,1.23456,1.22903,1.23346
2018-03-12 22:00:00,1.23344,1.24074,1.23145,1.23911
2018-03-13 22:00:00,1.23911,1.24125,1.23471,1.23680
2018-03-14 22:00:00,1.23678,1.23836,1.23003,1.23044
2018-03-15 22:00:00,1.23046,1.23362,1.22600,1.22889
2018-03-18 22:00:00,1.22872,1.23588,1.22580,1.23341
2018-03-19 22:00:00,1.23341,1.23547,1.22396,1.22435
2018-03-20 22:00:00,1.22435,1.23498,1.22417,1.23385
2018-03-21 22:00:00,1.23385,1.23885,1.22850,1.23056
2018-03-22 22:00:00,1.23056,1.23733,1.23056,1.23514
2018-03-25 21:00:00,1.23497,1.24615,1.23485,1.24431
2018-03-26 21:00:00,1.24422,1.24763,1.23719,1.24020
2018-03-27 21:00:00,1.24017,1.24216,1.23000,1.23073
2018-03-28 21:00:00,1.23079,1.23358,1.22839,1.23001
2018-03-29 21:00:00,1.22999,1.23304,1.22866,1.23218
2018-04-01 21:00:00,1.23192,1.23450,1.22811,1.23016
2018-04-02 21:00:00,1.23018,1.23360,1.22536,1.22699
2018-04-03 21:00:00,1.22699,1.23147,1.22570,1.22777
2018-04-04 21:00:00,1.22774,1.22903,1.22183,1.22401
2018-04-05 21:00:00,1.22394,1.22908,1.22149,1.22809
2018-04-08 21:00:00,1.22794,1.23309,1.22602,1.23204
2018-04-09 21:00:00,1.23184,1.23776,1.23027,1.23557
2018-04-10 21:00:00,1.23550,1.23964,1.23469,1.23669
2018-04-11 21:00:00,1.23657,1.23798,1.22992,1.23261
2018-04-12 21:00:00,1.23255,1.23459,1.23070,1.23290
2018-04-15 21:00:00,1.23289,1.23945,1.23231,1.23792
2018-04-16 21:00:00,1.23783,1.24137,1.23360,1.23692
2018-04-17 21:00:00,1.23689,1.23971,1.23415,1.23734
2018-04-18 21:00:00,1.23726,1.24002,1.23291,1.23453
2018-04-19 21:00:00,1.23446,1.23529,1.22496,1.22873
2018-04-22 21:00:00,1.22695,1.22895,1.21975,1.22083
2018-04-23 21:00:00,1.22083,1.22450,1.21816,1.22318
2018-04-24 21:00:00,1.22311,1.22387,1.21600,1.21605
2018-04-25 21:00:00,1.21599,1.22099,1.20963,1.21031
2018-04-26 21:00:00,1.21031,1.21329,1.20553,1.21293
2018-04-29 21:00:00,1.21248,1.21387,1.20641,1.20774
2018-04-30 21:00:00,1.20772,1.20840,1.19814,1.19921
2018-05-01 21:00:00,1.19921,1.20316,1.19379,1.19503
2018-05-02 21:00:00,1.19503,1.20088,1.19477,1.19878
2018-05-03 21:00:00,1.19878,1.19954,1.19108,1.19609
2018-05-06 21:00:00,1.19507,1.19780,1.18975,1.19218
2018-05-07 21:00:00,1.19218,1.19387,1.18380,1.18640
2018-05-08 21:00:00,1.18638,1.18969,1.18226,1.18501
2018-05-09 21:00:00,1.18502,1.19465,1.18429,1.19149
2018-05-10 21:00:00,1.19145,1.19679,1.18911,1.19417
2018-05-13 21:00:00,1.19418,1.19961,1.19260,1.19262
2018-05-14 21:00:00,1.19261,1.19385,1.18201,1.18374
2018-05-15 21:00:00,1.18374,1.18543,1.17631,1.18069
2018-05-16 21:00:00,1.18065,1.18374,1.17763,1.17931
2018-05-17 21:00:00,1.17938,1.18221,1.17498,1.17705
2018-05-20 21:00:00,1.17696,1.17957,1.17166,1.17911
2018-05-21 21:00:00,1.17911,1.18297,1.17565,1.17780
2018-05-22 21:00:00,1.17782,1.17896,1.16758,1.16951
2018-05-23 21:00:00,1.16948,1.17503,1.16907,1.17192
2018-05-24 21:00:00,1.17202,1.17335,1.16452,1.16492
2018-05-27 21:00:00,1.16823,1.17284,1.16073,1.16238
2018-05-28 21:00:00,1.16230,1.16396,1.15098,1.15391
2018-05-29 21:00:00,1.15349,1.16762,1.15186,1.16622
2018-05-30 21:00:00,1.16622,1.17244,1.16409,1.16906
2018-05-31 21:00:00,1.16879,1.17179,1.16166,1.16596
2018-06-03 21:00:00,1.16554,1.17445,1.16554,1.16978
2018-06-04 21:00:00,1.16966,1.17321,1.16526,1.17167
2018-06-05 21:00:00,1.17118,1.17956,1.17107,1.17735
2018-06-06 21:00:00,1.17728,1.18398,1.17723,1.17979
2018-06-07 21:00:00,1.17981,1.18103,1.17269,1.17693
2018-06-10 21:00:00,1.17732,1.18204,1.17710,1.17828
2018-06-11 21:00:00,1.17821,1.18090,1.17329,1.17454
2018-06-12 21:00:00,1.17461,1.18008,1.17249,1.17912
2018-06-13 21:00:00,1.17908,1.18519,1.15628,1.15659
2018-06-14 21:00:00,1.15680,1.16270,1.15430,1.16070
2018-06-17 21:00:00,1.15874,1.16242,1.15652,1.16222
2018-06-18 21:00:00,1.16224,1.16443,1.15305,1.15877
2018-06-19 21:00:00,1.15872,1.15999,1.15359,1.15704
2018-06-20 21:00:00,1.15695,1.16335,1.15078,1.16025
2018-06-21 21:00:00,1.15983,1.16749,1.15982,1.16539
2018-06-24 21:00:00,1.16635,1.17130,1.16284,1.17027
2018-06-25 21:00:00,1.17027,1.17205,1.16347,1.16460
2018-06-26 21:00:00,1.16455,1.16721,1.15404,1.15524
2018-06-27 21:00:00,1.15516,1.16006,1.15271,1.15679
2018-06-28 21:00:00,1.15672,1.16903,1.15580,1.16831
2018-07-01 21:00:00,1.16841,1.16894,1.15912,1.16388
2018-07-02 21:00:00,1.16386,1.16731,1.16203,1.16550
2018-07-03 21:00:00,1.16559,1.16817,1.16305,1.16555
2018-07-04 21:00:00,1.16554,1.17203,1.16499,1.16895
2018-07-05 21:00:00,1.16892,1.17679,1.16800,1.17435
2018-07-08 21:00:00,1.17382,1.17908,1.17326,1.17496
2018-07-09 21:00:00,1.17495,1.17626,1.16902,1.17438
2018-07-10 21:00:00,1.17424,1.17584,1.16653,1.16714
2018-07-11 21:00:00,1.16718,1.16957,1.16496,1.16705
2018-07-12 21:00:00,1.16698,1.16867,1.16128,1.16856
2018-07-15 21:00:00,1.16895,1.17254,1.16755,1.17108
2018-07-16 21:00:00,1.17094,1.17446,1.16491,1.16602
2018-07-17 21:00:00,1.16591,1.16649,1.16019,1.16380
2018-07-18 21:00:00,1.16381,1.16785,1.15747,1.16409
2018-07-19 21:00:00,1.16419,1.17388,1.16262,1.17209
2018-07-22 21:00:00,1.17261,1.17497,1.16833,1.16915
2018-07-23 21:00:00,1.16913,1.17165,1.16542,1.16856
2018-07-24 21:00:00,1.16856,1.17382,1.16635,1.17280
2018-07-25 21:00:00,1.17290,1.17433,1.16397,1.16423
2018-07-26 21:00:00,1.16403,1.16640,1.16199,1.16565
2018-07-29 21:00:00,1.16563,1.17184,1.16477,1.17050
2018-07-30 21:00:00,1.17027,1.17455,1.16855,1.16906
2018-07-31 21:00:00,1.16895,1.16993,1.16568,1.16594
2018-08-01 21:00:00,1.16590,1.16671,1.15813,1.15840
2018-08-02 21:00:00,1.15838,1.16102,1.15598,1.15672
2018-08-05 21:00:00,1.15681,1.15708,1.15296,1.15532
2018-08-06 21:00:00,1.15532,1.16078,1.15500,1.15979
2018-08-07 21:00:00,1.15980,1.16278,1.15729,1.16096
2018-08-08 21:00:00,1.16096,1.16189,1.15253,1.15265
2018-08-09 21:00:00,1.15262,1.15360,1.13878,1.14111
2018-08-12 21:00:00,1.13714,1.14324,1.13646,1.14096
2018-08-13 21:00:00,1.14095,1.14290,1.13297,1.13436
2018-08-14 21:00:00,1.13429,1.13546,1.13006,1.13444
2018-08-15 21:00:00,1.13452,1.14088,1.13353,1.13758
2018-08-16 21:00:00,1.13758,1.14445,1.13660,1.14381
2018-08-19 21:00:00,1.14366,1.14846,1.13940,1.14807
2018-08-20 21:00:00,1.14802,1.16008,1.14793,1.15700
2018-08-21 21:00:00,1.15696,1.16226,1.15528,1.15958
2018-08-22 21:00:00,1.15936,1.15993,1.15292,1.15378
2018-08-23 21:00:00,1.15369,1.16394,1.15344,1.16218
2018-08-26 21:00:00,1.16160,1.16932,1.15941,1.16777
2018-08-27 21:00:00,1.16766,1.17333,1.16622,1.16939
2018-08-28 21:00:00,1.16939,1.17096,1.16514,1.17063
2018-08-29 21:00:00,1.17063,1.17178,1.16413,1.16697
2018-08-30 21:00:00,1.16652,1.16897,1.15842,1.16021
2018-09-02 21:00:00,1.15955,1.16275,1.15885,1.16180
2018-09-03 21:00:00,1.16169,1.16207,1.15297,1.15804
2018-09-04 21:00:00,1.15801,1.16398,1.15422,1.16289
2018-09-05 21:00:00,1.16297,1.16588,1.16050,1.16226
2018-09-06 21:00:00,1.16226,1.16491,1.15501,1.15526
2018-09-09 21:00:00,1.15494,1.16158,1.15255,1.15930
2018-09-10 21:00:00,1.15923,1.16438,1.15650,1.16045
2018-09-11 21:00:00,1.16041,1.16493,1.15696,1.16252
2018-09-12 21:00:00,1.16253,1.17007,1.16087,1.16897
2018-09-13 21:00:00,1.16892,1.17213,1.16202,1.16219
2018-09-16 21:00:00,1.16231,1.16978,1.16175,1.16829
2018-09-17 21:00:00,1.16829,1.17241,1.16517,1.16650
2018-09-18 21:00:00,1.16649,1.17146,1.16496,1.16720
2018-09-19 21:00:00,1.16718,1.17842,1.16685,1.17765
2018-09-20 21:00:00,1.17762,1.18024,1.17323,1.17537
2018-09-23 21:00:00,1.17405,1.18148,1.17237,1.17472
2018-09-24 21:00:00,1.17480,1.17921,1.17304,1.17658
2018-09-25 21:00:00,1.17653,1.17974,1.17256,1.17379
2018-09-26 21:00:00,1.17362,1.17568,1.16385,1.16407
2018-09-27 21:00:00,1.16407,1.16509,1.15693,1.16020
2018-09-30 21:00:00,1.16156,1.16243,1.15632,1.15778
2018-10-01 21:00:00,1.15790,1.15800,1.15048,1.15460
2018-10-02 21:00:00,1.15474,1.15933,1.14639,1.14766
2018-10-03 21:00:00,1.14762,1.15424,1.14630,1.15134
2018-10-04 21:00:00,1.15139,1.15494,1.14837,1.15234
2018-10-07 21:00:00,1.15205,1.15292,1.14596,1.14907
2018-10-08 21:00:00,1.14903,1.15029,1.14318,1.14899
2018-10-09 21:00:00,1.14899,1.15450,1.14794,1.15182
2018-10-10 21:00:00,1.15186,1.15989,1.15175,1.15930
2018-10-11 21:00:00,1.15861,1.16101,1.15339,1.15584
2018-10-14 21:00:00,1.15364,1.16059,1.15364,1.15784
2018-10-15 21:00:00,1.15786,1.16209,1.15657,1.15733
2018-10-16 21:00:00,1.15733,1.15801,1.14954,1.14999
2018-10-17 21:00:00,1.15000,1.15268,1.14487,1.14523
2018-10-18 21:00:00,1.14522,1.15342,1.14326,1.15142
2018-10-21 21:00:00,1.15160,1.15498,1.14553,1.14637
2018-10-22 21:00:00,1.14635,1.14931,1.14389,1.14697
2018-10-23 21:00:00,1.14704,1.14761,1.13783,1.13911
2018-10-24 21:00:00,1.13919,1.14322,1.13558,1.13746
2018-10-25 21:00:00,1.13731,1.14206,1.13353,1.14021
2018-10-28 22:00:00,1.13978,1.14160,1.13602,1.13720
2018-10-29 22:00:00,1.13719,1.13874,1.13401,1.13431
2018-10-30 22:00:00,1.13431,1.13598,1.13017,1.13135
2018-10-31 22:00:00,1.13134,1.14238,1.13123,1.14014
2018-11-01 22:00:00,1.14014,1.14555,1.13718,1.13859
2018-11-04 22:00:00,1.13853,1.14236,1.13526,1.14067
2018-11-05 22:00:00,1.14064,1.14375,1.13910,1.14260
2018-11-06 22:00:00,1.14261,1.14994,1.13942,1.14255
2018-11-07 22:00:00,1.14253,1.14465,1.13512,1.13629
2018-11-08 22:00:00,1.13628,1.13685,1.13157,1.13343
2018-11-11 22:00:00,1.13184,1.13303,1.12153,1.12174
2018-11-12 22:00:00,1.12176,1.12933,1.12162,1.12898
2018-11-13 22:00:00,1.12904,1.13472,1.12628,1.13080
2018-11-14 22:00:00,1.13089,1.13620,1.12703,1.13255
2018-11-15 22:00:00,1.13249,1.14199,1.13211,1.14140
2018-11-18 22:00:00,1.14136,1.14640,1.13935,1.14524
2018-11-19 22:00:00,1.14529,1.14719,1.13583,1.13695
2018-11-20 22:00:00,1.13695,1.14243,1.13645,1.13843
2018-11-21 22:00:00,1.13848,1.14337,1.13799,1.14005
2018-11-22 22:00:00,1.14003,1.14208,1.13270,1.13296
2018-11-25 22:00:00,1.13391,1.13834,1.13246,1.13273
2018-11-26 22:00:00,1.13274,1.13434,1.12770,1.12874
2018-11-27 22:00:00,1.12849,1.13875,1.12667,1.13659
2018-11-28 22:00:00,1.13658,1.14013,1.13483,1.13925
2018-11-29 22:00:00,1.13924,1.14001,1.13050,1.13155
2018-12-02 22:00:00,1.13499,1.13793,1.13189,1.13534
2018-12-03 22:00:00,1.13535,1.14185,1.13181,1.13423
2018-12-04 22:00:00,1.13413,1.13609,1.13104,1.13445
2018-12-05 22:00:00,1.13447,1.14123,1.13205,1.13746
2018-12-06 22:00:00,1.13767,1.14233,1.13600,1.13962
2018-12-09 22:00:00,1.13893,1.14423,1.13500,1.13552
2018-12-10 22:00:00,1.13548,1.14001,1.13059,1.13163
2018-12-11 22:00:00,1.13160,1.13868,1.13146,1.13680
2018-12-12 22:00:00,1.13686,1.13930,1.13307,1.13583
2018-12-13 22:00:00,1.13574,1.13646,1.12694,1.13053
2018-12-16 22:00:00,1.12995,1.13574,1.12957,1.13471
2018-12-17 22:00:00,1.13469,1.14018,1.13363,1.13600
2018-12-18 22:00:00,1.13599,1.14388,1.13599,1.13760
2018-12-19 22:00:00,1.13762,1.14855,1.13690,1.14452
2018-12-20 22:00:00,1.14453,1.14736,1.13556,1.13665
2018-12-23 22:00:00,1.13675,1.14381,1.13599,1.14164
2018-12-25 22:00:00,1.14144,1.14147,1.13422,1.13520
2018-12-26 22:00:00,1.13536,1.14538,1.13512,1.14292
2018-12-27 22:00:00,1.14309,1.14723,1.14260,1.14398
2018-12-30 22:00:00,1.14337,1.14655,1.14210,1.14558
2019-01-01 22:00:00,1.14454,1.14967,1.13247,1.13437
2019-01-02 22:00:00,1.13436,1.14107,1.13088,1.13929
2019-01-03 22:00:00,1.13923,1.14187,1.13453,1.13955
2019-01-06 22:00:00,1.13957,1.14821,1.13952,1.14739
2019-01-07 22:00:00,1.14737,1.14841,1.14216,1.14406
2019-01-08 22:00:00,1.14409,1.15578,1.14370,1.15415
2019-01-09 22:00:00,1.15416,1.15698,1.14844,1.14994
2019-01-10 22:00:00,1.14998,1.15400,1.14576,1.14626
2019-01-13 22:00:00,1.14569,1.14816,1.14501,1.14678
2019-01-14 22:00:00,1.14678,1.14893,1.13813,1.14124
2019-01-15 22:00:00,1.14114,1.14244,1.13773,1.13912
2019-01-16 22:00:00,1.13909,1.14056,1.13697,1.13879
2019-01-17 22:00:00,1.13878,1.14099,1.13528,1.13655
2019-01-20 22:00:00,1.13587,1.13907,1.13563,1.13657
2019-01-21 22:00:00,1.13640,1.13735,1.13356,1.13594
2019-01-22 22:00:00,1.13593,1.13940,1.13505,1.13807
2019-01-23 22:00:00,1.13796,1.13911,1.12889,1.13031
2019-01-24 22:00:00,1.13065,1.14172,1.12997,1.14051
2019-01-27 22:00:00,1.14006,1.14432,1.13897,1.14262
2019-01-28 22:00:00,1.14253,1.14498,1.14108,1.14320
2019-01-29 22:00:00,1.14315,1.15013,1.14057,1.14779
2019-01-30 22:00:00,1.14789,1.15139,1.14353,1.14461
2019-01-31 22:00:00,1.14468,1.14880,1.14339,1.14529
2019-02-03 22:00:00,1.14506,1.14600,1.14239,1.14350
2019-02-04 22:00:00,1.14351,1.14401,1.14007,1.14043
2019-02-05 22:00:00,1.14038,1.14091,1.13604,1.13607
2019-02-06 22:00:00,1.13612,1.13680,1.13242,1.13385
2019-02-07 22:00:00,1.13374,1.13505,1.13206,1.13217
2019-02-10 22:00:00,1.13196,1.13296,1.12675,1.12748
2019-02-11 22:00:00,1.12743,1.13392,1.12573,1.13246
2019-02-12 22:00:00,1.13261,1.13410,1.12595,1.12595
2019-02-13 22:00:00,1.12609,1.13095,1.12488,1.12939
2019-02-14 22:00:00,1.12950,1.13058,1.12336,1.12905
2019-02-17 22:00:00,1.12917,1.13335,1.12886,1.13081
2019-02-18 22:00:00,1.13087,1.13571,1.12750,1.13394
2019-02-19 22:00:00,1.13399,1.13707,1.13243,1.13351
2019-02-20 22:00:00,1.13368,1.13660,1.13197,1.13330
2019-02-21 22:00:00,1.13319,1.13552,1.13157,1.13303
2019-02-24 22:00:00,1.13332,1.13671,1.13270,1.13560
2019-02-25 22:00:00,1.13564,1.14024,1.13447,1.13880
2019-02-26 22:00:00,1.13887,1.14032,1.13619,1.13685
2019-02-27 22:00:00,1.13692,1.14192,1.13590,1.13696
2019-02-28 22:00:00,1.13697,1.14081,1.13529,1.13626
2019-03-03 22:00:00,1.13734,1.13810,1.13087,1.13386
2019-03-04 22:00:00,1.13393,1.13406,1.12892,1.13069
2019-03-05 22:00:00,1.13067,1.13243,1.12852,1.13053
2019-03-06 22:00:00,1.13058,1.13198,1.11756,1.11923
2019-03-07 22:00:00,1.11929,1.12457,1.11848,1.12324
2019-03-10 22:00:00,1.12345,1.12580,1.12214,1.12485
2019-03-11 22:00:00,1.12484,1.13046,1.12469,1.12877
2019-03-12 22:00:00,1.12877,1.13383,1.12770,1.13301
2019-03-13 22:00:00,1.13300,1.13372,1.12938,1.13043
2019-03-14 22:00:00,1.13040,1.13439,1.12996,1.13237
2019-03-17 22:00:00,1.13230,1.13586,1.13186,1.13349
2019-03-18 22:00:00,1.13348,1.13612,1.13332,1.13492
2019-03-19 22:00:00,1.13491,1.14477,1.13350,1.14238
2019-03-20 22:00:00,1.14238,1.14369,1.13420,1.13727
2019-03-21 22:00:00,1.13727,1.13903,1.12729,1.13006
2019-03-24 22:00:00,1.12934,1.13310,1.12885,1.13125
2019-03-25 22:00:00,1.13125,1.13256,1.12627,1.12699
2019-03-26 22:00:00,1.12698,1.12852,1.12418,1.12508
2019-03-27 22:00:00,1.12508,1.12609,1.12132,1.12259
2019-03-28 22:00:00,1.12261,1.12463,1.12094,1.12166
2019-03-31 21:00:00,1.12258,1.12496,1.12036,1.12117
2019-04-01 21:00:00,1.12121,1.12157,1.11833,1.12033
2019-04-02 21:00:00,1.12037,1.12543,1.11995,1.12312
2019-04-03 21:00:00,1.12324,1.12472,1.12056,1.12191
2019-04-04 21:00:00,1.12200,1.12476,1.12096,1.12152
2019-04-07 21:00:00,1.12139,1.12741,1.12101,1.12609
2019-04-08 21:00:00,1.12587,1.12838,1.12546,1.12609
2019-04-09 21:00:00,1.12625,1.12872,1.12300,1.12724
2019-04-10 21:00:00,1.12739,1.12870,1.12495,1.12507
2019-04-11 21:00:00,1.12538,1.13235,1.12504,1.12981
2019-04-14 21:00:00,1.13032,1.13205,1.12972,1.13023
2019-04-15 21:00:00,1.13036,1.13135,1.12793,1.12799
2019-04-16 21:00:00,1.12800,1.13234,1.12783,1.12946
2019-04-17 21:00:00,1.12986,1.13037,1.12258,1.12305
2019-04-18 21:00:00,1.12306,1.12473,1.12268,1.12388
2019-04-21 21:00:00,1.12396,1.12616,1.12354,1.12560
2019-04-22 21:00:00,1.12567,1.12609,1.11918,1.12262
2019-04-23 21:00:00,1.12270,1.12270,1.11401,1.11524
2019-04-24 21:00:00,1.11516,1.11620,1.11173,1.11313
2019-04-25 21:00:00,1.11322,1.11735,1.11105,1.11420
2019-04-28 21:00:00,1.11390,1.11864,1.11390,1.11852
2019-04-29 21:00:00,1.11841,1.12286,1.11753,1.12140
2019-04-30 21:00:00,1.12148,1.12644,1.11867,1.11941
2019-05-01 21:00:00,1.11942,1.12187,1.11703,1.11709
2019-05-02 21:00:00,1.11710,1.12045,1.11346,1.12021
2019-05-05 21:00:00,1.11707,1.12090,1.11670,1.11978
2019-05-06 21:00:00,1.11985,1.12176,1.11662,1.11906
2019-05-07 21:00:00,1.11914,1.12134,1.11823,1.11904
2019-05-08 21:00:00,1.11916,1.12505,1.11730,1.12128
2019-05-09 21:00:00,1.12115,1.12532,1.12115,1.12333
2019-05-12 21:00:00,1.12296,1.12631,1.12208,1.12208
2019-05-13 21:00:00,1.12240,1.12436,1.12008,1.12028
2019-05-14 21:00:00,1.12029,1.12242,1.11776,1.12000
2019-05-15 21:00:00,1.12013,1.12236,1.11658,1.11734
2019-05-16 21:00:00,1.11723,1.11839,1.11548,1.11565
2019-05-19 21:00:00,1.11600,1.11744,1.11503,1.11650
2019-05-20 21:00:00,1.11649,1.11876,1.11416,1.11598
2019-05-21 21:00:00,1.11612,1.11799,1.11483,1.11494
2019-05-22 21:00:00,1.11499,1.11871,1.11066,1.11807
2019-05-23 21:00:00,1.11817,1.12118,1.11712,1.12044
2019-05-26 21:00:00,1.12094,1.12150,1.11865,1.11908
2019-05-27 21:00:00,1.11907,1.12009,1.11586,1.11591
2019-05-28 21:00:00,1.11594,1.11721,1.11240,1.11302
2019-05-29 21:00:00,1.11306,1.11430,1.11157,1.11283
2019-05-30 21:00:00,1.11287,1.11795,1.11248,1.11676
2019-06-02 21:00:00,1.11644,1.12616,1.11596,1.12406
2019-06-03 21:00:00,1.12407,1.12769,1.12263,1.12507
2019-06-04 21:00:00,1.12514,1.13061,1.12194,1.12200
2019-06-05 21:00:00,1.12201,1.13084,1.12000,1.12747
2019-06-06 21:00:00,1.12749,1.13474,1.12509,1.13322
2019-06-09 21:00:00,1.13224,1.13301,1.12897,1.13110
2019-06-10 21:00:00,1.13108,1.13371,1.13010,1.13253
2019-06-11 21:00:00,1.13253,1.13430,1.12820,1.12866
2019-06-12 21:00:00,1.12865,1.13033,1.12679,1.12761
2019-06-13 21:00:00,1.12761,1.12888,1.12020,1.12103
2019-06-16 21:00:00,1.12088,1.12467,1.12033,1.12178
2019-06-17 21:00:00,1.12171,1.12425,1.11809,1.11936
2019-06-18 21:00:00,1.11926,1.12538,1.11868,1.12259
2019-06-19 21:00:00,1.12255,1.13173,1.12252,1.12916
2019-06-20 21:00:00,1.12913,1.13773,1.12827,1.13699
2019-06-23 21:00:00,1.13696,1.14036,1.13654,1.13978
2019-06-24 21:00:00,1.13979,1.14116,1.13437,1.13655
2019-06-25 21:00:00,1.13665,1.13909,1.13470,1.13683
2019-06-26 21:00:00,1.13684,1.13811,1.13474,1.13689
2019-06-27 21:00:00,1.13688,1.13931,1.13501,1.13693
2019-06-30 21:00:00,1.13670,1.13707,1.12806,1.12851
2019-07-01 21:00:00,1.12850,1.13212,1.12748,1.12857
2019-07-02 21:00:00,1.12847,1.13111,1.12682,1.12774
2019-07-03 21:00:00,1.12777,1.12947,1.12727,1.12847
2019-07-04 21:00:00,1.12837,1.12874,1.12070,1.12248
2019-07-07 21:00:00,1.12240,1.12343,1.12069,1.12142
2019-07-08 21:00:00,1.12141,1.12187,1.11932,1.12078
2019-07-09 21:00:00,1.12076,1.12642,1.12018,1.12503
2019-07-10 21:00:00,1.12503,1.12857,1.12451,1.12532
2019-07-11 21:00:00,1.12532,1.12748,1.12383,1.12699
2019-07-14 21:00:00,1.12654,1.12838,1.12531,1.12577
2019-07-15 21:00:00,1.12574,1.12634,1.12018,1.12103
2019-07-16 21:00:00,1.12102,1.12336,1.11997,1.12242
2019-07-17 21:00:00,1.12237,1.12804,1.12051,1.12765
2019-07-18 21:00:00,1.12766,1.12820,1.12033,1.12194
2019-07-21 21:00:00,1.12140,1.12252,1.12062,1.12094
2019-07-22 21:00:00,1.12093,1.12096,1.11458,1.11517
2019-07-23 21:00:00,1.11516,1.11557,1.11269,1.11399
2019-07-24 21:00:00,1.11400,1.11877,1.11013,1.11467
2019-07-25 21:00:00,1.11464,1.11509,1.11118,1.11270
2019-07-28 21:00:00,1.11253,1.11509,1.11129,1.11443
2019-07-29 21:00:00,1.11443,1.11609,1.11321,1.11545
2019-07-30 21:00:00,1.11548,1.11620,1.10601,1.10749
2019-07-31 21:00:00,1.10749,1.10957,1.10269,1.10847
2019-08-01 21:00:00,1.10849,1.11163,1.10699,1.11050
2019-08-04 21:00:00,1.11032,1.12131,1.11027,1.12033
2019-08-05 21:00:00,1.12034,1.12495,1.11673,1.11980
2019-08-06 21:00:00,1.11980,1.12419,1.11790,1.11982
2019-08-07 21:00:00,1.11980,1.12327,1.11768,1.11801
2019-08-08 21:00:00,1.11802,1.12229,1.11793,1.11998
2019-08-11 21:00:00,1.11977,1.12306,1.11619,1.12131
2019-08-12 21:00:00,1.12129,1.12286,1.11700,1.11709
2019-08-13 21:00:00,1.11710,1.11907,1.11305,1.11377
2019-08-14 21:00:00,1.11380,1.11584,1.10914,1.11065
2019-08-15 21:00:00,1.11065,1.11121,1.10663,1.10893
2019-08-18 21:00:00,1.10924,1.11137,1.10760,1.10778
2019-08-19 21:00:00,1.10773,1.11067,1.10654,1.10998
2019-08-20 21:00:00,1.10989,1.11070,1.10800,1.10845
2019-08-21 21:00:00,1.10844,1.11131,1.10635,1.10799
2019-08-22 21:00:00,1.10798,1.11531,1.10515,1.11386
2019-08-25 21:00:00,1.11496,1.11639,1.10942,1.11018
2019-08-26 21:00:00,1.11018,1.11158,1.10856,1.10901
2019-08-27 21:00:00,1.10901,1.10978,1.10732,1.10770
2019-08-28 21:00:00,1.10770,1.10932,1.10420,1.10563
2019-08-29 21:00:00,1.10563,1.10602,1.09630,1.09893
2019-09-01 21:00:00,1.09899,1.09965,1.09579,1.09696
2019-09-02 21:00:00,1.09658,1.09787,1.09257,1.09733
2019-09-03 21:00:00,1.09737,1.10383,1.09684,1.10348
2019-09-04 21:00:00,1.10348,1.10846,1.10167,1.10340
2019-09-05 21:00:00,1.10340,1.10571,1.10202,1.10245
2019-09-08 21:00:00,1.10256,1.10680,1.10154,1.10477
2019-09-09 21:00:00,1.10474,1.10593,1.10304,1.10432
2019-09-10 21:00:00,1.10430,1.10555,1.09851,1.10102
2019-09-11 21:00:00,1.10102,1.10870,1.09267,1.10643
2019-09-12 21:00:00,1.10643,1.11094,1.10553,1.10697
2019-09-15 21:00:00,1.10720,1.10863,1.09932,1.10003
2019-09-16 21:00:00,1.09998,1.10745,1.09902,1.10725
2019-09-17 21:00:00,1.10723,1.10756,1.10136,1.10299
2019-09-18 21:00:00,1.10298,1.10734,1.10227,1.10408
2019-09-19 21:00:00,1.10408,1.10675,1.09962,1.10187
2019-09-22 21:00:00,1.10120,1.10253,1.09660,1.09925
2019-09-23 21:00:00,1.09927,1.10239,1.09837,1.10193
2019-09-24 21:00:00,1.10192,1.10228,1.09373,1.09419
2019-09-25 21:00:00,1.09415,1.09673,1.09087,1.09198
2019-09-26 21:00:00,1.09201,1.09586,1.09038,1.09411
2019-09-29 21:00:00,1.09403,1.09476,1.08846,1.08991
2019-09-30 21:00:00,1.08991,1.09427,1.08790,1.09317
2019-10-01 21:00:00,1.09311,1.09635,1.09042,1.09590
2019-10-02 21:00:00,1.09584,1.09992,1.09409,1.09630
2019-10-03 21:00:00,1.09630,1.09983,1.09569,1.09772
2019-10-06 21:00:00,1.09790,1.10006,1.09618,1.09704
2019-10-07 21:00:00,1.09703,1.09959,1.09411,1.09560
2019-10-08 21:00:00,1.09560,1.09901,1.09514,1.09710
2019-10-09 21:00:00,1.09704,1.10338,1.09697,1.10050
2019-10-10 21:00:00,1.10049,1.10627,1.10008,1.10360
2019-10-13 21:00:00,1.10314,1.10427,1.10126,1.10251
2019-10-14 21:00:00,1.10252,1.10460,1.09912,1.10320
2019-10-15 21:00:00,1.10319,1.10854,1.10225,1.10710
2019-10-16 21:00:00,1.10710,1.11398,1.10650,1.11234
2019-10-17 21:00:00,1.11236,1.11702,1.11146,1.11689
2019-10-20 21:00:00,1.11604,1.11793,1.11387,1.11487
2019-10-21 21:00:00,1.11487,1.11568,1.11176,1.11243
2019-10-22 21:00:00,1.11242,1.11402,1.11061,1.11297
2019-10-23 21:00:00,1.11296,1.11626,1.10930,1.11037
2019-10-24 21:00:00,1.11036,1.11228,1.10729,1.10794
2019-10-27 22:00:00,1.10788,1.11065,1.10760,1.10994
2019-10-28 22:00:00,1.10994,1.11184,1.10735,1.11118
2019-10-29 22:00:00,1.11117,1.11533,1.10800,1.11516
2019-10-30 22:00:00,1.11516,1.11756,1.11314,1.11514
2019-10-31 22:00:00,1.11514,1.11718,1.11281,1.11648
2019-11-03 22:00:00,1.11687,1.11753,1.11247,1.11272
2019-11-04 22:00:00,1.11269,1.11401,1.10634,1.10742
2019-11-05 22:00:00,1.10742,1.10927,1.10649,1.10658
2019-11-06 22:00:00,1.10658,1.10915,1.10361,1.10497
2019-11-07 22:00:00,1.10492,1.10553,1.10166,1.10189
2019-11-10 22:00:00,1.10185,1.10430,1.10164,1.10323
2019-11-11 22:00:00,1.10323,1.10385,1.10025,1.10088
2019-11-12 22:00:00,1.10089,1.10202,1.09953,1.10053
2019-11-13 22:00:00,1.10052,1.10273,1.09890,1.10212
2019-11-14 22:00:00,1.10212,1.10567,1.10145,1.10515
2019-11-17 22:00:00,1.10510,1.10899,1.10477,1.10718
2019-11-18 22:00:00,1.10718,1.10838,1.10624,1.10780
2019-11-19 22:00:00,1.10777,1.10813,1.10530,1.10723
2019-11-20 22:00:00,1.10723,1.10969,1.10521,1.10581
2019-11-21 22:00:00,1.10580,1.10875,1.10144,1.10182
2019-11-24 22:00:00,1.10151,1.10320,1.10035,1.10126
2019-11-25 22:00:00,1.10129,1.10255,1.10072,1.10194
2019-11-26 22:00:00,1.10194,1.10246,1.09923,1.09989
2019-11-27 22:00:00,1.09987,1.10178,1.09986,1.10075
2019-11-28 22:00:00,1.10071,1.10282,1.09810,1.10152
2019-12-01 22:00:00,1.10241,1.10910,1.10029,1.10784
2019-12-02 22:00:00,1.10782,1.10934,1.10658,1.10809
2019-12-03 22:00:00,1.10809,1.11161,1.10667,1.10775
2019-12-04 22:00:00,1.10772,1.11079,1.10771,1.11042
2019-12-05 22:00:00,1.11042,1.11097,1.10396,1.10595
2019-12-08 22:00:00,1.10574,1.10779,1.10533,1.10635
2019-12-09 22:00:00,1.10635,1.10976,1.10627,1.10919
2019-12-10 22:00:00,1.10914,1.11447,1.10701,1.11294
2019-12-11 22:00:00,1.11294,1.11541,1.11030,1.11286
2019-12-12 22:00:00,1.11294,1.11993,1.11032,1.11173
2019-12-15 22:00:00,1.11259,1.11580,1.11226,1.11434
2019-12-16 22:00:00,1.11435,1.11745,1.11291,1.11487
2019-12-17 22:00:00,1.11483,1.11541,1.11102,1.11127
2019-12-18 22:00:00,1.11126,1.11442,1.11072,1.11204
2019-12-19 22:00:00,1.11201,1.11246,1.10662,1.10751
2019-12-22 22:00:00,1.10750,1.10958,1.10698,1.10895
2019-12-23 22:00:00,1.10895,1.10939,1.10690,1.10851
2019-12-25 22:00:00,1.10900,1.11088,1.10820,1.10974
2019-12-26 22:00:00,1.10973,1.11882,1.10940,1.11760
2019-12-29 22:00:00,1.11754,1.12206,1.11713,1.11985
2019-12-30 22:00:00,1.11985,1.12392,1.11976,1.12171
2020-01-01 22:00:00,1.12132,1.12143,1.11635,1.11722
2020-01-02 22:00:00,1.11722,1.11797,1.11250,1.11558
2020-01-05 22:00:00,1.11646,1.12054,1.11571,1.11968
2020-01-06 22:00:00,1.11960,1.11975,1.11335,1.11526
2020-01-07 22:00:00,1.11529,1.11681,1.11016,1.11053
2020-01-08 22:00:00,1.11053,1.11203,1.10923,1.11051
2020-01-09 22:00:00,1.11051,1.11291,1.10850,1.11212
2020-01-12 22:00:00,1.11162,1.11469,1.11127,1.11338
2020-01-13 22:00:00,1.11338,1.11444,1.11042,1.11274
2020-01-14 22:00:00,1.11284,1.11633,1.11185,1.11495
2020-01-15 22:00:00,1.11492,1.11726,1.11278,1.11358
2020-01-16 22:00:00,1.11352,1.11425,1.10862,1.10893
2020-01-19 22:00:00,1.10920,1.11024,1.10766,1.10944
2020-01-20 22:00:00,1.10934,1.11180,1.10809,1.10819
2020-01-21 22:00:00,1.10816,1.10983,1.10701,1.10920
2020-01-22 22:00:00,1.10920,1.11087,1.10363,1.10542
2020-01-23 22:00:00,1.10542,1.10617,1.10196,1.10255
2020-01-26 22:00:00,1.10295,1.10375,1.10096,1.10184
2020-01-27 22:00:00,1.10185,1.10251,1.09977,1.10220
2020-01-28 22:00:00,1.10219,1.10277,1.09922,1.10099
2020-01-29 22:00:00,1.10098,1.10393,1.10068,1.10312
2020-01-30 22:00:00,1.10313,1.10951,1.10168,1.10943
2020-02-02 22:00:00,1.10907,1.10927,1.10349,1.10593
2020-02-03 22:00:00,1.10590,1.10642,1.10327,1.10434
2020-02-04 22:00:00,1.10436,1.10478,1.09935,1.09989
2020-02-05 22:00:00,1.09989,1.10138,1.09643,1.09827
2020-02-06 22:00:00,1.09827,1.09849,1.09418,1.09430
2020-02-09 22:00:00,1.09424,1.09574,1.09076,1.09105
2020-02-10 22:00:00,1.09105,1.09247,1.08912,1.09145
2020-02-11 22:00:00,1.09146,1.09255,1.08651,1.08728
2020-02-12 22:00:00,1.08716,1.08887,1.08339,1.08408
2020-02-13 22:00:00,1.08408,1.08612,1.08272,1.08301
2020-02-16 22:00:00,1.08397,1.08509,1.08291,1.08346
2020-02-17 22:00:00,1.08345,1.08372,1.07852,1.07907
2020-02-18 22:00:00,1.07906,1.08117,1.07821,1.08039
2020-02-19 22:00:00,1.08033,1.08211,1.07775,1.07838
2020-02-20 22:00:00,1.07841,1.08634,1.07835,1.08474
2020-02-23 22:00:00,1.08250,1.08720,1.08049,1.08520
2020-02-24 22:00:00,1.08519,1.08901,1.08300,1.08806
2020-02-25 22:00:00,1.08806,1.09087,1.08549,1.08807
2020-02-26 22:00:00,1.08812,1.10066,1.08771,1.09998
2020-02-27 22:00:00,1.09998,1.10531,1.09508,1.10293
2020-03-01 22:00:00,1.10407,1.11845,1.10362,1.11332
2020-03-02 22:00:00,1.11314,1.12130,1.10951,1.11710
2020-03-03 22:00:00,1.11707,1.11875,1.10953,1.11336
2020-03-04 22:00:00,1.11340,1.12447,1.11195,1.12371
2020-03-05 22:00:00,1.12370,1.13546,1.12113,1.12901
2020-03-08 22:00:00,1.13469,1.14964,1.13397,1.14358
2020-03-09 22:00:00,1.14358,1.14574,1.12743,1.12905
2020-03-10 22:00:00,1.12905,1.13662,1.12500,1.12607
2020-03-11 22:00:00,1.12602,1.13332,1.10554,1.11667
2020-03-12 22:00:00,1.11686,1.12211,1.10549,1.11025
2020-03-15 22:00:00,1.11886,1.12364,1.10846,1.11777
2020-03-16 22:00:00,1.11777,1.11890,1.09550,1.10052
2020-03-17 22:00:00,1.10061,1.10450,1.08016,1.09116
2020-03-18 22:00:00,1.09117,1.09817,1.06541,1.06589
2020-03-19 22:00:00,1.06614,1.08309,1.06375,1.06935
2020-03-22 22:00:00,1.06937,1.08274,1.06355,1.07257
2020-03-23 22:00:00,1.07226,1.08880,1.07226,1.07825
2020-03-24 22:00:00,1.07823,1.08939,1.07601,1.08796
2020-03-25 22:00:00,1.08797,1.10586,1.08700,1.10291
2020-03-26 22:00:00,1.10290,1.11470,1.09533,1.11431
2020-03-29 21:00:00,1.11159,1.11439,1.10099,1.10427
2020-03-30 21:00:00,1.10414,1.10537,1.09266,1.10349
2020-03-31 21:00:00,1.10299,1.10390,1.09027,1.09616
2020-04-01 21:00:00,1.09619,1.09678,1.08205,1.08568
2020-04-02 21:00:00,1.08550,1.08641,1.07727,1.08127
2020-04-05 21:00:00,1.08088,1.08354,1.07682,1.07920
2020-04-06 21:00:00,1.07920,1.09259,1.07834,1.08904
2020-04-07 21:00:00,1.08903,1.09020,1.08298,1.08565
2020-04-08 21:00:00,1.08559,1.09515,1.08409,1.09285
2020-04-09 21:00:00,1.09286,1.09522,1.09185,1.09347
2020-04-12 21:00:00,1.09428,1.09676,1.08925,1.09120
2020-04-13 21:00:00,1.09120,1.09870,1.08987,1.09798
2020-04-14 21:00:00,1.09794,1.09907,1.08562,1.09066
2020-04-15 21:00:00,1.09076,1.09111,1.08166,1.08386
2020-04-16 21:00:00,1.08386,1.08925,1.08119,1.08739
2020-04-19 21:00:00,1.08625,1.08965,1.08411,1.08607
2020-04-20 21:00:00,1.08611,1.08801,1.08164,1.08564
2020-04-21 21:00:00,1.08563,1.08851,1.08032,1.08229
2020-04-22 21:00:00,1.08226,1.08466,1.07560,1.07760
2020-04-23 21:00:00,1.07760,1.08257,1.07269,1.08244
2020-04-26 21:00:00,1.08208,1.08602,1.08112,1.08280
2020-04-27 21:00:00,1.08275,1.08883,1.08096,1.08182
2020-04-28 21:00:00,1.08180,1.08855,1.08179,1.08728
2020-04-29 21:00:00,1.08709,1.09724,1.08328,1.09507
2020-04-30 21:00:00,1.09485,1.10180,1.09343,1.09802
2020-05-03 21:00:00,1.09684,1.09743,1.08956,1.09065
2020-05-04 21:00:00,1.09054,1.09257,1.08257,1.08390
2020-05-05 21:00:00,1.08397,1.08454,1.07818,1.07929
2020-05-06 21:00:00,1.07925,1.08339,1.07664,1.08319
2020-05-07 21:00:00,1.08315,1.08755,1.08150,1.08386
2020-05-10 21:00:00,1.08240,1.08503,1.08005,1.08060
2020-05-11 21:00:00,1.08038,1.08852,1.07843,1.08469
2020-05-12 21:00:00,1.08464,1.08963,1.08115,1.08173
2020-05-13 21:00:00,1.08167,1.08238,1.07748,1.08042
2020-05-14 21:00:00,1.08031,1.08505,1.07888,1.08187
2020-05-17 21:00:00,1.08014,1.09269,1.07998,1.09139
2020-05-18 21:00:00,1.09145,1.09759,1.09021,1.09217
2020-05-19 21:00:00,1.09208,1.09989,1.09165,1.09767
2020-05-20 21:00:00,1.09761,1.10082,1.09372,1.09476
2020-05-21 21:00:00,1.09458,1.09536,1.08852,1.09022
2020-05-24 21:00:00,1.08953,1.09144,1.08706,1.08956
2020-05-25 21:00:00,1.08922,1.09958,1.08919,1.09818
2020-05-26 21:00:00,1.09814,1.10306,1.09339,1.10026
2020-05-27 21:00:00,1.09962,1.10934,1.09917,1.10757
2020-05-28 21:00:00,1.10756,1.11450,1.10669,1.11076
2020-05-31 21:00:00,1.11150,1.11536,1.11003,1.11343
2020-06-01 21:00:00,1.11342,1.11957,1.11151,1.11685
2020-06-02 21:00:00,1.11678,1.12576,1.11665,1.12333
2020-06-03 21:00:00,1.12321,1.13621,1.11947,1.13365
2020-06-04 21:00:00,1.13367,1.13837,1.12782,1.12874
2020-06-07 21:00:00,1.12932,1.13195,1.12682,1.12932
2020-06-08 21:00:00,1.12933,1.13635,1.12409,1.13389
2020-06-09 21:00:00,1.13388,1.14222,1.13215,1.13723
2020-06-10 21:00:00,1.13723,1.14035,1.12886,1.12981
2020-06-11 21:00:00,1.12933,1.13402,1.12125,1.12604
2020-06-14 21:00:00,1.12356,1.13323,1.12263,1.13222
2020-06-15 21:00:00,1.13220,1.13531,1.12276,1.12633
2020-06-16 21:00:00,1.12628,1.12939,1.12070,1.12426
2020-06-17 21:00:00,1.12428,1.12612,1.11854,1.12049
2020-06-18 21:00:00,1.12047,1.12542,1.11681,1.11765
2020-06-21 21:00:00,1.11819,1.12697,1.11684,1.12593
2020-06-22 21:00:00,1.12592,1.13483,1.12330,1.13074
2020-06-23 21:00:00,1.13073,1.13257,1.12483,1.12503
2020-06-24 21:00:00,1.12503,1.12595,1.11902,1.12170
2020-06-25 21:00:00,1.12181,1.12391,1.11951,1.12179
2020-06-28 21:00:00,1.12146,1.12876,1.12146,1.12410
2020-06-29 21:00:00,1.12412,1.12616,1.11909,1.12336
2020-06-30 21:00:00,1.12340,1.12749,1.11847,1.12507
2020-07-01 21:00:00,1.12507,1.13025,1.12231,1.12388
2020-07-02 21:00:00,1.12391,1.12524,1.12192,1.12482
2020-07-05 21:00:00,1.12430,1.13455,1.12406,1.13085
2020-07-06 21:00:00,1.13084,1.13323,1.12587,1.12727
2020-07-07 21:00:00,1.12674,1.13515,1.12621,1.13292
2020-07-08 21:00:00,1.13287,1.13706,1.12801,1.12846
2020-07-09 21:00:00,1.12845,1.13247,1.12548,1.12965
2020-07-12 21:00:00,1.13015,1.13748,1.13008,1.13435
2020-07-13 21:00:00,1.13431,1.14085,1.13250,1.13993
2020-07-14 21:00:00,1.13990,1.14518,1.13910,1.14114
2020-07-15 21:00:00,1.14113,1.14419,1.13703,1.13834
2020-07-16 21:00:00,1.13832,1.14437,1.13745,1.14258
2020-07-19 21:00:00,1.14042,1.14676,1.14021,1.14472
2020-07-20 21:00:00,1.14470,1.15396,1.14227,1.15265
2020-07-21 21:00:00,1.15268,1.16009,1.15066,1.15695
2020-07-22 21:00:00,1.15693,1.16266,1.15402,1.15959
2020-07-23 21:00:00,1.15957,1.16576,1.15813,1.16549
2020-07-26 21:00:00,1.16431,1.17811,1.16412,1.17510
2020-07-27 21:00:00,1.17512,1.17735,1.16986,1.17150
2020-07-28 21:00:00,1.17148,1.18059,1.17126,1.17906
2020-07-29 21:00:00,1.17910,1.18480,1.17307,1.18467
2020-07-30 21:00:00,1.18465,1.19086,1.17613,1.17713
2020-08-02 21:00:00,1.17697,1.17966,1.16957,1.17617
2020-08-03 21:00:00,1.17633,1.18060,1.17212,1.18028
2020-08-04 21:00:00,1.18026,1.19047,1.17929,1.18629
2020-08-05 21:00:00,1.18627,1.19160,1.18178,1.18762
2020-08-06 21:00:00,1.18763,1.18827,1.17550,1.17854
2020-08-09 21:00:00,1.17864,1.18006,1.17359,1.17371
2020-08-10 21:00:00,1.17373,1.18074,1.17220,1.17395
2020-08-11 21:00:00,1.17402,1.18165,1.17109,1.17835
2020-08-12 21:00:00,1.17835,1.18640,1.17796,1.18131
2020-08-13 21:00:00,1.18126,1.18503,1.17814,1.18413
2020-08-16 21:00:00,1.18377,1.18810,1.18285,1.18698
2020-08-17 21:00:00,1.18695,1.19656,1.18655,1.19306
2020-08-18 21:00:00,1.19302,1.19526,1.18301,1.18385
2020-08-19 21:00:00,1.18355,1.18685,1.18020,1.18599
2020-08-20 21:00:00,1.18599,1.18827,1.17542,1.17964
2020-08-23 21:00:00,1.17929,1.18496,1.17841,1.17873
2020-08-24 21:00:00,1.17871,1.18436,1.17840,1.18343
2020-08-25 21:00:00,1.18340,1.18391,1.17721,1.18298
2020-08-26 21:00:00,1.18297,1.19013,1.17621,1.18217
2020-08-27 21:00:00,1.18215,1.19196,1.18110,1.19055
2020-08-30 21:00:00,1.19036,1.19660,1.18839,1.19361
2020-08-31 21:00:00,1.19358,1.20108,1.19011,1.19113
2020-09-01 21:00:00,1.19112,1.19285,1.18220,1.18547
2020-09-02 21:00:00,1.18521,1.18645,1.17887,1.18512
2020-09-03 21:00:00,1.18513,1.18652,1.17808,1.18394
2020-09-06 21:00:00,1.18458,1.18485,1.18111,1.18136
2020-09-07 21:00:00,1.18136,1.18273,1.17654,1.17739
2020-09-08 21:00:00,1.17747,1.18337,1.17528,1.18027
2020-09-09 21:00:00,1.18026,1.19174,1.17994,1.18146
2020-09-10 21:00:00,1.18145,1.18739,1.18086,1.18459
2020-09-13 21:00:00,1.18362,1.18880,1.18321,1.18643
2020-09-14 21:00:00,1.18648,1.19004,1.18393,1.18462
2020-09-15 21:00:00,1.18465,1.18826,1.17873,1.18155
2020-09-16 21:00:00,1.18146,1.18523,1.17374,1.18476
2020-09-17 21:00:00,1.18476,1.18703,1.18258,1.18413
2020-09-20 21:00:00,1.18455,1.18717,1.17316,1.17707
2020-09-21 21:00:00,1.17700,1.17735,1.16916,1.17077
2020-09-22 21:00:00,1.17074,1.17189,1.16511,1.16595
2020-09-23 21:00:00,1.16590,1.16868,1.16264,1.16708
2020-09-24 21:00:00,1.16706,1.16849,1.16122,1.16296
2020-09-27 21:00:00,1.16222,1.16799,1.16151,1.16650
2020-09-28 21:00:00,1.16650,1.17455,1.16609,1.17426
2020-09-29 21:00:00,1.17430,1.17547,1.16846,1.17210
2020-09-30 21:00:00,1.17210,1.17694,1.17171,1.17465
2020-10-01 21:00:00,1.17489,1.17489,1.16957,1.17165
2020-10-04 21:00:00,1.17131,1.17974,1.17053,1.17825
2020-10-05 21:00:00,1.17826,1.18076,1.17316,1.17334
2020-10-06 21:00:00,1.17335,1.17818,1.17248,1.17628
2020-10-07 21:00:00,1.17624,1.17816,1.17324,1.17582
2020-10-08 21:00:00,1.17587,1.18304,1.17551,1.18293
2020-10-11 21:00:00,1.18173,1.18265,1.17866,1.18120
2020-10-12 21:00:00,1.18120,1.18155,1.17305,1.17446
2020-10-13 21:00:00,1.17452,1.17712,1.17195,1.17452
2020-10-14 21:00:00,1.17452,1.17576,1.16882,1.17073
2020-10-15 21:00:00,1.17073,1.17460,1.16939,1.17160
2020-10-18 21:00:00,1.17195,1.17936,1.17030,1.17695
2020-10-19 21:00:00,1.17695,1.18407,1.17598,1.18211
2020-10-20 21:00:00,1.18214,1.18806,1.18208,1.18598
2020-10-21 21:00:00,1.18582,1.18667,1.18114,1.18177
2020-10-22 21:00:00,1.18177,1.18646,1.17867,1.18598
2020-10-25 22:00:00,1.18551,1.18554,1.18031,1.18087
2020-10-26 22:00:00,1.18087,1.18387,1.17818,1.17870
2020-10-27 22:00:00,1.17870,1.17879,1.17178,1.17451
2020-10-28 22:00:00,1.17451,1.17586,1.16499,1.16740
2020-10-29 22:00:00,1.16741,1.17040,1.16398,1.16462
2020-11-01 22:00:00,1.16468,1.16556,1.16221,1.16404
2020-11-02 22:00:00,1.16406,1.17396,1.16323,1.17150
2020-11-03 22:00:00,1.17150,1.17704,1.16019,1.17244
2020-11-04 22:00:00,1.17244,1.18598,1.17108,1.18267
2020-11-05 22:00:00,1.18272,1.18909,1.17954,1.18746
2020-11-08 22:00:00,1.18873,1.19200,1.17951,1.18127
2020-11-09 22:00:00,1.18124,1.18432,1.17798,1.18136
2020-11-10 22:00:00,1.18138,1.18328,1.17455,1.17771
2020-11-11 22:00:00,1.17771,1.18231,1.17586,1.18048
2020-11-12 22:00:00,1.18047,1.18372,1.17989,1.18326
2020-11-15 22:00:00,1.18400,1.18688,1.18141,1.18516
2020-11-16 22:00:00,1.18509,1.18939,1.18428,1.18605
2020-11-17 22:00:00,1.18618,1.18910,1.18491,1.18526
2020-11-18 22:00:00,1.18526,1.18825,1.18163,1.18745
2020-11-19 22:00:00,1.18745,1.18909,1.18497,1.18587
2020-11-22 22:00:00,1.18496,1.19061,1.18000,1.18399
2020-11-23 22:00:00,1.18399,1.18959,1.18358,1.18904
2020-11-24 22:00:00,1.18905,1.19298,1.18819,1.19157
2020-11-25 22:00:00,1.19164,1.19409,1.18853,1.19127
2020-11-26 22:00:00,1.19125,1.19630,1.19067,1.19593
2020-11-29 22:00:00,1.19600,1.20034,1.19236,1.19256
2020-11-30 22:00:00,1.19261,1.20766,1.19253,1.20692
2020-12-01 22:00:00,1.20691,1.21184,1.20400,1.21136
2020-12-02 22:00:00,1.21137,1.21746,1.21011,1.21469
2020-12-03 22:00:00,1.21447,1.21773,1.21100,1.21201
2020-12-06 22:00:00,1.21299,1.21664,1.20787,1.21091
2020-12-07 22:00:00,1.21091,1.21340,1.20956,1.21022
2020-12-08 22:00:00,1.21022,1.21474,1.20585,1.20802
2020-12-09 22:00:00,1.20789,1.21588,1.20738,1.21398
2020-12-10 22:00:00,1.21361,1.21628,1.21054,1.21125
2020-12-13 22:00:00,1.21366,1.21766,1.21156,1.21432
2020-12-14 22:00:00,1.21432,1.21687,1.21214,1.21505
2020-12-15 22:00:00,1.21489,1.22124,1.21249,1.21984
2020-12-16 22:00:00,1.21985,1.22729,1.21897,1.22684
2020-12-17 22:00:00,1.22676,1.22719,1.22256,1.22542
2020-12-20 22:00:00,1.22166,1.22528,1.21296,1.22424
2020-12-21 22:00:00,1.22434,1.22573,1.21520,1.21616
2020-12-22 22:00:00,1.21618,1.22212,1.21540,1.21860
2020-12-23 22:00:00,1.21857,1.22157,1.21774,1.21808
2020-12-27 22:00:00,1.21696,1.22506,1.21696,1.22160
2020-12-28 22:00:00,1.22160,1.22749,1.22070,1.22482
2020-12-29 22:00:00,1.22471,1.23099,1.22470,1.22961
2020-12-30 22:00:00,1.22963,1.23093,1.22127,1.22155
2021-01-03 22:00:00,1.22395,1.23098,1.22280,1.22473
2021-01-04 22:00:00,1.22466,1.23056,1.22432,1.22965
2021-01-05 22:00:00,1.22968,1.23494,1.22657,1.23252
2021-01-06 22:00:00,1.23256,1.23441,1.22452,1.22710
2021-01-07 22:00:00,1.22713,1.22845,1.21932,1.22218
2021-01-10 22:00:00,1.22116,1.22285,1.21323,1.21497
2021-01-11 22:00:00,1.21498,1.22097,1.21372,1.22062
2021-01-12 22:00:00,1.22064,1.22229,1.21399,1.21568
2021-01-13 22:00:00,1.21568,1.21784,1.21112,1.21540
2021-01-14 22:00:00,1.21537,1.21625,1.20750,1.20766
2021-01-17 22:00:00,1.20813,1.20867,1.20536,1.20757
2021-01-18 22:00:00,1.20768,1.21449,1.20739,1.21284
2021-01-19 22:00:00,1.21281,1.21582,1.20767,1.21046
2021-01-20 22:00:00,1.21043,1.21732,1.21022,1.21640
2021-01-21 22:00:00,1.21586,1.21894,1.21515,1.21704
2021-01-24 22:00:00,1.21704,1.21833,1.21160,1.21413
2021-01-25 22:00:00,1.21371,1.21760,1.21078,1.21592
2021-01-26 22:00:00,1.21598,1.21696,1.20586,1.21096
2021-01-27 22:00:00,1.21086,1.21421,1.20805,1.21210
2021-01-28 22:00:00,1.21209,1.21558,1.20944,1.21353
2021-01-31 22:00:00,1.21301,1.21364,1.20562,1.20594
2021-02-01 22:00:00,1.20594,1.20876,1.20117,1.20428
2021-02-02 22:00:00,1.20423,1.20500,1.20042,1.20351
2021-02-03 22:00:00,1.20349,1.20428,1.19574,1.19620
2021-02-04 22:00:00,1.19618,1.20498,1.19522,1.20492
2021-02-07 22:00:00,1.20426,1.20661,1.20197,1.20493
2021-02-08 22:00:00,1.20493,1.21221,1.20472,1.21174
2021-02-09 22:00:00,1.21173,1.21440,1.21088,1.21172
2021-02-10 22:00:00,1.21172,1.21493,1.21135,1.21303
2021-02-11 22:00:00,1.21303,1.21349,1.20815,1.21189
2021-02-14 22:00:00,1.21240,1.21452,1.21167,1.21274
2021-02-15 22:00:00,1.21271,1.21694,1.20949,1.21053
2021-02-16 22:00:00,1.21047,1.21089,1.20234,1.20374
2021-02-17 22:00:00,1.20351,1.20944,1.20350,1.20908
2021-02-18 22:00:00,1.20908,1.21443,1.20823,1.21174
2021-02-21 22:00:00,1.21131,1.21694,1.20912,1.21554
2021-02-22 22:00:00,1.21564,1.21802,1.21353,1.21493
2021-02-23 22:00:00,1.21493,1.21745,1.21092,1.21665
2021-02-24 22:00:00,1.21637,1.22432,1.21560,1.21743
2021-02-25 22:00:00,1.21730,1.21828,1.20622,1.20727
2021-02-28 22:00:00,1.20688,1.21012,1.20278,1.20488
2021-03-01 22:00:00,1.20488,1.20944,1.19915,1.20893
2021-03-02 22:00:00,1.20898,1.21132,1.20429,1.20627
2021-03-03 22:00:00,1.20627,1.20662,1.19616,1.19694
2021-03-04 22:00:00,1.19680,1.19767,1.18928,1.19120
2021-03-07 22:00:00,1.19166,1.19321,1.18442,1.18460
2021-03-08 22:00:00,1.18456,1.19157,1.18356,1.19001
2021-03-09 22:00:00,1.19002,1.19298,1.18687,1.19284
2021-03-10 22:00:00,1.19283,1.19900,1.19158,1.19851
2021-03-11 22:00:00,1.19850,1.19886,1.19098,1.19519
2021-03-14 22:00:00,1.19473,1.19674,1.19111,1.19271
2021-03-15 22:00:00,1.19271,1.19517,1.18823,1.19009
2021-03-16 22:00:00,1.19009,1.19853,1.18863,1.19802
2021-03-17 22:00:00,1.19802,1.19890,1.19062,1.19135
2021-03-18 22:00:00,1.19134,1.19372,1.18738,1.19044
2021-03-21 22:00:00,1.18828,1.19467,1.18744,1.19332
2021-03-22 22:00:00,1.19337,1.19407,1.18423,1.18480
2021-03-23 22:00:00,1.18477,1.18516,1.18097,1.18123
2021-03-24 22:00:00,1.18122,1.18277,1.17619,1.17677
2021-03-25 22:00:00,1.17683,1.18049,1.17677,1.17933
2021-03-28 21:00:00,1.17886,1.17937,1.17608,1.17642
2021-03-29 21:00:00,1.17640,1.17736,1.17114,1.17169
2021-03-30 21:00:00,1.17170,1.17598,1.17041,1.17298
2021-03-31 21:00:00,1.17298,1.17799,1.17124,1.17759
2021-04-01 21:00:00,1.17760,1.17864,1.17488,1.17608
2021-04-04 21:00:00,1.17543,1.18196,1.17382,1.18125
2021-04-05 21:00:00,1.18125,1.18776,1.17951,1.18740
2021-04-06 21:00:00,1.18730,1.19147,1.18609,1.18668
2021-04-07 21:00:00,1.18666,1.19273,1.18605,1.19124
2021-04-08 21:00:00,1.19121,1.19202,1.18672,1.19010
2021-04-11 21:00:00,1.18881,1.19190,1.18712,1.19099
2021-04-12 21:00:00,1.19093,1.19560,1.18775,1.19474
2021-04-13 21:00:00,1.19478,1.19874,1.19459,1.19784
2021-04-14 21:00:00,1.19781,1.19933,1.19561,1.19655
2021-04-15 21:00:00,1.19654,1.19949,1.19504,1.19809
2021-04-18 21:00:00,1.19716,1.20481,1.19426,1.20367
2021-04-19 21:00:00,1.20364,1.20798,1.20224,1.20343
2021-04-20 21:00:00,1.20343,1.20436,1.19984,1.20343
2021-04-21 21:00:00,1.20345,1.20690,1.19937,1.20140
2021-04-22 21:00:00,1.20139,1.21000,1.20129,1.20973
2021-04-25 21:00:00,1.20922,1.21170,1.20613,1.20841
2021-04-26 21:00:00,1.20854,1.20928,1.20568,1.20892
2021-04-27 21:00:00,1.20896,1.21348,1.20563,1.21250
2021-04-28 21:00:00,1.21249,1.21502,1.21021,1.21187
2021-04-29 21:00:00,1.21190,1.21266,1.20166,1.20208
2021-05-02 21:00:00,1.20301,1.20759,1.20129,1.20629
2021-05-03 21:00:00,1.20630,1.20641,1.19992,1.20121
2021-05-04 21:00:00,1.20118,1.20268,1.19860,1.20036
2021-05-05 21:00:00,1.20036,1.20716,1.19931,1.20646
2021-05-06 21:00:00,1.20647,1.21713,1.20530,1.21618
2021-05-09 21:00:00,1.21600,1.21783,1.21278,1.21282
2021-05-10 21:00:00,1.21280,1.21817,1.21230,1.21470
2021-05-11 21:00:00,1.21472,1.21521,1.20656,1.20705
2021-05-12 21:00:00,1.20724,1.21061,1.20515,1.20791
2021-05-13 21:00:00,1.20787,1.21476,1.20708,1.21441
2021-05-16 21:00:00,1.21323,1.21687,1.21260,1.21511
2021-05-17 21:00:00,1.21513,1.22339,1.21480,1.22219
2021-05-18 21:00:00,1.22219,1.22452,1.21599,1.21744
2021-05-19 21:00:00,1.21744,1.22290,1.21690,1.22269
2021-05-20 21:00:00,1.22270,1.22398,1.21610,1.21806
2021-05-23 21:00:00,1.21776,1.22300,1.21722,1.22150
2021-05-24 21:00:00,1.22146,1.22664,1.22117,1.22497
2021-05-25 21:00:00,1.22491,1.22630,1.21820,1.21922
2021-05-26 21:00:00,1.21906,1.22151,1.21751,1.21934
2021-05-27 21:00:00,1.21932,1.22050,1.21327,1.21896
2021-05-30 21:00:00,1.21993,1.22314,1.21833,1.22250
2021-05-31 21:00:00,1.22254,1.22543,1.22118,1.22126
2021-06-01 21:00:00,1.22125,1.22265,1.21643,1.22100
2021-06-02 21:00:00,1.22097,1.22143,1.21183,1.21265
2021-06-03 21:00:00,1.21261,1.21856,1.21041,1.21662
2021-06-06 21:00:00,1.21595,1.22018,1.21448,1.21893
2021-06-07 21:00:00,1.21891,1.21942,1.21643,1.21726
2021-06-08 21:00:00,1.21722,1.22179,1.21709,1.21787
2021-06-09 21:00:00,1.21787,1.21950,1.21432,1.21751
2021-06-10 21:00:00,1.21751,1.21931,1.20927,1.21063
2021-06-13 21:00:00,1.21025,1.21303,1.20942,1.21200
2021-06-14 21:00:00,1.21190,1.21473,1.21014,1.21264
2021-06-15 21:00:00,1.21256,1.21348,1.19940,1.19943
2021-06-16 21:00:00,1.19939,1.20064,1.18918,1.19069
2021-06-17 21:00:00,1.19056,1.19251,1.18537,1.18597
2021-06-20 21:00:00,1.18550,1.19212,1.18477,1.19185
2021-06-21 21:00:00,1.19166,1.19525,1.18809,1.19413
2021-06-22 21:00:00,1.19376,1.19703,1.19116,1.19258
2021-06-23 21:00:00,1.19254,1.19563,1.19175,1.19315
2021-06-24 21:00:00,1.19315,1.19752,1.19265,1.19370
2021-06-27 21:00:00,1.19316,1.19445,1.19025,1.19242
2021-06-28 21:00:00,1.19230,1.19298,1.18777,1.18960
2021-06-29 21:00:00,1.18954,1.19090,1.18452,1.18560
2021-06-30 21:00:00,1.18559,1.18842,1.18374,1.18497
2021-07-01 21:00:00,1.18491,1.18743,1.18071,1.18646
2021-07-04 21:00:00,1.18576,1.18805,1.18515,1.18634
2021-07-05 21:00:00,1.18619,1.18950,1.18067,1.18231
2021-07-06 21:00:00,1.18235,1.18362,1.17817,1.17903
2021-07-07 21:00:00,1.17899,1.18679,1.17836,1.18449
2021-07-08 21:00:00,1.18440,1.18811,1.18251,1.18774
2021-07-11 21:00:00,1.18715,1.18802,1.18361,1.18606
2021-07-12 21:00:00,1.18593,1.18752,1.17724,1.17765
2021-07-13 21:00:00,1.17761,1.18388,1.17719,1.18358
2021-07-14 21:00:00,1.18349,1.18506,1.17962,1.18118
2021-07-15 21:00:00,1.18118,1.18224,1.17921,1.18055
2021-07-18 21:00:00,1.18054,1.18243,1.17640,1.17987
2021-07-19 21:00:00,1.17980,1.18025,1.17558,1.17805
2021-07-20 21:00:00,1.17796,1.18047,1.17519,1.17946
2021-07-21 21:00:00,1.17907,1.18303,1.17575,1.17707
2021-07-22 21:00:00,1.17705,1.17865,1.17544,1.17689
2021-07-25 21:00:00,1.17677,1.18173,1.17635,1.18029
2021-07-26 21:00:00,1.18030,1.18411,1.17701,1.18165
2021-07-27 21:00:00,1.18159,1.18494,1.17721,1.18441
2021-07-28 21:00:00,1.18431,1.18927,1.18402,1.18865
2021-07-29 21:00:00,1.18858,1.19087,1.18517,1.18730
2021-08-01 21:00:00,1.18641,1.18969,1.18590,1.18688
2021-08-02 21:00:00,1.18670,1.18933,1.18537,1.18637
2021-08-03 21:00:00,1.18631,1.18997,1.18328,1.18367
2021-08-04 21:00:00,1.18360,1.18572,1.18282,1.18327
2021-08-05 21:00:00,1.18324,1.18357,1.17544,1.17611
2021-08-08 21:00:00,1.17568,1.17690,1.17349,1.17362
2021-08-09 21:00:00,1.17358,1.17429,1.17098,1.17203
2021-08-10 21:00:00,1.17184,1.17540,1.17061,1.17388
2021-08-11 21:00:00,1.17380,1.17482,1.17237,1.17296
2021-08-12 21:00:00,1.17290,1.18048,1.17281,1.17962
2021-08-15 21:00:00,1.17941,1.18007,1.17675,1.17768
2021-08-16 21:00:00,1.17762,1.17845,1.17081,1.17081
2021-08-17 21:00:00,1.17088,1.17425,1.16937,1.17108
2021-08-18 21:00:00,1.17087,1.17176,1.16657,1.16756
2021-08-19 21:00:00,1.16752,1.17045,1.16640,1.16996
2021-08-22 21:00:00,1.16897,1.17503,1.16897,1.17457
2021-08-23 21:00:00,1.17449,1.17650,1.17273,1.17555
2021-08-24 21:00:00,1.17537,1.17743,1.17260,1.17716
2021-08-25 21:00:00,1.17706,1.17790,1.17459,1.17515
2021-08-26 21:00:00,1.17514,1.18026,1.17349,1.17955
2021-08-29 21:00:00,1.17926,1.18099,1.17829,1.17962
2021-08-30 21:00:00,1.17961,1.18450,1.17939,1.18083
2021-08-31 21:00:00,1.18078,1.18572,1.17936,1.18384
2021-09-01 21:00:00,1.18374,1.18759,1.18344,1.18744
2021-09-02 21:00:00,1.18739,1.19091,1.18657,1.18772
2021-09-05 21:00:00,1.18768,1.18862,1.18557,1.18701
2021-09-06 21:00:00,1.18675,1.18852,1.18373,1.18402
2021-09-07 21:00:00,1.18356,1.18512,1.18022,1.18150
2021-09-08 21:00:00,1.18125,1.18413,1.18053,1.18244
2021-09-09 21:00:00,1.18229,1.18510,1.18091,1.18107
2021-09-12 21:00:00,1.18143,1.18171,1.17702,1.18103
2021-09-13 21:00:00,1.18092,1.18460,1.18001,1.18025
2021-09-14 21:00:00,1.18013,1.18319,1.17991,1.18165
2021-09-15 21:00:00,1.18153,1.18206,1.17506,1.17652
2021-09-16 21:00:00,1.17675,1.17888,1.17242,1.17250
2021-09-19 21:00:00,1.17272,1.17363,1.17004,1.17257
2021-09-20 21:00:00,1.17248,1.17486,1.17149,1.17252
2021-09-21 21:00:00,1.17240,1.17555,1.16843,1.16866
2021-09-22 21:00:00,1.16860,1.17501,1.16835,1.17381
2021-09-23 21:00:00,1.17379,1.17476,1.17007,1.17206
2021-09-26 21:00:00,1.17255,1.17255,1.16848,1.16952
2021-09-27 21:00:00,1.16940,1.17032,1.16682,1.16826
2021-09-28 21:00:00,1.16825,1.16901,1.15894,1.15969
2021-09-29 21:00:00,1.15963,1.16097,1.15626,1.15769
2021-09-30 21:00:00,1.15740,1.16075,1.15630,1.15927
2021-10-03 21:00:00,1.15922,1.16400,1.15876,1.16193
2021-10-04 21:00:00,1.16184,1.16216,1.15806,1.15972
2021-10-05 21:00:00,1.15959,1.16019,1.15292,1.15556
2021-10-06 21:00:00,1.15538,1.15723,1.15474,1.15527
2021-10-07 21:00:00,1.15526,1.15861,1.15414,1.15736
2021-10-10 21:00:00,1.15659,1.15867,1.15487,1.15517
2021-10-11 21:00:00,1.15522,1.15702,1.15242,1.15295
2021-10-12 21:00:00,1.15294,1.15973,1.15250,1.15940
2021-10-13 21:00:00,1.15903,1.16245,1.15838,1.15959
2021-10-14 21:00:00,1.15947,1.16186,1.15880,1.15981
2021-10-17 21:00:00,1.15976,1.16224,1.15717,1.16097
2021-10-18 21:00:00,1.16088,1.16692,1.16074,1.16325
2021-10-19 21:00:00,1.16304,1.16586,1.16170,1.16505
2021-10-20 21:00:00,1.16478,1.16675,1.16192,1.16240
2021-10-21 21:00:00,1.16197,1.16554,1.16194,1.16437
2021-10-24 21:00:00,1.16380,1.16650,1.15907,1.16081
2021-10-25 21:00:00,1.16076,1.16257,1.15850,1.15957
2021-10-26 21:00:00,1.15955,1.16257,1.15848,1.16026
2021-10-27 21:00:00,1.16023,1.16920,1.15824,1.16801
2021-10-28 21:00:00,1.16781,1.16901,1.15353,1.15620
2021-10-31 22:00:00,1.15626,1.16090,1.15460,1.16041
2021-11-01 22:00:00,1.16028,1.16132,1.15747,1.15780
2021-11-02 22:00:00,1.15770,1.16161,1.15621,1.16131
2021-11-03 22:00:00,1.16110,1.16162,1.15284,1.15539
2021-11-04 22:00:00,1.15537,1.15730,1.15134,1.15665
2021-11-07 22:00:00,1.15597,1.15950,1.15503,1.15864
2021-11-08 22:00:00,1.15840,1.16086,1.15697,1.15929
2021-11-09 22:00:00,1.15908,1.15953,1.14756,1.14783
2021-11-10 22:00:00,1.14774,1.14876,1.14429,1.14495
2021-11-11 22:00:00,1.14484,1.14623,1.14328,1.14427
2021-11-14 22:00:00,1.14456,1.14641,1.13562,1.13672
2021-11-15 22:00:00,1.13666,1.13855,1.13088,1.13194
2021-11-16 22:00:00,1.13184,1.13324,1.12632,1.13187
2021-11-17 22:00:00,1.13177,1.13741,1.13138,1.13704
2021-11-18 22:00:00,1.13686,1.13724,1.12498,1.12829
2021-11-21 22:00:00,1.12884,1.12901,1.12307,1.12364
2021-11-22 22:00:00,1.12362,1.12750,1.12260,1.12474
2021-11-23 22:00:00,1.12461,1.12554,1.11861,1.11982
2021-11-24 22:00:00,1.11960,1.12299,1.11954,1.12083
2021-11-25 22:00:00,1.12060,1.13303,1.12044,1.13215
2021-11-28 22:00:00,1.13002,1.13112,1.12584,1.12902
2021-11-29 22:00:00,1.12883,1.13830,1.12354,1.13380
2021-11-30 22:00:00,1.13350,1.13597,1.13025,1.13193
2021-12-01 22:00:00,1.13176,1.13478,1.12952,1.13006
2021-12-02 22:00:00,1.12996,1.13335,1.12666,1.13083
2021-12-05 22:00:00,1.12995,1.13104,1.12665,1.12847
2021-12-06 22:00:00,1.12821,1.12983,1.12274,1.12671
2021-12-07 22:00:00,1.12658,1.13549,1.12633,1.13417
2021-12-08 22:00:00,1.13418,1.13449,1.12784,1.12924
2021-12-09 22:00:00,1.12919,1.13243,1.12649,1.13162
2021-12-12 22:00:00,1.13077,1.13190,1.12599,1.12842
2021-12-13 22:00:00,1.12807,1.13237,1.12537,1.12583
2021-12-14 22:00:00,1.12575,1.12992,1.12217,1.12919
2021-12-15 22:00:00,1.12905,1.13602,1.12811,1.13296
2021-12-16 22:00:00,1.13296,1.13489,1.12344,1.12372
2021-12-19 22:00:00,1.12356,1.13040,1.12341,1.12769
2021-12-20 22:00:00,1.12743,1.13027,1.12609,1.12822
2021-12-21 22:00:00,1.12820,1.13423,1.12642,1.13258
2021-12-22 22:00:00,1.13246,1.13422,1.12902,1.13263
2021-12-23 22:00:00,1.13260,1.13435,1.13044,1.13197
2021-12-26 22:00:00,1.13023,1.13342,1.13023,1.13264
2021-12-27 22:00:00,1.13260,1.13330,1.12894,1.13079
2021-12-28 22:00:00,1.13079,1.13687,1.12732,1.13477
2021-12-29 22:00:00,1.13445,1.13599,1.12988,1.13256
2021-12-30 22:00:00,1.13244,1.13861,1.13033,1.13755
2022-01-02 22:00:00,1.13693,1.13778,1.12795,1.12971
2022-01-03 22:00:00,1.12961,1.13226,1.12723,1.12862
2022-01-04 22:00:00,1.12852,1.13466,1.12765,1.13135
2022-01-05 22:00:00,1.13111,1.13316,1.12846,1.12976
2022-01-06 22:00:00,1.12960,1.13647,1.12901,1.13590
2022-01-09 22:00:00,1.13550,1.13599,1.12853,1.13252
2022-01-10 22:00:00,1.13230,1.13753,1.13131,1.13666
2022-01-11 22:00:00,1.13655,1.14528,1.13545,1.14411
2022-01-12 22:00:00,1.14402,1.14817,1.14357,1.14539
2022-01-13 22:00:00,1.14531,1.14829,1.13987,1.14151
2022-01-16 22:00:00,1.14117,1.14342,1.13915,1.14062
2022-01-17 22:00:00,1.14062,1.14216,1.13147,1.13258
2022-01-18 22:00:00,1.13249,1.13569,1.13163,1.13420
2022-01-19 22:00:00,1.13393,1.13689,1.13031,1.13108
2022-01-20 22:00:00,1.13092,1.13597,1.13010,1.13421
2022-01-23 22:00:00,1.13371,1.13447,1.12906,1.13254
2022-01-24 22:00:00,1.13226,1.13280,1.12632,1.13006
2022-01-25 22:00:00,1.12991,1.13108,1.12354,1.12405
2022-01-26 22:00:00,1.12404,1.12431,1.11313,1.11444
2022-01-27 22:00:00,1.11428,1.11737,1.11214,1.11469
2022-01-30 22:00:00,1.11406,1.12477,1.11378,1.12333
2022-01-31 22:00:00,1.12315,1.12786,1.12208,1.12718
2022-02-01 22:00:00,1.12715,1.13301,1.12667,1.13035
2022-02-02 22:00:00,1.13018,1.14513,1.12665,1.14392
2022-02-03 22:00:00,1.14389,1.14836,1.14116,1.14514
2022-02-06 22:00:00,1.14573,1.14614,1.14151,1.14419
2022-02-07 22:00:00,1.14411,1.14486,1.13958,1.14163
2022-02-08 22:00:00,1.14127,1.14479,1.14025,1.14233
2022-02-09 22:00:00,1.14210,1.14950,1.13748,1.14275
2022-02-10 22:00:00,1.14263,1.14291,1.13297,1.13477
2022-02-13 22:00:00,1.13376,1.13688,1.12800,1.13058
2022-02-14 22:00:00,1.13032,1.13683,1.12990,1.13582
2022-02-15 22:00:00,1.13568,1.13955,1.13448,1.13722
2022-02-16 22:00:00,1.13713,1.13857,1.13229,1.13608
2022-02-17 22:00:00,1.13580,1.13769,1.13139,1.13227
2022-02-20 22:00:00,1.13145,1.13907,1.13064,1.13093
2022-02-21 22:00:00,1.13070,1.13670,1.12878,1.13241
2022-02-22 22:00:00,1.13246,1.13588,1.13012,1.13051
2022-02-23 22:00:00,1.13023,1.13086,1.11063,1.11919
2022-02-24 22:00:00,1.11908,1.12735,1.11659,1.12716
2022-02-27 22:00:00,1.11295,1.12464,1.11245,1.12178
2022-02-28 22:00:00,1.12177,1.12331,1.10897,1.11229
2022-03-01 22:00:00,1.11248,1.11434,1.10574,1.11184
2022-03-02 22:00:00,1.11160,1.11205,1.10332,1.10659
2022-03-03 22:00:00,1.10651,1.10679,1.08852,1.09305
