datetime,open,high,low,close
2012-12-03 22:00:00,132.244,132.292,131.538,131.815
2012-12-04 22:00:00,131.816,132.731,131.658,132.607
2012-12-05 22:00:00,132.605,132.886,132.035,132.170
2012-12-06 22:00:00,132.174,132.585,131.666,132.255
2012-12-09 22:00:00,132.360,132.436,131.657,132.337
2012-12-10 22:00:00,132.355,133.054,132.313,132.981
2012-12-11 22:00:00,132.978,134.600,132.878,134.211
2012-12-12 22:00:00,134.210,135.059,134.112,134.682
2012-12-13 22:00:00,134.681,135.382,134.286,135.017
2012-12-16 22:00:00,136.149,136.190,135.431,135.837
2012-12-17 22:00:00,135.839,136.914,135.803,136.872
2012-12-18 22:00:00,136.873,137.835,136.289,136.622
2012-12-19 22:00:00,136.623,137.512,136.202,137.255
2012-12-20 22:00:00,137.256,137.372,135.865,136.189
2012-12-23 22:00:00,136.321,136.924,136.221,136.744
2012-12-25 22:00:00,137.519,138.203,137.395,137.910
2012-12-26 22:00:00,137.910,139.150,137.887,138.910
2012-12-27 22:00:00,138.896,139.493,138.177,138.669
2012-12-30 22:00:00,138.720,140.934,138.657,140.656
2012-12-31 22:00:00,140.917,141.115,140.705,141.085
2013-01-01 22:00:00,141.083,142.733,140.533,141.908
2013-01-02 22:00:00,141.907,141.945,140.158,140.602
2013-01-03 22:00:00,140.601,141.787,140.450,141.615
2013-01-06 22:00:00,141.998,142.003,140.486,141.023
2013-01-07 22:00:00,141.025,141.433,139.372,139.433
2013-01-08 22:00:00,139.429,141.084,139.415,140.976
2013-01-09 22:00:00,140.975,144.004,140.831,143.718
2013-01-10 22:00:00,143.720,144.372,142.991,143.814
2013-01-13 22:00:00,144.340,144.769,142.829,143.793
2013-01-14 22:00:00,143.791,144.146,141.637,142.629
2013-01-15 22:00:00,142.628,142.672,140.492,141.671
2013-01-16 22:00:00,141.670,144.217,140.834,143.883
2013-01-17 22:00:00,143.883,144.073,142.500,142.900
2013-01-20 22:00:00,142.906,143.006,141.736,142.212
2013-01-21 22:00:00,142.214,142.751,139.781,140.546
2013-01-22 22:00:00,140.545,140.817,139.240,140.123
2013-01-23 22:00:00,140.124,142.884,139.841,142.757
2013-01-24 22:00:00,142.755,144.225,142.454,143.566
2013-01-27 22:00:00,143.678,143.945,142.137,142.213
2013-01-28 22:00:00,142.208,143.102,141.861,142.982
2013-01-29 22:00:00,142.981,144.168,142.864,143.818
2013-01-30 22:00:00,143.810,145.533,143.411,145.457
2013-01-31 22:00:00,145.455,146.463,144.883,145.618
2013-02-03 22:00:00,145.763,146.587,144.828,145.037
2013-02-04 22:00:00,145.036,147.226,144.905,146.738
2013-02-05 22:00:00,146.737,147.224,145.933,146.460
2013-02-06 22:00:00,146.459,147.948,145.975,147.243
2013-02-07 22:00:00,147.245,147.252,145.043,146.465
2013-02-10 22:00:00,146.155,147.872,145.946,147.454
2013-02-11 22:00:00,147.455,147.732,145.268,146.141
2013-02-12 22:00:00,146.139,146.427,144.704,144.824
2013-02-13 22:00:00,144.825,145.347,143.551,143.902
2013-02-14 22:00:00,143.901,145.625,142.750,144.978
2013-02-17 22:00:00,145.339,145.830,144.995,145.238
2013-02-18 22:00:00,145.241,145.337,143.853,144.270
2013-02-19 22:00:00,144.271,144.705,142.415,142.746
2013-02-20 22:00:00,142.747,142.920,141.319,141.777
2013-02-21 22:00:00,141.775,143.014,141.520,141.621
2013-02-24 22:00:00,142.338,142.782,137.877,139.735
2013-02-25 22:00:00,139.737,140.548,137.876,139.123
2013-02-26 22:00:00,139.115,139.910,138.137,139.769
2013-02-27 22:00:00,139.767,140.875,139.457,140.464
2013-02-28 22:00:00,140.468,140.901,139.103,140.696
2013-03-03 22:00:00,140.609,141.338,140.197,141.273
2013-03-04 22:00:00,141.266,141.426,140.565,141.176
2013-03-05 22:00:00,141.171,141.490,140.542,140.817
2013-03-06 22:00:00,140.819,142.998,140.589,142.492
2013-03-07 22:00:00,142.494,144.606,142.451,143.214
2013-03-10 22:00:00,143.354,144.110,142.812,144.047
2013-03-11 22:00:00,144.047,144.129,142.006,142.842
2013-03-12 22:00:00,142.841,143.815,142.638,143.290
2013-03-13 22:00:00,143.289,145.019,143.021,144.887
2013-03-14 22:00:00,144.892,145.867,143.799,143.997
2013-03-17 22:00:00,143.377,144.344,142.353,143.952
2013-03-18 22:00:00,143.956,144.629,143.159,143.407
2013-03-19 22:00:00,143.403,145.255,143.227,144.975
2013-03-20 22:00:00,144.978,145.213,143.445,144.246
2013-03-21 22:00:00,144.248,144.538,143.020,143.857
2013-03-24 22:00:00,144.154,144.776,141.887,142.983
2013-03-25 22:00:00,142.988,143.537,142.471,143.483
2013-03-26 22:00:00,143.482,143.804,142.043,142.726
2013-03-27 22:00:00,142.727,143.244,142.202,143.221
2013-03-28 22:00:00,143.217,143.271,142.580,143.222
2013-03-31 21:00:00,143.222,143.394,141.689,141.911
2013-04-01 21:00:00,141.911,142.080,140.952,141.026
2013-04-02 21:00:00,141.024,141.524,140.460,140.842
2013-04-03 21:00:00,140.846,146.862,140.380,146.746
2013-04-04 21:00:00,146.747,150.039,145.951,149.558
2013-04-07 21:00:00,150.606,151.851,150.276,151.836
2013-04-08 21:00:00,151.841,152.380,150.555,151.932
2013-04-09 21:00:00,151.932,153.041,151.380,152.962
2013-04-10 21:00:00,152.962,153.851,152.288,153.527
2013-04-11 21:00:00,153.520,153.520,150.540,150.870
2013-04-14 21:00:00,150.821,151.721,146.424,147.668
2013-04-15 21:00:00,147.682,150.284,147.570,150.244
2013-04-16 21:00:00,150.208,151.157,148.108,149.748
2013-04-17 21:00:00,149.746,150.474,148.730,150.061
2013-04-18 21:00:00,150.060,152.512,149.867,151.528
2013-04-21 21:00:00,151.959,152.215,150.898,151.791
2013-04-22 21:00:00,151.791,152.018,149.967,151.394
2013-04-23 21:00:00,151.383,152.296,151.092,151.916
2013-04-24 21:00:00,151.916,153.767,151.431,153.292
2013-04-25 21:00:00,153.286,153.418,151.115,151.689
2013-04-28 21:00:00,151.649,152.204,151.040,151.566
2013-04-29 21:00:00,151.566,151.974,150.746,151.269
2013-04-30 21:00:00,151.270,152.232,150.845,151.309
2013-05-01 21:00:00,151.311,153.237,150.944,152.068
2013-05-02 21:00:00,152.072,154.676,152.048,154.131
2013-05-05 21:00:00,154.314,154.786,154.149,154.342
2013-05-06 21:00:00,154.342,154.488,153.012,153.197
2013-05-07 21:00:00,153.197,154.112,152.732,153.742
2013-05-08 21:00:00,153.739,155.804,153.263,155.447
2013-05-09 21:00:00,155.447,156.677,155.323,156.031
2013-05-12 21:00:00,156.275,156.759,155.562,155.712
2013-05-13 21:00:00,155.709,156.061,154.969,155.625
2013-05-14 21:00:00,155.628,156.461,155.406,155.672
2013-05-15 21:00:00,155.680,156.508,155.359,156.121
2013-05-16 21:00:00,156.131,156.699,155.681,156.511
2013-05-19 21:00:00,155.912,156.292,155.580,156.019
2013-05-20 21:00:00,156.019,156.537,155.127,155.291
2013-05-21 21:00:00,155.287,156.099,154.554,155.114
2013-05-22 21:00:00,155.115,155.583,151.793,154.064
2013-05-23 21:00:00,154.064,154.746,152.289,153.080
2013-05-26 21:00:00,153.159,153.252,152.353,152.708
2013-05-27 21:00:00,152.715,154.656,152.639,153.747
2013-05-28 21:00:00,153.771,154.039,152.233,152.977
2013-05-29 21:00:00,152.977,154.018,152.256,153.502
2013-05-30 21:00:00,153.500,154.226,152.372,152.589
2013-06-02 21:00:00,152.801,153.242,151.938,152.321
2013-06-03 21:00:00,152.333,153.803,152.322,153.203
2013-06-04 21:00:00,153.214,153.747,152.392,152.737
2013-06-05 21:00:00,152.570,153.566,150.297,151.234
2013-06-06 21:00:00,151.235,152.006,148.161,151.698
2013-06-09 21:00:00,151.895,154.183,151.740,153.750
2013-06-10 21:00:00,153.748,154.188,149.344,150.189
2013-06-11 21:00:00,150.189,152.009,149.293,150.521
2013-06-12 21:00:00,150.509,150.565,147.091,149.878
2013-06-13 21:00:00,150.277,150.392,147.409,147.651
2013-06-16 21:00:00,147.982,149.445,147.977,148.787
2013-06-17 21:00:00,148.798,149.584,148.429,149.174
2013-06-18 21:00:00,149.179,150.306,148.266,149.120
2013-06-19 21:00:00,149.119,151.923,148.868,150.868
2013-06-20 21:00:00,150.868,151.922,149.749,150.869
2013-06-23 21:00:00,150.821,151.737,149.712,150.835
2013-06-24 21:00:00,150.824,151.455,149.668,151.073
2013-06-25 21:00:00,151.095,151.384,149.248,149.726
2013-06-26 21:00:00,149.619,150.571,149.365,150.032
2013-06-27 21:00:00,150.030,151.138,149.970,150.741
2013-06-30 21:00:00,150.859,152.064,150.823,151.577
2013-07-01 21:00:00,151.577,152.728,151.249,152.475
2013-07-02 21:00:00,152.475,153.016,151.235,152.702
2013-07-03 21:00:00,152.705,152.867,150.288,150.875
2013-07-04 21:00:00,150.873,151.113,149.484,150.575
2013-07-07 21:00:00,150.647,151.131,150.197,150.804
2013-07-08 21:00:00,150.803,151.603,149.778,150.252
2013-07-09 21:00:00,150.261,150.364,148.772,149.883
2013-07-10 21:00:00,149.880,150.624,148.940,150.304
2013-07-11 21:00:00,150.304,150.664,149.419,149.759
2013-07-14 21:00:00,150.034,151.260,149.684,150.914
2013-07-15 21:00:00,150.907,151.110,149.797,150.190
2013-07-16 21:00:00,150.196,152.053,149.921,151.502
2013-07-17 21:00:00,151.475,153.132,151.368,153.060
2013-07-18 21:00:00,153.052,153.659,152.168,153.430
2013-07-21 21:00:00,153.208,153.592,152.358,152.961
2013-07-22 21:00:00,152.964,153.666,152.329,152.922
2013-07-23 21:00:00,152.922,154.043,152.807,153.547
2013-07-24 21:00:00,153.547,153.822,152.253,152.681
2013-07-25 21:00:00,152.708,152.829,150.723,151.133
2013-07-28 21:00:00,151.177,151.192,149.997,150.211
2013-07-29 21:00:00,150.214,150.917,149.187,149.373
2013-07-30 21:00:00,149.373,149.513,148.285,148.609
2013-07-31 21:00:00,148.619,150.681,148.246,150.423
2013-08-01 21:00:00,150.418,151.539,150.204,151.249
2013-08-04 21:00:00,151.270,151.490,150.323,150.862
2013-08-05 21:00:00,150.873,151.433,149.887,150.062
2013-08-06 21:00:00,150.062,150.693,147.600,149.266
2013-08-07 21:00:00,149.266,150.308,148.928,150.080
2013-08-08 21:00:00,150.073,150.655,149.048,149.048
2013-08-11 21:00:00,149.286,150.168,148.852,150.115
2013-08-12 21:00:00,150.113,152.084,150.047,151.739
2013-08-13 21:00:00,151.739,152.580,151.193,151.944
2013-08-14 21:00:00,151.948,153.236,151.487,152.128
2013-08-15 21:00:00,152.131,152.748,151.778,152.378
2013-08-18 21:00:00,152.583,153.568,152.204,152.748
2013-08-19 21:00:00,152.748,153.110,151.732,152.405
2013-08-20 21:00:00,152.403,153.638,152.115,152.957
2013-08-21 21:00:00,152.967,154.013,152.648,153.918
2013-08-22 21:00:00,153.903,154.665,153.413,153.653
2013-08-25 21:00:00,153.601,153.971,153.234,153.333
2013-08-26 21:00:00,153.346,153.483,150.698,150.815
2013-08-27 21:00:00,150.826,151.889,150.468,151.688
2013-08-28 21:00:00,151.678,152.659,151.500,152.418
2013-08-29 21:00:00,152.418,152.659,151.677,152.008
2013-09-01 21:00:00,152.573,154.923,152.410,154.478
2013-09-02 21:00:00,154.478,155.438,154.428,154.889
2013-09-03 21:00:00,154.908,155.995,154.756,155.843
2013-09-04 21:00:00,155.848,156.421,155.492,156.146
2013-09-05 21:00:00,156.146,156.211,154.137,154.868
2013-09-08 21:00:00,155.934,156.633,155.502,156.324
2013-09-09 21:00:00,156.319,158.054,156.173,157.913
2013-09-10 21:00:00,157.917,158.539,157.510,158.178
2013-09-11 21:00:00,158.168,158.203,156.695,157.255
2013-09-12 21:00:00,157.255,157.967,157.195,157.713
2013-09-15 21:00:00,157.458,157.928,157.318,157.518
2013-09-16 21:00:00,157.518,158.153,157.407,157.663
2013-09-17 21:00:00,157.673,158.376,157.338,158.358
2013-09-18 21:00:00,158.361,159.975,158.178,159.334
2013-09-19 21:00:00,159.339,159.684,158.917,158.917
2013-09-22 21:00:00,158.812,159.041,158.197,158.482
2013-09-23 21:00:00,158.490,158.957,157.343,157.963
2013-09-24 21:00:00,157.984,158.817,157.369,158.257
2013-09-25 21:00:00,158.260,159.263,158.017,158.734
2013-09-26 21:00:00,158.723,159.087,158.254,158.477
2013-09-29 21:00:00,157.848,159.419,157.392,158.988
2013-09-30 21:00:00,158.981,159.943,158.444,158.707
2013-10-01 21:00:00,158.702,158.805,157.497,158.048
2013-10-02 21:00:00,158.046,158.838,156.704,157.095
2013-10-03 21:00:00,157.100,157.366,155.719,156.012
2013-10-06 21:00:00,155.906,156.174,155.397,155.567
2013-10-07 21:00:00,155.577,156.651,155.434,155.807
2013-10-08 21:00:00,155.811,156.554,154.720,155.318
2013-10-09 21:00:00,155.327,157.022,155.294,156.956
2013-10-10 21:00:00,156.958,157.517,156.432,157.144
2013-10-13 21:00:00,156.836,157.706,156.807,157.632
2013-10-14 21:00:00,157.632,157.704,156.764,157.078
2013-10-15 21:00:00,157.105,158.026,156.930,157.610
2013-10-16 21:00:00,157.631,158.295,157.066,158.207
2013-10-17 21:00:00,158.198,158.672,157.966,157.971
2013-10-20 21:00:00,158.384,158.760,158.190,158.477
2013-10-21 21:00:00,158.496,159.526,158.289,159.215
2013-10-22 21:00:00,159.215,159.362,156.862,157.317
2013-10-23 21:00:00,157.321,158.197,157.048,157.659
2013-10-24 21:00:00,157.676,157.954,157.130,157.432
2013-10-27 22:00:00,157.718,158.299,157.572,157.622
2013-10-28 22:00:00,157.619,157.667,156.753,157.556
2013-10-29 22:00:00,157.556,158.174,157.340,157.877
2013-10-30 22:00:00,157.883,157.954,157.280,157.779
2013-10-31 22:00:00,157.779,157.795,156.822,157.081
2013-11-03 22:00:00,157.181,157.676,157.096,157.472
2013-11-04 22:00:00,157.474,158.247,156.635,158.102
2013-11-05 22:00:00,158.102,158.987,157.922,158.608
2013-11-06 22:00:00,158.609,159.269,157.302,158.022
2013-11-07 22:00:00,158.018,158.852,157.541,158.600
2013-11-10 22:00:00,158.728,158.822,158.338,158.526
2013-11-11 22:00:00,158.525,159.227,158.025,158.354
2013-11-12 22:00:00,158.352,159.422,157.981,159.262
2013-11-13 22:00:00,159.260,160.910,159.088,160.727
2013-11-14 22:00:00,160.725,161.647,160.660,161.432
2013-11-17 22:00:00,161.617,161.754,160.725,160.977
2013-11-18 22:00:00,160.985,161.609,160.402,161.473
2013-11-19 22:00:00,161.470,161.715,160.843,161.097
2013-11-20 22:00:00,161.098,163.917,161.021,163.827
2013-11-21 22:00:00,163.825,164.363,163.505,164.243
2013-11-24 22:00:00,164.419,165.282,163.824,164.092
2013-11-25 22:00:00,164.089,164.383,163.674,164.215
2013-11-26 22:00:00,164.210,166.569,164.024,166.496
2013-11-27 22:00:00,166.521,167.314,165.960,167.102
2013-11-28 22:00:00,167.098,167.890,166.847,167.582
2013-12-01 22:00:00,167.840,168.790,167.757,168.321
2013-12-02 22:00:00,168.319,169.136,167.336,167.841
2013-12-03 22:00:00,167.841,168.385,166.871,167.599
2013-12-04 22:00:00,167.605,167.768,165.869,166.308
2013-12-05 22:00:00,166.308,168.252,166.009,168.182
2013-12-08 22:00:00,168.586,169.727,168.116,169.609
2013-12-09 22:00:00,169.607,170.055,168.672,169.187
2013-12-10 22:00:00,169.186,169.351,167.536,167.788
2013-12-11 22:00:00,167.789,169.351,167.633,169.245
2013-12-12 22:00:00,169.278,169.820,167.709,168.100
2013-12-15 22:00:00,168.198,168.431,167.343,168.001
2013-12-16 22:00:00,167.999,168.165,166.581,166.923
2013-12-17 22:00:00,166.914,171.182,166.864,170.801
2013-12-18 22:00:00,170.803,170.840,169.908,170.549
2013-12-19 22:00:00,170.549,171.052,169.771,169.954
2013-12-22 22:00:00,169.873,170.431,169.766,170.308
2013-12-23 22:00:00,170.299,170.812,170.130,170.669
2013-12-25 22:00:00,171.621,172.190,171.507,172.021
2013-12-26 22:00:00,172.028,173.937,171.956,173.327
2013-12-29 22:00:00,173.621,173.854,173.037,173.283
2013-12-30 22:00:00,173.283,174.512,172.824,174.350
2013-12-31 22:00:00,174.341,174.653,174.321,174.650
2014-01-01 22:00:00,174.650,174.844,171.827,172.378
2014-01-02 22:00:00,172.378,172.502,171.042,172.092
2014-01-05 22:00:00,172.070,172.227,170.402,171.080
2014-01-06 22:00:00,171.080,171.709,170.827,171.678
2014-01-07 22:00:00,171.676,172.835,171.499,172.441
2014-01-08 22:00:00,172.439,173.119,172.191,172.679
2014-01-09 22:00:00,172.679,173.026,171.245,171.652
2014-01-12 22:00:00,171.581,171.660,168.341,168.830
2014-01-13 22:00:00,168.830,171.444,168.821,171.331
2014-01-14 22:00:00,171.334,171.582,170.432,171.146
2014-01-15 22:00:00,171.144,171.784,170.193,170.573
2014-01-16 22:00:00,170.591,171.868,170.174,171.277
2014-01-19 22:00:00,171.196,171.478,170.300,171.141
2014-01-20 22:00:00,171.117,172.368,171.062,171.825
2014-01-21 22:00:00,171.823,173.291,171.319,173.201
2014-01-22 22:00:00,173.193,173.644,171.203,171.962
2014-01-23 22:00:00,171.968,172.312,168.435,168.435
2014-01-26 22:00:00,168.171,170.527,167.916,170.164
2014-01-27 22:00:00,170.166,171.374,169.936,171.205
2014-01-28 22:00:00,171.207,171.456,168.687,169.123
2014-01-29 22:00:00,169.120,169.773,168.165,169.521
2014-01-30 22:00:00,169.522,169.746,167.542,167.568
2014-02-02 22:00:00,167.810,168.220,164.285,164.907
2014-02-03 22:00:00,164.914,166.041,163.880,165.888
2014-02-04 22:00:00,165.880,166.149,163.950,165.561
2014-02-05 22:00:00,165.561,166.819,165.043,166.392
2014-02-06 22:00:00,166.392,168.037,166.142,167.921
2014-02-09 22:00:00,168.355,168.435,167.196,167.673
2014-02-10 22:00:00,167.675,169.082,167.501,168.803
2014-02-11 22:00:00,168.818,170.422,168.318,170.318
2014-02-12 22:00:00,170.318,170.377,169.234,170.301
2014-02-13 22:00:00,170.320,170.593,169.116,170.462
2014-02-16 22:00:00,170.466,171.066,169.895,170.389
2014-02-17 22:00:00,170.384,171.876,170.213,170.785
2014-02-18 22:00:00,170.800,171.156,169.604,170.653
2014-02-19 22:00:00,170.661,170.779,169.224,170.438
2014-02-20 22:00:00,170.435,171.727,170.122,170.267
2014-02-23 22:00:00,170.569,170.853,169.854,170.689
2014-02-24 22:00:00,170.682,171.082,170.072,170.445
2014-02-25 22:00:00,170.448,170.942,169.947,170.593
2014-02-26 22:00:00,170.590,170.823,169.054,170.506
2014-02-27 22:00:00,170.499,171.196,169.379,170.347
2014-03-02 22:00:00,169.879,169.982,168.820,169.020
2014-03-03 22:00:00,169.015,170.507,168.958,170.335
2014-03-04 22:00:00,170.335,171.386,170.144,171.162
2014-03-05 22:00:00,171.158,172.828,171.051,172.536
2014-03-06 22:00:00,172.533,173.581,172.041,172.542
2014-03-09 22:00:00,172.513,172.863,171.529,171.938
2014-03-10 22:00:00,171.936,172.115,170.932,171.077
2014-03-11 22:00:00,171.077,171.441,170.159,170.746
2014-03-12 22:00:00,170.747,171.626,168.704,169.327
2014-03-13 22:00:00,169.328,169.330,167.933,168.701
2014-03-16 22:00:00,168.607,169.598,168.503,169.362
2014-03-17 22:00:00,169.365,169.593,167.767,168.242
2014-03-18 22:00:00,168.242,169.698,168.067,169.252
2014-03-19 22:00:00,169.254,169.713,168.703,169.003
2014-03-20 22:00:00,169.005,169.104,168.091,168.600
2014-03-23 22:00:00,168.509,169.432,168.322,168.619
2014-03-24 22:00:00,168.620,169.272,168.374,169.110
2014-03-25 22:00:00,169.110,169.677,168.894,169.147
2014-03-26 22:00:00,169.145,170.322,168.627,169.718
2014-03-27 22:00:00,169.718,171.308,169.548,171.052
2014-03-30 21:00:00,171.228,172.112,170.976,171.998
2014-03-31 21:00:00,171.996,172.509,171.742,172.434
2014-04-01 21:00:00,172.434,172.994,172.291,172.664
2014-04-02 21:00:00,172.664,173.138,172.150,172.452
2014-04-03 21:00:00,172.452,172.497,171.000,171.103
2014-04-06 21:00:00,171.239,171.594,170.669,171.171
2014-04-07 21:00:00,171.167,171.553,170.009,170.614
2014-04-08 21:00:00,170.610,171.310,170.485,171.239
2014-04-09 21:00:00,171.237,171.623,170.081,170.254
2014-04-10 21:00:00,170.254,170.906,169.497,170.027
2014-04-13 21:00:00,170.051,170.506,169.581,170.344
2014-04-14 21:00:00,170.349,170.669,169.496,170.365
2014-04-15 21:00:00,170.365,172.097,170.298,171.702
2014-04-16 21:00:00,171.703,172.105,171.449,171.950
2014-04-17 21:00:00,171.968,172.179,171.783,171.958
2014-04-20 21:00:00,172.105,172.489,172.005,172.328
2014-04-21 21:00:00,172.330,172.736,172.010,172.597
2014-04-22 21:00:00,172.602,172.789,171.354,172.041
2014-04-23 21:00:00,172.035,172.184,171.475,171.830
2014-04-24 21:00:00,171.832,172.258,171.378,171.629
2014-04-27 21:00:00,171.607,172.573,171.257,172.257
2014-04-28 21:00:00,172.268,172.905,172.226,172.723
2014-04-29 21:00:00,172.716,172.716,171.934,172.478
2014-04-30 21:00:00,172.482,172.929,172.393,172.784
2014-05-01 21:00:00,172.784,173.461,172.341,172.344
2014-05-04 21:00:00,172.542,172.557,171.772,172.308
2014-05-05 21:00:00,172.303,172.945,172.197,172.674
2014-05-06 21:00:00,172.673,172.982,172.142,172.710
2014-05-07 21:00:00,172.709,172.848,171.861,172.113
2014-05-08 21:00:00,172.109,172.296,171.217,171.607
2014-05-11 21:00:00,171.556,172.501,171.540,172.292
2014-05-12 21:00:00,172.293,172.731,171.912,172.065
2014-05-13 21:00:00,172.063,172.353,170.599,170.746
2014-05-14 21:00:00,170.747,171.019,170.161,170.535
2014-05-15 21:00:00,170.531,170.980,170.217,170.604
2014-05-18 21:00:00,170.758,170.950,170.020,170.609
2014-05-19 21:00:00,170.610,170.920,170.375,170.573
2014-05-20 21:00:00,170.570,171.475,169.805,171.377
2014-05-21 21:00:00,171.372,171.846,171.216,171.636
2014-05-22 21:00:00,171.636,171.792,171.272,171.544
2014-05-25 21:00:00,171.645,171.783,171.459,171.647
2014-05-26 21:00:00,171.647,171.959,171.267,171.481
2014-05-27 21:00:00,171.478,171.485,169.879,170.131
2014-05-28 21:00:00,170.132,170.183,169.525,170.042
2014-05-29 21:00:00,170.044,170.691,169.774,170.445
2014-06-01 21:00:00,170.631,171.616,170.434,171.438
2014-06-02 21:00:00,171.443,171.812,171.267,171.729
2014-06-03 21:00:00,171.728,172.067,171.354,171.917
2014-06-04 21:00:00,171.913,172.306,171.602,172.199
2014-06-05 21:00:00,172.200,172.497,171.825,172.148
2014-06-08 21:00:00,172.376,172.534,171.995,172.302
2014-06-09 21:00:00,172.298,172.328,171.345,171.477
2014-06-10 21:00:00,171.473,171.797,170.957,171.234
2014-06-11 21:00:00,171.233,172.316,171.022,172.195
2014-06-12 21:00:00,172.191,173.349,172.108,173.097
2014-06-15 21:00:00,173.172,173.222,172.723,172.885
2014-06-16 21:00:00,172.883,173.439,172.818,173.282
2014-06-17 21:00:00,173.282,173.777,172.852,173.197
2014-06-18 21:00:00,173.188,173.779,173.003,173.687
2014-06-19 21:00:00,173.697,174.086,173.537,173.660
2014-06-22 21:00:00,173.722,173.818,173.172,173.519
2014-06-23 21:00:00,173.515,173.707,172.932,173.163
2014-06-24 21:00:00,173.157,173.194,172.723,172.923
2014-06-25 21:00:00,172.927,173.435,172.603,173.099
2014-06-26 21:00:00,173.098,173.155,172.454,172.687
2014-06-29 21:00:00,172.767,173.395,172.366,173.311
2014-06-30 21:00:00,173.312,174.280,173.255,174.135
2014-07-01 21:00:00,174.132,174.785,173.988,174.660
2014-07-02 21:00:00,174.658,175.364,174.495,175.284
2014-07-03 21:00:00,175.284,175.343,174.824,175.055
2014-07-06 21:00:00,175.163,175.247,174.276,174.511
2014-07-07 21:00:00,174.515,174.547,173.715,173.938
2014-07-08 21:00:00,173.937,174.407,173.798,174.358
2014-07-09 21:00:00,174.359,174.359,172.954,173.568
2014-07-10 21:00:00,173.567,173.798,173.114,173.231
2014-07-13 21:00:00,173.493,174.008,173.346,173.489
2014-07-14 21:00:00,173.489,174.546,173.280,174.298
2014-07-15 21:00:00,174.299,174.437,173.998,174.216
2014-07-16 21:00:00,174.217,174.246,172.878,172.974
2014-07-17 21:00:00,172.970,173.582,172.669,173.001
2014-07-20 21:00:00,173.087,173.227,172.789,173.125
2014-07-21 21:00:00,173.120,173.462,172.969,173.154
2014-07-22 21:00:00,173.154,173.331,172.597,173.018
2014-07-23 21:00:00,173.010,173.051,172.622,172.931
2014-07-24 21:00:00,172.931,173.162,172.640,172.655
2014-07-27 21:00:00,172.794,173.084,172.747,172.952
2014-07-28 21:00:00,172.949,173.199,172.718,173.017
2014-07-29 21:00:00,173.011,174.179,172.906,173.849
2014-07-30 21:00:00,173.849,173.996,173.393,173.558
2014-07-31 21:00:00,173.555,173.845,172.378,172.531
2014-08-03 21:00:00,172.567,173.001,172.431,172.892
2014-08-04 21:00:00,172.890,173.496,172.768,173.239
2014-08-05 21:00:00,173.236,173.266,171.558,172.082
2014-08-06 21:00:00,172.082,172.612,171.696,171.859
2014-08-07 21:00:00,171.856,171.903,170.694,171.087
2014-08-10 21:00:00,171.265,171.612,171.225,171.542
2014-08-11 21:00:00,171.540,171.962,171.374,171.879
2014-08-12 21:00:00,171.877,172.597,170.847,170.923
2014-08-13 21:00:00,170.924,171.221,170.648,170.978
2014-08-14 21:00:00,170.974,171.440,170.422,170.821
2014-08-17 21:00:00,171.114,171.667,171.020,171.555
2014-08-18 21:00:00,171.554,171.629,170.692,171.003
2014-08-19 21:00:00,171.005,172.300,170.976,172.070
2014-08-20 21:00:00,172.071,172.384,171.875,172.136
2014-08-21 21:00:00,172.137,172.618,171.610,172.186
2014-08-24 21:00:00,172.353,172.680,172.292,172.397
2014-08-25 21:00:00,172.394,172.580,172.086,172.171
2014-08-26 21:00:00,172.164,172.523,172.057,172.154
2014-08-27 21:00:00,172.154,172.286,171.668,172.040
2014-08-28 21:00:00,172.041,172.807,171.946,172.689
2014-08-31 21:00:00,172.777,173.404,172.726,173.251
2014-09-01 21:00:00,173.253,173.945,173.003,173.082
2014-09-02 21:00:00,173.082,173.367,172.382,172.589
2014-09-03 21:00:00,172.587,172.774,171.646,171.826
2014-09-04 21:00:00,171.826,172.266,170.981,171.531
2014-09-07 21:00:00,170.191,171.107,169.344,170.534
2014-09-08 21:00:00,170.541,171.530,170.536,171.039
2014-09-09 21:00:00,171.040,173.269,171.013,173.066
2014-09-10 21:00:00,173.097,174.244,172.769,174.156
2014-09-11 21:00:00,174.161,174.665,173.698,174.549
2014-09-14 21:00:00,174.558,174.616,173.843,173.944
2014-09-15 21:00:00,173.944,174.485,172.989,174.331
2014-09-16 21:00:00,174.331,176.568,174.142,176.368
2014-09-17 21:00:00,176.364,178.960,176.222,178.786
2014-09-18 21:00:00,178.770,180.713,177.457,177.557
2014-09-21 21:00:00,177.613,178.355,177.522,178.046
2014-09-22 21:00:00,178.049,178.742,176.647,178.424
2014-09-23 21:00:00,178.417,178.451,177.641,178.181
2014-09-24 21:00:00,178.186,178.502,177.138,177.442
2014-09-25 21:00:00,177.446,178.109,177.149,177.555
2014-09-28 21:00:00,177.554,178.185,177.366,177.766
2014-09-29 21:00:00,177.769,178.113,177.365,177.721
2014-09-30 21:00:00,177.723,178.128,176.177,176.364
2014-10-01 21:00:00,176.360,176.650,174.319,175.061
2014-10-02 21:00:00,175.057,175.911,174.983,175.277
2014-10-05 21:00:00,175.255,175.362,174.469,174.863
2014-10-06 21:00:00,174.858,175.149,173.691,174.085
2014-10-07 21:00:00,174.088,174.971,173.440,174.733
2014-10-08 21:00:00,174.739,175.007,173.582,173.783
2014-10-09 21:00:00,173.783,174.004,172.740,173.059
2014-10-12 21:00:00,172.782,173.021,171.731,171.960
2014-10-13 21:00:00,171.963,172.484,169.928,170.397
2014-10-14 21:00:00,170.393,171.150,168.017,169.714
2014-10-15 21:00:00,169.712,171.220,168.463,170.835
2014-10-16 21:00:00,170.832,172.045,170.201,171.994
2014-10-19 21:00:00,172.281,172.990,172.210,172.832
2014-10-20 21:00:00,172.833,172.863,171.783,172.575
2014-10-21 21:00:00,172.575,172.594,171.057,171.968
2014-10-22 21:00:00,171.968,173.647,171.692,173.577
2014-10-23 21:00:00,173.573,174.004,172.955,173.957
2014-10-26 22:00:00,174.087,174.190,173.378,173.753
2014-10-27 22:00:00,173.759,174.731,173.681,174.412
2014-10-28 22:00:00,174.412,174.678,173.910,174.226
2014-10-29 22:00:00,174.225,175.150,173.975,174.870
2014-10-30 22:00:00,174.871,179.804,174.653,179.645
2014-11-02 22:00:00,180.397,182.510,179.644,181.762
2014-11-03 22:00:00,181.799,182.008,181.108,181.545
2014-11-04 22:00:00,181.545,183.427,181.529,183.095
2014-11-05 22:00:00,183.095,184.316,181.854,182.437
2014-11-06 22:00:00,182.432,182.866,181.210,181.849
2014-11-09 22:00:00,181.774,182.245,181.065,181.946
2014-11-10 22:00:00,181.942,184.652,181.752,184.348
2014-11-11 22:00:00,184.347,184.541,181.958,182.227
2014-11-12 22:00:00,182.224,182.776,181.541,181.796
2014-11-13 22:00:00,181.793,182.658,181.593,182.109
2014-11-16 22:00:00,182.676,183.375,181.087,182.384
2014-11-17 22:00:00,182.383,183.262,182.236,182.634
2014-11-18 22:00:00,182.634,185.444,182.520,185.283
2014-11-19 22:00:00,185.283,186.124,184.946,185.552
2014-11-20 22:00:00,185.544,185.682,183.966,184.390
2014-11-23 22:00:00,184.246,185.947,184.051,185.716
2014-11-24 22:00:00,185.748,186.069,184.517,185.271
2014-11-25 22:00:00,185.296,186.096,184.762,185.879
2014-11-26 22:00:00,185.902,185.925,185.008,185.175
2014-11-27 22:00:00,185.190,185.912,185.190,185.500
2014-11-30 22:00:00,185.734,186.320,185.033,186.208
2014-12-01 22:00:00,186.206,186.919,186.018,186.410
2014-12-02 22:00:00,186.398,188.186,186.266,187.862
2014-12-03 22:00:00,187.889,188.228,187.586,187.712
2014-12-04 22:00:00,187.718,189.709,187.280,189.282
2014-12-07 22:00:00,189.151,189.675,188.424,188.874
2014-12-08 22:00:00,188.721,189.202,185.192,187.511
2014-12-09 22:00:00,187.421,187.824,184.961,185.125
2014-12-10 22:00:00,185.041,187.749,184.964,186.621
2014-12-11 22:00:00,186.418,187.353,185.595,186.566
2014-12-14 22:00:00,186.195,187.048,183.840,184.005
2014-12-15 22:00:00,184.192,185.086,181.576,183.152
2014-12-16 22:00:00,183.163,185.019,182.995,184.746
2014-12-17 22:00:00,184.545,186.724,184.419,186.173
2014-12-18 22:00:00,186.153,187.239,186.041,186.653
2014-12-21 22:00:00,186.742,187.542,186.497,187.123
2014-12-22 22:00:00,187.117,187.477,186.477,187.281
2014-12-23 22:00:00,187.281,187.447,186.619,187.313
2014-12-25 22:00:00,187.014,187.449,186.982,187.199
2014-12-28 22:00:00,187.278,187.795,187.041,187.195
2014-12-29 22:00:00,187.138,187.270,184.949,185.677
2014-12-30 22:00:00,185.833,186.997,185.690,186.703
2015-01-01 22:00:00,187.143,187.297,184.293,184.594
2015-01-04 22:00:00,184.307,184.395,181.696,182.377
2015-01-05 22:00:00,182.377,182.414,179.209,179.262
2015-01-06 22:00:00,179.261,180.637,179.117,180.128
2015-01-07 22:00:00,180.124,180.922,179.967,180.482
2015-01-08 22:00:00,180.482,180.906,179.452,179.493
2015-01-11 22:00:00,179.540,180.526,179.006,179.474
2015-01-12 22:00:00,179.481,180.072,178.073,178.719
2015-01-13 22:00:00,178.722,178.838,176.828,178.679
2015-01-14 22:00:00,178.676,179.560,176.252,176.252
2015-01-15 22:00:00,176.262,178.301,175.775,178.008
2015-01-18 22:00:00,177.739,178.345,176.975,177.571
2015-01-19 22:00:00,177.644,180.260,177.501,179.855
2015-01-20 22:00:00,179.913,179.913,177.036,178.567
2015-01-21 22:00:00,178.604,179.188,177.191,177.779
2015-01-22 22:00:00,177.830,178.485,176.122,176.451
2015-01-25 22:00:00,176.357,178.901,175.725,178.537
2015-01-26 22:00:00,178.590,179.407,177.835,179.098
2015-01-27 22:00:00,179.098,179.356,177.632,177.888
2015-01-28 22:00:00,177.890,178.917,177.684,178.154
2015-01-29 22:00:00,178.196,178.529,176.097,176.838
2015-02-01 22:00:00,176.500,177.714,176.101,176.808
2015-02-02 22:00:00,176.744,178.379,175.483,178.278
2015-02-03 22:00:00,178.303,179.274,177.581,178.012
2015-02-04 22:00:00,178.009,180.390,177.718,180.106
2015-02-05 22:00:00,180.105,181.799,179.549,181.421
2015-02-08 22:00:00,181.241,181.615,180.154,180.459
2015-02-09 22:00:00,180.495,182.245,180.245,182.144
2015-02-10 22:00:00,182.134,183.954,181.989,183.516
2015-02-11 22:00:00,183.514,184.163,181.199,183.206
2015-02-12 22:00:00,183.204,183.345,182.475,182.574
2015-02-15 22:00:00,182.682,183.210,181.505,181.978
2015-02-16 22:00:00,181.979,183.368,181.566,183.052
2015-02-17 22:00:00,183.045,184.189,182.588,183.321
2015-02-18 22:00:00,183.320,184.026,183.017,183.316
2015-02-19 22:00:00,183.322,183.657,181.659,183.193
2015-02-22 22:00:00,183.337,184.006,182.601,183.625
2015-02-23 22:00:00,183.614,184.716,183.530,183.799
2015-02-24 22:00:00,183.814,184.658,183.525,184.544
2015-02-25 22:00:00,184.505,185.017,183.591,183.935
2015-02-26 22:00:00,183.936,185.000,183.537,184.658
2015-03-01 22:00:00,184.542,184.911,184.153,184.571
2015-03-02 22:00:00,184.562,184.711,183.651,183.878
2015-03-03 22:00:00,183.876,183.979,182.526,182.651
2015-03-04 22:00:00,182.652,183.701,182.385,183.045
2015-03-05 22:00:00,183.040,183.243,181.467,181.663
2015-03-08 22:00:00,181.619,183.583,181.512,183.345
2015-03-09 22:00:00,183.344,183.910,182.265,182.390
2015-03-10 22:00:00,182.412,183.135,180.779,181.335
2015-03-11 22:00:00,181.343,181.776,180.191,180.526
2015-03-12 22:00:00,180.528,180.741,178.227,178.911
2015-03-15 22:00:00,178.840,180.198,178.840,179.926
2015-03-16 22:00:00,179.923,180.131,178.538,178.892
2015-03-17 22:00:00,178.893,181.019,177.147,179.792
2015-03-18 22:00:00,179.770,179.896,177.703,178.202
2015-03-19 22:00:00,178.203,180.076,177.920,179.433
2015-03-22 22:00:00,179.429,179.668,178.132,178.983
2015-03-23 22:00:00,178.981,179.182,177.499,177.707
2015-03-24 22:00:00,177.711,178.356,177.527,177.818
2015-03-25 22:00:00,177.817,177.906,176.461,177.029
2015-03-26 22:00:00,177.028,177.914,176.682,177.126
2015-03-29 21:00:00,177.411,178.186,176.661,177.791
2015-03-30 21:00:00,177.788,178.297,177.093,177.932
2015-03-31 21:00:00,177.899,178.416,176.766,177.478
2015-04-01 21:00:00,177.460,177.940,176.758,177.483
2015-04-02 21:00:00,177.486,177.928,177.072,177.481
2015-04-05 21:00:00,177.272,178.269,177.155,177.841
2015-04-06 21:00:00,177.824,179.177,177.702,178.062
2015-04-07 21:00:00,178.052,179.283,177.624,178.568
2015-04-08 21:00:00,178.550,179.076,177.100,177.366
2015-04-09 21:00:00,177.371,177.523,175.669,175.830
2015-04-12 21:00:00,175.830,176.523,175.283,176.259
2015-04-13 21:00:00,176.263,176.606,174.871,176.442
2015-04-14 21:00:00,176.434,176.949,175.689,176.855
2015-04-15 21:00:00,176.855,178.016,176.544,177.591
2015-04-16 21:00:00,177.591,178.723,177.439,177.891
2015-04-19 21:00:00,177.891,178.192,177.186,177.701
2015-04-20 21:00:00,177.701,178.895,177.475,178.559
2015-04-21 21:00:00,178.559,180.395,178.454,180.262
2015-04-22 21:00:00,180.262,180.450,179.300,180.070
2015-04-23 21:00:00,180.070,181.003,179.648,180.693
2015-04-26 21:00:00,180.388,181.571,180.293,181.327
2015-04-27 21:00:00,181.245,182.393,180.664,182.369
2015-04-28 21:00:00,182.295,184.112,182.110,183.755
2015-04-29 21:00:00,183.721,184.146,182.573,183.300
2015-04-30 21:00:00,183.248,184.456,181.772,181.925
2015-05-03 21:00:00,182.041,182.293,181.398,181.643
2015-05-04 21:00:00,181.614,182.770,181.443,181.947
2015-05-05 21:00:00,181.901,182.516,181.451,182.024
2015-05-06 21:00:00,182.022,182.975,180.943,182.518
2015-05-07 21:00:00,182.511,186.015,182.511,184.907
2015-05-10 21:00:00,184.875,187.379,184.561,187.114
2015-05-11 21:00:00,187.136,188.354,186.708,187.801
2015-05-12 21:00:00,187.789,188.579,187.013,187.566
2015-05-13 21:00:00,187.581,188.513,187.348,187.967
2015-05-14 21:00:00,187.938,188.595,187.660,187.759
2015-05-17 21:00:00,187.740,188.263,187.292,187.779
2015-05-18 21:00:00,187.784,187.953,185.940,187.163
2015-05-19 21:00:00,187.156,188.594,187.065,188.460
2015-05-20 21:00:00,188.465,189.997,187.931,189.529
2015-05-21 21:00:00,189.547,189.640,187.921,188.339
2015-05-24 21:00:00,187.963,188.584,187.780,188.016
2015-05-25 21:00:00,188.012,189.646,187.869,189.338
2015-05-26 21:00:00,189.313,190.328,189.194,189.816
2015-05-27 21:00:00,189.823,190.688,189.263,189.787
2015-05-28 21:00:00,189.787,189.987,188.679,189.690
2015-05-31 21:00:00,189.758,189.971,188.522,189.627
2015-06-01 21:00:00,189.636,190.523,189.109,190.379
2015-06-02 21:00:00,190.378,190.784,189.523,190.554
2015-06-03 21:00:00,190.553,191.673,189.855,191.011
2015-06-04 21:00:00,190.991,191.945,190.711,191.762
2015-06-07 21:00:00,191.749,191.849,190.672,191.021
2015-06-08 21:00:00,191.039,191.349,189.514,191.268
2015-06-09 21:00:00,191.277,191.600,188.958,190.451
2015-06-10 21:00:00,190.448,191.940,190.280,191.490
2015-06-11 21:00:00,191.535,192.213,191.234,192.003
2015-06-14 21:00:00,191.498,192.605,191.400,192.487
2015-06-15 21:00:00,192.504,193.138,192.055,193.011
2015-06-16 21:00:00,193.010,195.636,192.948,195.376
2015-06-17 21:00:00,195.371,195.823,194.334,195.218
2015-06-18 21:00:00,195.221,195.490,194.599,194.758
2015-06-21 21:00:00,195.150,195.561,194.608,195.180
2015-06-22 21:00:00,195.181,195.484,194.573,194.936
2015-06-23 21:00:00,194.936,195.870,194.246,194.469
2015-06-24 21:00:00,194.481,194.748,193.469,194.644
2015-06-25 21:00:00,194.645,195.243,193.928,194.983
2015-06-28 21:00:00,192.687,193.515,191.287,192.817
2015-06-29 21:00:00,192.812,193.004,191.700,192.403
2015-06-30 21:00:00,192.414,192.913,191.862,192.318
2015-07-01 21:00:00,192.305,192.924,191.924,192.041
2015-07-02 21:00:00,192.021,192.499,190.897,191.169
2015-07-05 21:00:00,189.586,191.644,189.393,191.203
2015-07-06 21:00:00,191.202,191.548,188.219,189.411
2015-07-07 21:00:00,189.419,189.484,184.966,185.395
2015-07-08 21:00:00,185.392,187.335,185.128,186.573
2015-07-09 21:00:00,186.573,190.747,186.489,190.450
2015-07-12 21:00:00,189.635,192.318,189.635,191.081
2015-07-13 21:00:00,191.083,192.926,190.537,192.889
2015-07-14 21:00:00,192.889,193.748,192.659,193.506
2015-07-15 21:00:00,193.470,193.920,193.022,193.764
2015-07-16 21:00:00,193.739,194.364,192.858,193.578
2015-07-19 21:00:00,193.458,193.934,193.041,193.371
2015-07-20 21:00:00,193.368,193.854,192.515,192.658
2015-07-21 21:00:00,192.615,193.972,192.292,193.501
2015-07-22 21:00:00,193.468,193.908,191.922,192.184
2015-07-23 21:00:00,192.131,192.452,191.638,192.051
2015-07-26 21:00:00,191.952,192.186,190.995,191.740
2015-07-27 21:00:00,191.740,193.219,191.437,192.867
2015-07-28 21:00:00,192.914,194.157,192.552,193.386
2015-07-29 21:00:00,193.254,194.575,193.184,193.648
2015-07-30 21:00:00,193.586,193.989,193.150,193.429
2015-08-02 21:00:00,193.612,194.228,193.031,193.296
2015-08-03 21:00:00,193.280,193.814,193.035,193.519
2015-08-04 21:00:00,193.507,195.209,193.186,194.707
2015-08-05 21:00:00,194.698,195.240,193.112,193.445
2015-08-06 21:00:00,193.393,193.771,191.967,192.388
2015-08-09 21:00:00,192.254,194.445,192.252,194.219
2015-08-10 21:00:00,194.233,194.982,193.966,194.697
2015-08-11 21:00:00,194.763,195.014,193.408,193.816
2015-08-12 21:00:00,193.830,194.720,193.657,194.128
2015-08-13 21:00:00,194.150,194.555,193.833,194.431
2015-08-16 21:00:00,194.486,195.153,193.718,193.744
2015-08-17 21:00:00,193.757,195.262,193.522,194.717
2015-08-18 21:00:00,194.743,195.020,193.962,193.969
2015-08-19 21:00:00,194.007,194.527,193.278,193.492
2015-08-20 21:00:00,193.521,193.744,191.309,191.391
2015-08-23 21:00:00,191.044,191.404,183.194,186.688
2015-08-24 21:00:00,186.721,189.984,186.060,186.350
2015-08-25 21:00:00,186.338,188.080,184.142,185.136
2015-08-26 21:00:00,185.253,186.819,185.224,186.304
2015-08-27 21:00:00,186.321,187.359,185.364,187.297
2015-08-30 21:00:00,187.417,187.419,185.841,185.973
2015-08-31 21:00:00,185.927,186.216,182.530,182.672
2015-09-01 21:00:00,182.607,184.270,182.456,184.054
2015-09-02 21:00:00,184.043,184.697,182.667,183.130
2015-09-03 21:00:00,183.125,183.328,180.452,180.493
2015-09-06 21:00:00,180.413,182.512,180.370,182.118
2015-09-07 21:00:00,182.214,184.954,181.798,184.425
2015-09-08 21:00:00,184.327,186.416,184.327,185.163
2015-09-09 21:00:00,185.050,187.319,184.231,186.252
2015-09-10 21:00:00,186.176,186.859,185.685,185.988
2015-09-13 21:00:00,185.881,186.626,184.596,185.366
2015-09-14 21:00:00,185.365,186.086,184.205,184.719
2015-09-15 21:00:00,184.733,187.183,184.225,186.725
2015-09-16 21:00:00,186.702,188.266,186.686,187.049
2015-09-17 21:00:00,187.039,187.358,185.927,186.183
2015-09-20 21:00:00,186.419,187.318,186.001,186.926
2015-09-21 21:00:00,186.892,187.010,184.089,184.558
2015-09-22 21:00:00,184.517,184.646,182.903,183.287
2015-09-23 21:00:00,183.268,183.543,181.602,182.963
2015-09-24 21:00:00,183.027,184.416,182.627,182.979
2015-09-27 21:00:00,183.003,183.292,181.626,181.926
2015-09-28 21:00:00,181.912,182.512,180.941,181.388
2015-09-29 21:00:00,181.365,183.032,180.836,181.323
2015-09-30 21:00:00,181.333,182.017,181.069,181.401
2015-10-01 21:00:00,181.391,182.572,180.646,181.941
2015-10-04 21:00:00,182.284,183.188,181.857,182.407
2015-10-05 21:00:00,182.385,183.259,181.966,183.011
2015-10-06 21:00:00,182.996,184.040,182.489,183.814
2015-10-07 21:00:00,183.761,184.258,182.995,184.025
2015-10-08 21:00:00,184.006,184.838,183.921,184.139
2015-10-11 21:00:00,184.061,184.681,183.925,184.198
2015-10-12 21:00:00,184.180,184.337,181.823,182.556
2015-10-13 21:00:00,182.536,184.319,182.315,183.892
2015-10-14 21:00:00,183.844,184.351,182.746,183.783
2015-10-15 21:00:00,183.709,184.714,183.583,184.366
2015-10-18 21:00:00,184.314,185.087,183.819,184.781
2015-10-19 21:00:00,184.751,185.576,184.630,185.067
2015-10-20 21:00:00,184.999,185.554,184.715,184.879
2015-10-21 21:00:00,184.799,185.898,184.481,185.763
2015-10-22 21:00:00,185.739,186.291,185.248,185.911
2015-10-25 22:00:00,185.926,185.997,185.126,185.699
2015-10-26 22:00:00,185.699,185.866,183.918,184.224
2015-10-27 22:00:00,184.226,185.029,183.882,184.862
2015-10-28 22:00:00,184.869,185.541,184.087,185.333
2015-10-29 22:00:00,185.340,186.714,184.299,186.063
2015-11-01 22:00:00,185.962,186.957,185.540,186.126
2015-11-02 22:00:00,186.123,186.876,185.863,186.698
2015-11-03 22:00:00,186.633,187.303,186.470,186.957
2015-11-04 22:00:00,186.987,187.679,184.952,185.112
2015-11-05 22:00:00,185.085,185.811,184.293,185.308
2015-11-08 22:00:00,185.472,186.596,185.362,186.134
2015-11-09 22:00:00,186.108,186.497,185.878,186.184
2015-11-10 22:00:00,186.072,187.038,185.938,186.874
2015-11-11 22:00:00,186.811,187.498,186.532,186.699
2015-11-12 22:00:00,186.691,187.024,186.396,186.695
2015-11-15 22:00:00,186.109,187.447,185.981,187.173
2015-11-16 22:00:00,187.202,187.974,186.846,187.756
2015-11-17 22:00:00,187.742,188.274,187.273,188.268
2015-11-18 22:00:00,188.314,188.797,187.562,187.856
2015-11-19 22:00:00,187.812,188.076,186.447,186.480
2015-11-22 22:00:00,186.508,186.960,185.636,185.726
2015-11-23 22:00:00,185.777,185.989,184.314,184.748
2015-11-24 22:00:00,184.745,185.797,184.486,185.603
2015-11-25 22:00:00,185.344,185.638,184.643,185.118
2015-11-26 22:00:00,185.073,185.306,184.232,184.434
2015-11-29 22:00:00,184.616,185.641,184.338,185.324
2015-11-30 22:00:00,185.238,186.008,184.935,185.278
2015-12-01 22:00:00,185.198,185.629,183.956,184.252
2015-12-02 22:00:00,184.187,185.884,183.996,185.611
2015-12-03 22:00:00,185.610,186.257,185.112,185.898
2015-12-06 22:00:00,186.072,186.330,185.456,185.711
2015-12-07 22:00:00,185.651,185.739,183.750,184.457
2015-12-08 22:00:00,184.420,185.377,183.681,184.285
2015-12-09 22:00:00,184.273,184.956,183.357,184.291
2015-12-10 22:00:00,184.233,185.045,183.552,184.090
2015-12-13 22:00:00,184.450,184.463,182.111,183.159
2015-12-14 22:00:00,183.143,184.210,182.574,182.984
2015-12-15 22:00:00,182.873,183.727,182.413,183.312
2015-12-16 22:00:00,183.259,183.661,182.360,182.583
2015-12-17 22:00:00,182.542,183.920,180.313,180.313
2015-12-20 22:00:00,180.492,181.210,179.930,180.327
2015-12-21 22:00:00,180.268,180.604,179.018,179.488
2015-12-22 22:00:00,179.443,180.148,179.298,179.776
2015-12-23 22:00:00,179.609,179.951,178.948,179.750
2015-12-27 22:00:00,179.065,180.036,178.959,179.092
2015-12-28 22:00:00,179.106,179.531,178.110,178.431
2015-12-29 22:00:00,178.427,179.025,178.235,178.497
2015-12-30 22:00:00,178.501,178.697,177.083,177.099
2016-01-03 22:00:00,177.072,177.356,174.929,175.789
2016-01-04 22:00:00,175.689,176.151,174.073,174.673
2016-01-05 22:00:00,174.659,174.914,173.086,173.307
2016-01-06 22:00:00,173.275,173.755,170.739,171.956
2016-01-07 22:00:00,171.921,173.359,170.155,170.157
2016-01-10 22:00:00,170.108,172.268,169.352,171.232
2016-01-11 22:00:00,171.184,171.684,169.155,169.936
2016-01-12 22:00:00,169.852,171.278,169.488,169.492
2016-01-13 22:00:00,169.529,170.503,168.815,170.107
2016-01-14 22:00:00,170.085,170.561,166.230,166.715
2016-01-17 22:00:00,166.293,168.141,166.293,167.077
2016-01-18 22:00:00,167.083,169.090,166.321,166.516
2016-01-19 22:00:00,166.457,166.811,163.963,165.916
2016-01-20 22:00:00,165.924,167.699,164.441,167.348
2016-01-21 22:00:00,167.323,170.346,167.064,169.349
2016-01-24 22:00:00,169.231,169.997,168.294,168.522
2016-01-25 22:00:00,168.544,170.253,166.964,169.905
2016-01-26 22:00:00,169.906,170.044,168.554,168.901
2016-01-27 22:00:00,168.849,171.142,168.661,170.585
2016-01-28 22:00:00,170.525,174.163,170.075,172.472
2016-01-31 22:00:00,172.756,175.004,172.407,174.592
2016-02-01 22:00:00,174.573,174.660,172.737,172.823
2016-02-02 22:00:00,172.794,173.737,171.031,172.139
2016-02-03 22:00:00,172.139,172.456,170.016,170.324
2016-02-04 22:00:00,170.344,170.516,168.971,169.340
2016-02-07 22:00:00,169.120,170.621,165.955,167.151
2016-02-08 22:00:00,167.134,167.195,164.536,166.569
2016-02-09 22:00:00,166.523,167.623,164.405,164.542
2016-02-10 22:00:00,164.535,165.046,159.779,162.722
2016-02-11 22:00:00,162.722,164.767,161.653,163.985
2016-02-14 22:00:00,164.232,165.744,164.113,165.332
2016-02-15 22:00:00,165.304,166.073,162.424,163.108
2016-02-16 22:00:00,163.058,163.873,161.549,163.010
2016-02-17 22:00:00,163.000,163.953,162.028,162.288
2016-02-18 22:00:00,162.287,162.490,160.716,162.083
2016-02-21 22:00:00,160.478,161.546,159.121,159.755
2016-02-22 22:00:00,159.627,159.906,156.950,157.137
2016-02-23 22:00:00,157.154,157.295,154.702,156.182
2016-02-24 22:00:00,156.187,157.891,155.768,157.729
2016-02-25 22:00:00,157.719,158.542,157.188,157.998
2016-02-28 22:00:00,157.910,157.968,156.187,156.768
2016-02-29 22:00:00,156.765,159.508,156.135,159.006
2016-03-01 22:00:00,158.995,160.556,158.723,159.745
2016-03-02 22:00:00,159.719,161.280,159.617,161.135
2016-03-03 22:00:00,161.160,162.426,160.417,161.863
2016-03-06 22:00:00,161.906,162.217,160.363,161.801
2016-03-07 22:00:00,161.765,161.851,159.582,160.083
2016-03-08 22:00:00,160.053,161.340,159.464,161.060
2016-03-09 22:00:00,161.098,162.873,160.708,161.650
2016-03-10 22:00:00,161.547,164.082,161.041,163.569
2016-03-13 22:00:00,163.719,163.966,162.578,162.707
2016-03-14 22:00:00,162.719,162.926,159.533,160.161
2016-03-15 22:00:00,160.164,160.901,159.616,160.564
2016-03-16 22:00:00,160.562,161.565,158.998,161.242
2016-03-17 22:00:00,161.284,161.769,160.341,161.445
2016-03-20 22:00:00,161.254,161.342,160.122,160.855
2016-03-21 22:00:00,160.845,161.480,158.431,159.694
2016-03-22 22:00:00,159.689,160.002,158.479,158.639
2016-03-23 22:00:00,158.637,159.840,158.434,159.652
2016-03-24 22:00:00,159.651,160.195,159.312,159.529
2016-03-27 21:00:00,159.868,161.713,159.726,161.651
2016-03-28 21:00:00,161.687,162.487,161.325,162.075
2016-03-29 21:00:00,161.985,162.564,161.332,161.660
2016-03-30 21:00:00,161.585,162.014,160.875,161.646
2016-03-31 21:00:00,161.617,161.716,158.692,158.717
2016-04-03 21:00:00,158.628,159.572,158.152,158.769
2016-04-04 21:00:00,158.718,158.836,155.711,156.209
2016-04-05 21:00:00,156.167,156.640,154.518,155.014
2016-04-06 21:00:00,155.014,155.325,151.639,152.044
2016-04-07 21:00:00,152.052,154.223,151.909,152.576
2016-04-10 21:00:00,152.365,154.453,151.950,153.689
2016-04-11 21:00:00,153.655,155.506,153.482,154.898
2016-04-12 21:00:00,154.904,155.745,154.666,155.275
2016-04-13 21:00:00,155.265,155.356,153.878,154.803
2016-04-14 21:00:00,154.807,155.297,154.069,154.368
2016-04-17 21:00:00,153.536,155.697,152.502,155.325
2016-04-18 21:00:00,155.258,157.699,155.235,157.199
2016-04-19 21:00:00,157.100,157.863,156.180,157.402
2016-04-20 21:00:00,157.396,158.363,156.597,156.753
2016-04-21 21:00:00,156.744,161.238,156.504,160.544
2016-04-24 21:00:00,161.717,161.815,160.002,161.001
2016-04-25 21:00:00,160.997,162.689,160.440,162.266
2016-04-26 21:00:00,162.231,162.797,161.582,161.996
2016-04-27 21:00:00,161.982,162.566,157.059,157.886
2016-04-28 21:00:00,157.853,158.041,155.236,155.302
2016-05-01 21:00:00,154.900,156.644,154.900,156.097
2016-05-02 21:00:00,156.128,156.156,154.411,154.933
2016-05-03 21:00:00,154.876,156.163,154.399,155.068
2016-05-04 21:00:00,155.082,155.847,154.852,155.339
2016-05-05 21:00:00,155.308,155.610,153.617,154.464
2016-05-08 21:00:00,154.333,156.423,154.292,156.036
2016-05-09 21:00:00,156.042,157.909,156.013,157.791
2016-05-10 21:00:00,157.787,157.990,156.390,156.589
2016-05-11 21:00:00,156.570,158.476,156.239,157.485
2016-05-12 21:00:00,157.405,157.624,155.650,155.660
2016-05-15 21:00:00,155.796,157.073,155.656,156.996
2016-05-16 21:00:00,156.960,158.963,156.927,157.806
2016-05-17 21:00:00,157.794,160.866,157.005,160.834
2016-05-18 21:00:00,160.801,161.622,160.115,160.632
2016-05-19 21:00:00,160.538,161.050,159.507,159.580
2016-05-22 21:00:00,159.592,159.809,158.031,158.175
2016-05-23 21:00:00,158.159,161.037,158.079,160.933
2016-05-24 21:00:00,160.944,162.511,160.419,161.947
2016-05-25 21:00:00,161.800,162.160,160.704,160.989
2016-05-26 21:00:00,160.989,161.405,160.143,161.151
2016-05-29 21:00:00,161.288,162.882,161.193,162.651
2016-05-30 21:00:00,162.657,163.877,159.831,160.314
2016-05-31 21:00:00,160.308,160.648,157.205,157.866
2016-06-01 21:00:00,157.893,157.946,156.565,157.003
2016-06-02 21:00:00,156.926,157.260,154.556,154.609
2016-06-05 21:00:00,154.192,155.633,152.934,155.283
2016-06-06 21:00:00,155.245,157.944,154.978,156.090
2016-06-07 21:00:00,156.010,156.243,154.936,155.147
2016-06-08 21:00:00,155.146,155.312,153.638,154.737
2016-06-09 21:00:00,154.776,155.014,151.483,152.431
2016-06-12 21:00:00,152.270,152.371,149.450,151.529
2016-06-13 21:00:00,151.363,151.505,149.173,149.704
2016-06-14 21:00:00,149.661,151.165,149.304,150.545
2016-06-15 21:00:00,150.519,150.625,145.374,148.041
2016-06-16 21:00:00,148.035,149.902,147.972,149.155
2016-06-19 21:00:00,151.431,153.625,150.879,152.550
2016-06-20 21:00:00,152.494,154.377,151.886,153.465
2016-06-21 21:00:00,153.329,154.559,152.834,153.496
2016-06-22 21:00:00,153.497,158.194,153.310,157.576
2016-06-23 21:00:00,157.575,160.086,133.229,139.590
2016-06-26 21:00:00,136.274,137.822,133.312,134.879
2016-06-27 21:00:00,134.716,137.433,134.266,137.033
2016-06-28 21:00:00,136.972,139.002,135.851,138.020
2016-06-29 21:00:00,138.082,138.834,135.882,137.309
2016-06-30 21:00:00,137.228,137.656,135.754,135.929
2016-07-03 21:00:00,135.921,136.793,135.842,136.198
2016-07-04 21:00:00,136.155,136.252,132.009,132.455
2016-07-05 21:00:00,132.436,132.499,128.756,130.961
2016-07-06 21:00:00,130.895,131.933,129.561,130.010
2016-07-07 21:00:00,130.000,130.881,129.627,129.740
2016-07-10 21:00:00,130.244,133.738,130.102,133.573
2016-07-11 21:00:00,133.103,139.460,132.975,138.611
2016-07-12 21:00:00,138.593,139.499,136.894,137.369
2016-07-13 21:00:00,137.290,142.096,136.368,140.508
2016-07-14 21:00:00,140.518,143.220,137.793,138.148
2016-07-17 21:00:00,138.985,141.284,138.307,140.677
2016-07-18 21:00:00,140.650,141.064,138.466,139.064
2016-07-19 21:00:00,139.094,141.474,138.320,141.149
2016-07-20 21:00:00,141.098,142.381,139.066,139.996
2016-07-21 21:00:00,139.929,141.074,138.418,139.013
2016-07-24 21:00:00,139.456,140.119,138.745,139.005
2016-07-25 21:00:00,138.964,139.096,135.958,137.358
2016-07-26 21:00:00,137.301,139.900,137.144,139.354
2016-07-27 21:00:00,139.274,139.445,137.458,138.532
2016-07-28 21:00:00,138.566,139.223,134.850,134.921
2016-07-31 21:00:00,135.141,136.241,134.493,134.917
2016-08-01 21:00:00,134.869,135.555,133.886,134.716
2016-08-02 21:00:00,134.620,135.427,134.157,134.869
2016-08-03 21:00:00,134.870,135.235,132.536,132.598
2016-08-04 21:00:00,132.631,133.226,132.220,132.999
2016-08-07 21:00:00,133.256,134.006,133.089,133.596
2016-08-08 21:00:00,133.562,133.666,132.079,132.419
2016-08-09 21:00:00,132.440,132.811,131.543,131.701
2016-08-10 21:00:00,131.691,132.239,130.992,132.046
2016-08-11 21:00:00,132.062,132.515,130.348,130.804
2016-08-14 21:00:00,130.658,131.199,129.959,130.411
2016-08-15 21:00:00,130.403,130.874,129.054,130.837
2016-08-16 21:00:00,130.776,131.793,130.266,130.739
2016-08-17 21:00:00,130.704,132.243,129.994,131.484
2016-08-18 21:00:00,131.490,132.006,130.328,131.012
2016-08-21 21:00:00,131.474,132.142,131.116,131.774
2016-08-22 21:00:00,131.762,132.306,131.431,132.277
2016-08-23 21:00:00,132.240,133.287,131.958,132.895
2016-08-24 21:00:00,132.894,133.269,132.337,132.569
2016-08-25 21:00:00,132.551,133.860,132.323,133.588
2016-08-28 21:00:00,133.884,134.377,133.408,133.529
2016-08-29 21:00:00,133.506,134.857,133.319,134.663
2016-08-30 21:00:00,134.582,135.885,134.565,135.847
2016-08-31 21:00:00,135.853,138.013,135.386,136.947
2016-09-01 21:00:00,136.820,138.815,136.632,137.739
2016-09-04 21:00:00,138.352,138.449,137.312,137.504
2016-09-05 21:00:00,137.533,138.304,136.850,137.114
2016-09-06 21:00:00,136.953,137.102,135.379,135.693
2016-09-07 21:00:00,135.695,136.418,134.999,136.234
2016-09-08 21:00:00,136.055,137.119,135.720,135.881
2016-09-11 21:00:00,136.005,136.216,135.066,135.778
2016-09-12 21:00:00,135.758,136.062,134.458,135.278
2016-09-13 21:00:00,135.251,136.610,134.896,135.538
2016-09-14 21:00:00,135.456,136.116,134.557,135.124
2016-09-15 21:00:00,135.070,135.233,132.880,132.880
2016-09-18 21:00:00,132.770,133.461,132.421,132.770
2016-09-19 21:00:00,132.789,133.087,131.633,132.076
2016-09-20 21:00:00,132.075,133.242,130.396,130.728
2016-09-21 21:00:00,130.669,132.253,130.529,131.717
2016-09-22 21:00:00,131.594,132.274,130.440,130.583
2016-09-25 21:00:00,130.864,131.218,129.678,130.133
2016-09-26 21:00:00,130.144,131.199,129.613,130.738
2016-09-27 21:00:00,130.734,131.267,130.458,131.033
2016-09-28 21:00:00,131.013,132.419,130.663,130.965
2016-09-29 21:00:00,130.921,131.938,130.409,131.438
2016-10-02 21:00:00,130.701,131.489,130.059,130.493
2016-10-03 21:00:00,130.463,131.340,130.289,130.968
2016-10-04 21:00:00,130.885,132.217,130.483,131.908
2016-10-05 21:00:00,131.896,132.057,131.065,131.121
2016-10-06 21:00:00,131.119,131.220,116.082,127.874
2016-10-09 21:00:00,127.935,128.592,127.461,128.064
2016-10-10 21:00:00,128.023,128.354,124.811,125.478
2016-10-11 21:00:00,125.451,127.686,125.276,127.191
2016-10-12 21:00:00,127.016,127.456,125.902,127.044
2016-10-13 21:00:00,127.019,127.914,126.509,126.509
2016-10-16 21:00:00,126.754,127.047,126.239,126.528
2016-10-17 21:00:00,126.520,128.153,126.363,127.708
2016-10-18 21:00:00,127.684,127.872,126.587,127.085
2016-10-19 21:00:00,127.020,127.569,126.569,127.345
2016-10-20 21:00:00,127.336,127.667,126.106,126.807
2016-10-23 21:00:00,126.880,127.555,126.600,127.469
2016-10-24 21:00:00,127.459,127.929,126.585,127.003
2016-10-25 21:00:00,126.960,127.970,126.610,127.914
2016-10-26 21:00:00,127.914,128.405,127.402,128.014
2016-10-27 21:00:00,127.994,128.265,127.227,127.274
2016-10-30 22:00:00,127.418,128.479,127.418,128.206
2016-10-31 22:00:00,128.210,129.014,127.113,127.400
2016-11-01 22:00:00,127.400,127.486,126.705,127.106
2016-11-02 22:00:00,127.100,128.899,126.467,128.318
2016-11-03 22:00:00,128.318,129.439,128.244,128.720
2016-11-06 22:00:00,129.389,130.220,129.218,129.494
2016-11-07 22:00:00,129.425,130.340,129.253,130.209
2016-11-08 22:00:00,130.125,131.701,126.681,131.068
2016-11-09 22:00:00,131.071,134.312,130.270,134.037
2016-11-10 22:00:00,134.044,134.902,133.414,133.966
2016-11-13 22:00:00,134.256,135.611,134.070,135.355
2016-11-14 22:00:00,135.364,136.546,134.169,135.965
2016-11-15 22:00:00,135.955,136.746,135.617,135.678
2016-11-16 22:00:00,135.699,136.879,134.984,136.651
2016-11-17 22:00:00,136.625,137.568,135.391,136.513
2016-11-20 22:00:00,138.144,138.848,136.267,138.361
2016-11-21 22:00:00,138.306,138.827,137.612,138.043
2016-11-22 22:00:00,138.035,140.332,137.256,139.873
2016-11-23 22:00:00,139.824,141.286,139.614,141.063
2016-11-24 22:00:00,141.047,141.726,139.946,140.983
2016-11-27 22:00:00,140.484,140.911,138.841,138.951
2016-11-28 22:00:00,138.834,141.357,138.494,140.357
2016-11-29 22:00:00,140.365,143.241,139.957,143.101
2016-11-30 22:00:00,143.074,145.178,142.627,143.587
2016-12-01 22:00:00,143.606,144.652,142.895,144.199
2016-12-04 22:00:00,143.280,146.019,142.499,144.904
2016-12-05 22:00:00,144.901,145.611,144.144,144.476
2016-12-06 22:00:00,144.424,144.782,142.978,143.605
2016-12-07 22:00:00,143.578,144.454,143.070,143.478
2016-12-08 22:00:00,143.404,145.105,143.272,144.699
2016-12-11 22:00:00,145.106,146.362,144.898,145.757
2016-12-12 22:00:00,145.751,146.691,145.478,145.777
2016-12-13 22:00:00,145.781,147.274,145.180,147.017
2016-12-14 22:00:00,147.010,148.445,146.333,146.719
2016-12-15 22:00:00,146.707,147.305,146.244,146.878
2016-12-18 22:00:00,147.155,147.249,144.512,145.091
2016-12-19 22:00:00,145.126,146.340,144.905,145.737
2016-12-20 22:00:00,145.700,145.853,144.873,145.179
2016-12-21 22:00:00,145.194,145.568,144.294,144.298
2016-12-22 22:00:00,144.294,144.482,143.484,143.747
2016-12-25 22:00:00,143.740,143.961,143.277,143.755
2016-12-26 22:00:00,143.666,144.246,143.529,144.038
2016-12-27 22:00:00,143.996,144.683,142.992,143.325
2016-12-28 22:00:00,143.258,143.339,142.153,142.878
2016-12-29 22:00:00,142.779,144.601,142.671,144.348
2017-01-01 22:00:00,143.878,144.948,143.830,144.222
2017-01-02 22:00:00,144.219,145.383,143.513,144.079
2017-01-03 22:00:00,144.020,144.936,143.673,144.415
2017-01-04 22:00:00,144.335,144.636,142.478,143.166
2017-01-05 22:00:00,143.122,144.033,142.963,143.643
2017-01-08 22:00:00,143.344,143.841,141.040,141.081
2017-01-09 22:00:00,141.034,141.432,140.164,140.933
2017-01-10 22:00:00,140.911,141.458,139.929,140.918
2017-01-11 22:00:00,140.801,140.975,138.907,139.458
2017-01-12 22:00:00,139.405,140.560,139.079,139.080
2017-01-15 22:00:00,137.132,138.137,136.446,137.483
2017-01-16 22:00:00,137.505,140.124,137.044,139.777
2017-01-17 22:00:00,139.696,140.660,139.122,140.500
2017-01-18 22:00:00,140.498,142.162,140.345,141.721
2017-01-19 22:00:00,141.732,142.058,141.158,141.449
2017-01-22 22:00:00,141.506,142.068,140.746,141.214
2017-01-23 22:00:00,141.203,142.501,140.756,142.441
2017-01-24 22:00:00,142.417,143.696,141.812,143.063
2017-01-25 22:00:00,143.043,144.512,142.871,144.186
2017-01-26 22:00:00,144.216,144.773,143.980,144.338
2017-01-29 22:00:00,144.254,144.596,141.657,142.008
2017-01-30 22:00:00,141.917,142.449,140.430,141.834
2017-01-31 22:00:00,141.806,144.113,141.633,143.280
2017-02-01 22:00:00,143.274,143.512,140.748,141.240
2017-02-02 22:00:00,141.226,141.965,140.184,140.184
2017-02-05 22:00:00,140.365,140.745,139.201,139.243
2017-02-06 22:00:00,139.239,140.589,138.525,140.528
2017-02-07 22:00:00,140.538,140.665,139.788,140.346
2017-02-08 22:00:00,140.338,141.796,140.019,141.484
2017-02-09 22:00:00,141.457,142.357,140.924,140.993
2017-02-12 22:00:00,141.591,142.601,141.375,142.412
2017-02-13 22:00:00,142.404,142.704,141.003,142.383
2017-02-14 22:00:00,142.452,142.797,141.828,142.199
2017-02-15 22:00:00,142.156,142.449,141.235,141.379
2017-02-16 22:00:00,141.329,141.934,139.615,139.681
2017-02-19 22:00:00,139.990,141.247,139.990,140.866
2017-02-20 22:00:00,140.882,141.851,140.842,141.771
2017-02-21 22:00:00,141.711,142.021,140.462,141.062
2017-02-22 22:00:00,141.026,141.535,140.673,141.373
2017-02-23 22:00:00,141.300,141.756,139.304,139.357
2017-02-26 22:00:00,139.813,140.360,138.993,140.168
2017-02-27 22:00:00,140.176,140.309,138.814,139.586
2017-02-28 22:00:00,139.516,140.724,139.483,139.762
2017-03-01 22:00:00,139.774,140.738,139.703,140.366
2017-03-02 22:00:00,140.303,140.487,139.590,139.834
2017-03-05 22:00:00,139.913,140.310,139.266,139.336
2017-03-06 22:00:00,139.336,139.621,138.715,139.015
2017-03-07 22:00:00,138.948,139.650,138.427,139.108
2017-03-08 22:00:00,139.103,140.020,139.041,139.804
2017-03-09 22:00:00,139.814,140.527,139.351,139.457
2017-03-12 22:00:00,139.644,140.482,139.491,140.302
2017-03-13 22:00:00,140.302,140.405,139.141,139.444
2017-03-14 22:00:00,139.443,140.603,139.104,139.403
2017-03-15 22:00:00,139.405,140.173,138.544,140.017
2017-03-16 22:00:00,140.012,140.454,139.144,139.628
2017-03-19 22:00:00,139.534,140.128,138.883,139.012
2017-03-20 22:00:00,139.015,140.397,138.903,139.395
2017-03-21 22:00:00,139.394,139.479,137.745,138.831
2017-03-22 22:00:00,138.831,139.314,138.284,138.889
2017-03-23 22:00:00,138.891,139.148,138.290,138.616
2017-03-26 21:00:00,138.429,139.095,138.028,138.939
2017-03-27 21:00:00,138.917,139.385,138.032,138.385
2017-03-28 21:00:00,138.290,138.490,137.506,138.039
2017-03-29 21:00:00,138.041,139.590,137.732,139.504
2017-03-30 21:00:00,139.488,140.075,138.965,139.508
2017-04-02 21:00:00,139.655,139.889,138.291,138.433
2017-04-03 21:00:00,138.421,138.476,137.073,137.718
2017-04-04 21:00:00,137.706,139.027,137.444,138.169
2017-04-05 21:00:00,138.160,138.704,137.706,138.137
2017-04-06 21:00:00,138.095,138.326,136.938,137.201
2017-04-09 21:00:00,137.458,138.249,137.358,137.685
2017-04-10 21:00:00,137.632,137.717,136.831,136.874
2017-04-11 21:00:00,136.855,137.328,136.509,136.676
2017-04-12 21:00:00,136.602,137.101,136.321,136.366
2017-04-13 21:00:00,136.392,136.616,135.884,135.889
2017-04-16 21:00:00,136.205,136.965,135.585,136.805
2017-04-17 21:00:00,136.747,140.016,136.132,139.184
2017-04-18 21:00:00,139.166,140.176,138.917,139.047
2017-04-19 21:00:00,139.045,140.328,138.983,140.050
2017-04-20 21:00:00,140.049,140.136,139.178,139.526
2017-04-23 21:00:00,141.767,141.810,140.179,140.412
2017-04-24 21:00:00,140.404,142.641,140.041,142.587
2017-04-25 21:00:00,142.536,143.496,142.318,142.669
2017-04-26 21:00:00,142.652,143.877,142.561,143.526
2017-04-27 21:00:00,143.526,144.478,143.286,144.354
2017-04-30 21:00:00,143.851,144.608,143.790,144.114
2017-05-01 21:00:00,144.094,145.107,144.010,144.926
2017-05-02 21:00:00,144.819,145.343,144.499,145.067
2017-05-03 21:00:00,145.010,145.714,144.642,145.287
2017-05-04 21:00:00,145.276,146.427,144.795,146.085
2017-05-07 21:00:00,146.644,146.658,145.646,146.512
2017-05-08 21:00:00,146.509,147.865,146.430,147.360
2017-05-09 21:00:00,147.353,148.092,147.107,147.839
2017-05-10 21:00:00,147.839,147.921,146.127,146.705
2017-05-11 21:00:00,146.705,146.782,145.789,145.958
2017-05-14 21:00:00,145.755,146.986,145.755,146.680
2017-05-15 21:00:00,146.683,147.102,145.807,146.055
2017-05-16 21:00:00,146.049,146.103,143.620,143.716
2017-05-17 21:00:00,143.716,144.817,143.339,144.192
2017-05-18 21:00:00,144.204,145.370,143.811,144.933
2017-05-21 21:00:00,144.297,145.072,144.115,144.679
2017-05-22 21:00:00,144.660,145.132,143.754,144.858
2017-05-23 21:00:00,144.832,145.401,144.493,144.620
2017-05-24 21:00:00,144.620,145.428,144.521,144.735
2017-05-25 21:00:00,144.728,144.740,142.114,142.250
2017-05-28 21:00:00,142.300,143.069,142.300,142.791
2017-05-29 21:00:00,142.794,143.082,141.810,142.524
2017-05-30 21:00:00,142.524,142.899,141.471,142.753
2017-05-31 21:00:00,142.754,143.690,142.500,143.391
2017-06-01 21:00:00,143.393,143.942,142.007,142.318
2017-06-04 21:00:00,141.876,143.088,141.868,142.538
2017-06-05 21:00:00,142.413,142.640,140.701,141.248
2017-06-06 21:00:00,141.167,142.367,140.729,142.303
2017-06-07 21:00:00,142.303,142.751,141.731,142.488
2017-06-08 21:00:00,140.174,141.139,139.494,140.433
2017-06-11 21:00:00,140.199,140.786,138.657,139.147
2017-06-12 21:00:00,139.030,140.386,139.010,140.338
2017-06-13 21:00:00,140.284,140.888,139.095,139.693
2017-06-14 21:00:00,139.685,141.574,139.180,141.495
2017-06-15 21:00:00,141.462,142.323,141.341,141.502
2017-06-18 21:00:00,141.477,142.325,141.307,142.033
2017-06-19 21:00:00,142.021,142.531,140.571,140.695
2017-06-20 21:00:00,140.721,141.743,139.837,141.100
2017-06-21 21:00:00,141.100,141.222,140.455,141.152
2017-06-22 21:00:00,141.145,141.875,141.001,141.333
2017-06-25 21:00:00,141.527,142.355,141.473,142.294
2017-06-26 21:00:00,142.232,144.202,141.952,143.936
2017-06-27 21:00:00,143.913,145.509,143.254,145.157
2017-06-28 21:00:00,145.126,146.520,145.085,145.838
2017-06-29 21:00:00,145.791,146.535,145.123,146.271
2017-07-02 21:00:00,145.769,146.920,145.769,146.766
2017-07-03 21:00:00,146.619,146.847,145.970,146.318
2017-07-04 21:00:00,146.218,146.787,145.998,146.440
2017-07-05 21:00:00,146.465,147.257,146.038,146.807
2017-07-06 21:00:00,146.707,147.599,146.381,146.640
2017-07-09 21:00:00,146.648,147.439,146.648,146.850
2017-07-10 21:00:00,146.821,147.760,146.160,146.352
2017-07-11 21:00:00,146.248,146.405,145.255,145.742
2017-07-12 21:00:00,145.742,146.857,145.536,146.574
2017-07-13 21:00:00,146.506,147.559,145.998,147.286
2017-07-16 21:00:00,147.316,147.595,146.745,147.021
2017-07-17 21:00:00,146.954,147.314,145.384,146.081
2017-07-18 21:00:00,146.124,146.314,145.245,145.671
2017-07-19 21:00:00,145.688,146.259,144.682,145.114
2017-07-20 21:00:00,145.114,145.314,144.043,144.339
2017-07-23 21:00:00,144.251,145.000,144.013,144.743
2017-07-24 21:00:00,144.723,145.878,144.451,145.819
2017-07-25 21:00:00,145.819,146.398,145.481,145.717
2017-07-26 21:00:00,145.717,146.545,145.114,145.384
2017-07-27 21:00:00,145.384,145.759,144.995,145.282
2017-07-30 21:00:00,145.226,145.823,144.804,145.644
2017-07-31 21:00:00,145.643,146.150,145.392,145.746
2017-08-01 21:00:00,145.599,146.741,145.599,146.431
2017-08-02 21:00:00,146.379,146.786,144.378,144.503
2017-08-03 21:00:00,144.505,145.259,144.214,144.248
2017-08-06 21:00:00,144.282,144.702,144.172,144.325
2017-08-07 21:00:00,144.319,144.448,143.170,143.321
2017-08-08 21:00:00,143.315,143.367,142.258,143.111
2017-08-09 21:00:00,143.111,143.324,141.630,141.725
2017-08-10 21:00:00,141.661,142.061,141.238,141.998
2017-08-13 21:00:00,141.708,142.327,141.708,142.188
2017-08-14 21:00:00,142.188,143.178,141.961,142.446
2017-08-15 21:00:00,142.362,143.082,141.711,142.008
2017-08-16 21:00:00,142.014,142.029,140.841,140.989
2017-08-17 21:00:00,140.994,141.089,139.773,140.435
2017-08-20 21:00:00,140.521,140.828,140.092,140.562
2017-08-21 21:00:00,140.511,141.025,140.046,140.453
2017-08-22 21:00:00,140.482,140.779,139.424,139.550
2017-08-23 21:00:00,139.507,140.423,139.282,140.223
2017-08-24 21:00:00,140.195,140.850,140.120,140.763
2017-08-27 21:00:00,140.983,141.400,140.425,141.290
2017-08-28 21:00:00,141.238,141.988,139.993,141.668
2017-08-29 21:00:00,141.598,142.763,141.538,142.520
2017-08-30 21:00:00,142.520,142.892,141.539,142.154
2017-08-31 21:00:00,141.850,142.996,141.850,142.822
2017-09-03 21:00:00,141.908,142.483,141.559,141.763
2017-09-04 21:00:00,141.763,141.917,141.175,141.717
2017-09-05 21:00:00,141.747,142.669,141.354,142.545
2017-09-06 21:00:00,142.545,142.666,141.471,142.146
2017-09-07 21:00:00,142.146,142.532,141.332,142.217
2017-09-10 21:00:00,142.590,144.152,142.531,144.145
2017-09-11 21:00:00,143.971,146.540,143.885,146.302
2017-09-12 21:00:00,146.302,146.659,145.645,145.900
2017-09-13 21:00:00,145.900,148.344,145.162,147.649
2017-09-14 21:00:00,147.635,151.544,146.608,150.607
2017-09-17 21:00:00,150.540,151.514,150.142,150.540
2017-09-18 21:00:00,150.540,151.590,150.130,150.666
2017-09-19 21:00:00,150.666,152.168,150.424,151.402
2017-09-20 21:00:00,151.402,152.854,151.369,152.663
2017-09-21 21:00:00,152.663,152.760,150.658,151.062
2017-09-24 21:00:00,151.322,152.268,149.746,150.408
2017-09-25 21:00:00,150.406,151.071,149.986,151.012
2017-09-26 21:00:00,151.007,151.602,150.527,150.985
2017-09-27 21:00:00,150.989,151.578,150.467,150.949
2017-09-28 21:00:00,150.949,151.278,150.196,150.571
2017-10-01 21:00:00,150.406,150.961,149.276,149.632
2017-10-02 21:00:00,149.632,150.239,149.292,149.365
2017-10-03 21:00:00,149.365,149.905,149.033,149.375
2017-10-04 21:00:00,149.375,149.459,147.681,147.981
2017-10-05 21:00:00,147.981,148.026,147.038,147.062
2017-10-08 21:00:00,147.272,148.550,146.934,148.040
2017-10-09 21:00:00,148.040,148.519,147.734,148.443
2017-10-10 21:00:00,148.443,148.848,147.843,148.711
2017-10-11 21:00:00,148.711,149.156,147.288,148.849
2017-10-12 21:00:00,148.847,149.263,148.305,148.305
2017-10-15 21:00:00,148.555,148.963,148.162,148.636
2017-10-16 21:00:00,148.636,149.058,147.773,147.960
2017-10-17 21:00:00,147.960,149.121,147.883,149.118
2017-10-18 21:00:00,149.118,149.435,147.888,148.034
2017-10-19 21:00:00,148.034,149.824,147.983,149.667
2017-10-22 21:00:00,150.131,150.488,149.472,149.690
2017-10-23 21:00:00,149.690,150.088,149.129,149.508
2017-10-24 21:00:00,149.508,151.393,149.281,150.756
2017-10-25 21:00:00,150.756,150.897,149.761,149.972
2017-10-26 21:00:00,149.980,150.035,148.879,149.207
2017-10-29 22:00:00,149.162,150.013,149.087,149.459
2017-10-30 22:00:00,149.456,151.067,149.190,150.932
2017-10-31 22:00:00,150.911,151.934,150.871,151.200
2017-11-01 22:00:00,151.200,151.514,148.663,148.943
2017-11-02 22:00:00,148.943,149.535,148.705,149.109
2017-11-05 22:00:00,148.978,149.899,148.975,149.725
2017-11-06 22:00:00,149.725,150.322,149.653,150.057
2017-11-07 22:00:00,150.057,150.110,148.538,149.302
2017-11-08 22:00:00,149.302,149.694,148.438,149.132
2017-11-09 22:00:00,149.132,149.998,148.835,149.712
2017-11-12 22:00:00,149.407,149.673,148.056,149.000
2017-11-13 22:00:00,149.000,149.567,148.617,149.348
2017-11-14 22:00:00,149.348,149.359,148.097,148.626
2017-11-15 22:00:00,148.626,149.457,148.506,149.142
2017-11-16 22:00:00,149.142,149.318,147.930,148.126
2017-11-19 22:00:00,148.169,149.230,147.630,149.034
2017-11-20 22:00:00,149.034,149.368,148.614,148.814
2017-11-21 22:00:00,148.814,148.966,148.013,148.156
2017-11-22 22:00:00,148.156,148.477,147.809,147.969
2017-11-23 22:00:00,147.970,148.983,147.889,148.575
2017-11-26 22:00:00,148.535,148.865,147.834,147.911
2017-11-27 22:00:00,147.911,149.281,146.971,148.652
2017-11-28 22:00:00,148.627,150.437,148.582,150.048
2017-11-29 22:00:00,150.048,152.406,149.978,152.178
2017-11-30 22:00:00,152.178,152.482,150.573,150.989
2017-12-03 22:00:00,151.470,152.946,151.236,151.491
2017-12-04 22:00:00,151.491,151.814,150.527,151.309
2017-12-05 22:00:00,151.365,151.382,149.758,150.316
2017-12-06 22:00:00,150.316,152.460,150.138,152.336
2017-12-07 22:00:00,152.336,153.407,151.632,151.978
2017-12-10 22:00:00,151.896,152.342,151.234,151.445
2017-12-11 22:00:00,151.436,151.758,151.027,151.205
2017-12-12 22:00:00,151.205,151.510,150.461,151.011
2017-12-13 22:00:00,151.011,151.892,150.367,150.889
2017-12-14 22:00:00,150.889,151.019,149.412,149.962
2017-12-17 22:00:00,149.992,151.025,149.616,150.607
2017-12-18 22:00:00,150.599,151.270,150.366,151.091
2017-12-19 22:00:00,151.091,152.015,151.059,151.643
2017-12-20 22:00:00,151.643,151.918,151.262,151.671
2017-12-21 22:00:00,151.671,151.852,151.184,151.366
2017-12-25 22:00:00,151.476,151.558,151.185,151.428
2017-12-26 22:00:00,151.428,152.088,151.331,151.798
2017-12-27 22:00:00,151.798,151.982,151.487,151.597
2017-12-28 22:00:00,151.597,152.511,151.528,152.171
2018-01-01 22:00:00,152.100,152.735,151.865,152.570
2018-01-02 22:00:00,152.570,152.825,151.748,152.027
2018-01-03 22:00:00,152.026,152.977,151.961,152.752
2018-01-04 22:00:00,152.752,153.637,152.705,153.416
2018-01-07 22:00:00,153.389,153.669,152.869,153.406
2018-01-08 22:00:00,153.406,153.573,151.945,152.508
2018-01-09 22:00:00,152.504,152.599,150.359,150.490
2018-01-10 22:00:00,150.490,151.005,150.191,150.541
2018-01-11 22:00:00,150.541,152.675,150.507,152.451
2018-01-14 22:00:00,152.494,152.807,151.931,152.374
2018-01-15 22:00:00,152.374,153.099,152.046,152.291
2018-01-16 22:00:00,152.292,154.286,152.142,153.884
2018-01-17 22:00:00,153.855,154.579,153.619,154.314
2018-01-18 22:00:00,154.300,154.424,153.109,153.541
2018-01-21 22:00:00,153.462,155.250,153.408,155.124
2018-01-22 22:00:00,155.124,155.403,153.729,154.393
2018-01-23 22:00:00,154.393,155.705,154.126,155.456
2018-01-24 22:00:00,155.458,156.084,154.424,154.597
2018-01-25 22:00:00,154.597,155.854,153.425,153.766
2018-01-28 22:00:00,153.655,154.021,152.823,153.333
2018-01-29 22:00:00,153.333,154.084,151.966,153.866
2018-01-30 22:00:00,153.866,155.344,153.561,154.918
2018-01-31 22:00:00,154.918,156.442,154.547,155.977
2018-02-01 22:00:00,155.977,156.608,155.418,155.551
2018-02-04 22:00:00,155.387,155.550,152.211,152.212
2018-02-05 22:00:00,152.212,152.907,151.201,152.791
2018-02-06 22:00:00,152.791,153.123,151.325,151.684
2018-02-07 22:00:00,151.685,154.044,150.807,151.284
2018-02-08 22:00:00,151.235,152.753,148.913,150.406
2018-02-11 22:00:00,150.282,150.826,149.660,150.310
2018-02-12 22:00:00,150.310,150.619,148.975,149.761
2018-02-13 22:00:00,149.761,150.027,147.962,149.724
2018-02-14 22:00:00,149.724,150.184,148.924,149.602
2018-02-15 22:00:00,149.602,149.964,148.777,148.977
2018-02-18 22:00:00,148.954,149.469,148.878,149.172
2018-02-19 22:00:00,149.172,150.382,149.065,150.175
2018-02-20 22:00:00,150.175,150.934,149.414,149.964
2018-02-21 22:00:00,149.966,149.981,148.538,148.910
2018-02-22 22:00:00,148.907,149.517,148.641,149.317
2018-02-25 22:00:00,149.912,150.010,148.999,149.300
2018-02-26 22:00:00,149.300,149.812,148.836,149.249
2018-02-27 22:00:00,149.247,149.516,146.721,146.759
2018-02-28 22:00:00,146.759,147.484,146.007,146.324
2018-03-01 22:00:00,146.298,146.446,144.982,145.946
2018-03-04 22:00:00,145.563,147.123,145.080,147.045
2018-03-05 22:00:00,147.045,148.011,146.553,147.329
2018-03-06 22:00:00,147.329,147.569,146.231,147.313
2018-03-07 22:00:00,147.313,147.659,146.369,146.615
2018-03-08 22:00:00,146.615,148.545,146.607,147.921
2018-03-11 22:00:00,147.872,148.211,147.412,148.000
2018-03-12 22:00:00,148.000,149.380,147.764,148.672
2018-03-13 22:00:00,148.672,149.165,147.750,148.462
2018-03-14 22:00:00,148.461,148.502,147.444,148.207
2018-03-15 22:00:00,148.208,148.234,147.247,147.794
2018-03-18 22:00:00,147.720,149.682,147.047,148.698
2018-03-19 22:00:00,148.698,149.792,148.573,149.139
2018-03-20 22:00:00,149.139,150.306,148.951,149.941
2018-03-21 22:00:00,149.941,150.182,148.271,148.484
2018-03-22 22:00:00,148.484,148.971,147.670,147.997
2018-03-25 21:00:00,147.894,150.108,147.879,149.962
2018-03-26 21:00:00,149.939,150.495,148.933,149.101
2018-03-27 21:00:00,148.913,150.593,148.909,150.347
2018-03-28 21:00:00,150.347,150.466,149.023,149.173
2018-03-29 21:00:00,149.173,149.455,148.812,148.968
2018-04-01 21:00:00,148.809,149.672,148.382,148.701
2018-04-02 21:00:00,148.701,149.958,148.493,149.828
2018-04-03 21:00:00,149.835,150.426,148.798,150.305
2018-04-04 21:00:00,150.326,150.685,149.959,150.365
2018-04-05 21:00:00,150.340,151.223,149.881,150.660
2018-04-08 21:00:00,150.621,151.492,150.490,150.816
2018-04-09 21:00:00,150.812,152.136,150.707,151.947
2018-04-10 21:00:00,151.934,152.243,151.276,151.368
2018-04-11 21:00:00,151.324,152.877,151.168,152.635
2018-04-12 21:00:00,152.645,153.851,152.579,152.797
2018-04-15 21:00:00,153.024,153.761,152.651,153.561
2018-04-16 21:00:00,153.552,153.753,152.782,152.838
2018-04-17 21:00:00,152.836,153.628,152.058,152.274
2018-04-18 21:00:00,152.240,152.958,151.085,151.195
2018-04-19 21:00:00,151.209,151.702,150.691,150.736
2018-04-22 21:00:00,150.864,151.640,150.731,151.515
2018-04-23 21:00:00,151.507,152.599,151.406,152.072
2018-04-24 21:00:00,152.040,152.568,152.039,152.398
2018-04-25 21:00:00,152.370,152.729,151.973,152.068
2018-04-26 21:00:00,152.027,152.279,150.225,150.310
2018-04-29 21:00:00,150.171,150.843,149.836,150.404
2018-04-30 21:00:00,150.405,150.633,149.147,149.561
2018-05-01 21:00:00,149.561,150.124,149.006,149.083
2018-05-02 21:00:00,149.075,149.465,147.600,148.200
2018-05-03 21:00:00,148.200,148.294,147.058,147.546
2018-05-06 21:00:00,147.643,148.263,147.341,147.872
2018-05-07 21:00:00,147.872,148.076,147.050,147.836
2018-05-08 21:00:00,147.836,149.195,147.698,148.639
2018-05-09 21:00:00,148.639,149.308,147.479,147.844
2018-05-10 21:00:00,147.846,148.487,147.581,148.113
2018-05-13 21:00:00,147.979,149.068,147.915,148.619
2018-05-14 21:00:00,148.615,149.197,148.376,148.989
2018-05-15 21:00:00,148.895,149.064,148.181,148.862
2018-05-16 21:00:00,148.826,149.834,148.762,149.674
2018-05-17 21:00:00,149.676,150.008,149.090,149.181
2018-05-20 21:00:00,149.232,149.655,148.812,149.029
2018-05-21 21:00:00,149.029,149.726,148.767,148.898
2018-05-22 21:00:00,148.902,149.000,145.944,146.869
2018-05-23 21:00:00,146.841,147.266,145.688,146.140
2018-05-24 21:00:00,146.133,146.724,145.278,145.429
2018-05-27 21:00:00,146.100,146.180,145.319,145.598
2018-05-28 21:00:00,145.578,145.708,143.194,144.001
2018-05-29 21:00:00,144.047,145.056,143.596,144.641
2018-05-30 21:00:00,144.644,145.311,144.123,144.643
2018-05-31 21:00:00,144.605,146.303,144.486,146.176
2018-06-03 21:00:00,145.905,146.898,145.836,146.190
2018-06-04 21:00:00,146.173,147.093,146.030,146.938
2018-06-05 21:00:00,146.854,148.004,146.839,147.758
2018-06-06 21:00:00,147.735,148.115,146.904,147.228
2018-06-07 21:00:00,147.180,147.439,146.091,146.921
2018-06-10 21:00:00,146.509,147.844,146.509,147.149
2018-06-11 21:00:00,147.131,147.986,147.116,147.562
2018-06-12 21:00:00,147.575,147.895,147.209,147.562
2018-06-13 21:00:00,147.506,147.848,146.621,146.653
2018-06-14 21:00:00,146.704,147.067,146.292,146.925
2018-06-17 21:00:00,146.846,146.997,146.100,146.402
2018-06-18 21:00:00,146.383,146.470,144.384,144.955
2018-06-19 21:00:00,144.982,145.620,144.582,145.301
2018-06-20 21:00:00,145.301,146.217,144.590,145.528
2018-06-21 21:00:00,145.542,146.649,145.425,145.882
2018-06-24 21:00:00,145.547,146.181,144.695,145.684
2018-06-25 21:00:00,145.712,145.764,144.970,145.458
2018-06-26 21:00:00,145.444,145.660,144.515,144.546
2018-06-27 21:00:00,144.538,144.678,143.768,144.478
2018-06-28 21:00:00,144.454,146.329,144.341,146.284
2018-07-01 21:00:00,145.704,146.490,145.184,145.725
2018-07-02 21:00:00,145.718,146.385,145.282,145.822
2018-07-03 21:00:00,145.814,146.361,145.560,146.064
2018-07-04 21:00:00,145.854,146.870,145.738,146.263
2018-07-05 21:00:00,146.049,146.795,145.929,146.786
2018-07-08 21:00:00,147.017,147.613,146.091,146.917
2018-07-09 21:00:00,146.900,147.792,146.798,147.274
2018-07-10 21:00:00,147.311,148.114,146.800,147.845
2018-07-11 21:00:00,147.825,148.898,147.772,148.566
2018-07-12 21:00:00,148.487,148.726,147.640,148.694
2018-07-15 21:00:00,148.410,149.312,148.385,148.582
2018-07-16 21:00:00,148.599,149.089,147.560,148.016
2018-07-17 21:00:00,148.001,148.229,146.865,147.442
2018-07-18 21:00:00,147.433,147.599,146.156,146.340
2018-07-19 21:00:00,146.341,146.660,145.972,146.317
2018-07-22 21:00:00,146.122,146.413,145.659,145.824
2018-07-23 21:00:00,145.822,146.313,145.437,146.141
2018-07-24 21:00:00,146.143,146.506,145.750,146.328
2018-07-25 21:00:00,146.312,146.501,145.745,145.773
2018-07-26 21:00:00,145.762,145.806,145.252,145.478
2018-07-29 21:00:00,145.422,145.908,145.246,145.805
2018-07-30 21:00:00,145.787,147.001,145.337,146.773
2018-07-31 21:00:00,146.795,147.134,146.297,146.638
2018-08-01 21:00:00,146.532,146.636,144.983,145.309
2018-08-02 21:00:00,145.311,145.533,144.496,144.670
2018-08-05 21:00:00,144.603,144.719,144.028,144.181
2018-08-06 21:00:00,144.166,144.423,143.791,144.098
2018-08-07 21:00:00,144.090,144.262,142.712,142.930
2018-08-08 21:00:00,142.931,143.476,142.333,142.435
2018-08-09 21:00:00,142.464,142.548,140.919,141.647
2018-08-12 21:00:00,140.715,141.819,140.224,141.310
2018-08-13 21:00:00,141.279,142.458,140.988,141.378
2018-08-14 21:00:00,141.371,141.753,139.881,140.575
2018-08-15 21:00:00,140.532,141.311,140.192,140.924
2018-08-16 21:00:00,140.903,141.151,140.210,140.900
2018-08-19 21:00:00,140.906,141.205,140.702,140.822
2018-08-20 21:00:00,140.788,142.663,140.647,142.250
2018-08-21 21:00:00,142.128,142.783,141.932,142.701
2018-08-22 21:00:00,142.693,142.993,142.408,142.499
2018-08-23 21:00:00,142.517,143.225,142.463,142.900
2018-08-26 21:00:00,142.890,143.268,142.510,143.182
2018-08-27 21:00:00,143.167,143.651,143.031,143.094
2018-08-28 21:00:00,143.094,145.550,142.806,145.452
2018-08-29 21:00:00,145.436,145.668,144.329,144.330
2018-08-30 21:00:00,144.303,144.683,143.478,143.937
2018-09-02 21:00:00,143.380,143.701,142.821,142.959
2018-09-03 21:00:00,142.892,143.364,142.577,143.189
2018-09-04 21:00:00,143.172,144.950,142.637,143.905
2018-09-05 21:00:00,143.854,144.227,142.924,143.150
2018-09-06 21:00:00,143.147,144.420,142.592,143.409
2018-09-09 21:00:00,143.467,145.013,143.056,144.702
2018-09-10 21:00:00,144.698,145.912,144.323,145.442
2018-09-11 21:00:00,145.364,145.637,144.658,145.068
2018-09-12 21:00:00,145.082,146.803,144.998,146.676
2018-09-13 21:00:00,146.672,147.003,146.240,146.419
2018-09-16 21:00:00,146.302,147.448,146.297,147.130
2018-09-17 21:00:00,147.128,147.896,146.764,147.717
2018-09-18 21:00:00,147.718,148.518,147.178,147.548
2018-09-19 21:00:00,147.471,149.271,147.328,149.206
2018-09-20 21:00:00,149.130,149.698,146.974,147.173
2018-09-23 21:00:00,146.990,148.285,146.929,147.931
2018-09-24 21:00:00,147.936,149.008,147.790,148.867
2018-09-25 21:00:00,148.862,149.079,148.263,148.363
2018-09-26 21:00:00,148.363,148.714,147.580,148.200
2018-09-27 21:00:00,148.200,148.627,147.523,148.112
2018-09-30 21:00:00,148.288,149.409,148.153,148.522
2018-10-01 21:00:00,148.541,148.705,147.178,147.471
2018-10-02 21:00:00,147.447,148.570,147.249,148.212
2018-10-03 21:00:00,148.145,148.619,147.687,148.263
2018-10-04 21:00:00,148.266,149.252,148.063,149.121
2018-10-07 21:00:00,149.245,149.493,147.478,148.174
2018-10-08 21:00:00,148.118,148.730,147.332,148.434
2018-10-09 21:00:00,148.429,149.289,148.042,148.074
2018-10-10 21:00:00,148.060,148.764,147.797,148.415
2018-10-11 21:00:00,148.257,148.988,147.145,147.578
2018-10-14 21:00:00,146.717,147.412,146.492,146.970
2018-10-15 21:00:00,146.973,148.389,146.826,147.908
2018-10-16 21:00:00,147.899,148.237,147.037,147.695
2018-10-17 21:00:00,147.677,147.754,145.798,146.026
2018-10-18 21:00:00,146.011,147.316,145.984,147.026
2018-10-21 21:00:00,147.007,147.563,146.028,146.181
2018-10-22 21:00:00,146.199,146.388,145.273,145.959
2018-10-23 21:00:00,145.955,146.287,144.416,144.560
2018-10-24 21:00:00,144.556,145.022,144.011,144.058
2018-10-25 21:00:00,144.034,144.159,142.756,143.493
2018-10-28 22:00:00,143.485,144.387,143.323,143.783
2018-10-29 22:00:00,143.783,144.375,143.198,143.693
2018-10-30 22:00:00,143.693,145.117,143.601,144.201
2018-10-31 22:00:00,144.201,146.877,144.008,146.357
2018-11-01 22:00:00,146.357,147.240,146.270,146.759
2018-11-04 22:00:00,147.340,147.790,146.837,147.603
2018-11-05 22:00:00,147.546,148.697,147.285,148.568
2018-11-06 22:00:00,148.523,149.214,148.315,148.945
2018-11-07 22:00:00,148.991,149.470,148.589,148.966
2018-11-08 22:00:00,148.962,149.034,147.481,147.642
2018-11-11 22:00:00,146.981,147.562,146.051,146.244
2018-11-12 22:00:00,146.244,148.714,145.976,147.569
2018-11-13 22:00:00,147.573,148.414,146.302,147.552
2018-11-14 22:00:00,147.574,147.909,144.232,145.108
2018-11-15 22:00:00,145.085,145.432,144.580,144.662
2018-11-18 22:00:00,144.663,145.300,144.275,144.623
2018-11-19 22:00:00,144.607,144.898,144.001,144.162
2018-11-20 22:00:00,144.148,144.875,144.004,144.425
2018-11-21 22:00:00,144.446,145.937,144.244,145.396
2018-11-22 22:00:00,145.391,145.510,144.332,144.543
2018-11-25 22:00:00,144.772,145.723,144.623,145.458
2018-11-26 22:00:00,145.479,145.516,144.579,144.973
2018-11-27 22:00:00,144.962,145.823,144.843,145.761
2018-11-28 22:00:00,145.764,145.785,144.495,145.078
2018-11-29 22:00:00,145.078,145.273,144.605,144.641
2018-12-02 22:00:00,144.762,145.496,144.160,144.590
2018-12-03 22:00:00,144.592,144.748,142.825,143.438
2018-12-04 22:00:00,143.385,144.519,143.247,144.111
2018-12-05 22:00:00,144.101,144.148,143.234,143.990
2018-12-06 22:00:00,143.992,144.203,143.215,143.446
2018-12-09 22:00:00,143.031,143.691,141.156,142.377
2018-12-10 22:00:00,142.300,142.916,141.497,141.534
2018-12-11 22:00:00,141.585,143.430,141.495,143.025
2018-12-12 22:00:00,142.996,143.916,142.762,143.745
2018-12-13 22:00:00,143.784,143.837,142.359,142.709
2018-12-16 22:00:00,142.795,143.221,142.140,142.355
2018-12-17 22:00:00,142.355,142.639,141.915,142.181
2018-12-18 22:00:00,142.210,142.519,141.564,141.815
2018-12-19 22:00:00,141.815,142.090,140.557,140.821
2018-12-20 22:00:00,140.865,141.147,140.220,140.505
2018-12-23 22:00:00,140.220,140.833,139.967,140.170
2018-12-25 22:00:00,140.289,140.854,139.726,140.658
2018-12-26 22:00:00,140.663,140.798,139.706,140.288
2018-12-27 22:00:00,140.340,140.352,139.476,139.980
2018-12-30 22:00:00,139.948,140.859,139.506,139.704
2019-01-01 22:00:00,139.312,139.479,137.238,137.238
2019-01-02 22:00:00,137.298,137.298,131.707,135.949
2019-01-03 22:00:00,136.008,138.284,135.784,138.044
2019-01-06 22:00:00,137.936,138.926,137.593,138.868
2019-01-07 22:00:00,138.849,139.418,137.957,138.231
2019-01-08 22:00:00,138.229,139.095,137.752,138.300
2019-01-09 22:00:00,138.303,138.521,137.438,138.219
2019-01-10 22:00:00,138.210,139.466,137.618,139.297
2019-01-13 22:00:00,139.403,140.036,138.583,139.085
2019-01-14 22:00:00,139.148,140.411,137.342,139.699
2019-01-15 22:00:00,139.757,140.684,138.967,140.474
2019-01-16 22:00:00,140.466,142.196,139.493,141.843
2019-01-17 22:00:00,141.840,142.064,141.069,141.310
2019-01-20 22:00:00,141.149,141.513,140.665,141.343
2019-01-21 22:00:00,141.343,141.914,140.605,141.642
2019-01-22 22:00:00,141.680,143.540,141.591,143.201
2019-01-23 22:00:00,143.228,143.531,142.688,143.184
2019-01-24 22:00:00,143.188,144.821,143.064,144.560
2019-01-27 22:00:00,144.382,144.700,143.582,143.825
2019-01-28 22:00:00,143.814,144.472,142.715,142.904
2019-01-29 22:00:00,142.887,143.581,142.713,142.975
2019-01-30 22:00:00,142.986,143.194,142.223,142.680
2019-01-31 22:00:00,142.692,143.476,142.055,143.212
2019-02-03 22:00:00,143.009,144.153,143.009,143.224
2019-02-04 22:00:00,143.261,143.536,142.019,142.372
2019-02-05 22:00:00,142.388,142.496,141.737,142.147
2019-02-06 22:00:00,142.163,142.608,141.107,142.189
2019-02-07 22:00:00,142.209,142.501,141.829,142.008
2019-02-10 22:00:00,141.758,142.539,141.758,141.883
2019-02-11 22:00:00,141.941,142.616,141.801,142.380
2019-02-12 22:00:00,142.382,143.315,142.341,142.561
2019-02-13 22:00:00,142.567,143.012,141.272,141.353
2019-02-14 22:00:00,141.386,142.385,140.989,142.309
2019-02-17 22:00:00,142.471,143.003,142.384,142.879
2019-02-18 22:00:00,142.906,144.683,142.459,144.466
2019-02-19 22:00:00,144.464,145.026,144.106,144.630
2019-02-20 22:00:00,144.644,144.908,144.063,144.309
2019-02-21 22:00:00,144.297,144.730,143.763,144.450
2019-02-24 22:00:00,144.585,145.653,144.320,145.415
2019-02-25 22:00:00,145.425,147.044,145.384,146.497
2019-02-26 22:00:00,146.497,148.027,146.145,147.673
2019-02-27 22:00:00,147.702,148.250,146.964,147.690
2019-02-28 22:00:00,147.692,148.554,147.498,147.802
2019-03-03 22:00:00,148.132,148.292,147.085,147.227
2019-03-04 22:00:00,147.276,147.769,146.587,147.416
2019-03-05 22:00:00,147.427,147.427,146.673,147.149
2019-03-06 22:00:00,147.191,147.264,145.768,145.925
2019-03-07 22:00:00,145.947,146.165,144.298,144.670
2019-03-10 22:00:00,144.299,146.675,143.704,146.659
2019-03-11 22:00:00,146.659,147.788,144.559,145.538
2019-03-12 22:00:00,145.539,148.707,145.343,148.112
2019-03-13 22:00:00,148.112,148.856,147.365,148.012
2019-03-14 22:00:00,148.011,148.360,147.404,148.167
2019-03-17 22:00:00,148.194,148.370,146.996,147.585
2019-03-18 22:00:00,147.584,148.038,147.501,147.748
2019-03-19 22:00:00,147.748,148.068,145.863,145.936
2019-03-20 22:00:00,145.936,146.380,144.115,145.311
2019-03-21 22:00:00,145.397,145.729,144.514,145.172
2019-03-24 22:00:00,145.289,145.779,144.618,145.066
2019-03-25 22:00:00,145.066,146.450,144.995,146.048
2019-03-26 22:00:00,146.048,146.488,145.274,145.316
2019-03-27 22:00:00,145.316,145.634,144.182,144.316
2019-03-28 22:00:00,144.315,145.470,143.810,144.369
2019-03-31 21:00:00,144.740,146.331,144.368,145.866
2019-04-01 21:00:00,145.871,146.424,144.915,146.122
2019-04-02 21:00:00,146.171,147.176,146.007,146.639
2019-04-03 21:00:00,146.664,146.940,145.660,145.938
2019-04-04 21:00:00,145.962,146.530,145.083,145.569
2019-04-07 21:00:00,145.510,145.758,145.081,145.571
2019-04-08 21:00:00,145.581,146.035,144.765,145.003
2019-04-09 21:00:00,145.040,145.917,144.868,145.248
2019-04-10 21:00:00,145.282,145.933,145.066,145.697
2019-04-11 21:00:00,145.697,146.996,145.671,146.381
2019-04-14 21:00:00,146.318,146.979,146.317,146.713
2019-04-15 21:00:00,146.737,146.737,145.995,146.109
2019-04-16 21:00:00,146.139,146.283,145.819,146.008
2019-04-17 21:00:00,146.074,146.128,145.269,145.276
2019-04-18 21:00:00,145.345,145.551,145.229,145.229
2019-04-21 21:00:00,145.279,145.495,145.198,145.253
2019-04-22 21:00:00,145.262,145.608,144.567,144.661
2019-04-23 21:00:00,144.703,145.005,144.381,144.686
2019-04-24 21:00:00,144.704,144.976,143.776,143.958
2019-04-25 21:00:00,143.990,144.440,143.751,144.145
2019-04-28 21:00:00,144.111,144.700,144.042,144.396
2019-04-29 21:00:00,144.401,145.362,144.030,145.209
2019-04-30 21:00:00,145.287,145.686,145.111,145.333
2019-05-01 21:00:00,145.339,145.860,145.070,145.254
2019-05-02 21:00:00,145.254,146.490,144.789,146.351
2019-05-05 21:00:00,145.354,145.925,144.971,145.033
2019-05-06 21:00:00,145.025,145.351,143.846,144.076
2019-05-07 21:00:00,144.100,144.171,143.027,143.146
2019-05-08 21:00:00,143.136,143.225,142.213,142.688
2019-05-09 21:00:00,142.716,143.222,142.494,142.966
2019-05-12 21:00:00,142.602,142.854,141.186,141.581
2019-05-13 21:00:00,141.631,142.158,141.346,141.402
2019-05-14 21:00:00,141.390,141.626,140.186,140.704
2019-05-15 21:00:00,140.712,140.773,140.186,140.491
2019-05-16 21:00:00,140.530,140.667,139.529,139.908
2019-05-19 21:00:00,140.167,140.513,139.680,139.988
2019-05-20 21:00:00,140.004,141.721,139.631,140.343
2019-05-21 21:00:00,140.345,140.685,139.298,139.671
2019-05-22 21:00:00,139.692,139.710,138.510,138.680
2019-05-23 21:00:00,138.704,139.474,138.490,138.898
2019-05-26 21:00:00,139.094,139.625,138.659,138.789
2019-05-27 21:00:00,138.792,138.994,138.270,138.338
2019-05-28 21:00:00,138.362,138.566,137.852,138.325
2019-05-29 21:00:00,138.319,138.719,138.039,138.150
2019-05-30 21:00:00,138.217,138.217,136.613,136.766
2019-06-02 21:00:00,136.662,137.105,136.599,136.819
2019-06-03 21:00:00,136.817,137.455,136.541,137.278
2019-06-04 21:00:00,137.327,137.766,137.194,137.546
2019-06-05 21:00:00,137.519,137.795,136.971,137.512
2019-06-06 21:00:00,137.547,138.151,137.466,137.810
2019-06-09 21:00:00,138.002,138.240,137.463,137.507
2019-06-10 21:00:00,137.484,138.311,137.479,138.009
2019-06-11 21:00:00,138.052,138.225,137.541,137.639
2019-06-12 21:00:00,137.660,137.764,137.081,137.293
2019-06-13 21:00:00,137.292,137.406,136.495,136.634
2019-06-16 21:00:00,136.461,136.915,135.985,136.020
2019-06-17 21:00:00,136.016,136.231,135.360,136.149
2019-06-18 21:00:00,136.150,136.988,135.766,136.617
2019-06-19 21:00:00,136.644,137.158,136.182,136.236
2019-06-20 21:00:00,136.236,136.820,135.927,136.778
2019-06-23 21:00:00,136.620,137.111,136.471,136.655
2019-06-24 21:00:00,136.651,136.827,135.789,135.936
2019-06-25 21:00:00,135.949,136.876,135.835,136.719
2019-06-26 21:00:00,136.705,137.318,136.401,136.522
2019-06-27 21:00:00,136.534,137.185,136.252,137.009
2019-06-30 21:00:00,136.980,137.770,136.722,137.018
2019-07-01 21:00:00,137.020,137.120,135.838,135.843
2019-07-02 21:00:00,135.820,135.899,135.154,135.520
2019-07-03 21:00:00,135.521,135.701,135.422,135.583
2019-07-04 21:00:00,135.584,136.027,135.469,135.842
2019-07-07 21:00:00,135.765,136.121,135.531,136.038
2019-07-08 21:00:00,136.016,136.276,135.385,135.620
2019-07-09 21:00:00,135.617,136.047,135.476,135.617
2019-07-10 21:00:00,135.617,136.046,135.073,135.820
2019-07-11 21:00:00,135.814,136.009,135.495,135.671
2019-07-14 21:00:00,135.278,135.834,134.943,135.036
2019-07-15 21:00:00,135.037,135.253,133.957,134.266
2019-07-16 21:00:00,134.258,134.613,133.964,134.191
2019-07-17 21:00:00,134.191,134.818,133.842,134.567
2019-07-18 21:00:00,134.572,134.999,134.524,134.597
2019-07-21 21:00:00,134.550,135.080,134.402,134.525
2019-07-22 21:00:00,134.516,134.977,134.307,134.582
2019-07-23 21:00:00,134.573,135.270,134.237,135.027
2019-07-24 21:00:00,135.028,135.663,134.703,135.238
2019-07-25 21:00:00,135.237,135.383,134.516,134.537
2019-07-28 21:00:00,134.413,134.558,132.840,132.878
2019-07-29 21:00:00,132.885,133.064,131.592,131.930
2019-07-30 21:00:00,131.956,132.986,131.837,132.225
2019-07-31 21:00:00,132.225,132.544,130.146,130.178
2019-08-01 21:00:00,130.178,130.412,129.068,129.598
2019-08-04 21:00:00,129.170,129.591,128.161,128.608
2019-08-05 21:00:00,128.600,130.057,128.100,129.479
2019-08-06 21:00:00,129.477,129.571,128.210,128.999
2019-08-07 21:00:00,128.999,129.322,128.269,128.654
2019-08-08 21:00:00,128.650,128.737,126.961,127.048
2019-08-11 21:00:00,127.101,127.510,126.536,127.122
2019-08-12 21:00:00,127.137,129.211,126.793,128.683
2019-08-13 21:00:00,128.680,128.743,127.484,127.648
2019-08-14 21:00:00,127.649,128.975,127.459,128.168
2019-08-15 21:00:00,128.215,129.565,128.027,129.161
2019-08-18 21:00:00,129.089,129.525,128.962,129.287
2019-08-19 21:00:00,129.283,129.626,128.253,129.213
2019-08-20 21:00:00,129.230,129.662,128.874,129.226
2019-08-21 21:00:00,129.236,130.685,128.746,130.367
2019-08-22 21:00:00,130.367,130.559,128.981,129.437
2019-08-25 21:00:00,128.744,130.136,128.177,129.622
2019-08-26 21:00:00,129.621,130.378,128.998,129.896
2019-08-27 21:00:00,129.888,130.058,128.457,129.526
2019-08-28 21:00:00,129.528,130.024,128.960,129.713
2019-08-29 21:00:00,129.687,129.819,129.080,129.234
2019-09-01 21:00:00,128.708,129.306,127.862,128.093
2019-09-02 21:00:00,128.080,128.242,126.666,127.988
2019-09-03 21:00:00,127.988,130.426,127.770,130.293
2019-09-04 21:00:00,130.285,132.150,129.903,131.812
2019-09-05 21:00:00,131.818,132.117,131.245,131.333
2019-09-08 21:00:00,131.039,132.544,130.801,132.356
2019-09-09 21:00:00,132.356,132.901,132.006,132.832
2019-09-10 21:00:00,132.832,133.354,132.664,132.866
2019-09-11 21:00:00,132.866,133.633,132.161,133.304
2019-09-12 21:00:00,133.304,135.185,133.262,135.049
2019-09-15 21:00:00,135.046,135.046,133.864,134.354
2019-09-16 21:00:00,134.354,135.416,133.978,135.100
2019-09-17 21:00:00,135.085,135.649,134.582,135.202
2019-09-18 21:00:00,135.190,135.506,134.254,135.251
2019-09-19 21:00:00,135.245,135.856,134.056,134.089
2019-09-22 21:00:00,134.250,134.539,133.340,133.663
2019-09-23 21:00:00,133.648,134.593,133.538,133.726
2019-09-24 21:00:00,133.726,133.994,132.831,133.035
2019-09-25 21:00:00,133.043,133.282,132.372,132.835
2019-09-26 21:00:00,132.893,133.271,132.314,132.615
2019-09-29 21:00:00,132.610,133.329,132.470,132.821
2019-09-30 21:00:00,132.799,133.349,131.774,132.522
2019-10-01 21:00:00,132.483,132.609,131.566,131.807
2019-10-02 21:00:00,131.818,132.538,131.472,131.775
2019-10-03 21:00:00,131.733,131.982,131.272,131.823
2019-10-06 21:00:00,131.216,132.233,131.216,131.772
2019-10-07 21:00:00,131.776,132.110,130.422,130.798
2019-10-08 21:00:00,130.796,131.827,130.642,131.157
2019-10-09 21:00:00,131.157,134.545,130.721,134.266
2019-10-10 21:00:00,134.259,137.893,133.894,137.126
2019-10-13 21:00:00,136.749,137.160,135.489,136.632
2019-10-14 21:00:00,136.627,139.306,136.438,139.135
2019-10-15 21:00:00,139.089,140.093,137.500,139.519
2019-10-16 21:00:00,139.459,141.485,138.624,140.015
2019-10-17 21:00:00,140.024,140.631,139.344,140.619
2019-10-20 21:00:00,140.340,141.351,139.459,140.716
2019-10-21 21:00:00,140.702,141.110,139.508,139.617
2019-10-22 21:00:00,139.617,140.424,139.083,140.277
2019-10-23 21:00:00,140.262,140.734,138.865,139.536
2019-10-24 21:00:00,139.535,139.799,139.021,139.425
2019-10-27 22:00:00,139.279,140.250,139.256,140.143
2019-10-28 22:00:00,140.143,140.532,139.465,140.052
2019-10-29 22:00:00,140.052,140.499,139.948,140.411
2019-10-30 22:00:00,140.411,140.686,139.601,139.649
2019-10-31 22:00:00,139.649,140.143,139.633,139.899
2019-11-03 22:00:00,139.889,140.230,139.837,139.851
2019-11-04 22:00:00,139.849,140.740,139.807,140.585
2019-11-05 22:00:00,140.585,140.667,139.865,140.063
2019-11-06 22:00:00,140.062,140.525,139.486,140.011
2019-11-07 22:00:00,139.965,140.200,139.409,139.525
2019-11-10 22:00:00,139.541,140.478,139.358,140.130
2019-11-11 22:00:00,140.119,140.581,139.936,139.975
2019-11-12 22:00:00,139.976,140.245,139.433,139.794
2019-11-13 22:00:00,139.799,139.871,139.389,139.621
2019-11-14 22:00:00,139.610,140.457,139.571,140.306
2019-11-17 22:00:00,140.547,141.564,140.346,140.742
2019-11-18 22:00:00,140.740,140.926,140.100,140.256
2019-11-19 22:00:00,140.240,140.479,139.670,140.313
2019-11-20 22:00:00,140.314,140.917,139.967,140.167
2019-11-21 22:00:00,140.165,140.515,139.308,139.362
2019-11-24 22:00:00,139.619,140.618,139.559,140.455
2019-11-25 22:00:00,140.433,140.897,139.983,140.233
2019-11-26 22:00:00,140.232,141.537,140.041,141.511
2019-11-27 22:00:00,141.506,141.843,141.244,141.371
2019-11-28 22:00:00,141.361,141.677,141.107,141.510
2019-12-01 22:00:00,141.371,141.811,140.933,140.949
2019-12-02 22:00:00,140.996,141.705,140.911,141.107
2019-12-03 22:00:00,141.107,142.779,140.825,142.627
2019-12-04 22:00:00,142.619,143.243,142.568,143.081
2019-12-05 22:00:00,143.081,143.139,142.363,142.588
2019-12-08 22:00:00,142.661,143.094,142.552,142.590
2019-12-09 22:00:00,142.580,143.656,142.561,142.993
2019-12-10 22:00:00,142.987,143.368,142.543,143.219
2019-12-11 22:00:00,143.227,144.142,142.473,143.875
2019-12-12 22:00:00,143.880,147.954,143.811,145.799
2019-12-15 22:00:00,145.763,146.803,145.714,146.024
2019-12-16 22:00:00,145.976,146.085,143.468,143.703
2019-12-17 22:00:00,143.702,143.854,143.066,143.227
2019-12-18 22:00:00,143.228,143.860,141.968,142.261
2019-12-19 22:00:00,142.260,143.043,142.083,142.283
2019-12-22 22:00:00,142.003,142.531,141.153,141.455
2019-12-23 22:00:00,141.454,141.838,141.298,141.600
2019-12-25 22:00:00,142.241,142.722,141.983,142.471
2019-12-26 22:00:00,142.425,143.634,142.030,143.249
2019-12-29 22:00:00,142.921,143.420,142.579,142.755
2019-12-30 22:00:00,142.752,144.355,142.421,143.927
2020-01-01 22:00:00,143.592,143.937,142.257,142.581
2020-01-02 22:00:00,142.596,142.775,140.994,141.344
2020-01-05 22:00:00,141.109,142.780,140.823,142.667
2020-01-06 22:00:00,142.665,143.283,142.012,142.265
2020-01-07 22:00:00,142.225,143.104,141.116,142.823
2020-01-08 22:00:00,142.789,143.451,142.420,143.086
2020-01-09 22:00:00,143.088,143.491,142.887,143.048
2020-01-12 22:00:00,142.777,142.964,142.361,142.783
2020-01-13 22:00:00,142.782,143.428,142.448,143.160
2020-01-14 22:00:00,143.129,143.382,142.652,143.271
2020-01-15 22:00:00,143.268,144.133,143.191,144.041
2020-01-16 22:00:00,144.041,144.526,143.284,143.310
2020-01-19 22:00:00,143.111,143.357,142.799,143.317
2020-01-20 22:00:00,143.316,143.968,142.856,143.341
2020-01-21 22:00:00,143.294,144.606,143.251,144.302
2020-01-22 22:00:00,144.300,144.406,143.204,143.645
2020-01-23 22:00:00,143.645,144.401,142.711,142.826
2020-01-26 22:00:00,142.404,142.744,142.052,142.145
2020-01-27 22:00:00,142.158,142.450,141.475,142.179
2020-01-28 22:00:00,142.156,142.347,141.704,141.898
2020-01-29 22:00:00,141.912,142.706,141.254,142.642
2020-01-30 22:00:00,142.642,143.283,142.456,143.102
2020-02-02 22:00:00,142.820,143.100,141.065,141.199
2020-02-03 22:00:00,141.199,142.834,140.921,142.707
2020-02-04 22:00:00,142.707,143.372,142.220,142.767
2020-02-05 22:00:00,142.785,142.815,142.087,142.159
2020-02-06 22:00:00,142.159,142.366,141.386,141.413
2020-02-09 22:00:00,141.337,142.084,141.233,141.747
2020-02-10 22:00:00,141.726,142.458,141.655,142.180
2020-02-11 22:00:00,142.179,142.883,142.094,142.620
2020-02-12 22:00:00,142.622,143.475,142.142,143.177
2020-02-13 22:00:00,143.176,143.404,142.763,143.218
2020-02-16 22:00:00,143.099,143.364,142.838,142.876
2020-02-17 22:00:00,142.878,143.226,142.312,142.797
2020-02-18 22:00:00,142.797,144.163,142.742,143.863
2020-02-19 22:00:00,143.811,144.599,143.595,144.384
2020-02-20 22:00:00,144.384,144.950,143.719,144.555
2020-02-23 22:00:00,144.062,144.620,142.627,143.139
2020-02-24 22:00:00,143.072,143.640,142.941,143.293
2020-02-25 22:00:00,143.289,143.716,142.234,142.403
2020-02-26 22:00:00,142.336,142.547,141.164,141.190
2020-02-27 22:00:00,141.181,141.406,137.521,138.544
2020-03-01 22:00:00,137.528,139.181,137.146,138.121
2020-03-02 22:00:00,138.121,138.563,136.932,137.154
2020-03-03 22:00:00,137.153,138.435,137.006,138.377
2020-03-04 22:00:00,138.375,138.675,137.364,137.396
2020-03-05 22:00:00,137.394,137.732,136.433,137.423
2020-03-08 22:00:00,136.512,136.830,132.563,133.857
2020-03-09 22:00:00,133.855,137.193,133.681,135.574
2020-03-10 22:00:00,135.569,136.533,133.562,133.821
2020-03-11 22:00:00,133.871,134.316,131.271,131.770
2020-03-12 22:00:00,131.790,134.300,131.206,132.720
2020-03-15 22:00:00,132.743,132.919,128.897,129.885
2020-03-16 22:00:00,129.884,131.205,128.572,129.744
2020-03-17 22:00:00,129.768,130.320,124.032,125.208
2020-03-18 22:00:00,125.128,129.559,124.724,127.088
2020-03-19 22:00:00,127.088,132.028,126.363,128.577
2020-03-22 22:00:00,129.357,129.406,127.325,128.247
2020-03-23 22:00:00,128.247,131.416,127.539,130.450
2020-03-24 22:00:00,130.462,133.394,129.848,132.045
2020-03-25 22:00:00,132.045,133.812,130.574,132.969
2020-03-26 22:00:00,132.969,134.703,132.111,134.654
2020-03-29 21:00:00,133.690,134.401,132.742,133.852
2020-03-30 21:00:00,133.852,134.612,132.926,133.490
2020-03-31 21:00:00,133.471,133.797,132.479,132.580
2020-04-01 21:00:00,132.580,133.942,132.360,133.705
2020-04-02 21:00:00,133.705,134.083,132.540,133.042
2020-04-05 21:00:00,132.396,134.516,132.384,133.543
2020-04-06 21:00:00,133.544,134.975,132.922,134.084
2020-04-07 21:00:00,134.084,135.018,133.689,134.683
2020-04-08 21:00:00,134.650,135.750,134.393,134.957
2020-04-09 21:00:00,134.967,135.394,134.779,134.816
2020-04-12 21:00:00,134.969,135.216,134.502,134.730
2020-04-13 21:00:00,134.730,135.491,134.573,135.318
2020-04-14 21:00:00,135.318,135.331,133.631,134.488
2020-04-15 21:00:00,134.483,134.878,133.715,134.410
2020-04-16 21:00:00,134.411,134.962,133.898,134.498
2020-04-19 21:00:00,134.111,134.721,133.782,133.825
2020-04-20 21:00:00,133.778,134.058,131.906,132.399
2020-04-21 21:00:00,132.400,133.296,132.042,132.876
2020-04-22 21:00:00,132.871,133.676,132.395,132.798
2020-04-23 21:00:00,132.799,133.149,132.391,132.917
2020-04-26 21:00:00,132.946,133.566,132.813,133.225
2020-04-27 21:00:00,133.207,133.553,132.722,132.751
2020-04-28 21:00:00,132.726,133.004,131.941,132.929
2020-04-29 21:00:00,132.903,135.447,132.620,134.868
2020-04-30 21:00:00,134.866,135.074,133.365,133.562
2020-05-03 21:00:00,133.283,133.442,132.520,132.742
2020-05-04 21:00:00,132.740,133.172,132.379,132.379
2020-05-05 21:00:00,132.356,132.645,130.832,130.924
2020-05-06 21:00:00,130.933,132.019,130.644,131.205
2020-05-07 21:00:00,131.204,132.683,131.151,132.354
2020-05-10 21:00:00,132.073,133.185,131.878,132.695
2020-05-11 21:00:00,132.681,132.858,131.292,131.294
2020-05-12 21:00:00,131.286,131.933,130.649,130.802
2020-05-13 21:00:00,130.791,131.300,130.139,131.078
2020-05-14 21:00:00,131.069,131.416,129.642,129.688
2020-05-17 21:00:00,129.408,131.278,129.251,130.853
2020-05-18 21:00:00,130.841,132.506,130.744,131.920
2020-05-19 21:00:00,131.912,132.418,131.441,131.554
2020-05-20 21:00:00,131.551,131.947,131.214,131.454
2020-05-21 21:00:00,131.453,131.770,130.669,130.917
2020-05-24 21:00:00,130.908,131.407,130.852,131.145
2020-05-25 21:00:00,131.138,133.037,131.121,132.599
2020-05-26 21:00:00,132.532,133.000,131.630,132.032
2020-05-27 21:00:00,132.025,132.877,131.826,132.533
2020-05-28 21:00:00,132.536,133.457,131.776,133.110
2020-05-31 21:00:00,132.686,134.530,132.686,134.329
2020-06-01 21:00:00,134.307,136.519,134.214,136.358
2020-06-02 21:00:00,136.356,137.387,136.239,136.904
2020-06-03 21:00:00,136.895,137.805,135.949,137.449
2020-06-04 21:00:00,137.423,139.737,137.266,138.816
2020-06-07 21:00:00,138.965,139.578,137.421,137.923
2020-06-08 21:00:00,137.907,138.237,136.228,137.078
2020-06-09 21:00:00,137.082,137.415,136.459,136.551
2020-06-10 21:00:00,136.528,136.584,134.458,134.633
2020-06-11 21:00:00,134.569,136.043,133.791,134.704
2020-06-14 21:00:00,134.203,135.310,133.501,135.280
2020-06-15 21:00:00,135.283,136.346,134.722,134.915
2020-06-16 21:00:00,134.905,135.217,134.060,134.323
2020-06-17 21:00:00,134.320,134.519,132.386,132.860
2020-06-18 21:00:00,132.867,133.247,131.932,131.977
2020-06-21 21:00:00,131.741,133.415,131.741,133.265
2020-06-22 21:00:00,133.263,133.984,132.598,133.345
2020-06-23 21:00:00,133.333,133.613,132.678,132.925
2020-06-24 21:00:00,132.905,133.609,132.784,133.107
2020-06-25 21:00:00,133.084,133.265,132.037,132.270
2020-06-28 21:00:00,132.068,132.678,131.948,132.285
2020-06-29 21:00:00,132.281,133.883,132.011,133.816
2020-06-30 21:00:00,133.803,134.218,132.943,134.056
2020-07-01 21:00:00,134.050,134.703,133.778,134.019
2020-07-02 21:00:00,133.964,134.201,133.696,134.164
2020-07-05 21:00:00,134.022,134.668,133.833,134.044
2020-07-06 21:00:00,133.984,135.409,133.964,134.828
2020-07-07 21:00:00,134.827,135.420,134.574,135.238
2020-07-08 21:00:00,135.238,135.919,135.046,135.132
2020-07-09 21:00:00,135.127,135.198,134.283,134.921
2020-07-12 21:00:00,134.892,135.481,134.585,134.694
2020-07-13 21:00:00,134.683,134.771,133.978,134.603
2020-07-14 21:00:00,134.583,135.086,134.465,134.592
2020-07-15 21:00:00,134.575,135.177,134.051,134.617
2020-07-16 21:00:00,134.465,134.903,134.121,134.478
2020-07-19 21:00:00,134.324,135.908,134.302,135.796
2020-07-20 21:00:00,135.769,136.440,135.641,135.960
2020-07-21 21:00:00,135.938,136.621,135.283,136.442
2020-07-22 21:00:00,136.440,136.619,135.840,136.133
2020-07-23 21:00:00,136.131,136.227,134.996,135.784
2020-07-26 21:00:00,135.624,135.821,135.143,135.721
2020-07-27 21:00:00,135.708,136.123,135.321,135.893
2020-07-28 21:00:00,135.884,136.463,135.670,136.346
2020-07-29 21:00:00,136.344,137.386,136.063,137.143
2020-07-30 21:00:00,137.143,139.199,136.785,138.582
2020-08-02 21:00:00,138.264,139.017,137.744,138.516
2020-08-03 21:00:00,138.516,138.875,137.802,138.181
2020-08-04 21:00:00,138.148,138.999,137.973,138.474
2020-08-05 21:00:00,138.490,139.228,138.322,138.713
2020-08-06 21:00:00,138.698,138.756,137.836,138.237
2020-08-09 21:00:00,138.221,138.643,138.060,138.513
2020-08-10 21:00:00,138.508,139.497,138.322,138.936
2020-08-11 21:00:00,138.951,139.618,138.786,139.325
2020-08-12 21:00:00,139.315,140.201,139.087,139.708
2020-08-13 21:00:00,139.686,140.008,139.338,139.505
2020-08-16 21:00:00,139.423,139.681,138.731,138.895
2020-08-17 21:00:00,138.895,139.637,138.593,139.533
2020-08-18 21:00:00,139.521,139.948,138.789,138.967
2020-08-19 21:00:00,138.913,139.870,138.563,139.793
2020-08-20 21:00:00,139.797,139.944,138.247,138.499
2020-08-23 21:00:00,138.330,138.999,138.288,138.423
2020-08-24 21:00:00,138.398,140.028,138.344,139.892
2020-08-25 21:00:00,139.895,140.302,139.630,139.994
2020-08-26 21:00:00,139.989,140.854,139.691,140.642
2020-08-27 21:00:00,140.654,141.607,140.017,140.640
2020-08-30 21:00:00,140.589,142.040,140.487,141.575
2020-08-31 21:00:00,141.553,142.712,141.326,141.787
2020-09-01 21:00:00,141.788,141.960,141.015,141.757
2020-09-02 21:00:00,141.763,141.867,140.470,141.006
2020-09-03 21:00:00,141.010,141.432,140.110,141.035
2020-09-06 21:00:00,140.824,140.989,139.589,139.847
2020-09-07 21:00:00,139.800,139.975,137.610,137.614
2020-09-08 21:00:00,137.622,138.354,136.736,138.029
2020-09-09 21:00:00,137.970,138.353,135.561,135.885
2020-09-10 21:00:00,135.883,136.586,135.570,135.825
2020-09-13 21:00:00,135.560,136.583,135.508,135.808
2020-09-14 21:00:00,135.802,136.433,135.416,135.885
2020-09-15 21:00:00,135.884,136.465,135.551,136.083
2020-09-16 21:00:00,136.090,136.211,134.563,135.864
2020-09-17 21:00:00,135.865,136.155,134.951,135.119
2020-09-20 21:00:00,135.056,135.330,133.533,134.103
2020-09-21 21:00:00,134.109,134.383,133.028,133.566
2020-09-22 21:00:00,133.563,134.617,133.134,134.067
2020-09-23 21:00:00,134.084,134.663,133.604,134.255
2020-09-24 21:00:00,134.345,134.823,133.827,134.497
2020-09-27 21:00:00,134.622,136.224,134.359,135.335
2020-09-28 21:00:00,135.343,136.252,135.343,135.838
2020-09-29 21:00:00,135.838,136.539,135.176,136.186
2020-09-30 21:00:00,136.240,137.008,135.356,135.973
2020-10-01 21:00:00,136.034,136.388,135.044,136.262
2020-10-04 21:00:00,136.043,137.342,135.983,137.239
2020-10-05 21:00:00,137.221,137.441,135.931,135.945
2020-10-06 21:00:00,135.945,136.987,135.864,136.855
2020-10-07 21:00:00,136.843,137.399,136.678,137.152
2020-10-08 21:00:00,137.148,137.829,136.784,137.829
2020-10-11 21:00:00,137.735,137.819,137.214,137.579
2020-10-12 21:00:00,137.617,137.771,136.369,136.431
2020-10-13 21:00:00,136.429,137.327,135.660,136.833
2020-10-14 21:00:00,136.824,137.169,135.766,136.082
2020-10-15 21:00:00,136.122,136.411,135.337,136.043
2020-10-18 21:00:00,135.875,137.242,135.849,136.464
2020-10-19 21:00:00,136.464,137.033,136.309,136.601
2020-10-20 21:00:00,136.576,137.660,136.373,137.461
2020-10-21 21:00:00,137.469,137.586,136.958,137.133
2020-10-22 21:00:00,137.133,137.371,136.369,136.586
2020-10-25 22:00:00,136.606,137.057,136.294,136.469
2020-10-26 22:00:00,136.490,136.587,136.112,136.257
2020-10-27 22:00:00,136.257,136.275,134.880,135.418
2020-10-28 22:00:00,135.417,135.946,134.636,135.173
2020-10-29 22:00:00,135.173,135.801,134.400,135.543
2020-11-01 22:00:00,135.010,135.428,134.871,135.256
2020-11-02 22:00:00,135.256,136.688,135.150,136.366
2020-11-03 22:00:00,136.372,137.372,135.363,135.673
2020-11-04 22:00:00,135.706,136.309,135.075,136.067
2020-11-05 22:00:00,136.041,136.242,135.463,135.907
2020-11-08 22:00:00,135.871,138.910,135.715,138.688
2020-11-09 22:00:00,138.688,139.772,138.163,139.700
2020-11-10 22:00:00,139.698,140.315,139.205,139.359
2020-11-11 22:00:00,139.360,139.437,137.746,137.849
2020-11-12 22:00:00,137.844,138.511,137.542,138.067
2020-11-15 22:00:00,137.801,138.871,137.662,137.946
2020-11-16 22:00:00,137.947,138.357,137.813,137.995
2020-11-17 22:00:00,137.994,138.199,137.706,137.726
2020-11-18 22:00:00,137.792,137.997,137.195,137.579
2020-11-19 22:00:00,137.579,138.056,137.383,137.996
2020-11-22 22:00:00,137.828,139.339,137.809,139.220
2020-11-23 22:00:00,139.221,139.840,139.069,139.513
2020-11-24 22:00:00,139.513,139.856,138.998,139.781
2020-11-25 22:00:00,139.628,139.844,138.926,139.240
2020-11-26 22:00:00,139.266,139.293,138.274,138.465
2020-11-29 22:00:00,138.537,139.468,138.328,138.966
2020-11-30 22:00:00,138.934,140.311,138.832,139.979
2020-12-01 22:00:00,139.979,140.444,138.889,139.535
2020-12-02 22:00:00,139.535,140.287,139.406,139.643
2020-12-03 22:00:00,139.643,140.707,139.444,139.970
2020-12-06 22:00:00,139.595,139.874,137.903,139.176
2020-12-07 22:00:00,139.151,139.375,138.407,139.095
2020-12-08 22:00:00,139.095,140.332,139.009,139.665
2020-12-09 22:00:00,139.465,139.787,138.385,138.528
2020-12-10 22:00:00,138.525,138.730,136.786,137.624
2020-12-13 22:00:00,138.672,139.434,138.266,138.632
2020-12-14 22:00:00,138.586,139.607,138.279,139.574
2020-12-15 22:00:00,139.521,140.063,139.145,139.758
2020-12-16 22:00:00,139.771,140.448,139.575,140.057
2020-12-17 22:00:00,140.029,140.325,139.313,139.444
2020-12-20 22:00:00,138.662,139.528,136.963,139.058
2020-12-21 22:00:00,139.068,139.143,137.995,138.428
2020-12-22 22:00:00,138.429,140.316,138.228,139.725
2020-12-23 22:00:00,139.721,141.209,139.515,140.307
2020-12-27 22:00:00,140.193,140.571,139.475,139.563
2020-12-28 22:00:00,139.531,140.167,139.490,139.867
2020-12-29 22:00:00,139.841,140.666,139.693,140.572
2020-12-30 22:00:00,140.579,141.228,140.305,141.185
2021-01-03 22:00:00,140.657,141.307,139.689,139.903
2021-01-04 22:00:00,139.902,140.152,139.509,139.964
2021-01-05 22:00:00,139.963,140.578,139.746,140.217
2021-01-06 22:00:00,140.196,140.998,140.056,140.751
2021-01-07 22:00:00,140.755,141.373,140.650,140.989
2021-01-10 22:00:00,140.650,141.001,140.339,140.878
2021-01-11 22:00:00,140.879,142.029,140.675,141.769
2021-01-12 22:00:00,141.795,142.254,141.528,141.637
2021-01-13 22:00:00,141.634,142.236,141.587,142.075
2021-01-14 22:00:00,142.064,142.118,140.956,141.070
2021-01-17 22:00:00,140.958,141.207,140.356,140.862
2021-01-18 22:00:00,140.870,141.734,140.745,141.563
2021-01-19 22:00:00,141.568,142.334,141.076,141.329
2021-01-20 22:00:00,141.326,142.217,141.283,142.108
2021-01-21 22:00:00,142.119,142.202,141.510,141.977
2021-01-24 22:00:00,141.940,142.322,141.654,141.870
2021-01-25 22:00:00,141.869,142.456,141.278,142.305
2021-01-26 22:00:00,142.305,142.861,142.195,142.481
2021-01-27 22:00:00,142.428,143.270,142.190,143.041
2021-01-28 22:00:00,143.041,143.957,142.809,143.462
2021-01-31 22:00:00,143.542,144.103,143.322,143.349
2021-02-01 22:00:00,143.349,143.778,143.130,143.463
2021-02-02 22:00:00,143.465,143.686,143.111,143.287
2021-02-03 22:00:00,143.299,144.365,142.837,144.261
2021-02-04 22:00:00,144.261,144.891,143.984,144.753
2021-02-07 22:00:00,144.413,144.929,144.390,144.528
2021-02-08 22:00:00,144.519,144.669,144.032,144.470
2021-02-09 22:00:00,144.474,145.064,144.370,144.652
2021-02-10 22:00:00,144.637,144.902,144.563,144.658
2021-02-11 22:00:00,144.697,145.481,144.498,145.356
2021-02-14 22:00:00,145.214,146.635,145.207,146.479
2021-02-15 22:00:00,146.460,147.462,146.364,147.408
2021-02-16 22:00:00,147.407,147.569,146.419,146.653
2021-02-17 22:00:00,146.580,147.786,146.550,147.692
2021-02-18 22:00:00,147.696,148.159,147.285,147.639
2021-02-21 22:00:00,147.589,148.293,147.544,147.746
2021-02-22 22:00:00,147.740,148.612,147.600,148.471
2021-02-23 22:00:00,148.468,150.117,148.268,149.710
2021-02-24 22:00:00,149.701,150.440,148.480,148.802
2021-02-25 22:00:00,148.949,149.166,147.404,148.394
2021-02-28 22:00:00,148.288,149.298,148.264,148.659
2021-03-01 22:00:00,148.658,149.195,148.113,148.853
2021-03-02 22:00:00,148.855,149.694,148.764,149.275
2021-03-03 22:00:00,149.273,150.730,149.046,149.997
2021-03-04 22:00:00,150.003,150.369,149.358,149.880
2021-03-07 22:00:00,149.412,150.699,149.412,150.493
2021-03-08 22:00:00,150.481,151.279,150.357,150.631
2021-03-09 22:00:00,150.650,151.188,150.400,150.933
2021-03-10 22:00:00,150.926,151.833,150.874,151.789
2021-03-11 22:00:00,151.784,152.235,151.228,151.753
2021-03-14 22:00:00,151.664,152.115,151.199,151.702
2021-03-15 22:00:00,151.699,151.750,150.787,151.405
2021-03-16 22:00:00,151.405,152.068,151.341,151.946
2021-03-17 22:00:00,151.940,152.548,151.457,151.694
2021-03-18 22:00:00,151.696,151.803,150.565,150.935
2021-03-21 22:00:00,150.375,150.931,150.267,150.833
2021-03-22 22:00:00,150.832,150.874,149.081,149.343
2021-03-23 22:00:00,149.343,149.444,148.528,148.773
2021-03-24 22:00:00,148.780,150.055,148.759,149.955
2021-03-25 22:00:00,149.955,151.544,149.913,151.262
2021-03-28 21:00:00,151.008,151.808,150.580,151.073
2021-03-29 21:00:00,151.055,151.941,150.984,151.613
2021-03-30 21:00:00,151.604,152.783,151.342,152.564
2021-03-31 21:00:00,152.519,153.067,152.292,152.983
2021-04-01 21:00:00,152.976,153.198,152.697,152.929
2021-04-04 21:00:00,152.805,153.363,152.805,153.111
2021-04-05 21:00:00,153.089,153.413,151.679,151.692
2021-04-06 21:00:00,151.685,152.071,150.656,150.889
2021-04-07 21:00:00,150.881,151.088,149.883,150.042
2021-04-08 21:00:00,150.044,150.933,149.592,150.258
2021-04-11 21:00:00,150.155,150.588,149.757,150.279
2021-04-12 21:00:00,150.279,150.827,149.669,149.965
2021-04-13 21:00:00,149.958,150.456,149.584,150.059
2021-04-14 21:00:00,150.056,150.201,149.684,149.903
2021-04-15 21:00:00,149.920,150.574,149.383,150.569
2021-04-18 21:00:00,150.385,151.321,149.891,151.255
2021-04-19 21:00:00,151.255,151.981,150.560,150.620
2021-04-20 21:00:00,150.617,150.970,150.043,150.505
2021-04-21 21:00:00,150.451,150.650,149.392,149.392
2021-04-22 21:00:00,149.392,149.951,149.059,149.774
2021-04-25 21:00:00,149.599,150.379,149.536,150.204
2021-04-26 21:00:00,150.192,151.248,150.111,151.214
2021-04-27 21:00:00,151.170,151.568,151.008,151.273
2021-04-28 21:00:00,151.281,152.406,151.097,151.824
2021-04-29 21:00:00,151.819,152.113,150.873,151.010
2021-05-02 21:00:00,150.703,151.929,150.676,151.683
2021-05-03 21:00:00,151.688,152.056,150.996,151.813
2021-05-04 21:00:00,151.815,152.230,151.632,151.795
2021-05-05 21:00:00,151.795,152.122,151.247,151.524
2021-05-06 21:00:00,151.453,152.114,151.263,151.900
2021-05-09 21:00:00,151.993,154.023,151.909,153.522
2021-05-10 21:00:00,153.587,153.960,153.148,153.585
2021-05-11 21:00:00,153.548,154.432,153.487,154.089
2021-05-12 21:00:00,154.083,154.335,153.467,153.747
2021-05-13 21:00:00,153.747,154.285,153.560,154.160
2021-05-16 21:00:00,153.936,154.464,153.732,154.315
2021-05-17 21:00:00,154.249,154.830,154.218,154.462
2021-05-18 21:00:00,154.464,154.810,153.539,154.139
2021-05-19 21:00:00,154.145,154.413,153.623,154.331
2021-05-20 21:00:00,154.337,154.675,154.011,154.166
2021-05-23 21:00:00,153.934,154.193,153.769,153.902
2021-05-24 21:00:00,153.916,154.449,153.734,153.872
2021-05-25 21:00:00,153.873,154.344,153.773,154.070
2021-05-26 21:00:00,154.065,156.074,153.840,155.952
2021-05-27 21:00:00,155.847,156.058,155.587,155.879
2021-05-30 21:00:00,155.480,155.914,155.298,155.633
2021-05-31 21:00:00,155.628,155.940,154.838,154.838
2021-06-01 21:00:00,154.836,155.501,154.750,155.198
2021-06-02 21:00:00,155.197,155.818,155.141,155.540
2021-06-03 21:00:00,155.560,155.758,155.032,155.130
2021-06-06 21:00:00,155.048,155.284,154.548,154.894
2021-06-07 21:00:00,154.884,155.091,154.555,154.977
2021-06-08 21:00:00,154.969,155.315,154.480,154.708
2021-06-09 21:00:00,154.708,155.214,154.131,154.951
2021-06-10 21:00:00,154.953,155.208,154.639,154.794
2021-06-13 21:00:00,154.465,155.346,154.320,155.270
2021-06-14 21:00:00,155.272,155.484,154.536,155.012
2021-06-15 21:00:00,154.994,155.381,154.668,154.836
2021-06-16 21:00:00,154.784,155.017,153.138,153.412
2021-06-17 21:00:00,153.412,153.775,151.988,152.056
2021-06-20 21:00:00,152.027,153.732,151.312,153.613
2021-06-21 21:00:00,153.613,154.467,153.094,154.306
2021-06-22 21:00:00,154.175,155.155,154.113,154.879
2021-06-23 21:00:00,154.876,155.143,153.826,154.327
2021-06-24 21:00:00,154.321,154.533,153.599,153.780
2021-06-27 21:00:00,153.785,154.227,153.388,153.560
2021-06-28 21:00:00,153.560,153.587,152.614,152.852
2021-06-29 21:00:00,152.852,153.754,152.664,153.646
2021-06-30 21:00:00,153.647,153.974,153.351,153.487
2021-07-01 21:00:00,153.487,153.723,153.083,153.565
2021-07-04 21:00:00,153.356,153.747,153.344,153.507
2021-07-05 21:00:00,153.411,154.073,152.354,152.601
2021-07-06 21:00:00,152.603,153.172,152.287,152.638
2021-07-07 21:00:00,152.602,152.740,150.665,151.333
2021-07-08 21:00:00,151.119,153.078,150.927,153.049
2021-07-11 21:00:00,152.824,153.342,152.407,153.185
2021-07-12 21:00:00,153.189,153.485,152.410,152.745
2021-07-13 21:00:00,152.743,153.296,152.336,152.381
2021-07-14 21:00:00,152.375,152.802,151.608,151.843
2021-07-15 21:00:00,151.843,152.609,151.425,151.522
2021-07-18 21:00:00,151.354,151.685,149.327,149.644
2021-07-19 21:00:00,149.659,149.974,148.459,149.655
2021-07-20 21:00:00,149.540,151.342,149.288,151.191
2021-07-21 21:00:00,151.191,151.912,150.736,151.609
2021-07-22 21:00:00,151.603,152.160,151.405,151.964
2021-07-25 21:00:00,151.758,152.606,151.401,152.484
2021-07-26 21:00:00,152.484,152.580,151.573,152.284
2021-07-27 21:00:00,152.304,152.992,152.118,152.762
2021-07-28 21:00:00,152.754,153.443,152.513,152.752
2021-07-29 21:00:00,152.749,153.212,152.439,152.503
2021-08-01 21:00:00,152.279,152.858,151.534,151.680
2021-08-02 21:00:00,151.680,152.197,151.167,151.681
2021-08-03 21:00:00,151.684,152.509,151.513,152.031
2021-08-04 21:00:00,152.032,153.029,151.985,152.843
2021-08-05 21:00:00,152.842,153.246,152.654,152.920
2021-08-08 21:00:00,152.801,153.068,152.576,152.743
2021-08-09 21:00:00,152.743,153.311,152.612,152.956
2021-08-10 21:00:00,152.956,153.295,152.829,153.048
2021-08-11 21:00:00,153.070,153.198,152.329,152.463
2021-08-12 21:00:00,152.290,152.549,151.925,152.003
2021-08-15 21:00:00,151.759,152.197,150.921,151.227
2021-08-16 21:00:00,151.227,151.335,150.350,150.585
2021-08-17 21:00:00,150.428,151.408,150.229,150.960
2021-08-18 21:00:00,150.960,151.213,149.597,149.597
2021-08-19 21:00:00,149.597,149.884,149.185,149.577
2021-08-22 21:00:00,149.270,150.757,149.270,150.446
2021-08-23 21:00:00,150.371,151.012,150.056,150.505
2021-08-24 21:00:00,150.459,151.458,150.352,151.346
2021-08-25 21:00:00,151.303,151.592,150.614,150.804
2021-08-26 21:00:00,150.766,151.516,150.457,151.121
2021-08-29 21:00:00,151.049,151.286,150.948,151.204
2021-08-30 21:00:00,151.176,151.591,151.062,151.312
2021-08-31 21:00:00,151.280,151.949,151.100,151.458
2021-09-01 21:00:00,151.458,152.198,151.348,152.049
2021-09-02 21:00:00,152.033,152.294,151.778,152.046
2021-09-05 21:00:00,151.902,152.258,151.797,151.965
2021-09-06 21:00:00,151.930,152.219,151.496,151.989
2021-09-07 21:00:00,151.953,152.091,151.466,151.814
2021-09-08 21:00:00,151.791,152.168,151.420,151.769
2021-09-09 21:00:00,151.726,152.637,151.701,151.999
2021-09-12 21:00:00,151.806,152.325,151.806,152.196
2021-09-13 21:00:00,152.069,152.847,151.322,151.462
2021-09-14 21:00:00,151.419,151.559,150.828,151.355
2021-09-15 21:00:00,151.350,151.565,150.872,151.325
2021-09-16 21:00:00,151.331,151.930,150.956,150.959
2021-09-19 21:00:00,150.816,151.141,149.178,149.387
2021-09-20 21:00:00,149.387,150.136,148.952,149.169
2021-09-21 21:00:00,149.127,149.955,149.010,149.461
2021-09-22 21:00:00,149.464,151.480,149.349,151.346
2021-09-23 21:00:00,151.347,151.735,151.000,151.399
2021-09-26 21:00:00,151.219,152.196,151.119,152.016
2021-09-27 21:00:00,152.042,152.571,150.541,150.901
2021-09-28 21:00:00,150.901,151.198,149.909,150.307
2021-09-29 21:00:00,150.274,150.948,149.800,149.907
2021-09-30 21:00:00,149.862,150.742,149.226,150.426
2021-10-03 21:00:00,150.384,151.525,150.185,150.959
2021-10-04 21:00:00,150.958,152.051,150.745,151.894
2021-10-05 21:00:00,151.894,152.152,150.813,151.307
2021-10-06 21:00:00,151.276,152.087,151.029,151.973
2021-10-07 21:00:00,151.945,152.938,151.859,152.838
2021-10-10 21:00:00,152.606,154.508,152.603,154.005
2021-10-11 21:00:00,154.000,154.822,153.684,154.343
2021-10-12 21:00:00,154.256,154.955,154.108,154.658
2021-10-13 21:00:00,154.622,155.741,154.513,155.405
2021-10-14 21:00:00,155.393,157.414,155.338,157.031
2021-10-17 21:00:00,157.020,157.356,156.608,156.902
2021-10-18 21:00:00,156.853,158.055,156.771,157.765
2021-10-19 21:00:00,157.721,158.216,157.008,158.010
2021-10-20 21:00:00,157.741,158.202,156.775,157.189
2021-10-21 21:00:00,157.130,157.662,155.923,156.152
2021-10-24 21:00:00,155.972,156.817,155.965,156.553
2021-10-25 21:00:00,156.509,157.770,156.444,157.132
2021-10-26 21:00:00,157.132,157.270,155.702,156.427
2021-10-27 21:00:00,156.335,156.705,155.915,156.582
2021-10-28 21:00:00,156.582,157.099,155.785,156.042
2021-10-31 22:00:00,156.091,156.491,155.608,155.771
2021-11-01 22:00:00,155.728,155.884,154.658,155.149
2021-11-02 22:00:00,155.115,156.068,154.962,155.977
2021-11-03 22:00:00,155.947,156.246,153.116,153.541
2021-11-04 22:00:00,153.521,153.779,152.808,153.021
2021-11-07 22:00:00,152.788,153.653,152.703,153.554
2021-11-08 22:00:00,153.509,153.633,152.736,152.982
2021-11-09 22:00:00,153.013,153.739,152.572,152.672
2021-11-10 22:00:00,152.642,153.013,152.387,152.510
2021-11-11 22:00:00,152.466,152.931,152.369,152.805
2021-11-14 22:00:00,152.678,153.279,152.623,153.076
2021-11-15 22:00:00,153.076,154.192,152.939,154.167
2021-11-16 22:00:00,154.151,154.730,153.735,153.951
2021-11-17 22:00:00,153.694,154.274,153.685,154.190
2021-11-18 22:00:00,154.222,154.445,152.518,153.308
2021-11-21 22:00:00,153.078,154.056,153.045,153.867
2021-11-22 22:00:00,153.852,154.214,153.275,154.016
2021-11-23 22:00:00,154.016,154.148,153.364,153.805
2021-11-24 22:00:00,153.811,154.060,153.411,153.693
2021-11-25 22:00:00,153.577,153.669,150.704,151.139
2021-11-28 22:00:00,151.423,151.910,150.683,151.136
2021-11-29 22:00:00,151.098,151.625,149.723,150.479
2021-11-30 22:00:00,150.436,151.432,149.613,149.740
2021-12-01 22:00:00,149.740,150.797,149.518,150.546
2021-12-02 22:00:00,150.529,150.756,148.968,149.288
2021-12-05 22:00:00,149.204,150.605,149.144,150.493
2021-12-06 22:00:00,150.449,151.119,150.124,150.412
2021-12-07 22:00:00,150.365,150.698,149.340,150.098
2021-12-08 22:00:00,150.098,150.311,149.485,149.989
2021-12-09 22:00:00,150.054,150.510,149.667,150.380
2021-12-12 22:00:00,150.079,150.752,149.869,150.048
2021-12-13 22:00:00,150.042,150.581,149.762,150.449
2021-12-14 22:00:00,150.449,151.305,150.271,151.234
2021-12-15 22:00:00,151.208,152.629,151.000,151.451
2021-12-16 22:00:00,151.451,151.715,150.417,150.504
2021-12-19 22:00:00,150.254,150.546,149.523,150.038
2021-12-20 22:00:00,150.076,151.409,149.891,151.338
2021-12-21 22:00:00,151.338,152.581,151.096,152.288
2021-12-22 22:00:00,152.238,153.701,152.194,153.378
2021-12-23 22:00:00,153.333,153.559,153.043,153.185
2021-12-26 22:00:00,152.928,154.454,152.928,154.370
2021-12-27 22:00:00,154.370,154.572,153.998,154.211
2021-12-28 22:00:00,154.165,155.128,154.045,155.047
2021-12-29 22:00:00,155.036,155.660,154.890,155.325
2021-12-30 22:00:00,155.342,156.009,154.985,155.624
2022-01-02 22:00:00,155.636,155.918,154.884,155.443
2022-01-03 22:00:00,155.443,157.429,155.219,157.140
2022-01-04 22:00:00,157.109,157.765,156.573,157.382
2022-01-05 22:00:00,157.347,157.469,156.083,156.710
2022-01-06 22:00:00,156.660,157.191,156.650,157.051
2022-01-09 22:00:00,156.863,157.372,155.940,156.379
2022-01-10 22:00:00,156.355,157.312,156.210,157.182
2022-01-11 22:00:00,157.177,157.706,156.753,157.029
2022-01-12 22:00:00,156.999,157.458,156.307,156.492
2022-01-13 22:00:00,156.470,156.640,155.457,156.221
2022-01-16 22:00:00,155.926,156.709,155.926,156.413
2022-01-17 22:00:00,156.413,156.904,155.470,155.772
2022-01-18 22:00:00,155.802,156.230,155.402,155.607
2022-01-19 22:00:00,155.585,156.063,155.106,155.162
2022-01-20 22:00:00,155.064,155.218,153.902,154.073
2022-01-23 22:00:00,153.896,154.489,152.903,153.703
2022-01-24 22:00:00,153.676,154.013,153.116,153.739
2022-01-25 22:00:00,153.717,154.740,153.617,154.362
2022-01-26 22:00:00,154.360,154.717,153.816,154.370
2022-01-27 22:00:00,154.297,154.957,154.088,154.350
2022-01-30 22:00:00,154.326,155.330,154.324,154.790
2022-01-31 22:00:00,154.718,155.207,154.487,155.078
2022-02-01 22:00:00,155.058,155.436,154.807,155.341
2022-02-02 22:00:00,155.395,156.502,155.041,156.313
2022-02-03 22:00:00,156.137,156.501,155.560,155.818
2022-02-06 22:00:00,156.004,156.220,155.133,155.786
2022-02-07 22:00:00,155.691,156.719,155.606,156.468
2022-02-08 22:00:00,156.426,156.853,156.194,156.342
2022-02-09 22:00:00,156.328,158.067,156.193,157.263
2022-02-10 22:00:00,157.219,157.710,155.852,156.526
2022-02-13 22:00:00,156.198,156.860,155.302,156.351
2022-02-14 22:00:00,156.192,156.829,155.961,156.476
2022-02-15 22:00:00,156.430,157.109,156.346,156.850
2022-02-16 22:00:00,156.720,156.993,156.043,156.481
2022-02-17 22:00:00,156.454,157.287,156.211,156.364
2022-02-20 22:00:00,156.109,156.742,155.979,156.037
2022-02-21 22:00:00,156.012,156.504,155.502,156.307
2022-02-22 22:00:00,156.295,156.775,155.600,155.760
2022-02-23 22:00:00,155.749,155.891,153.367,154.505
2022-02-24 22:00:00,154.518,155.179,154.152,154.925
2022-02-27 22:00:00,153.477,154.996,153.462,154.253
2022-02-28 22:00:00,154.263,154.686,152.656,153.135
2022-03-01 22:00:00,153.133,154.916,152.814,154.845
2022-03-02 22:00:00,154.814,155.228,153.865,154.102
2022-03-03 22:00:00,154.059,154.225,151.465,152.001
