datetime,open,high,low,close
2012-12-03 22:00:00,1.60944,1.61303,1.60859,1.60999
2012-12-04 22:00:00,1.60998,1.61176,1.60823,1.60914
2012-12-05 22:00:00,1.60915,1.61272,1.60354,1.60415
2012-12-06 22:00:00,1.60415,1.60604,1.60016,1.60374
2012-12-09 22:00:00,1.60335,1.60960,1.60130,1.60747
2012-12-10 22:00:00,1.60743,1.61207,1.60685,1.61145
2012-12-11 22:00:00,1.61146,1.61708,1.60943,1.61371
2012-12-12 22:00:00,1.61370,1.61527,1.60845,1.61102
2012-12-13 22:00:00,1.61101,1.61768,1.61030,1.61718
2012-12-16 22:00:00,1.61796,1.62159,1.61568,1.61981
2012-12-17 22:00:00,1.61979,1.62686,1.61948,1.62450
2012-12-18 22:00:00,1.62454,1.63061,1.62379,1.62493
2012-12-19 22:00:00,1.62496,1.62954,1.62412,1.62750
2012-12-20 22:00:00,1.62755,1.62758,1.61512,1.61686
2012-12-23 22:00:00,1.61569,1.62055,1.61006,1.61320
2012-12-25 22:00:00,1.61262,1.61701,1.61070,1.61328
2012-12-26 22:00:00,1.61335,1.62018,1.60662,1.61005
2012-12-27 22:00:00,1.61006,1.61699,1.60781,1.61455
2012-12-30 22:00:00,1.61644,1.62737,1.61331,1.62409
2012-12-31 22:00:00,1.62426,1.62569,1.62245,1.62513
2013-01-01 22:00:00,1.62517,1.63806,1.62248,1.62519
2013-01-02 22:00:00,1.62518,1.62529,1.60572,1.60825
2013-01-03 22:00:00,1.60822,1.60985,1.60099,1.60678
2013-01-06 22:00:00,1.60770,1.61275,1.60205,1.61266
2013-01-07 22:00:00,1.61265,1.61266,1.60285,1.60580
2013-01-08 22:00:00,1.60577,1.60745,1.59925,1.60164
2013-01-09 22:00:00,1.60163,1.61761,1.60038,1.61625
2013-01-10 22:00:00,1.61629,1.61699,1.60888,1.61271
2013-01-13 22:00:00,1.61277,1.61542,1.60316,1.60725
2013-01-14 22:00:00,1.60722,1.61001,1.60323,1.60597
2013-01-15 22:00:00,1.60598,1.60800,1.59752,1.59975
2013-01-16 22:00:00,1.59977,1.60388,1.59549,1.59965
2013-01-17 22:00:00,1.59964,1.59976,1.58540,1.58660
2013-01-20 22:00:00,1.58528,1.58932,1.58057,1.58349
2013-01-21 22:00:00,1.58350,1.58830,1.58092,1.58374
2013-01-22 22:00:00,1.58374,1.58916,1.58015,1.58299
2013-01-23 22:00:00,1.58298,1.58506,1.57557,1.57894
2013-01-24 22:00:00,1.57897,1.58265,1.57453,1.57955
2013-01-27 22:00:00,1.57777,1.57852,1.56742,1.56901
2013-01-28 22:00:00,1.56898,1.57732,1.56896,1.57568
2013-01-29 22:00:00,1.57568,1.58151,1.57257,1.57945
2013-01-30 22:00:00,1.57946,1.58748,1.57745,1.58587
2013-01-31 22:00:00,1.58588,1.58782,1.56897,1.56913
2013-02-03 22:00:00,1.57036,1.57713,1.56929,1.57498
2013-02-04 22:00:00,1.57498,1.58039,1.56304,1.56602
2013-02-05 22:00:00,1.56601,1.56776,1.56303,1.56626
2013-02-06 22:00:00,1.56625,1.57674,1.56447,1.57132
2013-02-07 22:00:00,1.57131,1.58430,1.57046,1.57969
2013-02-10 22:00:00,1.57896,1.58094,1.56453,1.56481
2013-02-11 22:00:00,1.56480,1.56826,1.55734,1.56777
2013-02-12 22:00:00,1.56775,1.56884,1.55236,1.55372
2013-02-13 22:00:00,1.55373,1.55423,1.54746,1.54943
2013-02-14 22:00:00,1.54944,1.55494,1.54622,1.55162
2013-02-17 22:00:00,1.54990,1.55076,1.54377,1.54687
2013-02-18 22:00:00,1.54687,1.55035,1.54141,1.54214
2013-02-19 22:00:00,1.54216,1.54501,1.51927,1.52365
2013-02-20 22:00:00,1.52368,1.52731,1.51305,1.52512
2013-02-21 22:00:00,1.52511,1.53192,1.51605,1.51605
2013-02-24 22:00:00,1.51072,1.51978,1.50868,1.51628
2013-02-25 22:00:00,1.51627,1.52183,1.51131,1.51289
2013-02-26 22:00:00,1.51290,1.51876,1.50803,1.51601
2013-02-27 22:00:00,1.51599,1.52216,1.51486,1.51669
2013-02-28 22:00:00,1.51672,1.51853,1.49857,1.50365
2013-03-03 22:00:00,1.50302,1.51162,1.50000,1.51140
2013-03-04 22:00:00,1.51140,1.51982,1.50940,1.51252
2013-03-05 22:00:00,1.51254,1.51524,1.49659,1.49826
2013-03-06 22:00:00,1.49824,1.50821,1.49673,1.50119
2013-03-07 22:00:00,1.50118,1.50468,1.48864,1.49222
2013-03-10 22:00:00,1.49077,1.49428,1.48657,1.49088
2013-03-11 22:00:00,1.49086,1.49157,1.48287,1.48969
2013-03-12 22:00:00,1.48971,1.49812,1.48921,1.49196
2013-03-13 22:00:00,1.49196,1.51183,1.49148,1.50829
2013-03-14 22:00:00,1.50828,1.51762,1.50683,1.51128
2013-03-17 22:00:00,1.51099,1.51436,1.50710,1.50934
2013-03-18 22:00:00,1.50933,1.51441,1.50729,1.50920
2013-03-19 22:00:00,1.50919,1.51858,1.50267,1.50914
2013-03-20 22:00:00,1.50915,1.52089,1.50878,1.51710
2013-03-21 22:00:00,1.51714,1.52474,1.51714,1.52269
2013-03-24 22:00:00,1.52344,1.52599,1.51433,1.51752
2013-03-25 22:00:00,1.51750,1.52070,1.51351,1.51632
2013-03-26 22:00:00,1.51631,1.51810,1.50925,1.51276
2013-03-27 22:00:00,1.51275,1.52004,1.51118,1.51908
2013-03-28 22:00:00,1.51907,1.52182,1.51771,1.51958
2013-03-31 21:00:00,1.51970,1.52414,1.51774,1.52261
2013-04-01 21:00:00,1.52261,1.52583,1.50987,1.51043
2013-04-02 21:00:00,1.51041,1.51580,1.50750,1.51320
2013-04-03 21:00:00,1.51319,1.52453,1.50332,1.52280
2013-04-04 21:00:00,1.52285,1.53630,1.51990,1.53357
2013-04-07 21:00:00,1.53294,1.53502,1.52386,1.52646
2013-04-08 21:00:00,1.52646,1.53413,1.52499,1.53187
2013-04-09 21:00:00,1.53187,1.53427,1.52924,1.53265
2013-04-10 21:00:00,1.53265,1.54113,1.53171,1.53850
2013-04-11 21:00:00,1.53845,1.54094,1.53372,1.53393
2013-04-14 21:00:00,1.53381,1.53844,1.52698,1.52918
2013-04-15 21:00:00,1.52920,1.53788,1.52725,1.53659
2013-04-16 21:00:00,1.53659,1.53688,1.52164,1.52412
2013-04-17 21:00:00,1.52410,1.53124,1.52177,1.52797
2013-04-18 21:00:00,1.52796,1.53675,1.52239,1.52288
2013-04-21 21:00:00,1.52311,1.52952,1.52035,1.52875
2013-04-22 21:00:00,1.52869,1.52973,1.51963,1.52363
2013-04-23 21:00:00,1.52362,1.52871,1.52261,1.52651
2013-04-24 21:00:00,1.52652,1.54800,1.52645,1.54341
2013-04-25 21:00:00,1.54341,1.54984,1.54185,1.54746
2013-04-28 21:00:00,1.54835,1.55456,1.54766,1.54932
2013-04-29 21:00:00,1.54932,1.55673,1.54675,1.55351
2013-04-30 21:00:00,1.55353,1.56051,1.55259,1.55541
2013-05-01 21:00:00,1.55546,1.55904,1.54963,1.55324
2013-05-02 21:00:00,1.55324,1.56014,1.54808,1.55683
2013-05-05 21:00:00,1.55658,1.55976,1.55206,1.55393
2013-05-06 21:00:00,1.55395,1.55518,1.54469,1.54811
2013-05-07 21:00:00,1.54811,1.55911,1.54703,1.55407
2013-05-08 21:00:00,1.55407,1.55875,1.54256,1.54473
2013-05-09 21:00:00,1.54473,1.54571,1.53139,1.53579
2013-05-12 21:00:00,1.53552,1.53845,1.52776,1.53021
2013-05-13 21:00:00,1.53024,1.53306,1.52063,1.52179
2013-05-14 21:00:00,1.52189,1.52727,1.51737,1.52252
2013-05-15 21:00:00,1.52247,1.53223,1.51977,1.52735
2013-05-16 21:00:00,1.52737,1.52810,1.51580,1.51666
2013-05-19 21:00:00,1.51860,1.52807,1.51656,1.52575
2013-05-20 21:00:00,1.52576,1.52761,1.51124,1.51500
2013-05-21 21:00:00,1.51504,1.51732,1.50196,1.50428
2013-05-22 21:00:00,1.50428,1.51281,1.50138,1.51082
2013-05-23 21:00:00,1.51078,1.51421,1.50636,1.51195
2013-05-26 21:00:00,1.51295,1.51558,1.50868,1.51105
2013-05-27 21:00:00,1.51098,1.51345,1.50268,1.50351
2013-05-28 21:00:00,1.50352,1.51455,1.50081,1.51279
2013-05-29 21:00:00,1.51272,1.52370,1.51102,1.52328
2013-05-30 21:00:00,1.52328,1.52393,1.51400,1.51938
2013-06-02 21:00:00,1.51975,1.53748,1.51919,1.53179
2013-06-03 21:00:00,1.53180,1.53425,1.52732,1.53150
2013-06-04 21:00:00,1.53150,1.54084,1.52917,1.54058
2013-06-05 21:00:00,1.54043,1.56833,1.53811,1.55994
2013-06-06 21:00:00,1.55993,1.56171,1.54881,1.55552
2013-06-09 21:00:00,1.55159,1.55854,1.54947,1.55715
2013-06-10 21:00:00,1.55713,1.56526,1.55207,1.56445
2013-06-11 21:00:00,1.56447,1.56995,1.56330,1.56786
2013-06-12 21:00:00,1.56786,1.57360,1.56442,1.57189
2013-06-13 21:00:00,1.57185,1.57188,1.56160,1.57008
2013-06-16 21:00:00,1.57109,1.57510,1.56804,1.57172
2013-06-17 21:00:00,1.57174,1.57219,1.55650,1.56392
2013-06-18 21:00:00,1.56395,1.56769,1.54495,1.54875
2013-06-19 21:00:00,1.54875,1.55164,1.54144,1.55036
2013-06-20 21:00:00,1.55041,1.55302,1.53680,1.54144
2013-06-23 21:00:00,1.53939,1.54652,1.53435,1.54359
2013-06-24 21:00:00,1.54353,1.54771,1.53972,1.54237
2013-06-25 21:00:00,1.54237,1.54401,1.52975,1.53138
2013-06-26 21:00:00,1.53137,1.53455,1.52016,1.52584
2013-06-27 21:00:00,1.52583,1.52784,1.51654,1.52112
2013-06-30 21:00:00,1.52068,1.52483,1.51832,1.52163
2013-07-01 21:00:00,1.52162,1.52377,1.51361,1.51528
2013-07-02 21:00:00,1.51527,1.53042,1.51297,1.52789
2013-07-03 21:00:00,1.52788,1.52828,1.50557,1.50714
2013-07-04 21:00:00,1.50717,1.50778,1.48595,1.48827
2013-07-07 21:00:00,1.48777,1.49656,1.48581,1.49484
2013-07-08 21:00:00,1.49481,1.49804,1.48133,1.48649
2013-07-09 21:00:00,1.48655,1.50665,1.48447,1.50622
2013-07-10 21:00:00,1.50621,1.52219,1.50338,1.51832
2013-07-11 21:00:00,1.51821,1.51886,1.50757,1.51036
2013-07-14 21:00:00,1.51083,1.51262,1.50274,1.50999
2013-07-15 21:00:00,1.51001,1.51685,1.50445,1.51470
2013-07-16 21:00:00,1.51468,1.52673,1.50787,1.52132
2013-07-17 21:00:00,1.52133,1.52419,1.51576,1.52278
2013-07-18 21:00:00,1.52278,1.52816,1.51962,1.52590
2013-07-21 21:00:00,1.52611,1.53839,1.52574,1.53563
2013-07-22 21:00:00,1.53565,1.53915,1.53259,1.53725
2013-07-23 21:00:00,1.53728,1.53897,1.52890,1.53151
2013-07-24 21:00:00,1.53166,1.54351,1.52634,1.53822
2013-07-25 21:00:00,1.53822,1.54161,1.53557,1.53779
2013-07-28 21:00:00,1.53839,1.54134,1.53286,1.53408
2013-07-29 21:00:00,1.53408,1.53535,1.52233,1.52373
2013-07-30 21:00:00,1.52374,1.52534,1.51257,1.51975
2013-07-31 21:00:00,1.52037,1.52424,1.51099,1.51176
2013-08-01 21:00:00,1.51176,1.53087,1.51024,1.52863
2013-08-04 21:00:00,1.52828,1.53783,1.52588,1.53542
2013-08-05 21:00:00,1.53542,1.53915,1.53315,1.53486
2013-08-06 21:00:00,1.53493,1.55308,1.52048,1.54882
2013-08-07 21:00:00,1.54886,1.55740,1.54847,1.55366
2013-08-08 21:00:00,1.55364,1.55584,1.54966,1.54966
2013-08-11 21:00:00,1.55027,1.55222,1.54566,1.54612
2013-08-12 21:00:00,1.54612,1.55118,1.54269,1.54464
2013-08-13 21:00:00,1.54473,1.55467,1.54220,1.55028
2013-08-14 21:00:00,1.55028,1.56517,1.55018,1.56434
2013-08-15 21:00:00,1.56434,1.56564,1.56073,1.56223
2013-08-18 21:00:00,1.56296,1.56731,1.56091,1.56467
2013-08-19 21:00:00,1.56469,1.56955,1.56284,1.56621
2013-08-20 21:00:00,1.56629,1.57170,1.56373,1.56560
2013-08-21 21:00:00,1.56560,1.56594,1.55626,1.55840
2013-08-22 21:00:00,1.55840,1.56372,1.55385,1.55662
2013-08-25 21:00:00,1.55752,1.56117,1.55563,1.55777
2013-08-26 21:00:00,1.55782,1.55922,1.54815,1.55432
2013-08-27 21:00:00,1.55436,1.55524,1.54280,1.55250
2013-08-28 21:00:00,1.55254,1.55480,1.54823,1.55011
2013-08-29 21:00:00,1.55015,1.55276,1.54629,1.54912
2013-09-01 21:00:00,1.55180,1.55931,1.55054,1.55461
2013-09-02 21:00:00,1.55462,1.56026,1.55220,1.55581
2013-09-03 21:00:00,1.55591,1.56471,1.55556,1.56228
2013-09-04 21:00:00,1.56229,1.56668,1.55728,1.55873
2013-09-05 21:00:00,1.55879,1.56808,1.55630,1.56266
2013-09-08 21:00:00,1.56275,1.57321,1.56258,1.56935
2013-09-09 21:00:00,1.56933,1.57439,1.56853,1.57312
2013-09-10 21:00:00,1.57312,1.58287,1.57184,1.58228
2013-09-11 21:00:00,1.58226,1.58391,1.57763,1.58067
2013-09-12 21:00:00,1.58068,1.58844,1.57761,1.58729
2013-09-15 21:00:00,1.59318,1.59626,1.58943,1.58965
2013-09-16 21:00:00,1.58966,1.59358,1.58857,1.59061
2013-09-17 21:00:00,1.59061,1.61624,1.58922,1.61338
2013-09-18 21:00:00,1.61342,1.61467,1.60225,1.60291
2013-09-19 21:00:00,1.60291,1.60665,1.59864,1.60016
2013-09-22 21:00:00,1.59987,1.60720,1.59978,1.60408
2013-09-23 21:00:00,1.60408,1.60435,1.59550,1.60009
2013-09-24 21:00:00,1.60013,1.60877,1.59792,1.60772
2013-09-25 21:00:00,1.60773,1.60959,1.59992,1.60373
2013-09-26 21:00:00,1.60374,1.61466,1.60296,1.61366
2013-09-29 21:00:00,1.61419,1.62024,1.61280,1.61837
2013-09-30 21:00:00,1.61838,1.62599,1.61823,1.61905
2013-10-01 21:00:00,1.61905,1.62502,1.61623,1.62289
2013-10-02 21:00:00,1.62288,1.62405,1.61540,1.61581
2013-10-03 21:00:00,1.61582,1.61775,1.60054,1.60055
2013-10-06 21:00:00,1.60253,1.60995,1.60251,1.60884
2013-10-07 21:00:00,1.60884,1.61237,1.60196,1.60831
2013-10-08 21:00:00,1.60831,1.61209,1.59160,1.59522
2013-10-09 21:00:00,1.59528,1.59783,1.59137,1.59712
2013-10-10 21:00:00,1.59712,1.60015,1.59233,1.59459
2013-10-13 21:00:00,1.59668,1.60179,1.59541,1.59801
2013-10-14 21:00:00,1.59799,1.60086,1.59149,1.59965
2013-10-15 21:00:00,1.59964,1.60578,1.58938,1.59550
2013-10-16 21:00:00,1.59553,1.61718,1.59398,1.61602
2013-10-17 21:00:00,1.61607,1.62247,1.61416,1.61638
2013-10-20 21:00:00,1.61712,1.61806,1.61320,1.61429
2013-10-21 21:00:00,1.61444,1.62476,1.61154,1.62293
2013-10-22 21:00:00,1.62289,1.62562,1.61196,1.61642
2013-10-23 21:00:00,1.61638,1.62226,1.61374,1.62010
2013-10-24 21:00:00,1.62013,1.62467,1.61502,1.61619
2013-10-27 22:00:00,1.61729,1.62079,1.61242,1.61364
2013-10-28 22:00:00,1.61364,1.61439,1.60234,1.60508
2013-10-29 22:00:00,1.60504,1.60779,1.59984,1.60264
2013-10-30 22:00:00,1.60270,1.60683,1.60056,1.60427
2013-10-31 22:00:00,1.60429,1.60462,1.59086,1.59214
2013-11-03 22:00:00,1.59270,1.59782,1.59032,1.59636
2013-11-04 22:00:00,1.59637,1.60624,1.59482,1.60454
2013-11-05 22:00:00,1.60458,1.61175,1.60414,1.60812
2013-11-06 22:00:00,1.60812,1.61136,1.60096,1.60942
2013-11-07 22:00:00,1.60940,1.61047,1.59569,1.60126
2013-11-10 22:00:00,1.60072,1.60215,1.59653,1.59867
2013-11-11 22:00:00,1.59870,1.59921,1.58539,1.58952
2013-11-12 22:00:00,1.58949,1.60673,1.58779,1.60414
2013-11-13 22:00:00,1.60418,1.61010,1.59885,1.60617
2013-11-14 22:00:00,1.60615,1.61340,1.60481,1.61142
2013-11-17 22:00:00,1.61197,1.61484,1.60814,1.61091
2013-11-18 22:00:00,1.61089,1.61320,1.60593,1.61164
2013-11-19 22:00:00,1.61164,1.61778,1.60872,1.61018
2013-11-20 22:00:00,1.61010,1.62020,1.60721,1.61933
2013-11-21 22:00:00,1.61933,1.62252,1.61766,1.62212
2013-11-24 22:00:00,1.62351,1.62401,1.61333,1.61623
2013-11-25 22:00:00,1.61613,1.62189,1.61388,1.62107
2013-11-26 22:00:00,1.62108,1.63302,1.61973,1.62863
2013-11-27 22:00:00,1.62863,1.63573,1.62766,1.63363
2013-11-28 22:00:00,1.63363,1.63841,1.63142,1.63611
2013-12-01 22:00:00,1.63739,1.64423,1.63429,1.63500
2013-12-02 22:00:00,1.63506,1.64365,1.63464,1.63851
2013-12-03 22:00:00,1.63850,1.64034,1.63263,1.63785
2013-12-04 22:00:00,1.63784,1.64034,1.63001,1.63392
2013-12-05 22:00:00,1.63392,1.63931,1.62916,1.63454
2013-12-08 22:00:00,1.63460,1.64322,1.63232,1.64223
2013-12-09 22:00:00,1.64218,1.64652,1.64185,1.64460
2013-12-10 22:00:00,1.64461,1.64573,1.63390,1.63753
2013-12-11 22:00:00,1.63756,1.64178,1.63205,1.63428
2013-12-12 22:00:00,1.63428,1.63597,1.62623,1.62914
2013-12-15 22:00:00,1.63055,1.63485,1.62893,1.62970
2013-12-16 22:00:00,1.62972,1.63355,1.62175,1.62728
2013-12-17 22:00:00,1.62724,1.64841,1.62691,1.63827
2013-12-18 22:00:00,1.63827,1.63955,1.63353,1.63640
2013-12-19 22:00:00,1.63640,1.63944,1.63157,1.63279
2013-12-22 22:00:00,1.63273,1.63747,1.63215,1.63464
2013-12-23 22:00:00,1.63461,1.63811,1.63219,1.63694
2013-12-25 22:00:00,1.63793,1.64378,1.63707,1.64137
2013-12-26 22:00:00,1.64139,1.65775,1.64054,1.64787
2013-12-29 22:00:00,1.64883,1.65325,1.64597,1.64930
2013-12-30 22:00:00,1.64927,1.65778,1.64742,1.65649
2013-12-31 22:00:00,1.65623,1.65759,1.65580,1.65759
2014-01-01 22:00:00,1.65744,1.66030,1.64106,1.64442
2014-01-02 22:00:00,1.64442,1.64738,1.63952,1.64151
2014-01-05 22:00:00,1.64109,1.64334,1.63374,1.64145
2014-01-06 22:00:00,1.64141,1.64381,1.63739,1.64003
2014-01-07 22:00:00,1.64001,1.64715,1.63765,1.64427
2014-01-08 22:00:00,1.64425,1.64973,1.64409,1.64734
2014-01-09 22:00:00,1.64734,1.65169,1.63804,1.64784
2014-01-12 22:00:00,1.64867,1.65078,1.63465,1.63817
2014-01-13 22:00:00,1.63817,1.64641,1.63670,1.64350
2014-01-14 22:00:00,1.64350,1.64391,1.63222,1.63678
2014-01-15 22:00:00,1.63679,1.63829,1.63147,1.63504
2014-01-16 22:00:00,1.63506,1.64583,1.63090,1.64226
2014-01-19 22:00:00,1.64148,1.64519,1.63953,1.64278
2014-01-20 22:00:00,1.64271,1.64853,1.63991,1.64746
2014-01-21 22:00:00,1.64744,1.65865,1.64504,1.65683
2014-01-22 22:00:00,1.65679,1.66428,1.65566,1.66379
2014-01-23 22:00:00,1.66378,1.66680,1.64768,1.64768
2014-01-26 22:00:00,1.64754,1.65875,1.64743,1.65783
2014-01-27 22:00:00,1.65783,1.66250,1.65355,1.65637
2014-01-28 22:00:00,1.65639,1.66063,1.65253,1.65555
2014-01-29 22:00:00,1.65553,1.65639,1.64447,1.64925
2014-01-30 22:00:00,1.64925,1.64978,1.64271,1.64343
2014-02-02 22:00:00,1.64296,1.64407,1.62898,1.63083
2014-02-03 22:00:00,1.63088,1.63442,1.62569,1.63240
2014-02-04 22:00:00,1.63236,1.63406,1.62519,1.63116
2014-02-05 22:00:00,1.63116,1.63483,1.62724,1.63178
2014-02-06 22:00:00,1.63178,1.64177,1.63005,1.64101
2014-02-09 22:00:00,1.64080,1.64269,1.63829,1.64045
2014-02-10 22:00:00,1.64046,1.64871,1.63921,1.64489
2014-02-11 22:00:00,1.64487,1.66180,1.64254,1.66108
2014-02-12 22:00:00,1.66098,1.66730,1.65999,1.66557
2014-02-13 22:00:00,1.66558,1.67555,1.66439,1.67466
2014-02-16 22:00:00,1.67579,1.68223,1.66954,1.67133
2014-02-17 22:00:00,1.67127,1.67410,1.66556,1.66786
2014-02-18 22:00:00,1.66798,1.67335,1.66367,1.66791
2014-02-19 22:00:00,1.66797,1.66996,1.66255,1.66528
2014-02-20 22:00:00,1.66512,1.67247,1.66125,1.66145
2014-02-23 22:00:00,1.66323,1.66787,1.65831,1.66557
2014-02-24 22:00:00,1.66553,1.67266,1.66424,1.66769
2014-02-25 22:00:00,1.66772,1.67013,1.66215,1.66657
2014-02-26 22:00:00,1.66657,1.66989,1.66166,1.66880
2014-02-27 22:00:00,1.66877,1.67684,1.66759,1.67398
2014-03-02 22:00:00,1.67414,1.67509,1.66532,1.66633
2014-03-03 22:00:00,1.66632,1.67164,1.66403,1.66584
2014-03-04 22:00:00,1.66582,1.67416,1.66563,1.67213
2014-03-05 22:00:00,1.67212,1.67771,1.66852,1.67382
2014-03-06 22:00:00,1.67379,1.67855,1.67064,1.67114
2014-03-09 22:00:00,1.67210,1.67410,1.66216,1.66448
2014-03-10 22:00:00,1.66450,1.66529,1.65960,1.66178
2014-03-11 22:00:00,1.66178,1.66356,1.65681,1.66217
2014-03-12 22:00:00,1.66217,1.67180,1.66064,1.66236
2014-03-13 22:00:00,1.66236,1.66489,1.65869,1.66464
2014-03-16 22:00:00,1.66344,1.66657,1.66044,1.66351
2014-03-17 22:00:00,1.66351,1.66475,1.65455,1.65953
2014-03-18 22:00:00,1.65952,1.66542,1.65079,1.65338
2014-03-19 22:00:00,1.65341,1.65681,1.64798,1.65062
2014-03-20 22:00:00,1.65062,1.65201,1.64752,1.64852
2014-03-23 22:00:00,1.64853,1.65360,1.64652,1.64961
2014-03-24 22:00:00,1.64946,1.65492,1.64810,1.65327
2014-03-25 22:00:00,1.65327,1.65966,1.65093,1.65760
2014-03-26 22:00:00,1.65762,1.66466,1.65549,1.66075
2014-03-27 22:00:00,1.66075,1.66511,1.65988,1.66378
2014-03-30 21:00:00,1.66422,1.66837,1.66112,1.66630
2014-03-31 21:00:00,1.66629,1.66747,1.66182,1.66307
2014-04-01 21:00:00,1.66307,1.66637,1.66199,1.66248
2014-04-02 21:00:00,1.66248,1.66605,1.65700,1.65941
2014-04-03 21:00:00,1.65941,1.66055,1.65536,1.65712
2014-04-06 21:00:00,1.65713,1.66237,1.65654,1.66084
2014-04-07 21:00:00,1.66084,1.67545,1.66064,1.67481
2014-04-08 21:00:00,1.67479,1.68000,1.67241,1.67905
2014-04-09 21:00:00,1.67907,1.68201,1.67541,1.67834
2014-04-10 21:00:00,1.67833,1.67869,1.67171,1.67304
2014-04-13 21:00:00,1.67369,1.67435,1.66965,1.67238
2014-04-14 21:00:00,1.67243,1.67489,1.66600,1.67284
2014-04-15 21:00:00,1.67284,1.68177,1.67199,1.67964
2014-04-16 21:00:00,1.67962,1.68417,1.67866,1.67923
2014-04-17 21:00:00,1.67930,1.68013,1.67739,1.67886
2014-04-20 21:00:00,1.68009,1.68184,1.67828,1.67930
2014-04-21 21:00:00,1.67930,1.68390,1.67856,1.68237
2014-04-22 21:00:00,1.68239,1.68357,1.67623,1.67795
2014-04-23 21:00:00,1.67794,1.68061,1.67650,1.68011
2014-04-24 21:00:00,1.68011,1.68295,1.67897,1.67977
2014-04-27 21:00:00,1.68025,1.68574,1.67772,1.68080
2014-04-28 21:00:00,1.68078,1.68467,1.67927,1.68261
2014-04-29 21:00:00,1.68254,1.69006,1.68069,1.68741
2014-04-30 21:00:00,1.68739,1.69195,1.68713,1.68881
2014-05-01 21:00:00,1.68881,1.68949,1.68215,1.68685
2014-05-04 21:00:00,1.68743,1.68823,1.68532,1.68679
2014-05-05 21:00:00,1.68675,1.69961,1.68659,1.69726
2014-05-06 21:00:00,1.69726,1.69859,1.69510,1.69543
2014-05-07 21:00:00,1.69542,1.69752,1.69234,1.69311
2014-05-08 21:00:00,1.69310,1.69379,1.68317,1.68472
2014-05-11 21:00:00,1.68469,1.69029,1.68466,1.68677
2014-05-12 21:00:00,1.68675,1.68830,1.68186,1.68264
2014-05-13 21:00:00,1.68266,1.68744,1.67535,1.67659
2014-05-14 21:00:00,1.67658,1.68059,1.67316,1.67890
2014-05-15 21:00:00,1.67887,1.68386,1.67832,1.68100
2014-05-18 21:00:00,1.68227,1.68445,1.68049,1.68139
2014-05-19 21:00:00,1.68138,1.68639,1.68019,1.68379
2014-05-20 21:00:00,1.68378,1.69201,1.68318,1.68987
2014-05-21 21:00:00,1.68988,1.69172,1.68514,1.68665
2014-05-22 21:00:00,1.68670,1.68751,1.68125,1.68300
2014-05-25 21:00:00,1.68337,1.68524,1.68260,1.68402
2014-05-26 21:00:00,1.68402,1.68816,1.67823,1.68099
2014-05-27 21:00:00,1.68098,1.68153,1.66971,1.67107
2014-05-28 21:00:00,1.67107,1.67401,1.66925,1.67165
2014-05-29 21:00:00,1.67165,1.67770,1.67151,1.67505
2014-06-01 21:00:00,1.67599,1.67612,1.67249,1.67466
2014-06-02 21:00:00,1.67461,1.67821,1.67305,1.67486
2014-06-03 21:00:00,1.67484,1.67681,1.66988,1.67356
2014-06-04 21:00:00,1.67353,1.68249,1.67224,1.68138
2014-06-05 21:00:00,1.68138,1.68454,1.67807,1.67997
2014-06-08 21:00:00,1.68083,1.68321,1.67838,1.68019
2014-06-09 21:00:00,1.68014,1.68171,1.67425,1.67539
2014-06-10 21:00:00,1.67537,1.68102,1.67378,1.67896
2014-06-11 21:00:00,1.67895,1.69352,1.67870,1.69251
2014-06-12 21:00:00,1.69247,1.69913,1.69215,1.69634
2014-06-15 21:00:00,1.69752,1.70106,1.69592,1.69799
2014-06-16 21:00:00,1.69798,1.69890,1.69376,1.69615
2014-06-17 21:00:00,1.69612,1.70021,1.69195,1.69914
2014-06-18 21:00:00,1.69913,1.70626,1.69843,1.70390
2014-06-19 21:00:00,1.70395,1.70602,1.70027,1.70138
2014-06-22 21:00:00,1.70210,1.70491,1.70014,1.70266
2014-06-23 21:00:00,1.70264,1.70317,1.69656,1.69834
2014-06-24 21:00:00,1.69836,1.70041,1.69521,1.69812
2014-06-25 21:00:00,1.69815,1.70398,1.69708,1.70249
2014-06-26 21:00:00,1.70249,1.70512,1.70065,1.70312
2014-06-29 21:00:00,1.70341,1.71136,1.70085,1.71085
2014-06-30 21:00:00,1.71086,1.71648,1.70946,1.71478
2014-07-01 21:00:00,1.71477,1.71750,1.71389,1.71626
2014-07-02 21:00:00,1.71627,1.71637,1.71057,1.71514
2014-07-03 21:00:00,1.71515,1.71789,1.71310,1.71595
2014-07-06 21:00:00,1.71625,1.71630,1.71080,1.71308
2014-07-07 21:00:00,1.71312,1.71468,1.70849,1.71295
2014-07-08 21:00:00,1.71293,1.71600,1.70937,1.71556
2014-07-09 21:00:00,1.71554,1.71669,1.71046,1.71311
2014-07-10 21:00:00,1.71312,1.71502,1.70885,1.71098
2014-07-13 21:00:00,1.71206,1.71441,1.70698,1.70847
2014-07-14 21:00:00,1.70845,1.71898,1.70593,1.71420
2014-07-15 21:00:00,1.71419,1.71511,1.71132,1.71375
2014-07-16 21:00:00,1.71373,1.71433,1.70853,1.71007
2014-07-17 21:00:00,1.71004,1.71175,1.70360,1.70760
2014-07-20 21:00:00,1.70810,1.70989,1.70552,1.70722
2014-07-21 21:00:00,1.70722,1.70825,1.70412,1.70643
2014-07-22 21:00:00,1.70641,1.70949,1.70237,1.70391
2014-07-23 21:00:00,1.70384,1.70531,1.69659,1.69868
2014-07-24 21:00:00,1.69856,1.69977,1.69607,1.69734
2014-07-27 21:00:00,1.69762,1.70007,1.69721,1.69827
2014-07-28 21:00:00,1.69821,1.69945,1.69330,1.69434
2014-07-29 21:00:00,1.69429,1.69548,1.68888,1.69107
2014-07-30 21:00:00,1.69109,1.69264,1.68562,1.68831
2014-07-31 21:00:00,1.68830,1.68923,1.68027,1.68215
2014-08-03 21:00:00,1.68237,1.68643,1.68135,1.68592
2014-08-04 21:00:00,1.68592,1.68883,1.68447,1.68819
2014-08-05 21:00:00,1.68822,1.68833,1.68213,1.68513
2014-08-06 21:00:00,1.68514,1.68635,1.68231,1.68325
2014-08-07 21:00:00,1.68325,1.68335,1.67663,1.67685
2014-08-10 21:00:00,1.67736,1.67954,1.67701,1.67868
2014-08-11 21:00:00,1.67870,1.68155,1.67566,1.68101
2014-08-12 21:00:00,1.68100,1.68445,1.66850,1.66890
2014-08-13 21:00:00,1.66885,1.66966,1.66571,1.66843
2014-08-14 21:00:00,1.66844,1.67013,1.66764,1.66861
2014-08-17 21:00:00,1.67152,1.67371,1.67121,1.67266
2014-08-18 21:00:00,1.67265,1.67273,1.66109,1.66151
2014-08-19 21:00:00,1.66153,1.66785,1.65894,1.65935
2014-08-20 21:00:00,1.65933,1.66012,1.65637,1.65788
2014-08-21 21:00:00,1.65786,1.65975,1.65609,1.65649
2014-08-24 21:00:00,1.65417,1.65980,1.65388,1.65701
2014-08-25 21:00:00,1.65700,1.65950,1.65381,1.65411
2014-08-26 21:00:00,1.65407,1.66049,1.65366,1.65737
2014-08-27 21:00:00,1.65737,1.66132,1.65669,1.65883
2014-08-28 21:00:00,1.65881,1.66131,1.65624,1.65971
2014-08-31 21:00:00,1.65895,1.66435,1.65855,1.66083
2014-09-01 21:00:00,1.66083,1.66147,1.64674,1.64693
2014-09-02 21:00:00,1.64693,1.64972,1.64398,1.64597
2014-09-03 21:00:00,1.64593,1.64656,1.63061,1.63165
2014-09-04 21:00:00,1.63162,1.63405,1.62806,1.63262
2014-09-07 21:00:00,1.61865,1.62328,1.60928,1.60929
2014-09-08 21:00:00,1.60938,1.61568,1.60591,1.61046
2014-09-09 21:00:00,1.61044,1.62298,1.60520,1.62011
2014-09-10 21:00:00,1.62026,1.62770,1.61852,1.62738
2014-09-11 21:00:00,1.62738,1.62738,1.62046,1.62630
2014-09-14 21:00:00,1.62698,1.62731,1.62209,1.62266
2014-09-15 21:00:00,1.62274,1.63118,1.61621,1.62702
2014-09-16 21:00:00,1.62702,1.63583,1.62489,1.62585
2014-09-17 21:00:00,1.62582,1.64595,1.62465,1.64381
2014-09-18 21:00:00,1.64394,1.65244,1.62838,1.62876
2014-09-21 21:00:00,1.62905,1.63678,1.62897,1.63620
2014-09-22 21:00:00,1.63617,1.64156,1.63029,1.63901
2014-09-23 21:00:00,1.63897,1.64134,1.63274,1.63364
2014-09-24 21:00:00,1.63365,1.63418,1.62763,1.63177
2014-09-25 21:00:00,1.63177,1.63329,1.62379,1.62416
2014-09-28 21:00:00,1.62383,1.62745,1.62143,1.62422
2014-09-29 21:00:00,1.62420,1.62873,1.61664,1.62149
2014-09-30 21:00:00,1.62149,1.62521,1.61618,1.61826
2014-10-01 21:00:00,1.61825,1.62500,1.61126,1.61496
2014-10-02 21:00:00,1.61496,1.61591,1.59518,1.59672
2014-10-05 21:00:00,1.59683,1.60993,1.59542,1.60816
2014-10-06 21:00:00,1.60815,1.61291,1.60260,1.60968
2014-10-07 21:00:00,1.60965,1.61816,1.60319,1.61591
2014-10-08 21:00:00,1.61590,1.62268,1.61045,1.61190
2014-10-09 21:00:00,1.61190,1.61358,1.60086,1.60756
2014-10-12 21:00:00,1.60681,1.61267,1.60509,1.60739
2014-10-13 21:00:00,1.60740,1.60801,1.58974,1.59047
2014-10-14 21:00:00,1.59047,1.60692,1.58750,1.60015
2014-10-15 21:00:00,1.60015,1.60967,1.59412,1.60740
2014-10-16 21:00:00,1.60739,1.61252,1.60296,1.60915
2014-10-19 21:00:00,1.60935,1.61787,1.60795,1.61587
2014-10-20 21:00:00,1.61585,1.61838,1.61087,1.61167
2014-10-21 21:00:00,1.61165,1.61303,1.60109,1.60417
2014-10-22 21:00:00,1.60417,1.60596,1.59940,1.60278
2014-10-23 21:00:00,1.60276,1.60979,1.60163,1.60832
2014-10-26 22:00:00,1.60927,1.61465,1.60858,1.61118
2014-10-27 22:00:00,1.61118,1.61820,1.60882,1.61339
2014-10-28 22:00:00,1.61341,1.61611,1.60024,1.60140
2014-10-29 22:00:00,1.60142,1.60380,1.59505,1.59930
2014-10-30 22:00:00,1.59932,1.60107,1.59414,1.59930
2014-11-02 22:00:00,1.59725,1.60212,1.59259,1.59773
2014-11-03 22:00:00,1.59768,1.60157,1.59646,1.60045
2014-11-04 22:00:00,1.60046,1.60212,1.58684,1.59602
2014-11-05 22:00:00,1.59605,1.60015,1.58238,1.58340
2014-11-06 22:00:00,1.58340,1.58860,1.57893,1.58700
2014-11-09 22:00:00,1.58809,1.59169,1.58391,1.58451
2014-11-10 22:00:00,1.58448,1.59441,1.58347,1.59155
2014-11-11 22:00:00,1.59155,1.59404,1.57593,1.57658
2014-11-12 22:00:00,1.57651,1.57808,1.56934,1.57049
2014-11-13 22:00:00,1.57049,1.57076,1.55926,1.56672
2014-11-16 22:00:00,1.56657,1.57350,1.56193,1.56344
2014-11-17 22:00:00,1.56348,1.56786,1.56192,1.56210
2014-11-18 22:00:00,1.56210,1.57208,1.55897,1.56801
2014-11-19 22:00:00,1.56802,1.57367,1.56315,1.56924
2014-11-20 22:00:00,1.56917,1.57132,1.56254,1.56553
2014-11-23 22:00:00,1.56361,1.57143,1.56279,1.57036
2014-11-24 22:00:00,1.57067,1.57351,1.56483,1.57061
2014-11-25 22:00:00,1.57078,1.58052,1.56787,1.57896
2014-11-26 22:00:00,1.57885,1.58255,1.57162,1.57347
2014-11-27 22:00:00,1.57348,1.57388,1.56137,1.56389
2014-11-30 22:00:00,1.56405,1.57634,1.55846,1.57291
2014-12-01 22:00:00,1.57292,1.57422,1.56314,1.56369
2014-12-02 22:00:00,1.56347,1.57192,1.56190,1.56824
2014-12-03 22:00:00,1.56859,1.57254,1.56428,1.56723
2014-12-04 22:00:00,1.56720,1.56949,1.55685,1.55763
2014-12-07 22:00:00,1.55576,1.56787,1.55411,1.56507
2014-12-08 22:00:00,1.56450,1.57167,1.56255,1.56624
2014-12-09 22:00:00,1.56658,1.57189,1.56470,1.57102
2014-12-10 22:00:00,1.57152,1.57566,1.56520,1.57185
2014-12-11 22:00:00,1.57318,1.57463,1.56942,1.57159
2014-12-14 22:00:00,1.57144,1.57464,1.56011,1.56312
2014-12-15 22:00:00,1.56356,1.57852,1.56079,1.57477
2014-12-16 22:00:00,1.57465,1.57520,1.55408,1.55722
2014-12-17 22:00:00,1.55610,1.56772,1.55488,1.56678
2014-12-18 22:00:00,1.56674,1.56820,1.56050,1.56167
2014-12-21 22:00:00,1.56251,1.56651,1.55726,1.55887
2014-12-22 22:00:00,1.55887,1.56078,1.54854,1.55200
2014-12-23 22:00:00,1.55200,1.55569,1.55037,1.55500
2014-12-25 22:00:00,1.55576,1.55664,1.55365,1.55499
2014-12-28 22:00:00,1.55588,1.55853,1.55068,1.55142
2014-12-29 22:00:00,1.55110,1.55733,1.55004,1.55586
2014-12-30 22:00:00,1.55582,1.56202,1.55490,1.55801
2015-01-01 22:00:00,1.55440,1.55467,1.53242,1.53244
2015-01-04 22:00:00,1.52995,1.53184,1.51718,1.52483
2015-01-05 22:00:00,1.52482,1.52729,1.51404,1.51485
2015-01-06 22:00:00,1.51485,1.51546,1.50543,1.51084
2015-01-07 22:00:00,1.51083,1.51166,1.50336,1.50882
2015-01-08 22:00:00,1.50882,1.51738,1.50764,1.51571
2015-01-11 22:00:00,1.51768,1.51929,1.50982,1.51694
2015-01-12 22:00:00,1.51697,1.51908,1.50769,1.51582
2015-01-13 22:00:00,1.51582,1.52678,1.51443,1.52320
2015-01-14 22:00:00,1.52321,1.52665,1.51494,1.51805
2015-01-15 22:00:00,1.51813,1.52336,1.50745,1.51450
2015-01-18 22:00:00,1.51274,1.51780,1.51079,1.51098
2015-01-19 22:00:00,1.51107,1.51985,1.50577,1.51417
2015-01-20 22:00:00,1.51421,1.51779,1.50751,1.51399
2015-01-21 22:00:00,1.51397,1.52114,1.49714,1.50076
2015-01-22 22:00:00,1.50087,1.50346,1.49503,1.49876
2015-01-25 22:00:00,1.50079,1.51026,1.49858,1.50758
2015-01-26 22:00:00,1.50751,1.52227,1.50590,1.51958
2015-01-27 22:00:00,1.51919,1.52185,1.51302,1.51364
2015-01-28 22:00:00,1.51349,1.51616,1.50176,1.50642
2015-01-29 22:00:00,1.50626,1.50950,1.49882,1.50619
2015-02-01 22:00:00,1.50933,1.50982,1.50048,1.50373
2015-02-02 22:00:00,1.50380,1.51969,1.49883,1.51650
2015-02-03 22:00:00,1.51650,1.52499,1.51382,1.51801
2015-02-04 22:00:00,1.51805,1.53427,1.51642,1.53264
2015-02-05 22:00:00,1.53263,1.53516,1.52103,1.52250
2015-02-08 22:00:00,1.52265,1.52662,1.52000,1.52136
2015-02-09 22:00:00,1.52134,1.52746,1.51959,1.52530
2015-02-10 22:00:00,1.52530,1.52988,1.52184,1.52358
2015-02-11 22:00:00,1.52351,1.54127,1.52088,1.53825
2015-02-12 22:00:00,1.53824,1.54215,1.53705,1.53928
2015-02-15 22:00:00,1.54178,1.54396,1.53385,1.53613
2015-02-16 22:00:00,1.53607,1.54013,1.53156,1.53518
2015-02-17 22:00:00,1.53517,1.54777,1.53410,1.54344
2015-02-18 22:00:00,1.54345,1.54649,1.54040,1.54134
2015-02-19 22:00:00,1.54124,1.54333,1.53430,1.53983
2015-02-22 22:00:00,1.53953,1.54739,1.53321,1.54558
2015-02-23 22:00:00,1.54554,1.54733,1.54038,1.54515
2015-02-24 22:00:00,1.54527,1.55380,1.54465,1.55273
2015-02-25 22:00:00,1.55279,1.55516,1.53940,1.54051
2015-02-26 22:00:00,1.54050,1.54580,1.53840,1.54365
2015-03-01 22:00:00,1.54151,1.54281,1.53513,1.53636
2015-03-02 22:00:00,1.53648,1.53970,1.53442,1.53588
2015-03-03 22:00:00,1.53590,1.53713,1.52515,1.52638
2015-03-04 22:00:00,1.52640,1.52690,1.52149,1.52388
2015-03-05 22:00:00,1.52400,1.52554,1.50314,1.50333
2015-03-08 22:00:00,1.50345,1.51366,1.50328,1.51272
2015-03-09 22:00:00,1.51270,1.51280,1.50284,1.50534
2015-03-10 22:00:00,1.50538,1.50959,1.48928,1.49281
2015-03-11 22:00:00,1.49284,1.50260,1.48495,1.48845
2015-03-12 22:00:00,1.48842,1.48962,1.46988,1.47397
2015-03-15 22:00:00,1.47342,1.48529,1.47342,1.48253
2015-03-16 22:00:00,1.48231,1.48447,1.47236,1.47428
2015-03-17 22:00:00,1.47433,1.51648,1.46347,1.49574
2015-03-18 22:00:00,1.49560,1.50094,1.46876,1.47543
2015-03-19 22:00:00,1.47541,1.49880,1.47215,1.49450
2015-03-22 22:00:00,1.49723,1.49729,1.48377,1.49535
2015-03-23 22:00:00,1.49534,1.49835,1.48411,1.48428
2015-03-24 22:00:00,1.48438,1.49533,1.48303,1.48844
2015-03-25 22:00:00,1.48841,1.49933,1.48062,1.48499
2015-03-26 22:00:00,1.48501,1.49210,1.47959,1.48700
2015-03-29 21:00:00,1.48826,1.49003,1.47527,1.48092
2015-03-30 21:00:00,1.48082,1.48710,1.47545,1.48164
2015-03-31 21:00:00,1.48174,1.48707,1.47390,1.48224
2015-04-01 21:00:00,1.48227,1.48678,1.47756,1.48268
2015-04-02 21:00:00,1.48267,1.49445,1.48095,1.49179
2015-04-05 21:00:00,1.49179,1.49806,1.48696,1.48785
2015-04-06 21:00:00,1.48770,1.49197,1.48021,1.48069
2015-04-07 21:00:00,1.48068,1.49727,1.48066,1.48662
2015-04-08 21:00:00,1.48651,1.48855,1.46847,1.47111
2015-04-09 21:00:00,1.47113,1.47241,1.45865,1.46310
2015-04-12 21:00:00,1.46310,1.46809,1.45650,1.46745
2015-04-13 21:00:00,1.46748,1.48011,1.46029,1.47798
2015-04-14 21:00:00,1.47795,1.48533,1.47004,1.48412
2015-04-15 21:00:00,1.48412,1.49690,1.48114,1.49320
2015-04-16 21:00:00,1.49320,1.50527,1.49154,1.49595
2015-04-19 21:00:00,1.49595,1.49831,1.48873,1.49075
2015-04-20 21:00:00,1.49075,1.49724,1.48557,1.49251
2015-04-21 21:00:00,1.49251,1.50792,1.49127,1.50399
2015-04-22 21:00:00,1.50399,1.50696,1.49593,1.50584
2015-04-23 21:00:00,1.50584,1.51868,1.50268,1.51855
2015-04-26 21:00:00,1.51747,1.52614,1.51065,1.52341
2015-04-27 21:00:00,1.52296,1.53424,1.51719,1.53395
2015-04-28 21:00:00,1.53384,1.54977,1.53274,1.54377
2015-04-29 21:00:00,1.54370,1.54918,1.53033,1.53524
2015-04-30 21:00:00,1.53489,1.53965,1.51141,1.51473
2015-05-03 21:00:00,1.51432,1.51742,1.50897,1.51203
2015-05-04 21:00:00,1.51202,1.52172,1.50899,1.51807
2015-05-05 21:00:00,1.51790,1.52898,1.51508,1.52415
2015-05-06 21:00:00,1.52410,1.52743,1.51647,1.52436
2015-05-07 21:00:00,1.52470,1.55207,1.52450,1.54426
2015-05-10 21:00:00,1.54484,1.56120,1.53925,1.55847
2015-05-11 21:00:00,1.55843,1.57096,1.55565,1.56681
2015-05-12 21:00:00,1.56680,1.57683,1.56333,1.57436
2015-05-13 21:00:00,1.57440,1.58139,1.57283,1.57747
2015-05-14 21:00:00,1.57752,1.58076,1.57005,1.57271
2015-05-17 21:00:00,1.57384,1.57446,1.56372,1.56515
2015-05-18 21:00:00,1.56519,1.56689,1.54451,1.55099
2015-05-19 21:00:00,1.55116,1.55870,1.54718,1.55342
2015-05-20 21:00:00,1.55339,1.56991,1.55241,1.56600
2015-05-21 21:00:00,1.56600,1.56888,1.54595,1.54957
2015-05-24 21:00:00,1.54759,1.55069,1.54555,1.54675
2015-05-25 21:00:00,1.54683,1.54747,1.53532,1.53819
2015-05-26 21:00:00,1.53819,1.54364,1.53006,1.53499
2015-05-27 21:00:00,1.53529,1.53847,1.52596,1.53119
2015-05-28 21:00:00,1.53128,1.53413,1.52356,1.52842
2015-05-31 21:00:00,1.52923,1.53038,1.51695,1.51989
2015-06-01 21:00:00,1.51949,1.53666,1.51785,1.53424
2015-06-02 21:00:00,1.53415,1.53743,1.52515,1.53383
2015-06-03 21:00:00,1.53382,1.54405,1.53039,1.53608
2015-06-04 21:00:00,1.53592,1.53688,1.51897,1.52711
2015-06-07 21:00:00,1.52691,1.53632,1.52207,1.53471
2015-06-08 21:00:00,1.53473,1.53884,1.52567,1.53837
2015-06-09 21:00:00,1.53847,1.55529,1.53682,1.55285
2015-06-10 21:00:00,1.55281,1.55330,1.54201,1.55157
2015-06-11 21:00:00,1.55157,1.55975,1.54663,1.55571
2015-06-14 21:00:00,1.55485,1.56133,1.54870,1.55995
2015-06-15 21:00:00,1.56008,1.56536,1.55409,1.56461
2015-06-16 21:00:00,1.56459,1.58464,1.56252,1.58303
2015-06-17 21:00:00,1.58299,1.59292,1.58055,1.58769
2015-06-18 21:00:00,1.58782,1.58959,1.58346,1.58760
2015-06-21 21:00:00,1.58714,1.59093,1.58047,1.58225
2015-06-22 21:00:00,1.58225,1.58309,1.57084,1.57286
2015-06-23 21:00:00,1.57282,1.58021,1.56667,1.57031
2015-06-24 21:00:00,1.57040,1.57698,1.56762,1.57455
2015-06-25 21:00:00,1.57468,1.57663,1.57081,1.57455
2015-06-28 21:00:00,1.56960,1.57878,1.56613,1.57352
2015-06-29 21:00:00,1.57360,1.57755,1.56924,1.57065
2015-06-30 21:00:00,1.57036,1.57322,1.55880,1.56146
2015-07-01 21:00:00,1.56144,1.56394,1.55618,1.56068
2015-07-02 21:00:00,1.56057,1.56433,1.55556,1.55773
2015-07-05 21:00:00,1.55417,1.56278,1.55314,1.56016
2015-07-06 21:00:00,1.56012,1.56090,1.54132,1.54609
2015-07-07 21:00:00,1.54612,1.54666,1.53297,1.53606
2015-07-08 21:00:00,1.53602,1.54199,1.53429,1.53790
2015-07-09 21:00:00,1.53790,1.55501,1.53633,1.55129
2015-07-12 21:00:00,1.55028,1.55884,1.54806,1.54842
2015-07-13 21:00:00,1.54844,1.56384,1.54502,1.56348
2015-07-14 21:00:00,1.56348,1.56744,1.55761,1.56365
2015-07-15 21:00:00,1.56363,1.56500,1.55596,1.56066
2015-07-16 21:00:00,1.56056,1.56723,1.55527,1.56054
2015-07-19 21:00:00,1.56002,1.56269,1.55380,1.55595
2015-07-20 21:00:00,1.55589,1.55900,1.55283,1.55528
2015-07-21 21:00:00,1.55515,1.56459,1.55441,1.56107
2015-07-22 21:00:00,1.56080,1.56701,1.55006,1.55129
2015-07-23 21:00:00,1.55147,1.55256,1.54663,1.55127
2015-07-26 21:00:00,1.55090,1.55948,1.54902,1.55568
2015-07-27 21:00:00,1.55571,1.56272,1.55277,1.56105
2015-07-28 21:00:00,1.56113,1.56891,1.55872,1.56042
2015-07-29 21:00:00,1.55995,1.56429,1.55622,1.55994
2015-07-30 21:00:00,1.55966,1.56778,1.55486,1.56201
2015-08-02 21:00:00,1.56289,1.56443,1.55649,1.55846
2015-08-03 21:00:00,1.55825,1.56333,1.55572,1.55603
2015-08-04 21:00:00,1.55589,1.56507,1.55253,1.55976
2015-08-05 21:00:00,1.55972,1.56363,1.54666,1.55099
2015-08-06 21:00:00,1.55071,1.55450,1.54243,1.54958
2015-08-09 21:00:00,1.54841,1.56053,1.54579,1.55842
2015-08-10 21:00:00,1.55896,1.56162,1.55548,1.55654
2015-08-11 21:00:00,1.55704,1.56594,1.55336,1.56058
2015-08-12 21:00:00,1.56088,1.56363,1.55726,1.56058
2015-08-13 21:00:00,1.56051,1.56592,1.55881,1.56407
2015-08-16 21:00:00,1.56507,1.56875,1.55783,1.55810
2015-08-17 21:00:00,1.55802,1.57166,1.55617,1.56548
2015-08-18 21:00:00,1.56581,1.57000,1.56350,1.56750
2015-08-19 21:00:00,1.56747,1.57011,1.56057,1.56833
2015-08-20 21:00:00,1.56847,1.57228,1.56574,1.56853
2015-08-23 21:00:00,1.56764,1.58028,1.56299,1.57697
2015-08-24 21:00:00,1.57731,1.58186,1.56808,1.56808
2015-08-25 21:00:00,1.56853,1.57195,1.54520,1.54578
2015-08-26 21:00:00,1.54575,1.55083,1.53696,1.53979
2015-08-27 21:00:00,1.53988,1.54425,1.53348,1.53897
2015-08-30 21:00:00,1.54104,1.54363,1.53390,1.53415
2015-08-31 21:00:00,1.53384,1.54074,1.52994,1.53018
2015-09-01 21:00:00,1.53015,1.53253,1.52637,1.52964
2015-09-02 21:00:00,1.52949,1.53129,1.52187,1.52543
2015-09-03 21:00:00,1.52525,1.52733,1.51643,1.51675
2015-09-06 21:00:00,1.51752,1.52878,1.51707,1.52739
2015-09-07 21:00:00,1.52719,1.54121,1.52692,1.53926
2015-09-08 21:00:00,1.53874,1.54040,1.53493,1.53641
2015-09-09 21:00:00,1.53644,1.54756,1.53383,1.54410
2015-09-10 21:00:00,1.54393,1.54612,1.53995,1.54270
2015-09-13 21:00:00,1.54263,1.54706,1.53723,1.54231
2015-09-14 21:00:00,1.54219,1.54566,1.53293,1.53412
2015-09-15 21:00:00,1.53419,1.55281,1.53296,1.54903
2015-09-16 21:00:00,1.54879,1.56275,1.54856,1.55878
2015-09-17 21:00:00,1.55875,1.56579,1.55139,1.55243
2015-09-20 21:00:00,1.55230,1.55674,1.54803,1.55055
2015-09-21 21:00:00,1.55043,1.55279,1.53399,1.53612
2015-09-22 21:00:00,1.53633,1.53664,1.52201,1.52413
2015-09-23 21:00:00,1.52418,1.52885,1.52002,1.52403
2015-09-24 21:00:00,1.52373,1.52600,1.51349,1.51773
2015-09-27 21:00:00,1.51909,1.52406,1.51568,1.51716
2015-09-28 21:00:00,1.51716,1.52045,1.51285,1.51483
2015-09-29 21:00:00,1.51475,1.52132,1.51068,1.51260
2015-09-30 21:00:00,1.51260,1.51796,1.51064,1.51282
2015-10-01 21:00:00,1.51269,1.52370,1.51269,1.51768
2015-10-04 21:00:00,1.51871,1.52440,1.51361,1.51431
2015-10-05 21:00:00,1.51428,1.52429,1.51394,1.52230
2015-10-06 21:00:00,1.52241,1.53391,1.52180,1.53148
2015-10-07 21:00:00,1.53146,1.53717,1.52608,1.53450
2015-10-08 21:00:00,1.53460,1.53828,1.52996,1.53238
2015-10-11 21:00:00,1.53039,1.53728,1.53039,1.53465
2015-10-12 21:00:00,1.53457,1.53872,1.51998,1.52462
2015-10-13 21:00:00,1.52449,1.54939,1.52449,1.54762
2015-10-14 21:00:00,1.54721,1.55081,1.54143,1.54511
2015-10-15 21:00:00,1.54460,1.54860,1.54299,1.54357
2015-10-18 21:00:00,1.54304,1.54966,1.54271,1.54646
2015-10-19 21:00:00,1.54620,1.55058,1.54348,1.54409
2015-10-20 21:00:00,1.54407,1.54769,1.54119,1.54183
2015-10-21 21:00:00,1.54152,1.55088,1.53452,1.53931
2015-10-22 21:00:00,1.53910,1.54185,1.53056,1.53120
2015-10-25 22:00:00,1.53078,1.53814,1.53056,1.53488
2015-10-26 22:00:00,1.53488,1.53583,1.52822,1.53041
2015-10-27 22:00:00,1.53041,1.53467,1.52483,1.52666
2015-10-28 22:00:00,1.52667,1.53210,1.52418,1.53113
2015-10-29 22:00:00,1.53116,1.54673,1.53085,1.54275
2015-11-01 22:00:00,1.54449,1.54971,1.54037,1.54153
2015-11-02 22:00:00,1.54147,1.54447,1.53589,1.54215
2015-11-03 22:00:00,1.54188,1.54446,1.53603,1.53831
2015-11-04 22:00:00,1.53863,1.54011,1.52048,1.52059
2015-11-05 22:00:00,1.52045,1.52189,1.50268,1.50430
2015-11-08 22:00:00,1.50396,1.51278,1.50381,1.51123
2015-11-09 22:00:00,1.51121,1.51449,1.50909,1.51179
2015-11-10 22:00:00,1.51112,1.52204,1.51112,1.52115
2015-11-11 22:00:00,1.52076,1.52460,1.51735,1.52317
2015-11-12 22:00:00,1.52283,1.52648,1.51870,1.52299
2015-11-15 22:00:00,1.52242,1.52308,1.51809,1.51998
2015-11-16 22:00:00,1.52005,1.52381,1.51540,1.52120
2015-11-17 22:00:00,1.52125,1.52481,1.51873,1.52311
2015-11-18 22:00:00,1.52360,1.53351,1.52271,1.52914
2015-11-19 22:00:00,1.52910,1.53093,1.51822,1.51892
2015-11-22 22:00:00,1.51694,1.51957,1.51086,1.51228
2015-11-23 22:00:00,1.51220,1.51551,1.50530,1.50786
2015-11-24 22:00:00,1.50800,1.51356,1.50556,1.51286
2015-11-25 22:00:00,1.51186,1.51299,1.50654,1.51013
2015-11-26 22:00:00,1.50992,1.51092,1.50294,1.50331
2015-11-29 22:00:00,1.50317,1.50680,1.49932,1.50556
2015-11-30 22:00:00,1.50534,1.51251,1.50501,1.50794
2015-12-01 22:00:00,1.50803,1.50813,1.48945,1.49495
2015-12-02 22:00:00,1.49416,1.51586,1.49040,1.51434
2015-12-03 22:00:00,1.51407,1.51563,1.50773,1.51049
2015-12-06 22:00:00,1.51065,1.51141,1.50441,1.50526
2015-12-07 22:00:00,1.50534,1.50609,1.49562,1.50071
2015-12-08 22:00:00,1.50050,1.51913,1.50040,1.51806
2015-12-09 22:00:00,1.51752,1.52015,1.51105,1.51572
2015-12-10 22:00:00,1.51583,1.52391,1.51249,1.52226
2015-12-13 22:00:00,1.52245,1.52300,1.51070,1.51394
2015-12-14 22:00:00,1.51405,1.51845,1.50288,1.50350
2015-12-15 22:00:00,1.50350,1.50984,1.49588,1.49998
2015-12-16 22:00:00,1.49964,1.50084,1.48645,1.48975
2015-12-17 22:00:00,1.48933,1.49495,1.48851,1.48867
2015-12-20 22:00:00,1.48905,1.49289,1.48770,1.48815
2015-12-21 22:00:00,1.48808,1.49074,1.48050,1.48256
2015-12-22 22:00:00,1.48228,1.49000,1.48181,1.48693
2015-12-23 22:00:00,1.48679,1.49438,1.48441,1.49406
2015-12-27 22:00:00,1.49008,1.49339,1.48735,1.48785
2015-12-28 22:00:00,1.48726,1.49127,1.47851,1.48125
2015-12-29 22:00:00,1.48138,1.48482,1.47922,1.48120
2015-12-30 22:00:00,1.48118,1.48438,1.47313,1.47317
2016-01-03 22:00:00,1.47306,1.48152,1.46626,1.47167
2016-01-04 22:00:00,1.47119,1.47250,1.46374,1.46720
2016-01-05 22:00:00,1.46713,1.46816,1.46016,1.46295
2016-01-06 22:00:00,1.46263,1.46398,1.45327,1.46150
2016-01-07 22:00:00,1.46135,1.46444,1.45056,1.45156
2016-01-10 22:00:00,1.45144,1.46040,1.44909,1.45395
2016-01-11 22:00:00,1.45393,1.45599,1.43516,1.44456
2016-01-12 22:00:00,1.44456,1.44755,1.43796,1.44051
2016-01-13 22:00:00,1.44044,1.44447,1.43596,1.44090
2016-01-14 22:00:00,1.44102,1.44272,1.42511,1.42543
2016-01-17 22:00:00,1.42472,1.43227,1.42365,1.42414
2016-01-18 22:00:00,1.42416,1.43396,1.41287,1.41557
2016-01-19 22:00:00,1.41520,1.42186,1.41248,1.41897
2016-01-20 22:00:00,1.41868,1.42485,1.40790,1.42198
2016-01-21 22:00:00,1.42173,1.43620,1.42041,1.42645
2016-01-24 22:00:00,1.42604,1.43092,1.42232,1.42467
2016-01-25 22:00:00,1.42467,1.43666,1.41727,1.43487
2016-01-26 22:00:00,1.43477,1.43547,1.42295,1.42327
2016-01-27 22:00:00,1.42318,1.44069,1.42315,1.43581
2016-01-28 22:00:00,1.43577,1.44128,1.41490,1.42422
2016-01-31 22:00:00,1.42384,1.44444,1.42276,1.44308
2016-02-01 22:00:00,1.44307,1.44453,1.43256,1.44069
2016-02-02 22:00:00,1.44064,1.46486,1.43832,1.46017
2016-02-03 22:00:00,1.45936,1.46679,1.45292,1.45866
2016-02-04 22:00:00,1.45877,1.45905,1.44515,1.45001
2016-02-07 22:00:00,1.44787,1.45463,1.43507,1.44290
2016-02-08 22:00:00,1.44290,1.45149,1.43777,1.44710
2016-02-09 22:00:00,1.44683,1.45778,1.44397,1.45187
2016-02-10 22:00:00,1.45207,1.45632,1.43823,1.44751
2016-02-11 22:00:00,1.44728,1.45696,1.44425,1.44921
2016-02-14 22:00:00,1.44888,1.45349,1.44126,1.44297
2016-02-15 22:00:00,1.44276,1.45154,1.42753,1.43018
2016-02-16 22:00:00,1.42975,1.43386,1.42348,1.42891
2016-02-17 22:00:00,1.42862,1.43939,1.42561,1.43322
2016-02-18 22:00:00,1.43349,1.44075,1.42464,1.44026
2016-02-21 22:00:00,1.42607,1.43059,1.40569,1.41489
2016-02-22 22:00:00,1.41473,1.41557,1.40071,1.40191
2016-02-23 22:00:00,1.40172,1.40269,1.38779,1.39231
2016-02-24 22:00:00,1.39239,1.39959,1.38994,1.39595
2016-02-25 22:00:00,1.39613,1.40421,1.38534,1.38594
2016-02-28 22:00:00,1.38557,1.39458,1.38351,1.39122
2016-02-29 22:00:00,1.39123,1.40184,1.39037,1.39507
2016-03-01 22:00:00,1.39523,1.40927,1.39141,1.40785
2016-03-02 22:00:00,1.40753,1.41935,1.40322,1.41732
2016-03-03 22:00:00,1.41735,1.42479,1.41075,1.42293
2016-03-06 22:00:00,1.42148,1.42833,1.41336,1.42620
2016-03-07 22:00:00,1.42607,1.42748,1.41728,1.42143
2016-03-08 22:00:00,1.42116,1.42404,1.41769,1.42134
2016-03-09 22:00:00,1.42151,1.43166,1.41173,1.42803
2016-03-10 22:00:00,1.42818,1.44361,1.42536,1.43791
2016-03-13 22:00:00,1.43730,1.43887,1.42923,1.42985
2016-03-14 22:00:00,1.42997,1.43045,1.41363,1.41512
2016-03-15 22:00:00,1.41512,1.42737,1.40526,1.42498
2016-03-16 22:00:00,1.42497,1.45028,1.42209,1.44731
2016-03-17 22:00:00,1.44751,1.45139,1.44097,1.44697
2016-03-20 22:00:00,1.44595,1.44673,1.43650,1.43681
2016-03-21 22:00:00,1.43686,1.43969,1.41898,1.42126
2016-03-22 22:00:00,1.42131,1.42270,1.40817,1.41171
2016-03-23 22:00:00,1.41169,1.41822,1.40567,1.41521
2016-03-24 22:00:00,1.41521,1.41569,1.41087,1.41238
2016-03-27 21:00:00,1.41300,1.42828,1.41197,1.42509
2016-03-28 21:00:00,1.42517,1.44035,1.41941,1.43826
2016-03-29 21:00:00,1.43768,1.44586,1.43602,1.43776
2016-03-30 21:00:00,1.43739,1.44256,1.43254,1.43613
2016-03-31 21:00:00,1.43584,1.43708,1.41703,1.42255
2016-04-03 21:00:00,1.42182,1.43211,1.41904,1.42619
2016-04-04 21:00:00,1.42564,1.42783,1.41211,1.41579
2016-04-05 21:00:00,1.41567,1.41707,1.40047,1.41193
2016-04-06 21:00:00,1.41191,1.41564,1.40484,1.40538
2016-04-07 21:00:00,1.40541,1.41404,1.40400,1.41139
2016-04-10 21:00:00,1.41137,1.42860,1.41048,1.42379
2016-04-11 21:00:00,1.42341,1.43477,1.41958,1.42721
2016-04-12 21:00:00,1.42722,1.42786,1.41924,1.42011
2016-04-13 21:00:00,1.42011,1.42070,1.40899,1.41499
2016-04-14 21:00:00,1.41487,1.42415,1.41323,1.41981
2016-04-17 21:00:00,1.41890,1.42902,1.41306,1.42746
2016-04-18 21:00:00,1.42739,1.44186,1.42702,1.43961
2016-04-19 21:00:00,1.43882,1.44102,1.43295,1.43308
2016-04-20 21:00:00,1.43252,1.44395,1.42989,1.43214
2016-04-21 21:00:00,1.43202,1.44512,1.43140,1.43955
2016-04-24 21:00:00,1.44579,1.45189,1.44023,1.44788
2016-04-25 21:00:00,1.44780,1.46382,1.44780,1.45785
2016-04-26 21:00:00,1.45783,1.46212,1.44731,1.45390
2016-04-27 21:00:00,1.45393,1.46225,1.45225,1.46059
2016-04-28 21:00:00,1.46059,1.46706,1.45760,1.46102
2016-05-01 21:00:00,1.45863,1.46957,1.45835,1.46718
2016-05-02 21:00:00,1.46718,1.47691,1.45286,1.45342
2016-05-03 21:00:00,1.45320,1.45711,1.44610,1.44919
2016-05-04 21:00:00,1.44877,1.45287,1.44435,1.44842
2016-05-05 21:00:00,1.44808,1.45460,1.44144,1.44247
2016-05-08 21:00:00,1.44121,1.44795,1.43738,1.44072
2016-05-09 21:00:00,1.44025,1.44775,1.43884,1.44420
2016-05-10 21:00:00,1.44412,1.44875,1.43941,1.44446
2016-05-11 21:00:00,1.44443,1.45304,1.44056,1.44496
2016-05-12 21:00:00,1.44459,1.44544,1.43398,1.43584
2016-05-15 21:00:00,1.43468,1.44142,1.43318,1.44009
2016-05-16 21:00:00,1.43978,1.45235,1.43964,1.44596
2016-05-17 21:00:00,1.44546,1.46340,1.44029,1.45973
2016-05-18 21:00:00,1.45948,1.46631,1.45614,1.46093
2016-05-19 21:00:00,1.46078,1.46125,1.44854,1.45037
2016-05-22 21:00:00,1.44975,1.45484,1.44417,1.44818
2016-05-23 21:00:00,1.44785,1.46414,1.44734,1.46316
2016-05-24 21:00:00,1.46325,1.47285,1.46002,1.46971
2016-05-25 21:00:00,1.46937,1.47391,1.46395,1.46688
2016-05-26 21:00:00,1.46675,1.46882,1.46043,1.46182
2016-05-29 21:00:00,1.46060,1.46411,1.45869,1.46384
2016-05-30 21:00:00,1.46397,1.47241,1.44644,1.44792
2016-05-31 21:00:00,1.44756,1.45072,1.43855,1.44133
2016-06-01 21:00:00,1.44139,1.44723,1.44057,1.44219
2016-06-02 21:00:00,1.44182,1.45813,1.43984,1.45140
2016-06-05 21:00:00,1.44670,1.44815,1.43515,1.44379
2016-06-06 21:00:00,1.44396,1.46593,1.44336,1.45425
2016-06-07 21:00:00,1.45368,1.45999,1.44999,1.45032
2016-06-08 21:00:00,1.45026,1.45265,1.44463,1.44531
2016-06-09 21:00:00,1.44506,1.44719,1.41793,1.42512
2016-06-12 21:00:00,1.42556,1.43276,1.41145,1.42672
2016-06-13 21:00:00,1.42570,1.42618,1.40902,1.41087
2016-06-14 21:00:00,1.41061,1.42172,1.40894,1.42044
2016-06-15 21:00:00,1.42038,1.42532,1.40122,1.42004
2016-06-16 21:00:00,1.42010,1.43872,1.41965,1.43558
2016-06-19 21:00:00,1.44657,1.47192,1.44336,1.46833
2016-06-20 21:00:00,1.46833,1.47828,1.46158,1.46533
2016-06-21 21:00:00,1.46474,1.47733,1.46408,1.47006
2016-06-22 21:00:00,1.47054,1.49460,1.46975,1.48705
2016-06-23 21:00:00,1.48660,1.50171,1.32290,1.36303
2016-06-26 21:00:00,1.34226,1.34834,1.31197,1.32250
2016-06-27 21:00:00,1.32244,1.34181,1.32013,1.33397
2016-06-28 21:00:00,1.33394,1.35329,1.32861,1.34294
2016-06-29 21:00:00,1.33855,1.34961,1.32051,1.33091
2016-06-30 21:00:00,1.33017,1.33489,1.32435,1.32600
2016-07-03 21:00:00,1.32403,1.33402,1.32348,1.32854
2016-07-04 21:00:00,1.32810,1.32892,1.29992,1.30200
2016-07-05 21:00:00,1.30192,1.30266,1.27950,1.29293
2016-07-06 21:00:00,1.29206,1.30466,1.28748,1.29040
2016-07-07 21:00:00,1.29023,1.30177,1.28796,1.29444
2016-07-10 21:00:00,1.29448,1.30175,1.28499,1.29969
2016-07-11 21:00:00,1.29824,1.32946,1.29715,1.32445
2016-07-12 21:00:00,1.32440,1.33363,1.31329,1.31464
2016-07-13 21:00:00,1.31422,1.34760,1.31044,1.33406
2016-07-14 21:00:00,1.33384,1.34801,1.31312,1.31857
2016-07-17 21:00:00,1.31857,1.33144,1.31823,1.32538
2016-07-18 21:00:00,1.32512,1.32741,1.30732,1.31069
2016-07-19 21:00:00,1.31093,1.32264,1.30641,1.32012
2016-07-20 21:00:00,1.31987,1.32744,1.31547,1.32308
2016-07-21 21:00:00,1.32175,1.32904,1.30784,1.31086
2016-07-24 21:00:00,1.31413,1.31641,1.30944,1.31388
2016-07-25 21:00:00,1.31344,1.31749,1.30564,1.31289
2016-07-26 21:00:00,1.31188,1.32342,1.30709,1.32239
2016-07-27 21:00:00,1.32192,1.32473,1.31165,1.31626
2016-07-28 21:00:00,1.31590,1.33011,1.31476,1.32224
2016-07-31 21:00:00,1.32190,1.32716,1.31619,1.31754
2016-08-01 21:00:00,1.31730,1.33650,1.31711,1.33534
2016-08-02 21:00:00,1.33476,1.33712,1.32799,1.33229
2016-08-03 21:00:00,1.33237,1.33457,1.31020,1.31054
2016-08-04 21:00:00,1.30967,1.31744,1.30206,1.30646
2016-08-07 21:00:00,1.30711,1.30960,1.30270,1.30413
2016-08-08 21:00:00,1.30382,1.30472,1.29550,1.30009
2016-08-09 21:00:00,1.30010,1.30932,1.29904,1.30054
2016-08-10 21:00:00,1.30054,1.30272,1.29353,1.29544
2016-08-11 21:00:00,1.29512,1.30342,1.29023,1.29167
2016-08-14 21:00:00,1.29195,1.29443,1.28650,1.28803
2016-08-15 21:00:00,1.28759,1.30506,1.28743,1.30441
2016-08-16 21:00:00,1.30408,1.30853,1.29749,1.30394
2016-08-17 21:00:00,1.30378,1.31720,1.30310,1.31660
2016-08-18 21:00:00,1.31662,1.31843,1.30222,1.30723
2016-08-21 21:00:00,1.30478,1.31566,1.30338,1.31356
2016-08-22 21:00:00,1.31341,1.32099,1.31279,1.31962
2016-08-23 21:00:00,1.31909,1.32724,1.31606,1.32304
2016-08-24 21:00:00,1.32303,1.32631,1.31683,1.31892
2016-08-25 21:00:00,1.31874,1.32786,1.31214,1.31270
2016-08-28 21:00:00,1.31183,1.31384,1.30590,1.31029
2016-08-29 21:00:00,1.31010,1.31193,1.30586,1.30793
2016-08-30 21:00:00,1.30725,1.31574,1.30655,1.31369
2016-08-31 21:00:00,1.31398,1.33173,1.31273,1.32665
2016-09-01 21:00:00,1.32583,1.33518,1.32461,1.32895
2016-09-04 21:00:00,1.32921,1.33750,1.32874,1.33005
2016-09-05 21:00:00,1.32939,1.34445,1.32939,1.34408
2016-09-06 21:00:00,1.34295,1.34380,1.33185,1.33385
2016-09-07 21:00:00,1.33311,1.33748,1.32829,1.32919
2016-09-08 21:00:00,1.32902,1.33355,1.32386,1.32637
2016-09-11 21:00:00,1.32610,1.33465,1.32343,1.33349
2016-09-12 21:00:00,1.33317,1.33404,1.31668,1.31904
2016-09-13 21:00:00,1.31690,1.32397,1.31377,1.32329
2016-09-14 21:00:00,1.32249,1.32787,1.31788,1.32382
2016-09-15 21:00:00,1.32352,1.32469,1.29955,1.29955
2016-09-18 21:00:00,1.29988,1.30906,1.29911,1.30273
2016-09-19 21:00:00,1.30248,1.30642,1.29465,1.29865
2016-09-20 21:00:00,1.29870,1.30463,1.29441,1.30315
2016-09-21 21:00:00,1.30252,1.31204,1.30249,1.30738
2016-09-22 21:00:00,1.30736,1.30868,1.29145,1.29594
2016-09-25 21:00:00,1.29637,1.29859,1.29156,1.29727
2016-09-26 21:00:00,1.29736,1.30261,1.29361,1.30201
2016-09-27 21:00:00,1.30216,1.30311,1.29791,1.30148
2016-09-28 21:00:00,1.30154,1.30574,1.29536,1.29664
2016-09-29 21:00:00,1.29640,1.30222,1.29359,1.29735
2016-10-02 21:00:00,1.29171,1.29459,1.28168,1.28386
2016-10-03 21:00:00,1.28380,1.28596,1.27186,1.27271
2016-10-04 21:00:00,1.27227,1.27708,1.26848,1.27460
2016-10-05 21:00:00,1.27458,1.27593,1.26013,1.26143
2016-10-06 21:00:00,1.26133,1.26216,1.14754,1.24235
2016-10-09 21:00:00,1.23946,1.24434,1.23440,1.23609
2016-10-10 21:00:00,1.23611,1.23725,1.20892,1.21244
2016-10-11 21:00:00,1.21215,1.23243,1.21044,1.22037
2016-10-12 21:00:00,1.22037,1.22717,1.21321,1.22504
2016-10-13 21:00:00,1.22519,1.22608,1.21674,1.21680
2016-10-16 21:00:00,1.21559,1.22010,1.21350,1.21814
2016-10-17 21:00:00,1.21782,1.23244,1.21756,1.22961
2016-10-18 21:00:00,1.22930,1.23318,1.22533,1.22862
2016-10-19 21:00:00,1.22860,1.22976,1.22093,1.22511
2016-10-20 21:00:00,1.22502,1.22599,1.21706,1.22270
2016-10-23 21:00:00,1.22197,1.22487,1.21851,1.22355
2016-10-24 21:00:00,1.22365,1.22429,1.20817,1.21890
2016-10-25 21:00:00,1.21822,1.22487,1.21560,1.22456
2016-10-26 21:00:00,1.22432,1.22708,1.21485,1.21589
2016-10-27 21:00:00,1.21567,1.22121,1.21133,1.21686
2016-10-30 22:00:00,1.21868,1.22487,1.21431,1.22381
2016-10-31 22:00:00,1.22383,1.22803,1.22052,1.22427
2016-11-01 22:00:00,1.22425,1.23532,1.22197,1.23012
2016-11-02 22:00:00,1.23003,1.24939,1.22964,1.24637
2016-11-03 22:00:00,1.24632,1.25568,1.24485,1.25090
2016-11-06 22:00:00,1.24558,1.24967,1.23785,1.23964
2016-11-07 22:00:00,1.23902,1.24392,1.23604,1.23829
2016-11-08 22:00:00,1.23799,1.25466,1.23525,1.24042
2016-11-09 22:00:00,1.24056,1.25839,1.23768,1.25507
2016-11-10 22:00:00,1.25444,1.26730,1.25249,1.25773
2016-11-13 22:00:00,1.25603,1.25898,1.24435,1.24851
2016-11-14 22:00:00,1.24870,1.25286,1.23793,1.24539
2016-11-15 22:00:00,1.24538,1.25018,1.24093,1.24395
2016-11-16 22:00:00,1.24450,1.25044,1.24077,1.24163
2016-11-17 22:00:00,1.24160,1.24358,1.23015,1.23337
2016-11-20 22:00:00,1.23419,1.25112,1.23118,1.24876
2016-11-21 22:00:00,1.24882,1.25120,1.23840,1.24219
2016-11-22 22:00:00,1.24136,1.24681,1.23598,1.24336
2016-11-23 22:00:00,1.24288,1.24941,1.24014,1.24464
2016-11-24 22:00:00,1.24454,1.24810,1.24151,1.24673
2016-11-27 22:00:00,1.24555,1.25309,1.23851,1.24147
2016-11-28 22:00:00,1.24026,1.25251,1.23875,1.24888
2016-11-29 22:00:00,1.24863,1.25228,1.24187,1.25041
2016-11-30 22:00:00,1.25031,1.26954,1.25005,1.25874
2016-12-01 22:00:00,1.25899,1.27362,1.25695,1.27203
2016-12-04 22:00:00,1.26776,1.27440,1.26243,1.27273
2016-12-05 22:00:00,1.27274,1.27742,1.26557,1.26751
2016-12-06 22:00:00,1.26690,1.26820,1.25694,1.26247
2016-12-07 22:00:00,1.26217,1.27041,1.25478,1.25817
2016-12-08 22:00:00,1.25745,1.26202,1.25518,1.25656
2016-12-11 22:00:00,1.25783,1.26994,1.25661,1.26732
2016-12-12 22:00:00,1.26761,1.27275,1.26529,1.26553
2016-12-13 22:00:00,1.26570,1.27221,1.25294,1.25636
2016-12-14 22:00:00,1.25552,1.25673,1.23758,1.24167
2016-12-15 22:00:00,1.24122,1.25093,1.23822,1.24847
2016-12-18 22:00:00,1.24754,1.25014,1.23544,1.23937
2016-12-19 22:00:00,1.23982,1.24141,1.23122,1.23665
2016-12-20 22:00:00,1.23591,1.23902,1.23232,1.23503
2016-12-21 22:00:00,1.23493,1.23777,1.22763,1.22811
2016-12-22 22:00:00,1.22808,1.22982,1.22282,1.22501
2016-12-25 22:00:00,1.22818,1.22963,1.19594,1.22783
2016-12-26 22:00:00,1.22747,1.22861,1.22401,1.22681
2016-12-27 22:00:00,1.22609,1.22964,1.22000,1.22232
2016-12-28 22:00:00,1.22197,1.22740,1.22077,1.22590
2016-12-29 22:00:00,1.22569,1.23877,1.22448,1.23245
2017-01-01 22:00:00,1.23260,1.23539,1.22627,1.22736
2017-01-02 22:00:00,1.22672,1.23064,1.21988,1.22352
2017-01-03 22:00:00,1.22295,1.23524,1.22204,1.23212
2017-01-04 22:00:00,1.23180,1.24318,1.22695,1.24140
2017-01-05 22:00:00,1.24084,1.24301,1.22606,1.22799
2017-01-08 22:00:00,1.22484,1.22702,1.21237,1.21570
2017-01-09 22:00:00,1.21570,1.21898,1.21067,1.21756
2017-01-10 22:00:00,1.21729,1.22715,1.20374,1.22116
2017-01-11 22:00:00,1.22022,1.23160,1.21517,1.21597
2017-01-12 22:00:00,1.21536,1.22324,1.21203,1.21713
2017-01-15 22:00:00,1.19905,1.20850,1.19864,1.20416
2017-01-16 22:00:00,1.20415,1.24151,1.20164,1.24125
2017-01-17 22:00:00,1.24086,1.24128,1.22534,1.22574
2017-01-18 22:00:00,1.22573,1.23431,1.22491,1.23403
2017-01-19 22:00:00,1.23380,1.23801,1.22601,1.23701
2017-01-22 22:00:00,1.23717,1.25373,1.23684,1.25331
2017-01-23 22:00:00,1.25331,1.25444,1.24179,1.25188
2017-01-24 22:00:00,1.25188,1.26382,1.24906,1.26291
2017-01-25 22:00:00,1.26330,1.26731,1.25560,1.25889
2017-01-26 22:00:00,1.25902,1.26050,1.25160,1.25448
2017-01-29 22:00:00,1.25768,1.26000,1.24653,1.24838
2017-01-30 22:00:00,1.24781,1.25960,1.24118,1.25753
2017-01-31 22:00:00,1.25778,1.26790,1.25422,1.26543
2017-02-01 22:00:00,1.26543,1.27057,1.25176,1.25243
2017-02-02 22:00:00,1.25206,1.25376,1.24586,1.24774
2017-02-05 22:00:00,1.24838,1.24982,1.24269,1.24625
2017-02-06 22:00:00,1.24673,1.25460,1.23463,1.25060
2017-02-07 22:00:00,1.25059,1.25490,1.24743,1.25392
2017-02-08 22:00:00,1.25392,1.25817,1.24907,1.24936
2017-02-09 22:00:00,1.24928,1.25206,1.24393,1.24773
2017-02-12 22:00:00,1.24655,1.25391,1.24596,1.25234
2017-02-13 22:00:00,1.25210,1.25477,1.24431,1.24655
2017-02-14 22:00:00,1.24650,1.24803,1.23825,1.24573
2017-02-15 22:00:00,1.24573,1.25232,1.24532,1.24876
2017-02-16 22:00:00,1.24812,1.25105,1.23874,1.24017
2017-02-19 22:00:00,1.24014,1.24822,1.24014,1.24568
2017-02-20 22:00:00,1.24567,1.24803,1.24009,1.24717
2017-02-21 22:00:00,1.24699,1.25076,1.24169,1.24490
2017-02-22 22:00:00,1.24421,1.25612,1.24270,1.25539
2017-02-23 22:00:00,1.25512,1.25692,1.24466,1.24493
2017-02-26 22:00:00,1.24672,1.24784,1.23834,1.24419
2017-02-27 22:00:00,1.24408,1.24703,1.23742,1.23805
2017-02-28 22:00:00,1.23745,1.24041,1.22793,1.22928
2017-03-01 22:00:00,1.22860,1.23071,1.22421,1.22697
2017-03-02 22:00:00,1.22654,1.23001,1.22137,1.22857
2017-03-05 22:00:00,1.22787,1.23001,1.22237,1.22343
2017-03-06 22:00:00,1.22343,1.22523,1.21687,1.21975
2017-03-07 22:00:00,1.21962,1.22134,1.21386,1.21649
2017-03-08 22:00:00,1.21645,1.21950,1.21333,1.21637
2017-03-09 22:00:00,1.21640,1.21881,1.21345,1.21527
2017-03-12 22:00:00,1.21690,1.22505,1.21559,1.22173
2017-03-13 22:00:00,1.22179,1.22207,1.21087,1.21537
2017-03-14 22:00:00,1.21540,1.23087,1.21465,1.22858
2017-03-15 22:00:00,1.22862,1.23764,1.22407,1.23584
2017-03-16 22:00:00,1.23581,1.24044,1.23235,1.23893
2017-03-19 22:00:00,1.23882,1.24353,1.23345,1.23569
2017-03-20 22:00:00,1.23567,1.24940,1.23400,1.24696
2017-03-21 22:00:00,1.24740,1.25056,1.24224,1.24774
2017-03-22 22:00:00,1.24775,1.25307,1.24625,1.25162
2017-03-23 22:00:00,1.25162,1.25198,1.24595,1.24595
2017-03-26 21:00:00,1.24895,1.26148,1.24867,1.25560
2017-03-27 21:00:00,1.25527,1.25960,1.24406,1.24544
2017-03-28 21:00:00,1.24425,1.24760,1.23761,1.24320
2017-03-29 21:00:00,1.24297,1.25240,1.24023,1.24673
2017-03-30 21:00:00,1.24667,1.25574,1.24328,1.25342
2017-04-02 21:00:00,1.25420,1.25554,1.24651,1.24837
2017-04-03 21:00:00,1.24796,1.24950,1.24184,1.24381
2017-04-04 21:00:00,1.24368,1.24978,1.24224,1.24815
2017-04-05 21:00:00,1.24808,1.25053,1.24496,1.24678
2017-04-06 21:00:00,1.24677,1.24772,1.23581,1.23597
2017-04-09 21:00:00,1.23776,1.24287,1.23654,1.24112
2017-04-10 21:00:00,1.24082,1.24944,1.24029,1.24894
2017-04-11 21:00:00,1.24877,1.25478,1.24794,1.25358
2017-04-12 21:00:00,1.25331,1.25737,1.24995,1.25014
2017-04-13 21:00:00,1.25075,1.25343,1.24971,1.25162
2017-04-16 21:00:00,1.25285,1.25957,1.25228,1.25618
2017-04-17 21:00:00,1.25619,1.29048,1.25147,1.28395
2017-04-18 21:00:00,1.28374,1.28598,1.27694,1.27765
2017-04-19 21:00:00,1.27765,1.28465,1.27711,1.28115
2017-04-20 21:00:00,1.28114,1.28341,1.27556,1.27992
2017-04-23 21:00:00,1.28216,1.28364,1.27715,1.27940
2017-04-24 21:00:00,1.27937,1.28453,1.27745,1.28401
2017-04-25 21:00:00,1.28401,1.28632,1.28044,1.28470
2017-04-26 21:00:00,1.28452,1.29171,1.28383,1.29026
2017-04-27 21:00:00,1.29018,1.29647,1.28881,1.29246
2017-04-30 21:00:00,1.29321,1.29423,1.28818,1.28852
2017-05-01 21:00:00,1.28839,1.29391,1.28636,1.29387
2017-05-02 21:00:00,1.29343,1.29471,1.28652,1.28655
2017-05-03 21:00:00,1.28646,1.29324,1.28302,1.29199
2017-05-04 21:00:00,1.29195,1.29835,1.28996,1.29748
2017-05-07 21:00:00,1.29825,1.29879,1.29293,1.29360
2017-05-08 21:00:00,1.29361,1.29602,1.29022,1.29313
2017-05-09 21:00:00,1.29303,1.29874,1.29261,1.29372
2017-05-10 21:00:00,1.29372,1.29483,1.28488,1.28864
2017-05-11 21:00:00,1.28846,1.28996,1.28440,1.28779
2017-05-14 21:00:00,1.28818,1.29404,1.28808,1.28921
2017-05-15 21:00:00,1.28917,1.29568,1.28648,1.29152
2017-05-16 21:00:00,1.29152,1.29900,1.29055,1.29687
2017-05-17 21:00:00,1.29686,1.30470,1.28877,1.29345
2017-05-18 21:00:00,1.29330,1.30395,1.29141,1.30215
2017-05-21 21:00:00,1.29932,1.30423,1.29649,1.29995
2017-05-22 21:00:00,1.29985,1.30332,1.29523,1.29600
2017-05-23 21:00:00,1.29600,1.29985,1.29264,1.29722
2017-05-24 21:00:00,1.29723,1.30144,1.29311,1.29402
2017-05-25 21:00:00,1.29398,1.29466,1.27746,1.27878
2017-05-28 21:00:00,1.27931,1.28498,1.27931,1.28374
2017-05-29 21:00:00,1.28372,1.28878,1.27934,1.28566
2017-05-30 21:00:00,1.28566,1.29204,1.27684,1.28878
2017-05-31 21:00:00,1.28878,1.29152,1.28294,1.28789
2017-06-01 21:00:00,1.28789,1.29031,1.28453,1.28813
2017-06-04 21:00:00,1.28551,1.29405,1.28551,1.29030
2017-06-05 21:00:00,1.29019,1.29491,1.28714,1.29115
2017-06-06 21:00:00,1.29054,1.29674,1.28870,1.29601
2017-06-07 21:00:00,1.29601,1.29770,1.29075,1.29495
2017-06-08 21:00:00,1.27660,1.28272,1.26348,1.27130
2017-06-11 21:00:00,1.27091,1.27690,1.26380,1.26575
2017-06-12 21:00:00,1.26533,1.27563,1.26413,1.27519
2017-06-13 21:00:00,1.27473,1.28173,1.27229,1.27501
2017-06-14 21:00:00,1.27525,1.27950,1.26899,1.27545
2017-06-15 21:00:00,1.27496,1.28052,1.27493,1.27768
2017-06-18 21:00:00,1.27700,1.28141,1.27230,1.27364
2017-06-19 21:00:00,1.27364,1.27577,1.26025,1.26255
2017-06-20 21:00:00,1.26255,1.27095,1.25885,1.26712
2017-06-21 21:00:00,1.26712,1.26909,1.26532,1.26811
2017-06-22 21:00:00,1.26797,1.27438,1.26746,1.27160
2017-06-25 21:00:00,1.27347,1.27592,1.27056,1.27217
2017-06-26 21:00:00,1.27185,1.28604,1.27157,1.28114
2017-06-27 21:00:00,1.28141,1.29721,1.27934,1.29248
2017-06-28 21:00:00,1.29243,1.30148,1.29231,1.30026
2017-06-29 21:00:00,1.30026,1.30293,1.29443,1.30222
2017-07-02 21:00:00,1.30044,1.30239,1.29314,1.29380
2017-07-03 21:00:00,1.29346,1.29582,1.29119,1.29185
2017-07-04 21:00:00,1.29130,1.29475,1.28929,1.29324
2017-07-05 21:00:00,1.29314,1.29836,1.29193,1.29705
2017-07-06 21:00:00,1.29639,1.29743,1.28664,1.28895
2017-07-09 21:00:00,1.28808,1.29076,1.28541,1.28784
2017-07-10 21:00:00,1.28741,1.29268,1.28304,1.28469
2017-07-11 21:00:00,1.28372,1.29071,1.28113,1.28835
2017-07-12 21:00:00,1.28811,1.29548,1.28797,1.29410
2017-07-13 21:00:00,1.29362,1.31131,1.29347,1.30959
2017-07-16 21:00:00,1.30960,1.31121,1.30460,1.30570
2017-07-17 21:00:00,1.30519,1.31251,1.30043,1.30397
2017-07-18 21:00:00,1.30395,1.30523,1.30098,1.30218
2017-07-19 21:00:00,1.30183,1.30325,1.29323,1.29716
2017-07-20 21:00:00,1.29728,1.30192,1.29529,1.29931
2017-07-23 21:00:00,1.29865,1.30575,1.29865,1.30285
2017-07-24 21:00:00,1.30285,1.30833,1.30070,1.30258
2017-07-25 21:00:00,1.30268,1.31201,1.29988,1.31049
2017-07-26 21:00:00,1.31049,1.31581,1.30513,1.30624
2017-07-27 21:00:00,1.30629,1.31517,1.30612,1.31335
2017-07-30 21:00:00,1.31254,1.32114,1.30967,1.32103
2017-07-31 21:00:00,1.32100,1.32443,1.31901,1.32047
2017-08-01 21:00:00,1.32055,1.32503,1.31905,1.32232
2017-08-02 21:00:00,1.32212,1.32677,1.31117,1.31396
2017-08-03 21:00:00,1.31358,1.31637,1.30233,1.30351
2017-08-06 21:00:00,1.30343,1.30583,1.30133,1.30339
2017-08-07 21:00:00,1.30327,1.30528,1.29519,1.29918
2017-08-08 21:00:00,1.29883,1.30280,1.29677,1.30058
2017-08-09 21:00:00,1.30061,1.30146,1.29508,1.29753
2017-08-10 21:00:00,1.29759,1.30307,1.29389,1.30069
2017-08-13 21:00:00,1.29906,1.30212,1.29559,1.29627
2017-08-14 21:00:00,1.29627,1.29699,1.28456,1.28694
2017-08-15 21:00:00,1.28670,1.29025,1.28409,1.28902
2017-08-16 21:00:00,1.28904,1.29084,1.28519,1.28665
2017-08-17 21:00:00,1.28675,1.29171,1.28311,1.28646
2017-08-20 21:00:00,1.28542,1.29159,1.28497,1.28972
2017-08-21 21:00:00,1.28982,1.29084,1.28103,1.28195
2017-08-22 21:00:00,1.28213,1.28328,1.27792,1.28004
2017-08-23 21:00:00,1.27962,1.28361,1.27736,1.27991
2017-08-24 21:00:00,1.27988,1.28885,1.27935,1.28717
2017-08-27 21:00:00,1.29189,1.29420,1.28730,1.29323
2017-08-28 21:00:00,1.29302,1.29779,1.29143,1.29224
2017-08-29 21:00:00,1.29172,1.29374,1.28779,1.29187
2017-08-30 21:00:00,1.29207,1.29343,1.28517,1.29286
2017-08-31 21:00:00,1.29222,1.29951,1.29048,1.29552
2017-09-03 21:00:00,1.29506,1.29658,1.29120,1.29253
2017-09-04 21:00:00,1.29253,1.30421,1.29082,1.30295
2017-09-05 21:00:00,1.30280,1.30815,1.30178,1.30454
2017-09-06 21:00:00,1.30454,1.31150,1.30321,1.30978
2017-09-07 21:00:00,1.30978,1.32238,1.30935,1.32095
2017-09-10 21:00:00,1.31857,1.32219,1.31604,1.31656
2017-09-11 21:00:00,1.31621,1.32979,1.31589,1.32823
2017-09-12 21:00:00,1.32823,1.33288,1.31833,1.32068
2017-09-13 21:00:00,1.32068,1.34052,1.31487,1.33945
2017-09-14 21:00:00,1.33945,1.36168,1.33808,1.35512
2017-09-17 21:00:00,1.35577,1.36182,1.34646,1.34936
2017-09-18 21:00:00,1.34936,1.35517,1.34682,1.34858
2017-09-19 21:00:00,1.34858,1.36559,1.34517,1.34936
2017-09-20 21:00:00,1.34936,1.35866,1.34705,1.35754
2017-09-21 21:00:00,1.35754,1.35959,1.34499,1.34917
2017-09-24 21:00:00,1.34857,1.35705,1.34306,1.34624
2017-09-25 21:00:00,1.34624,1.35140,1.34092,1.34573
2017-09-26 21:00:00,1.34574,1.34603,1.33634,1.33843
2017-09-27 21:00:00,1.33843,1.34553,1.33425,1.34384
2017-09-28 21:00:00,1.34382,1.34426,1.33496,1.33966
2017-10-01 21:00:00,1.33693,1.34019,1.32561,1.32709
2017-10-02 21:00:00,1.32709,1.32877,1.32220,1.32356
2017-10-03 21:00:00,1.32356,1.32916,1.32333,1.32476
2017-10-04 21:00:00,1.32476,1.32498,1.31076,1.31187
2017-10-05 21:00:00,1.31187,1.31204,1.30270,1.30639
2017-10-08 21:00:00,1.30865,1.31838,1.30747,1.31401
2017-10-09 21:00:00,1.31401,1.32257,1.31307,1.32029
2017-10-10 21:00:00,1.32029,1.32345,1.31752,1.32222
2017-10-11 21:00:00,1.32223,1.32902,1.31211,1.32601
2017-10-12 21:00:00,1.32601,1.33376,1.32477,1.32775
2017-10-15 21:00:00,1.32874,1.33115,1.32252,1.32486
2017-10-16 21:00:00,1.32490,1.32873,1.31544,1.31888
2017-10-17 21:00:00,1.31888,1.32113,1.31397,1.32047
2017-10-18 21:00:00,1.32047,1.32284,1.31301,1.31552
2017-10-19 21:00:00,1.31552,1.32005,1.30876,1.31848
2017-10-22 21:00:00,1.31853,1.32271,1.31574,1.31965
2017-10-23 21:00:00,1.31963,1.32277,1.31131,1.31255
2017-10-24 21:00:00,1.31255,1.32714,1.31100,1.32541
2017-10-25 21:00:00,1.32541,1.32792,1.31465,1.31591
2017-10-26 21:00:00,1.31601,1.32626,1.30695,1.31281
2017-10-29 22:00:00,1.31084,1.32150,1.31084,1.32074
2017-10-30 22:00:00,1.32082,1.32884,1.31914,1.32823
2017-10-31 22:00:00,1.32817,1.33206,1.32404,1.32425
2017-11-01 22:00:00,1.32427,1.32988,1.30427,1.30571
2017-11-02 22:00:00,1.30571,1.31312,1.30392,1.30740
2017-11-05 22:00:00,1.30685,1.31746,1.30583,1.31693
2017-11-06 22:00:00,1.31693,1.31776,1.31090,1.31636
2017-11-07 22:00:00,1.31631,1.31757,1.30862,1.31109
2017-11-08 22:00:00,1.31109,1.31653,1.30849,1.31438
2017-11-09 22:00:00,1.31438,1.32292,1.31123,1.31891
2017-11-12 22:00:00,1.31651,1.31789,1.30618,1.31143
2017-11-13 22:00:00,1.31143,1.31870,1.30735,1.31647
2017-11-14 22:00:00,1.31647,1.32133,1.31301,1.31684
2017-11-15 22:00:00,1.31687,1.32075,1.31350,1.31932
2017-11-16 22:00:00,1.31932,1.32602,1.31694,1.32132
2017-11-19 22:00:00,1.32148,1.32792,1.31857,1.32331
2017-11-20 22:00:00,1.32331,1.32672,1.32089,1.32368
2017-11-21 22:00:00,1.32368,1.33291,1.32124,1.33217
2017-11-22 22:00:00,1.33217,1.33367,1.32842,1.33017
2017-11-23 22:00:00,1.33017,1.33600,1.32782,1.33285
2017-11-26 22:00:00,1.33208,1.33830,1.33098,1.33155
2017-11-27 22:00:00,1.33150,1.33872,1.32208,1.33357
2017-11-28 22:00:00,1.33357,1.34481,1.33216,1.34078
2017-11-29 22:00:00,1.34078,1.35487,1.34056,1.35237
2017-11-30 22:00:00,1.35237,1.35492,1.34442,1.34729
2017-12-03 22:00:00,1.34319,1.35384,1.34121,1.34792
2017-12-04 22:00:00,1.34792,1.34820,1.33703,1.34406
2017-12-05 22:00:00,1.34406,1.34429,1.33576,1.33882
2017-12-06 22:00:00,1.33882,1.34851,1.33199,1.34703
2017-12-07 22:00:00,1.34703,1.35202,1.33556,1.33922
2017-12-10 22:00:00,1.33801,1.34310,1.33303,1.33371
2017-12-11 22:00:00,1.33371,1.33802,1.33020,1.33170
2017-12-12 22:00:00,1.33170,1.34275,1.33114,1.34192
2017-12-13 22:00:00,1.34192,1.34660,1.32851,1.34273
2017-12-14 22:00:00,1.34263,1.34472,1.33012,1.33175
2017-12-17 22:00:00,1.33074,1.34184,1.33074,1.33827
2017-12-18 22:00:00,1.33827,1.34024,1.33306,1.33845
2017-12-19 22:00:00,1.33845,1.34204,1.33718,1.33748
2017-12-20 22:00:00,1.33736,1.33873,1.33316,1.33862
2017-12-21 22:00:00,1.33862,1.33974,1.33463,1.33584
2017-12-25 22:00:00,1.33722,1.33888,1.33473,1.33740
2017-12-26 22:00:00,1.33740,1.34296,1.33673,1.33937
2017-12-27 22:00:00,1.33937,1.34564,1.33932,1.34258
2017-12-28 22:00:00,1.34260,1.35439,1.34260,1.35078
2018-01-01 22:00:00,1.35053,1.36003,1.34882,1.35898
2018-01-02 22:00:00,1.35872,1.36126,1.34936,1.35129
2018-01-03 22:00:00,1.35129,1.35597,1.35053,1.35497
2018-01-04 22:00:00,1.35501,1.35823,1.35231,1.35728
2018-01-07 22:00:00,1.35691,1.35854,1.35228,1.35661
2018-01-08 22:00:00,1.35675,1.35821,1.35055,1.35405
2018-01-09 22:00:00,1.35400,1.35622,1.34816,1.35059
2018-01-10 22:00:00,1.35059,1.35545,1.34579,1.35357
2018-01-11 22:00:00,1.35357,1.37438,1.35319,1.37252
2018-01-14 22:00:00,1.37267,1.38194,1.37236,1.37873
2018-01-15 22:00:00,1.37873,1.38055,1.37417,1.37915
2018-01-16 22:00:00,1.37915,1.39423,1.37564,1.38267
2018-01-17 22:00:00,1.38267,1.39131,1.38046,1.38934
2018-01-18 22:00:00,1.38923,1.39449,1.38386,1.38571
2018-01-21 22:00:00,1.38933,1.39908,1.38569,1.39863
2018-01-22 22:00:00,1.39846,1.40270,1.39156,1.39973
2018-01-23 22:00:00,1.39973,1.42625,1.39968,1.42370
2018-01-24 22:00:00,1.42370,1.43452,1.40828,1.41297
2018-01-25 22:00:00,1.41297,1.42865,1.41076,1.41575
2018-01-28 22:00:00,1.41382,1.41581,1.40251,1.40738
2018-01-29 22:00:00,1.40739,1.41662,1.39797,1.41454
2018-01-30 22:00:00,1.41452,1.42326,1.41214,1.41878
2018-01-31 22:00:00,1.41878,1.42781,1.41507,1.42596
2018-02-01 22:00:00,1.42596,1.42777,1.41014,1.41204
2018-02-04 22:00:00,1.41017,1.41503,1.39541,1.39568
2018-02-05 22:00:00,1.39560,1.39994,1.38360,1.39464
2018-02-06 22:00:00,1.39464,1.39941,1.38483,1.38799
2018-02-07 22:00:00,1.38799,1.40667,1.38454,1.39124
2018-02-08 22:00:00,1.39124,1.39871,1.37643,1.38233
2018-02-11 22:00:00,1.38062,1.38756,1.37950,1.38367
2018-02-12 22:00:00,1.38352,1.39240,1.38323,1.38918
2018-02-13 22:00:00,1.38926,1.40164,1.37998,1.39940
2018-02-14 22:00:00,1.39935,1.41044,1.39934,1.40996
2018-02-15 22:00:00,1.40996,1.41448,1.39964,1.40339
2018-02-18 22:00:00,1.40124,1.40493,1.39585,1.39950
2018-02-19 22:00:00,1.39950,1.40242,1.39310,1.39928
2018-02-20 22:00:00,1.39928,1.40083,1.39043,1.39162
2018-02-21 22:00:00,1.39161,1.39888,1.38565,1.39505
2018-02-22 22:00:00,1.39504,1.40052,1.39040,1.39613
2018-02-25 22:00:00,1.39871,1.40697,1.39283,1.39665
2018-02-26 22:00:00,1.39666,1.39961,1.38574,1.39058
2018-02-27 22:00:00,1.39060,1.39161,1.37566,1.37594
2018-02-28 22:00:00,1.37596,1.37852,1.37115,1.37755
2018-03-01 22:00:00,1.37755,1.38166,1.37552,1.38013
2018-03-04 22:00:00,1.37955,1.38773,1.37663,1.38479
2018-03-05 22:00:00,1.38479,1.39292,1.38164,1.38858
2018-03-06 22:00:00,1.38858,1.39123,1.38461,1.38907
2018-03-07 22:00:00,1.38911,1.39097,1.37806,1.38078
2018-03-08 22:00:00,1.38077,1.38889,1.37879,1.38530
2018-03-11 22:00:00,1.38500,1.39172,1.38409,1.39045
2018-03-12 22:00:00,1.39044,1.39940,1.38744,1.39635
2018-03-13 22:00:00,1.39635,1.39954,1.39252,1.39645
2018-03-14 22:00:00,1.39644,1.39884,1.39213,1.39369
2018-03-15 22:00:00,1.39369,1.39805,1.38889,1.39420
2018-03-18 22:00:00,1.39449,1.40881,1.39125,1.40241
2018-03-19 22:00:00,1.40242,1.40664,1.39824,1.39998
2018-03-20 22:00:00,1.39998,1.41505,1.39977,1.41372
2018-03-21 22:00:00,1.41372,1.42181,1.40757,1.40995
2018-03-22 22:00:00,1.40995,1.41716,1.40849,1.41316
2018-03-25 21:00:00,1.41319,1.42444,1.41299,1.42269
2018-03-26 21:00:00,1.42273,1.42440,1.40658,1.41563
2018-03-27 21:00:00,1.41557,1.42003,1.40705,1.40769
2018-03-28 21:00:00,1.40769,1.40960,1.40103,1.40182
2018-03-29 21:00:00,1.40172,1.40591,1.40119,1.40211
2018-04-01 21:00:00,1.40126,1.40773,1.40023,1.40441
2018-04-02 21:00:00,1.40441,1.40886,1.40206,1.40549
2018-04-03 21:00:00,1.40550,1.40964,1.40150,1.40772
2018-04-04 21:00:00,1.40790,1.40969,1.39658,1.40033
2018-04-05 21:00:00,1.39995,1.41052,1.39827,1.40881
2018-04-08 21:00:00,1.40819,1.41641,1.40781,1.41293
2018-04-09 21:00:00,1.41286,1.41878,1.41199,1.41739
2018-04-10 21:00:00,1.41748,1.42231,1.41605,1.41746
2018-04-11 21:00:00,1.41730,1.42465,1.41449,1.42276
2018-04-12 21:00:00,1.42248,1.42961,1.42204,1.42382
2018-04-15 21:00:00,1.42375,1.43440,1.42296,1.43359
2018-04-16 21:00:00,1.43343,1.43762,1.42822,1.42858
2018-04-17 21:00:00,1.42860,1.43145,1.41726,1.42014
2018-04-18 21:00:00,1.41997,1.42455,1.40683,1.40819
2018-04-19 21:00:00,1.40826,1.40911,1.40008,1.40010
2018-04-22 21:00:00,1.39978,1.40309,1.39259,1.39394
2018-04-23 21:00:00,1.39376,1.39870,1.39178,1.39760
2018-04-24 21:00:00,1.39724,1.39966,1.39231,1.39279
2018-04-25 21:00:00,1.39230,1.39979,1.38947,1.39127
2018-04-26 21:00:00,1.39145,1.39344,1.37469,1.37792
2018-04-29 21:00:00,1.37701,1.37923,1.37122,1.37552
2018-04-30 21:00:00,1.37552,1.37725,1.35880,1.36127
2018-05-01 21:00:00,1.36128,1.36658,1.35547,1.35718
2018-05-02 21:00:00,1.35710,1.36292,1.35377,1.35730
2018-05-03 21:00:00,1.35730,1.35858,1.34861,1.35301
2018-05-06 21:00:00,1.35304,1.35752,1.35151,1.35560
2018-05-07 21:00:00,1.35559,1.35930,1.34844,1.35468
2018-05-08 21:00:00,1.35468,1.36069,1.34989,1.35452
2018-05-09 21:00:00,1.35453,1.36175,1.34597,1.35160
2018-05-10 21:00:00,1.35122,1.35955,1.35018,1.35412
2018-05-13 21:00:00,1.35342,1.36082,1.35288,1.35548
2018-05-14 21:00:00,1.35550,1.35719,1.34511,1.35032
2018-05-15 21:00:00,1.35012,1.35208,1.34554,1.34859
2018-05-16 21:00:00,1.34822,1.35691,1.34741,1.35148
2018-05-17 21:00:00,1.35146,1.35276,1.34549,1.34686
2018-05-20 21:00:00,1.34590,1.34826,1.33907,1.34217
2018-05-21 21:00:00,1.34222,1.34914,1.34123,1.34279
2018-05-22 21:00:00,1.34269,1.34423,1.33051,1.33434
2018-05-23 21:00:00,1.33397,1.34214,1.33344,1.33784
2018-05-24 21:00:00,1.33794,1.33889,1.32922,1.32955
2018-05-27 21:00:00,1.33121,1.33410,1.32961,1.33080
2018-05-28 21:00:00,1.33080,1.33250,1.32040,1.32430
2018-05-29 21:00:00,1.32424,1.33069,1.32383,1.32833
2018-05-30 21:00:00,1.32835,1.33479,1.32770,1.32933
2018-05-31 21:00:00,1.32929,1.33617,1.32536,1.33474
2018-06-03 21:00:00,1.33320,1.33981,1.32944,1.33137
2018-06-04 21:00:00,1.33116,1.34085,1.33018,1.33856
2018-06-05 21:00:00,1.33784,1.34428,1.33753,1.34119
2018-06-06 21:00:00,1.34097,1.34723,1.33711,1.34224
2018-06-07 21:00:00,1.34224,1.34390,1.33543,1.34067
2018-06-10 21:00:00,1.34044,1.34411,1.33445,1.33741
2018-06-11 21:00:00,1.33735,1.34244,1.33418,1.33705
2018-06-12 21:00:00,1.33730,1.33895,1.33079,1.33744
2018-06-13 21:00:00,1.33744,1.34464,1.32556,1.32587
2018-06-14 21:00:00,1.32590,1.32978,1.32110,1.32764
2018-06-17 21:00:00,1.32614,1.32788,1.32258,1.32446
2018-06-18 21:00:00,1.32439,1.32726,1.31504,1.31726
2018-06-19 21:00:00,1.31720,1.32173,1.31466,1.31673
2018-06-20 21:00:00,1.31680,1.32696,1.31017,1.32329
2018-06-21 21:00:00,1.32289,1.33147,1.32289,1.32652
2018-06-24 21:00:00,1.32491,1.32907,1.32207,1.32765
2018-06-25 21:00:00,1.32755,1.32919,1.31917,1.32141
2018-06-26 21:00:00,1.32259,1.32335,1.31060,1.31108
2018-06-27 21:00:00,1.31105,1.31209,1.30491,1.30766
2018-06-28 21:00:00,1.30766,1.32138,1.30668,1.32084
2018-07-01 21:00:00,1.31941,1.32084,1.30946,1.31419
2018-07-02 21:00:00,1.31410,1.32066,1.31145,1.31899
2018-07-03 21:00:00,1.31899,1.32494,1.31706,1.32270
2018-07-04 21:00:00,1.32107,1.32746,1.32038,1.32208
2018-07-05 21:00:00,1.32067,1.32899,1.32030,1.32864
2018-07-08 21:00:00,1.33148,1.33627,1.31884,1.32550
2018-07-09 21:00:00,1.32564,1.33008,1.32229,1.32704
2018-07-10 21:00:00,1.32663,1.32851,1.31994,1.32022
2018-07-11 21:00:00,1.32019,1.32447,1.31802,1.32047
2018-07-12 21:00:00,1.32036,1.32384,1.31024,1.32349
2018-07-15 21:00:00,1.32221,1.32925,1.32164,1.32341
2018-07-16 21:00:00,1.32334,1.32686,1.30679,1.31139
2018-07-17 21:00:00,1.31134,1.31168,1.30095,1.30659
2018-07-18 21:00:00,1.30661,1.30830,1.29573,1.30135
2018-07-19 21:00:00,1.30135,1.31400,1.29948,1.31298
2018-07-22 21:00:00,1.31203,1.31576,1.30816,1.30975
2018-07-23 21:00:00,1.30964,1.31589,1.30709,1.31433
2018-07-24 21:00:00,1.31433,1.32002,1.31321,1.31865
2018-07-25 21:00:00,1.31890,1.32127,1.31048,1.31067
2018-07-26 21:00:00,1.31093,1.31303,1.30814,1.31059
2018-07-29 21:00:00,1.31081,1.31515,1.30966,1.31312
2018-07-30 21:00:00,1.31288,1.31722,1.30890,1.31219
2018-07-31 21:00:00,1.31194,1.31438,1.30946,1.31257
2018-08-01 21:00:00,1.31253,1.31283,1.30139,1.30150
2018-08-02 21:00:00,1.30134,1.30427,1.29749,1.30023
2018-08-05 21:00:00,1.29994,1.30076,1.29194,1.29426
2018-08-06 21:00:00,1.29444,1.29731,1.29233,1.29382
2018-08-07 21:00:00,1.29365,1.29593,1.28529,1.28808
2018-08-08 21:00:00,1.28783,1.29112,1.28182,1.28228
2018-08-09 21:00:00,1.28265,1.28363,1.27223,1.27695
2018-08-12 21:00:00,1.27400,1.27908,1.27293,1.27591
2018-08-13 21:00:00,1.27671,1.28267,1.27041,1.27210
2018-08-14 21:00:00,1.27196,1.27349,1.26611,1.26947
2018-08-15 21:00:00,1.26938,1.27538,1.26847,1.27085
2018-08-16 21:00:00,1.27105,1.27521,1.26762,1.27500
2018-08-19 21:00:00,1.27414,1.27988,1.27288,1.27960
2018-08-20 21:00:00,1.27953,1.29241,1.27919,1.28990
2018-08-21 21:00:00,1.28959,1.29358,1.28678,1.29092
2018-08-22 21:00:00,1.29092,1.29182,1.28042,1.28129
2018-08-23 21:00:00,1.28094,1.28805,1.27987,1.28476
2018-08-26 21:00:00,1.28359,1.29003,1.28282,1.28912
2018-08-27 21:00:00,1.28783,1.29311,1.28610,1.28698
2018-08-28 21:00:00,1.28700,1.30321,1.28446,1.30248
2018-08-29 21:00:00,1.30233,1.30429,1.29845,1.30060
2018-08-30 21:00:00,1.30103,1.30280,1.29441,1.29554
2018-09-02 21:00:00,1.29139,1.29330,1.28544,1.28672
2018-09-03 21:00:00,1.28673,1.28750,1.28098,1.28537
2018-09-04 21:00:00,1.28528,1.29823,1.27848,1.29032
2018-09-05 21:00:00,1.29020,1.29618,1.28957,1.29258
2018-09-06 21:00:00,1.29257,1.30283,1.29076,1.29146
2018-09-09 21:00:00,1.29217,1.30512,1.28963,1.30250
2018-09-10 21:00:00,1.30250,1.30874,1.29634,1.30296
2018-09-11 21:00:00,1.30288,1.30815,1.29785,1.30443
2018-09-12 21:00:00,1.30442,1.31235,1.30256,1.31057
2018-09-13 21:00:00,1.31055,1.31431,1.30561,1.30686
2018-09-16 21:00:00,1.30676,1.31644,1.30656,1.31562
2018-09-17 21:00:00,1.31561,1.31721,1.31181,1.31473
2018-09-18 21:00:00,1.31466,1.32143,1.30969,1.31424
2018-09-19 21:00:00,1.31358,1.32979,1.31340,1.32590
2018-09-20 21:00:00,1.32602,1.32761,1.30536,1.30803
2018-09-23 21:00:00,1.30755,1.31663,1.30623,1.31189
2018-09-24 21:00:00,1.31189,1.31930,1.30943,1.31783
2018-09-25 21:00:00,1.31811,1.32169,1.31376,1.31638
2018-09-26 21:00:00,1.31630,1.31784,1.30730,1.30730
2018-09-27 21:00:00,1.30730,1.30896,1.29995,1.30290
2018-09-30 21:00:00,1.30380,1.31162,1.30115,1.30415
2018-10-01 21:00:00,1.30413,1.30480,1.29404,1.29774
2018-10-02 21:00:00,1.29761,1.30226,1.29235,1.29358
2018-10-03 21:00:00,1.29376,1.30408,1.29214,1.30203
2018-10-04 21:00:00,1.30203,1.31223,1.30027,1.31147
2018-10-07 21:00:00,1.31138,1.31324,1.30275,1.30856
2018-10-08 21:00:00,1.30812,1.31497,1.30323,1.31420
2018-10-09 21:00:00,1.31402,1.32151,1.31316,1.31876
2018-10-10 21:00:00,1.31897,1.32460,1.31814,1.32321
2018-10-11 21:00:00,1.32257,1.32572,1.31457,1.31538
2018-10-14 21:00:00,1.30844,1.31812,1.30794,1.31509
2018-10-15 21:00:00,1.31510,1.32359,1.31368,1.31768
2018-10-16 21:00:00,1.31762,1.31920,1.30987,1.31126
2018-10-17 21:00:00,1.31110,1.31309,1.30155,1.30170
2018-10-18 21:00:00,1.30164,1.31036,1.30107,1.30650
2018-10-21 21:00:00,1.30627,1.30894,1.29559,1.29559
2018-10-22 21:00:00,1.29560,1.30437,1.29364,1.29816
2018-10-23 21:00:00,1.29817,1.29900,1.28666,1.28792
2018-10-24 21:00:00,1.28780,1.29189,1.27961,1.28159
2018-10-25 21:00:00,1.28138,1.28408,1.27763,1.28233
2018-10-28 22:00:00,1.28244,1.28523,1.27905,1.27961
2018-10-29 22:00:00,1.27960,1.28121,1.26936,1.27066
2018-10-30 22:00:00,1.27066,1.28300,1.26998,1.27679
2018-10-31 22:00:00,1.27679,1.30345,1.27625,1.29933
2018-11-01 22:00:00,1.29935,1.30404,1.29510,1.29639
2018-11-04 22:00:00,1.30226,1.30552,1.29637,1.30402
2018-11-05 22:00:00,1.30358,1.31065,1.30204,1.30966
2018-11-06 22:00:00,1.30950,1.31740,1.30727,1.31215
2018-11-07 22:00:00,1.31238,1.31493,1.30442,1.30603
2018-11-08 22:00:00,1.30604,1.30694,1.29576,1.29695
2018-11-11 22:00:00,1.29145,1.29461,1.28267,1.28478
2018-11-12 22:00:00,1.28473,1.30467,1.28358,1.29671
2018-11-13 22:00:00,1.29672,1.30713,1.28797,1.29858
2018-11-14 22:00:00,1.29872,1.30295,1.27223,1.27685
2018-11-15 22:00:00,1.27643,1.28769,1.27589,1.28216
2018-11-18 22:00:00,1.28307,1.28837,1.27936,1.28493
2018-11-19 22:00:00,1.28492,1.28827,1.27756,1.27857
2018-11-20 22:00:00,1.27859,1.28191,1.27635,1.27751
2018-11-21 22:00:00,1.27776,1.29267,1.27670,1.28749
2018-11-22 22:00:00,1.28753,1.28823,1.27976,1.28003
2018-11-25 22:00:00,1.28222,1.28634,1.27946,1.28083
2018-11-26 22:00:00,1.28068,1.28189,1.27245,1.27444
2018-11-27 22:00:00,1.27416,1.28465,1.27315,1.28237
2018-11-28 22:00:00,1.28226,1.28494,1.27548,1.27887
2018-11-29 22:00:00,1.27844,1.28088,1.27341,1.27479
2018-12-02 22:00:00,1.27430,1.28240,1.26980,1.27229
2018-12-03 22:00:00,1.27231,1.28393,1.26579,1.27158
2018-12-04 22:00:00,1.27147,1.27972,1.26714,1.27326
2018-12-05 22:00:00,1.27328,1.28111,1.26986,1.27828
2018-12-06 22:00:00,1.27818,1.27901,1.27103,1.27313
2018-12-09 22:00:00,1.27032,1.27593,1.25060,1.25608
2018-12-10 22:00:00,1.25590,1.26379,1.24790,1.24869
2018-12-11 22:00:00,1.24868,1.26712,1.24756,1.26265
2018-12-12 22:00:00,1.26255,1.26860,1.26036,1.26502
2018-12-13 22:00:00,1.26501,1.26627,1.25285,1.25831
2018-12-16 22:00:00,1.25992,1.26466,1.25437,1.26196
2018-12-17 22:00:00,1.26135,1.27048,1.26094,1.26371
2018-12-18 22:00:00,1.26394,1.26787,1.26059,1.26098
2018-12-19 22:00:00,1.26092,1.27065,1.26065,1.26541
2018-12-20 22:00:00,1.26538,1.26972,1.26170,1.26360
2018-12-23 22:00:00,1.26197,1.27378,1.26197,1.26981
2018-12-25 22:00:00,1.27066,1.27140,1.26298,1.26311
2018-12-26 22:00:00,1.26315,1.26742,1.26151,1.26413
2018-12-27 22:00:00,1.26439,1.27077,1.26344,1.26945
2018-12-30 22:00:00,1.26907,1.28137,1.26794,1.27443
2019-01-01 22:00:00,1.27302,1.27727,1.25802,1.26057
2019-01-02 22:00:00,1.26058,1.26467,1.23953,1.26286
2019-01-03 22:00:00,1.26371,1.27440,1.26151,1.27230
2019-01-06 22:00:00,1.27160,1.27863,1.27073,1.27765
2019-01-07 22:00:00,1.27732,1.27968,1.27060,1.27142
2019-01-08 22:00:00,1.27137,1.28034,1.27068,1.27867
2019-01-09 22:00:00,1.27876,1.28009,1.27273,1.27463
2019-01-10 22:00:00,1.27499,1.28654,1.27089,1.28335
2019-01-13 22:00:00,1.28502,1.29301,1.28174,1.28595
2019-01-14 22:00:00,1.28658,1.29148,1.26677,1.28587
2019-01-15 22:00:00,1.28578,1.28966,1.28241,1.28770
2019-01-16 22:00:00,1.28771,1.30002,1.28313,1.29843
2019-01-17 22:00:00,1.29842,1.29929,1.28561,1.28739
2019-01-20 22:00:00,1.28714,1.29099,1.28297,1.28902
2019-01-21 22:00:00,1.28915,1.29747,1.28545,1.29561
2019-01-22 22:00:00,1.29563,1.30803,1.29407,1.30670
2019-01-23 22:00:00,1.30678,1.30935,1.30115,1.30628
2019-01-24 22:00:00,1.30615,1.32173,1.30563,1.31971
2019-01-27 22:00:00,1.31837,1.32104,1.31362,1.31566
2019-01-28 22:00:00,1.31559,1.31992,1.30548,1.30655
2019-01-29 22:00:00,1.30657,1.31447,1.30539,1.31152
2019-01-30 22:00:00,1.31138,1.31595,1.30928,1.31080
2019-01-31 22:00:00,1.31101,1.31142,1.30426,1.30811
2019-02-03 22:00:00,1.30614,1.31028,1.30282,1.30344
2019-02-04 22:00:00,1.30343,1.30510,1.29239,1.29488
2019-02-05 22:00:00,1.29496,1.29787,1.29245,1.29278
2019-02-06 22:00:00,1.29278,1.29957,1.28532,1.29512
2019-02-07 22:00:00,1.29506,1.29758,1.29205,1.29392
2019-02-10 22:00:00,1.29278,1.29383,1.28454,1.28575
2019-02-11 22:00:00,1.28603,1.29090,1.28318,1.28904
2019-02-12 22:00:00,1.28936,1.29581,1.28442,1.28445
2019-02-13 22:00:00,1.28448,1.28770,1.27722,1.27975
2019-02-14 22:00:00,1.27991,1.28974,1.27838,1.28859
2019-02-17 22:00:00,1.29022,1.29380,1.28908,1.29209
2019-02-18 22:00:00,1.29218,1.30725,1.28949,1.30612
2019-02-19 22:00:00,1.30625,1.31084,1.30113,1.30494
2019-02-20 22:00:00,1.30495,1.30948,1.30253,1.30371
2019-02-21 22:00:00,1.30356,1.30793,1.29673,1.30526
2019-02-24 22:00:00,1.30679,1.31136,1.30453,1.30952
2019-02-25 22:00:00,1.30955,1.32877,1.30955,1.32496
2019-02-26 22:00:00,1.32499,1.33494,1.32326,1.33062
2019-02-27 22:00:00,1.33085,1.33191,1.32528,1.32607
2019-02-28 22:00:00,1.32609,1.32856,1.31712,1.32027
2019-03-03 22:00:00,1.32426,1.32536,1.31656,1.31783
2019-03-04 22:00:00,1.31805,1.31980,1.30969,1.31770
2019-03-05 22:00:00,1.31781,1.31806,1.31234,1.31680
2019-03-06 22:00:00,1.31696,1.31843,1.30675,1.30799
2019-03-07 22:00:00,1.30812,1.31076,1.29892,1.30154
2019-03-10 22:00:00,1.29833,1.31898,1.29594,1.31880
2019-03-11 22:00:00,1.31879,1.32884,1.30040,1.30721
2019-03-12 22:00:00,1.30722,1.33807,1.30612,1.33116
2019-03-13 22:00:00,1.33116,1.33304,1.32065,1.32583
2019-03-14 22:00:00,1.32584,1.32994,1.32022,1.32900
2019-03-17 22:00:00,1.32953,1.32996,1.31836,1.32437
2019-03-18 22:00:00,1.32437,1.33106,1.32402,1.32629
2019-03-19 22:00:00,1.32629,1.32719,1.31455,1.31924
2019-03-20 22:00:00,1.31925,1.32266,1.30032,1.31115
2019-03-21 22:00:00,1.31115,1.32230,1.30803,1.32077
2019-03-24 22:00:00,1.32089,1.32454,1.31592,1.31939
2019-03-25 22:00:00,1.31937,1.32607,1.31566,1.32044
2019-03-26 22:00:00,1.32044,1.32687,1.31537,1.31578
2019-03-27 22:00:00,1.31586,1.31977,1.30339,1.30447
2019-03-28 22:00:00,1.30445,1.31352,1.29767,1.30280
2019-03-31 21:00:00,1.30381,1.31491,1.30050,1.31013
2019-04-01 21:00:00,1.31034,1.31490,1.30126,1.31270
2019-04-02 21:00:00,1.31325,1.31955,1.31203,1.31551
2019-04-03 21:00:00,1.31560,1.31905,1.30593,1.30738
2019-04-04 21:00:00,1.30741,1.31212,1.29862,1.30326
2019-04-07 21:00:00,1.30337,1.30736,1.30215,1.30573
2019-04-08 21:00:00,1.30612,1.31213,1.30298,1.30484
2019-04-09 21:00:00,1.30508,1.31224,1.30370,1.30866
2019-04-10 21:00:00,1.30881,1.31083,1.30496,1.30509
2019-04-11 21:00:00,1.30520,1.31322,1.30498,1.30696
2019-04-14 21:00:00,1.30706,1.31184,1.30668,1.30966
2019-04-15 21:00:00,1.30988,1.31007,1.30419,1.30455
2019-04-16 21:00:00,1.30474,1.30665,1.30281,1.30386
2019-04-17 21:00:00,1.30391,1.30518,1.29782,1.29867
2019-04-18 21:00:00,1.29839,1.30088,1.29797,1.29809
2019-04-21 21:00:00,1.29812,1.29991,1.29745,1.29785
2019-04-22 21:00:00,1.29784,1.30187,1.29275,1.29363
2019-04-23 21:00:00,1.29359,1.29628,1.28870,1.29003
2019-04-24 21:00:00,1.28986,1.29159,1.28650,1.28965
2019-04-25 21:00:00,1.28964,1.29429,1.28741,1.29144
2019-04-28 21:00:00,1.29147,1.29465,1.29034,1.29321
2019-04-29 21:00:00,1.29302,1.30484,1.29204,1.30314
2019-04-30 21:00:00,1.30358,1.31018,1.30283,1.30490
2019-05-01 21:00:00,1.30478,1.30800,1.30174,1.30312
2019-05-02 21:00:00,1.30312,1.31762,1.29877,1.31728
2019-05-05 21:00:00,1.31434,1.31700,1.30805,1.30951
2019-05-06 21:00:00,1.30941,1.31311,1.30389,1.30746
2019-05-07 21:00:00,1.30732,1.30797,1.29863,1.30045
2019-05-08 21:00:00,1.30063,1.30353,1.29667,1.30090
2019-05-09 21:00:00,1.30031,1.30469,1.29906,1.30017
2019-05-12 21:00:00,1.29923,1.30400,1.29404,1.29561
2019-05-13 21:00:00,1.29580,1.29695,1.29029,1.29033
2019-05-14 21:00:00,1.29032,1.29226,1.28256,1.28419
2019-05-15 21:00:00,1.28410,1.28516,1.27868,1.27955
2019-05-16 21:00:00,1.27951,1.27974,1.27122,1.27122
2019-05-19 21:00:00,1.27287,1.27566,1.27139,1.27229
2019-05-20 21:00:00,1.27214,1.28131,1.26845,1.27040
2019-05-21 21:00:00,1.27042,1.27186,1.26235,1.26600
2019-05-22 21:00:00,1.26598,1.26834,1.26045,1.26553
2019-05-23 21:00:00,1.26571,1.27322,1.26466,1.27104
2019-05-26 21:00:00,1.27264,1.27472,1.26666,1.26785
2019-05-27 21:00:00,1.26772,1.27013,1.26494,1.26519
2019-05-28 21:00:00,1.26517,1.26708,1.26110,1.26258
2019-05-29 21:00:00,1.26251,1.26397,1.25799,1.26063
2019-05-30 21:00:00,1.26084,1.26438,1.25583,1.26304
2019-06-02 21:00:00,1.26291,1.26735,1.26097,1.26625
2019-06-03 21:00:00,1.26633,1.27138,1.26415,1.26977
2019-06-04 21:00:00,1.26990,1.27431,1.26799,1.26831
2019-06-05 21:00:00,1.26809,1.27416,1.26680,1.26933
2019-06-06 21:00:00,1.26910,1.27625,1.26849,1.27379
2019-06-09 21:00:00,1.27231,1.27347,1.26522,1.26827
2019-06-10 21:00:00,1.26855,1.27317,1.26696,1.27231
2019-06-11 21:00:00,1.27220,1.27579,1.26808,1.26871
2019-06-12 21:00:00,1.26877,1.27074,1.26615,1.26730
2019-06-13 21:00:00,1.26728,1.26813,1.25794,1.25890
2019-06-16 21:00:00,1.25782,1.26049,1.25314,1.25329
2019-06-17 21:00:00,1.25328,1.25641,1.25053,1.25565
2019-06-18 21:00:00,1.25562,1.26731,1.25418,1.26384
2019-06-19 21:00:00,1.26424,1.27264,1.26261,1.27024
2019-06-20 21:00:00,1.27001,1.27459,1.26417,1.27446
2019-06-23 21:00:00,1.27324,1.27659,1.27077,1.27382
2019-06-24 21:00:00,1.27377,1.27832,1.26712,1.26862
2019-06-25 21:00:00,1.26879,1.27068,1.26619,1.26888
2019-06-26 21:00:00,1.26888,1.27241,1.26608,1.26698
2019-06-27 21:00:00,1.26725,1.27340,1.26601,1.26944
2019-06-30 21:00:00,1.26943,1.27050,1.26312,1.26385
2019-07-01 21:00:00,1.26377,1.26475,1.25833,1.25921
2019-07-02 21:00:00,1.25921,1.25998,1.25564,1.25716
2019-07-03 21:00:00,1.25698,1.25904,1.25568,1.25777
2019-07-04 21:00:00,1.25777,1.25870,1.24805,1.25214
2019-07-07 21:00:00,1.25239,1.25393,1.24996,1.25134
2019-07-08 21:00:00,1.25134,1.25227,1.24391,1.24624
2019-07-09 21:00:00,1.24619,1.25207,1.24436,1.25015
2019-07-10 21:00:00,1.24990,1.25709,1.24972,1.25220
2019-07-11 21:00:00,1.25223,1.25786,1.25183,1.25753
2019-07-14 21:00:00,1.25403,1.25779,1.25099,1.25149
2019-07-15 21:00:00,1.25160,1.25203,1.23961,1.24060
2019-07-16 21:00:00,1.24054,1.24562,1.23817,1.24307
2019-07-17 21:00:00,1.24308,1.25581,1.24260,1.25454
2019-07-18 21:00:00,1.25451,1.25561,1.24760,1.25014
2019-07-21 21:00:00,1.24896,1.25192,1.24552,1.24755
2019-07-22 21:00:00,1.24754,1.24816,1.24176,1.24380
2019-07-23 21:00:00,1.24377,1.25223,1.24261,1.24841
2019-07-24 21:00:00,1.24829,1.25177,1.24363,1.24530
2019-07-25 21:00:00,1.24536,1.24594,1.23759,1.23815
2019-07-28 21:00:00,1.23744,1.23828,1.22121,1.22166
2019-07-29 21:00:00,1.22168,1.22256,1.21190,1.21509
2019-07-30 21:00:00,1.21511,1.22494,1.21334,1.21594
2019-07-31 21:00:00,1.21563,1.21709,1.20792,1.21313
2019-08-01 21:00:00,1.21313,1.21690,1.20896,1.21576
2019-08-04 21:00:00,1.21162,1.21880,1.21014,1.21424
2019-08-05 21:00:00,1.21409,1.22094,1.21352,1.21666
2019-08-06 21:00:00,1.21665,1.21909,1.21207,1.21425
2019-08-07 21:00:00,1.21400,1.21823,1.20949,1.21338
2019-08-08 21:00:00,1.21301,1.21477,1.20221,1.20231
2019-08-11 21:00:00,1.20398,1.21060,1.20148,1.20748
2019-08-12 21:00:00,1.20749,1.20972,1.20416,1.20592
2019-08-13 21:00:00,1.20591,1.21007,1.20443,1.20542
2019-08-14 21:00:00,1.20544,1.21503,1.20505,1.20811
2019-08-15 21:00:00,1.20864,1.21751,1.20761,1.21433
2019-08-18 21:00:00,1.21467,1.21720,1.21041,1.21244
2019-08-19 21:00:00,1.21246,1.21798,1.20640,1.21679
2019-08-20 21:00:00,1.21681,1.21748,1.21118,1.21229
2019-08-21 21:00:00,1.21282,1.22726,1.21082,1.22493
2019-08-22 21:00:00,1.22493,1.22932,1.21939,1.22807
2019-08-25 21:00:00,1.22675,1.22852,1.22075,1.22171
2019-08-26 21:00:00,1.22167,1.23093,1.22084,1.22882
2019-08-27 21:00:00,1.22886,1.22905,1.21555,1.22138
2019-08-28 21:00:00,1.22117,1.22320,1.21718,1.21799
2019-08-29 21:00:00,1.21799,1.22258,1.21391,1.21625
2019-09-01 21:00:00,1.21395,1.21744,1.20355,1.20667
2019-09-02 21:00:00,1.20667,1.21052,1.19579,1.20825
2019-09-03 21:00:00,1.20825,1.22570,1.20578,1.22520
2019-09-04 21:00:00,1.22510,1.23533,1.22099,1.23362
2019-09-05 21:00:00,1.23296,1.23433,1.22788,1.22850
2019-09-08 21:00:00,1.22710,1.23840,1.22330,1.23437
2019-09-09 21:00:00,1.23440,1.23795,1.23066,1.23521
2019-09-10 21:00:00,1.23520,1.23706,1.23124,1.23278
2019-09-11 21:00:00,1.23278,1.23662,1.22828,1.23329
2019-09-12 21:00:00,1.23326,1.25051,1.23267,1.24943
2019-09-15 21:00:00,1.24967,1.25036,1.23990,1.24252
2019-09-16 21:00:00,1.24253,1.25267,1.23918,1.24980
2019-09-17 21:00:00,1.24982,1.25115,1.24383,1.24692
2019-09-18 21:00:00,1.24692,1.25599,1.24375,1.25222
2019-09-19 21:00:00,1.25220,1.25813,1.24590,1.24670
2019-09-22 21:00:00,1.24644,1.24903,1.24124,1.24293
2019-09-23 21:00:00,1.24294,1.25026,1.24136,1.24922
2019-09-24 21:00:00,1.24922,1.24980,1.23474,1.23503
2019-09-25 21:00:00,1.23504,1.23800,1.23029,1.23206
2019-09-26 21:00:00,1.23205,1.23360,1.22702,1.22871
2019-09-29 21:00:00,1.22784,1.23459,1.22752,1.22865
2019-09-30 21:00:00,1.22865,1.23387,1.22043,1.23025
2019-10-01 21:00:00,1.23035,1.23239,1.22264,1.22983
2019-10-02 21:00:00,1.22996,1.24129,1.22654,1.23299
2019-10-03 21:00:00,1.23264,1.23567,1.22759,1.23323
2019-10-06 21:00:00,1.23012,1.23361,1.22868,1.22895
2019-10-07 21:00:00,1.22899,1.23021,1.21950,1.22161
2019-10-08 21:00:00,1.22163,1.22909,1.21974,1.22039
2019-10-09 21:00:00,1.22040,1.24688,1.22022,1.24346
2019-10-10 21:00:00,1.24346,1.27071,1.24079,1.26468
2019-10-13 21:00:00,1.26210,1.26495,1.25158,1.26064
2019-10-14 21:00:00,1.26063,1.27989,1.25984,1.27840
2019-10-15 21:00:00,1.27800,1.28775,1.26566,1.28291
2019-10-16 21:00:00,1.28286,1.29889,1.27490,1.28892
2019-10-17 21:00:00,1.28892,1.29727,1.28391,1.29695
2019-10-20 21:00:00,1.29477,1.30120,1.28744,1.29577
2019-10-21 21:00:00,1.29581,1.30006,1.28618,1.28693
2019-10-22 21:00:00,1.28692,1.29214,1.28410,1.29108
2019-10-23 21:00:00,1.29085,1.29494,1.27881,1.28487
2019-10-24 21:00:00,1.28487,1.28629,1.28039,1.28309
2019-10-27 22:00:00,1.28128,1.28759,1.28111,1.28589
2019-10-28 22:00:00,1.28591,1.29044,1.28064,1.28625
2019-10-29 22:00:00,1.28625,1.29073,1.28450,1.28994
2019-10-30 22:00:00,1.28995,1.29755,1.28975,1.29264
2019-10-31 22:00:00,1.29264,1.29725,1.29262,1.29337
2019-11-03 22:00:00,1.29264,1.29425,1.28760,1.28806
2019-11-04 22:00:00,1.28813,1.29171,1.28589,1.28806
2019-11-05 22:00:00,1.28809,1.28968,1.28437,1.28540
2019-11-06 22:00:00,1.28537,1.28775,1.27936,1.28168
2019-11-07 22:00:00,1.28158,1.28227,1.27684,1.27748
2019-11-10 22:00:00,1.27732,1.28976,1.27732,1.28524
2019-11-11 22:00:00,1.28523,1.28737,1.28152,1.28448
2019-11-12 22:00:00,1.28431,1.28624,1.28214,1.28481
2019-11-13 22:00:00,1.28479,1.28880,1.28246,1.28808
2019-11-14 22:00:00,1.28802,1.29188,1.28670,1.28985
2019-11-17 22:00:00,1.29200,1.29850,1.29074,1.29507
2019-11-18 22:00:00,1.29503,1.29696,1.29101,1.29237
2019-11-19 22:00:00,1.29228,1.29300,1.28868,1.29215
2019-11-20 22:00:00,1.29211,1.29698,1.28927,1.29047
2019-11-21 22:00:00,1.29051,1.29280,1.28226,1.28271
2019-11-24 22:00:00,1.28523,1.29117,1.28408,1.28981
2019-11-25 22:00:00,1.28981,1.29034,1.28348,1.28639
2019-11-26 22:00:00,1.28634,1.29206,1.28268,1.29189
2019-11-27 22:00:00,1.29191,1.29507,1.28989,1.29096
2019-11-28 22:00:00,1.29096,1.29418,1.28788,1.29170
2019-12-01 22:00:00,1.29088,1.29488,1.28957,1.29381
2019-12-02 22:00:00,1.29387,1.30110,1.29302,1.29912
2019-12-03 22:00:00,1.29910,1.31202,1.29824,1.31029
2019-12-04 22:00:00,1.31029,1.31663,1.31015,1.31553
2019-12-05 22:00:00,1.31553,1.31652,1.31002,1.31340
2019-12-08 22:00:00,1.31336,1.31802,1.31310,1.31386
2019-12-09 22:00:00,1.31385,1.32148,1.31325,1.31530
2019-12-10 22:00:00,1.31536,1.32131,1.31052,1.31939
2019-12-11 22:00:00,1.31937,1.32288,1.30492,1.31612
2019-12-12 22:00:00,1.31603,1.35143,1.31603,1.33338
2019-12-15 22:00:00,1.33353,1.34221,1.33209,1.33303
2019-12-16 22:00:00,1.33300,1.33359,1.30991,1.31291
2019-12-17 22:00:00,1.31266,1.31341,1.30594,1.30767
2019-12-18 22:00:00,1.30770,1.31323,1.29896,1.30090
2019-12-19 22:00:00,1.30091,1.30792,1.29779,1.30006
2019-12-22 22:00:00,1.29940,1.30317,1.29049,1.29336
2019-12-23 22:00:00,1.29328,1.29707,1.29217,1.29569
2019-12-25 22:00:00,1.29848,1.30155,1.29595,1.29921
2019-12-26 22:00:00,1.29922,1.31170,1.29682,1.30845
2019-12-29 22:00:00,1.30691,1.31500,1.30656,1.31117
2019-12-30 22:00:00,1.31117,1.32842,1.31048,1.32448
2020-01-01 22:00:00,1.32090,1.32305,1.31150,1.31363
2020-01-02 22:00:00,1.31363,1.31599,1.30532,1.30743
2020-01-05 22:00:00,1.30781,1.31741,1.30625,1.31682
2020-01-06 22:00:00,1.31684,1.32119,1.30948,1.31203
2020-01-07 22:00:00,1.31180,1.31694,1.30801,1.30938
2020-01-08 22:00:00,1.30937,1.31234,1.30130,1.30659
2020-01-09 22:00:00,1.30659,1.30967,1.30422,1.30637
2020-01-12 22:00:00,1.30364,1.30453,1.29609,1.29867
2020-01-13 22:00:00,1.29867,1.30330,1.29541,1.30157
2020-01-14 22:00:00,1.30151,1.30423,1.29848,1.30373
2020-01-15 22:00:00,1.30373,1.30829,1.30251,1.30778
2020-01-16 22:00:00,1.30783,1.31187,1.30076,1.30094
2020-01-19 22:00:00,1.29985,1.30137,1.29618,1.30076
2020-01-20 22:00:00,1.30075,1.30832,1.29949,1.30472
2020-01-21 22:00:00,1.30473,1.31527,1.30345,1.31390
2020-01-22 22:00:00,1.31395,1.31507,1.30969,1.31207
2020-01-23 22:00:00,1.31208,1.31724,1.30564,1.30705
2020-01-26 22:00:00,1.30754,1.31052,1.30401,1.30554
2020-01-27 22:00:00,1.30570,1.30648,1.29753,1.30271
2020-01-28 22:00:00,1.30271,1.30294,1.29892,1.30173
2020-01-29 22:00:00,1.30192,1.31098,1.29777,1.30908
2020-01-30 22:00:00,1.30907,1.32088,1.30820,1.32080
2020-02-02 22:00:00,1.31701,1.31841,1.29828,1.29935
2020-02-03 22:00:00,1.29935,1.30465,1.29409,1.30292
2020-02-04 22:00:00,1.30292,1.30698,1.29562,1.30004
2020-02-05 22:00:00,1.30016,1.30016,1.29210,1.29252
2020-02-06 22:00:00,1.29262,1.29589,1.28809,1.28820
2020-02-09 22:00:00,1.28864,1.29459,1.28717,1.29140
2020-02-10 22:00:00,1.29128,1.29677,1.28943,1.29490
2020-02-11 22:00:00,1.29508,1.29911,1.29452,1.29575
2020-02-12 22:00:00,1.29568,1.30692,1.29441,1.30412
2020-02-13 22:00:00,1.30385,1.30631,1.30010,1.30471
2020-02-16 22:00:00,1.30324,1.30536,1.29975,1.30039
2020-02-17 22:00:00,1.30039,1.30486,1.29705,1.29952
2020-02-18 22:00:00,1.29952,1.30230,1.29075,1.29187
2020-02-19 22:00:00,1.29186,1.29281,1.28489,1.28792
2020-02-20 22:00:00,1.28802,1.29805,1.28746,1.29566
2020-02-23 22:00:00,1.29426,1.29547,1.28865,1.29283
2020-02-24 22:00:00,1.29290,1.30178,1.29142,1.30037
2020-02-25 22:00:00,1.30036,1.30078,1.28953,1.28953
2020-02-26 22:00:00,1.28967,1.29460,1.28601,1.28838
2020-02-27 22:00:00,1.28838,1.29196,1.27255,1.28212
2020-03-01 22:00:00,1.27918,1.28506,1.27398,1.27522
2020-03-02 22:00:00,1.27518,1.28439,1.27379,1.28107
2020-03-03 22:00:00,1.28103,1.28723,1.27697,1.28703
2020-03-04 22:00:00,1.28700,1.29681,1.28604,1.29516
2020-03-05 22:00:00,1.29527,1.30519,1.29371,1.30445
2020-03-08 22:00:00,1.30754,1.31997,1.30342,1.30845
2020-03-09 22:00:00,1.30845,1.31151,1.28580,1.28803
2020-03-10 22:00:00,1.28803,1.29761,1.28024,1.28173
2020-03-11 22:00:00,1.28191,1.28487,1.24902,1.25731
2020-03-12 22:00:00,1.25735,1.26240,1.22658,1.22903
2020-03-15 22:00:00,1.24107,1.24200,1.22018,1.22677
2020-03-16 22:00:00,1.22662,1.22724,1.20018,1.20548
2020-03-17 22:00:00,1.20551,1.21296,1.14515,1.15803
2020-03-18 22:00:00,1.15777,1.17927,1.14190,1.14653
2020-03-19 22:00:00,1.14652,1.19333,1.14098,1.15990
2020-03-22 22:00:00,1.16745,1.17135,1.14463,1.15283
2020-03-23 22:00:00,1.15283,1.17989,1.14749,1.17341
2020-03-24 22:00:00,1.17342,1.19730,1.16384,1.18781
2020-03-25 22:00:00,1.18781,1.22289,1.17761,1.21547
2020-03-26 22:00:00,1.21547,1.24852,1.21301,1.24744
2020-03-29 21:00:00,1.24174,1.24668,1.23169,1.24171
2020-03-30 21:00:00,1.24043,1.24726,1.22436,1.24163
2020-03-31 21:00:00,1.24219,1.24382,1.23299,1.23730
2020-04-01 21:00:00,1.23730,1.24750,1.23496,1.23925
2020-04-02 21:00:00,1.23953,1.24058,1.22049,1.22692
2020-04-05 21:00:00,1.22204,1.23264,1.22095,1.22291
2020-04-06 21:00:00,1.22284,1.23839,1.21645,1.23297
2020-04-07 21:00:00,1.23295,1.24196,1.22877,1.23808
2020-04-08 21:00:00,1.23749,1.24832,1.23600,1.24525
2020-04-09 21:00:00,1.24492,1.24865,1.24325,1.24341
2020-04-12 21:00:00,1.24536,1.25365,1.24490,1.25002
2020-04-13 21:00:00,1.25002,1.26471,1.24896,1.26233
2020-04-14 21:00:00,1.26120,1.26303,1.24362,1.25105
2020-04-15 21:00:00,1.25108,1.25273,1.24078,1.24551
2020-04-16 21:00:00,1.24550,1.25223,1.24064,1.25058
2020-04-19 21:00:00,1.24916,1.24998,1.24160,1.24321
2020-04-20 21:00:00,1.24319,1.24457,1.22470,1.22879
2020-04-21 21:00:00,1.22772,1.23856,1.22741,1.23321
2020-04-22 21:00:00,1.23321,1.24147,1.23074,1.23434
2020-04-23 21:00:00,1.23432,1.23769,1.22977,1.23659
2020-04-26 21:00:00,1.23614,1.24543,1.23594,1.24282
2020-04-27 21:00:00,1.24259,1.25178,1.24034,1.24229
2020-04-28 21:00:00,1.24201,1.24849,1.23886,1.24691
2020-04-29 21:00:00,1.24653,1.26426,1.24289,1.25900
2020-04-30 21:00:00,1.25891,1.25998,1.24827,1.24926
2020-05-03 21:00:00,1.24823,1.24865,1.24050,1.24420
2020-05-04 21:00:00,1.24422,1.24834,1.24202,1.24331
2020-05-05 21:00:00,1.24323,1.24499,1.23348,1.23390
2020-05-06 21:00:00,1.23388,1.24181,1.22658,1.23522
2020-05-07 21:00:00,1.23525,1.24669,1.23384,1.24076
2020-05-10 21:00:00,1.23952,1.24372,1.22828,1.23318
2020-05-11 21:00:00,1.23294,1.23771,1.22550,1.22576
2020-05-12 21:00:00,1.22563,1.23396,1.22099,1.22231
2020-05-13 21:00:00,1.22180,1.22414,1.21654,1.22228
2020-05-14 21:00:00,1.22216,1.22389,1.21009,1.21020
2020-05-17 21:00:00,1.20852,1.22274,1.20739,1.21937
2020-05-18 21:00:00,1.21932,1.22961,1.21837,1.22502
2020-05-19 21:00:00,1.22498,1.22874,1.22211,1.22363
2020-05-20 21:00:00,1.22360,1.22493,1.21852,1.22161
2020-05-21 21:00:00,1.22150,1.22335,1.21613,1.21667
2020-05-24 21:00:00,1.21716,1.22033,1.21628,1.21799
2020-05-25 21:00:00,1.21795,1.23628,1.21765,1.23341
2020-05-26 21:00:00,1.23247,1.23540,1.22040,1.22578
2020-05-27 21:00:00,1.22596,1.23442,1.22335,1.23176
2020-05-28 21:00:00,1.23145,1.23938,1.22900,1.23509
2020-05-31 21:00:00,1.23231,1.25063,1.23231,1.24874
2020-06-01 21:00:00,1.24864,1.25755,1.24782,1.25492
2020-06-02 21:00:00,1.25486,1.26152,1.25434,1.25713
2020-06-03 21:00:00,1.25712,1.26331,1.25005,1.25932
2020-06-04 21:00:00,1.25947,1.27309,1.25827,1.26678
2020-06-07 21:00:00,1.26690,1.27354,1.26278,1.27214
2020-06-08 21:00:00,1.27218,1.27552,1.26175,1.27271
2020-06-09 21:00:00,1.27301,1.28129,1.27058,1.27467
2020-06-10 21:00:00,1.27452,1.27540,1.25861,1.26010
2020-06-11 21:00:00,1.25990,1.26531,1.24735,1.25482
2020-06-14 21:00:00,1.25094,1.26061,1.24540,1.26039
2020-06-15 21:00:00,1.26043,1.26872,1.25521,1.25721
2020-06-16 21:00:00,1.25720,1.25882,1.25108,1.25550
2020-06-17 21:00:00,1.25535,1.25667,1.24012,1.24231
2020-06-18 21:00:00,1.24233,1.24557,1.23437,1.23486
2020-06-21 21:00:00,1.23410,1.24767,1.23350,1.24672
2020-06-22 21:00:00,1.24666,1.25316,1.24317,1.25187
2020-06-23 21:00:00,1.25178,1.25425,1.24139,1.24169
2020-06-24 21:00:00,1.24166,1.24642,1.23885,1.24173
2020-06-25 21:00:00,1.24170,1.24365,1.23140,1.23363
2020-06-28 21:00:00,1.23231,1.23892,1.22509,1.22976
2020-06-29 21:00:00,1.22976,1.24012,1.22573,1.24000
2020-06-30 21:00:00,1.23991,1.24901,1.23589,1.24739
2020-07-01 21:00:00,1.24726,1.25296,1.24559,1.24670
2020-07-02 21:00:00,1.24652,1.24862,1.24373,1.24816
2020-07-05 21:00:00,1.24604,1.25197,1.24600,1.24911
2020-07-06 21:00:00,1.24899,1.25918,1.24625,1.25431
2020-07-07 21:00:00,1.25388,1.26227,1.25081,1.26085
2020-07-08 21:00:00,1.26092,1.26693,1.25923,1.26057
2020-07-09 21:00:00,1.26053,1.26638,1.25663,1.26200
2020-07-12 21:00:00,1.26159,1.26658,1.25500,1.25536
2020-07-13 21:00:00,1.25531,1.25632,1.24797,1.25521
2020-07-14 21:00:00,1.25514,1.26492,1.25466,1.25863
2020-07-15 21:00:00,1.25863,1.26241,1.25194,1.25523
2020-07-16 21:00:00,1.25519,1.25742,1.25114,1.25671
2020-07-19 21:00:00,1.25444,1.26651,1.25178,1.26609
2020-07-20 21:00:00,1.26609,1.27675,1.26500,1.27302
2020-07-21 21:00:00,1.27303,1.27431,1.26438,1.27330
2020-07-22 21:00:00,1.27321,1.27597,1.26730,1.27399
2020-07-23 21:00:00,1.27389,1.28029,1.27169,1.27953
2020-07-26 21:00:00,1.27903,1.29027,1.27773,1.28806
2020-07-27 21:00:00,1.28796,1.29521,1.28378,1.29305
2020-07-28 21:00:00,1.29297,1.30130,1.29117,1.29948
2020-07-29 21:00:00,1.29944,1.31024,1.29443,1.30942
2020-07-30 21:00:00,1.30933,1.31699,1.30700,1.30822
2020-08-02 21:00:00,1.30751,1.31121,1.30044,1.30744
2020-08-03 21:00:00,1.30751,1.31078,1.29808,1.30711
2020-08-04 21:00:00,1.30701,1.31612,1.30538,1.31132
2020-08-05 21:00:00,1.31124,1.31853,1.31110,1.31422
2020-08-06 21:00:00,1.31404,1.31504,1.30090,1.30538
2020-08-09 21:00:00,1.30590,1.31029,1.30185,1.30709
2020-08-10 21:00:00,1.30705,1.31317,1.30413,1.30470
2020-08-11 21:00:00,1.30498,1.30671,1.30047,1.30326
2020-08-12 21:00:00,1.30315,1.31246,1.30245,1.30659
2020-08-13 21:00:00,1.30654,1.31423,1.30479,1.30903
2020-08-16 21:00:00,1.30831,1.31213,1.30737,1.31034
2020-08-17 21:00:00,1.31019,1.32492,1.30950,1.32376
2020-08-18 21:00:00,1.32367,1.32667,1.30935,1.30971
2020-08-19 21:00:00,1.30968,1.32242,1.30643,1.32129
2020-08-20 21:00:00,1.32130,1.32552,1.30588,1.30895
2020-08-23 21:00:00,1.30820,1.31484,1.30535,1.30625
2020-08-24 21:00:00,1.30614,1.31703,1.30550,1.31503
2020-08-25 21:00:00,1.31493,1.32186,1.31168,1.32084
2020-08-26 21:00:00,1.32082,1.32839,1.31607,1.31987
2020-08-27 21:00:00,1.32011,1.33563,1.31859,1.33512
2020-08-30 21:00:00,1.33448,1.33952,1.33014,1.33677
2020-08-31 21:00:00,1.33670,1.34820,1.33559,1.33825
2020-09-01 21:00:00,1.33824,1.34021,1.32830,1.33505
2020-09-02 21:00:00,1.33502,1.33590,1.32419,1.32801
2020-09-03 21:00:00,1.32802,1.33189,1.31755,1.32763
2020-09-06 21:00:00,1.32570,1.32674,1.31402,1.31619
2020-09-07 21:00:00,1.31618,1.31715,1.29795,1.29801
2020-09-08 21:00:00,1.29821,1.30226,1.28846,1.30013
2020-09-09 21:00:00,1.30017,1.30349,1.27725,1.28036
2020-09-10 21:00:00,1.28035,1.28650,1.27620,1.27966
2020-09-13 21:00:00,1.27805,1.29189,1.27744,1.28458
2020-09-14 21:00:00,1.28445,1.29257,1.28146,1.28884
2020-09-15 21:00:00,1.28882,1.30074,1.28747,1.29662
2020-09-16 21:00:00,1.29681,1.29990,1.28643,1.29725
2020-09-17 21:00:00,1.29729,1.29996,1.29140,1.29221
2020-09-20 21:00:00,1.29275,1.29660,1.27750,1.28156
2020-09-21 21:00:00,1.28167,1.28666,1.27107,1.27291
2020-09-22 21:00:00,1.27297,1.27767,1.26748,1.27215
2020-09-23 21:00:00,1.27221,1.27805,1.26902,1.27407
2020-09-24 21:00:00,1.27407,1.28051,1.26870,1.27419
2020-09-27 21:00:00,1.27622,1.29296,1.27508,1.28311
2020-09-28 21:00:00,1.28316,1.29024,1.28223,1.28587
2020-09-29 21:00:00,1.28602,1.29419,1.28051,1.29165
2020-09-30 21:00:00,1.29170,1.29784,1.28185,1.28859
2020-10-01 21:00:00,1.28924,1.29539,1.28360,1.29366
2020-10-04 21:00:00,1.29255,1.29905,1.28992,1.29764
2020-10-05 21:00:00,1.29767,1.30067,1.28664,1.28711
2020-10-06 21:00:00,1.28712,1.29293,1.28442,1.29144
2020-10-07 21:00:00,1.29134,1.29699,1.28906,1.29360
2020-10-08 21:00:00,1.29357,1.30487,1.29203,1.30487
2020-10-11 21:00:00,1.30245,1.30823,1.30051,1.30620
2020-10-12 21:00:00,1.30637,1.30681,1.29216,1.29348
2020-10-13 21:00:00,1.29349,1.30643,1.28625,1.30114
2020-10-14 21:00:00,1.30114,1.30295,1.28900,1.29025
2020-10-15 21:00:00,1.29022,1.29621,1.28562,1.29073
2020-10-18 21:00:00,1.28950,1.30241,1.28929,1.29421
2020-10-19 21:00:00,1.29421,1.29793,1.29105,1.29469
2020-10-20 21:00:00,1.29463,1.31764,1.29373,1.31454
2020-10-21 21:00:00,1.31421,1.31527,1.30700,1.30801
2020-10-22 21:00:00,1.30894,1.31218,1.30187,1.30437
2020-10-25 22:00:00,1.30528,1.30748,1.29925,1.30161
2020-10-26 22:00:00,1.30161,1.30794,1.30003,1.30420
2020-10-27 22:00:00,1.30420,1.30635,1.29160,1.29841
2020-10-28 22:00:00,1.29822,1.30256,1.28804,1.29256
2020-10-29 22:00:00,1.29256,1.29877,1.28987,1.29502
2020-11-01 22:00:00,1.29216,1.29424,1.28535,1.29154
2020-11-02 22:00:00,1.29154,1.30784,1.29073,1.30576
2020-11-03 22:00:00,1.30573,1.31398,1.29137,1.29860
2020-11-04 22:00:00,1.29858,1.31548,1.29294,1.31452
2020-11-05 22:00:00,1.31452,1.31771,1.30923,1.31475
2020-11-08 22:00:00,1.31547,1.32083,1.31182,1.31632
2020-11-09 22:00:00,1.31627,1.32783,1.31544,1.32692
2020-11-10 22:00:00,1.32692,1.33138,1.31909,1.32205
2020-11-11 22:00:00,1.32205,1.32283,1.31060,1.31150
2020-11-12 22:00:00,1.31144,1.31996,1.31089,1.31982
2020-11-15 22:00:00,1.31602,1.32426,1.31594,1.31964
2020-11-16 22:00:00,1.31967,1.32727,1.31789,1.32449
2020-11-17 22:00:00,1.32449,1.33121,1.32433,1.32657
2020-11-18 22:00:00,1.32709,1.32790,1.31956,1.32599
2020-11-19 22:00:00,1.32604,1.32969,1.32448,1.32896
2020-11-22 22:00:00,1.32873,1.33978,1.32636,1.33244
2020-11-23 22:00:00,1.33250,1.33803,1.32925,1.33585
2020-11-24 22:00:00,1.33586,1.33934,1.33038,1.33860
2020-11-25 22:00:00,1.33723,1.33977,1.33217,1.33567
2020-11-26 22:00:00,1.33566,1.33817,1.32877,1.33083
2020-11-29 22:00:00,1.33266,1.33845,1.33052,1.33224
2020-11-30 22:00:00,1.33201,1.34426,1.33155,1.34186
2020-12-01 22:00:00,1.34199,1.34409,1.32873,1.33645
2020-12-02 22:00:00,1.33656,1.35001,1.33473,1.34505
2020-12-03 22:00:00,1.34401,1.35397,1.34109,1.34344
2020-12-06 22:00:00,1.34093,1.34377,1.32243,1.33789
2020-12-07 22:00:00,1.33772,1.33933,1.32894,1.33575
2020-12-08 22:00:00,1.33539,1.34777,1.33485,1.34017
2020-12-09 22:00:00,1.34020,1.34105,1.32454,1.32909
2020-12-10 22:00:00,1.32945,1.33244,1.31338,1.32296
2020-12-13 22:00:00,1.33427,1.34450,1.32899,1.33288
2020-12-14 22:00:00,1.33238,1.34699,1.32801,1.34575
2020-12-15 22:00:00,1.34573,1.35538,1.34342,1.35078
2020-12-16 22:00:00,1.35081,1.36245,1.34951,1.35832
2020-12-17 22:00:00,1.35854,1.35896,1.34712,1.34976
2020-12-20 22:00:00,1.33952,1.34987,1.31877,1.34608
2020-12-21 22:00:00,1.34617,1.34692,1.33039,1.33586
2020-12-22 22:00:00,1.33593,1.35703,1.33519,1.34904
2020-12-23 22:00:00,1.34908,1.36193,1.34876,1.35336
2020-12-27 22:00:00,1.35441,1.35762,1.34293,1.34511
2020-12-28 22:00:00,1.34507,1.35225,1.34392,1.35003
2020-12-29 22:00:00,1.35003,1.36253,1.34902,1.36237
2020-12-30 22:00:00,1.36234,1.36863,1.36040,1.36745
2021-01-03 22:00:00,1.36452,1.37037,1.35418,1.35680
2021-01-04 22:00:00,1.35679,1.36421,1.35540,1.36255
2021-01-05 22:00:00,1.36252,1.36711,1.35385,1.36078
2021-01-06 22:00:00,1.36065,1.36332,1.35326,1.35625
2021-01-07 22:00:00,1.35626,1.36356,1.35380,1.35606
2021-01-10 22:00:00,1.35402,1.35688,1.34508,1.35116
2021-01-11 22:00:00,1.35112,1.36700,1.35040,1.36626
2021-01-12 22:00:00,1.36625,1.37008,1.36117,1.36338
2021-01-13 22:00:00,1.36352,1.37110,1.36160,1.36862
2021-01-14 22:00:00,1.36858,1.36975,1.35724,1.35820
2021-01-17 22:00:00,1.35870,1.35987,1.35196,1.35851
2021-01-18 22:00:00,1.35853,1.36364,1.35730,1.36325
2021-01-19 22:00:00,1.36291,1.37186,1.36225,1.36504
2021-01-20 22:00:00,1.36506,1.37462,1.36476,1.37304
2021-01-21 22:00:00,1.37311,1.37357,1.36356,1.36822
2021-01-24 22:00:00,1.36793,1.37237,1.36487,1.36743
2021-01-25 22:00:00,1.36744,1.37441,1.36099,1.37359
2021-01-26 22:00:00,1.37362,1.37586,1.36590,1.36853
2021-01-27 22:00:00,1.36852,1.37455,1.36301,1.37181
2021-01-28 22:00:00,1.37186,1.37514,1.36573,1.36981
2021-01-31 22:00:00,1.37029,1.37579,1.36564,1.36601
2021-02-01 22:00:00,1.36596,1.37105,1.36113,1.36672
2021-02-02 22:00:00,1.36669,1.36831,1.36193,1.36435
2021-02-03 22:00:00,1.36428,1.36977,1.35647,1.36715
2021-02-04 22:00:00,1.36715,1.37399,1.36603,1.37363
2021-02-07 22:00:00,1.37169,1.37492,1.36802,1.37379
2021-02-08 22:00:00,1.37376,1.38206,1.37312,1.38154
2021-02-09 22:00:00,1.38154,1.38659,1.38024,1.38314
2021-02-10 22:00:00,1.38303,1.38591,1.38005,1.38143
2021-02-11 22:00:00,1.38127,1.38623,1.37756,1.38533
2021-02-14 22:00:00,1.38462,1.39191,1.38462,1.38997
2021-02-15 22:00:00,1.38995,1.39521,1.38694,1.39021
2021-02-16 22:00:00,1.39014,1.39076,1.38296,1.38596
2021-02-17 22:00:00,1.38626,1.39857,1.38396,1.39725
2021-02-18 22:00:00,1.39725,1.40362,1.39511,1.40043
2021-02-21 22:00:00,1.40092,1.40861,1.39803,1.40608
2021-02-22 22:00:00,1.40608,1.41172,1.40543,1.41126
2021-02-23 22:00:00,1.41125,1.42409,1.40821,1.41389
2021-02-24 22:00:00,1.41378,1.41817,1.40001,1.40070
2021-02-25 22:00:00,1.40091,1.40262,1.38877,1.39270
2021-02-28 22:00:00,1.39284,1.39991,1.39038,1.39247
2021-03-01 22:00:00,1.39241,1.39769,1.38588,1.39517
2021-03-02 22:00:00,1.39515,1.40062,1.39207,1.39486
2021-03-03 22:00:00,1.39478,1.40165,1.38799,1.38936
2021-03-04 22:00:00,1.38927,1.39065,1.37778,1.38289
2021-03-07 22:00:00,1.37976,1.38645,1.37976,1.38198
2021-03-08 22:00:00,1.38202,1.39250,1.38014,1.38866
2021-03-09 22:00:00,1.38855,1.39377,1.38449,1.39332
2021-03-10 22:00:00,1.39331,1.39950,1.39170,1.39900
2021-03-11 22:00:00,1.39891,1.40046,1.38628,1.39186
2021-03-14 22:00:00,1.39165,1.39496,1.38530,1.39001
2021-03-15 22:00:00,1.38996,1.39056,1.38088,1.38915
2021-03-16 22:00:00,1.38924,1.39703,1.38505,1.39593
2021-03-17 22:00:00,1.39592,1.40009,1.38969,1.39276
2021-03-18 22:00:00,1.39277,1.39588,1.38304,1.38628
2021-03-21 22:00:00,1.38366,1.38763,1.38171,1.38583
2021-03-22 22:00:00,1.38583,1.38640,1.37401,1.37494
2021-03-23 22:00:00,1.37494,1.37568,1.36736,1.36866
2021-03-24 22:00:00,1.36866,1.37448,1.36698,1.37380
2021-03-25 22:00:00,1.37376,1.38119,1.37324,1.37913
2021-03-28 21:00:00,1.37762,1.38464,1.37548,1.37598
2021-03-29 21:00:00,1.37601,1.37832,1.37057,1.37390
2021-03-30 21:00:00,1.37385,1.38115,1.37156,1.37797
2021-03-31 21:00:00,1.37816,1.38360,1.37458,1.38316
2021-04-01 21:00:00,1.38320,1.38514,1.38096,1.38311
2021-04-04 21:00:00,1.38104,1.39130,1.38104,1.38986
2021-04-05 21:00:00,1.38986,1.39182,1.38016,1.38221
2021-04-06 21:00:00,1.38217,1.38393,1.37238,1.37371
2021-04-07 21:00:00,1.37370,1.37822,1.37184,1.37325
2021-04-08 21:00:00,1.37319,1.37504,1.36696,1.37020
2021-04-11 21:00:00,1.37012,1.37760,1.36684,1.37387
2021-04-12 21:00:00,1.37401,1.37682,1.36934,1.37507
2021-04-13 21:00:00,1.37500,1.38081,1.37459,1.37773
2021-04-14 21:00:00,1.37773,1.38085,1.37611,1.37829
2021-04-15 21:00:00,1.37824,1.38404,1.37157,1.38401
2021-04-18 21:00:00,1.38244,1.39922,1.38092,1.39846
2021-04-19 21:00:00,1.39853,1.40087,1.39257,1.39371
2021-04-20 21:00:00,1.39371,1.39492,1.38856,1.39271
2021-04-21 21:00:00,1.39272,1.39496,1.38238,1.38383
2021-04-22 21:00:00,1.38381,1.38955,1.38304,1.38847
2021-04-25 21:00:00,1.38690,1.39291,1.38642,1.38981
2021-04-26 21:00:00,1.38980,1.39240,1.38588,1.39107
2021-04-27 21:00:00,1.39110,1.39507,1.38611,1.39334
2021-04-28 21:00:00,1.39331,1.39767,1.39267,1.39402
2021-04-29 21:00:00,1.39401,1.39581,1.38027,1.38128
2021-05-02 21:00:00,1.38071,1.39319,1.37971,1.39081
2021-05-03 21:00:00,1.39083,1.39133,1.38382,1.38854
2021-05-04 21:00:00,1.38856,1.39262,1.38763,1.39036
2021-05-05 21:00:00,1.39046,1.39407,1.38567,1.38878
2021-05-06 21:00:00,1.38878,1.40057,1.38824,1.39870
2021-05-09 21:00:00,1.40044,1.41583,1.39941,1.41166
2021-05-10 21:00:00,1.41166,1.41662,1.41041,1.41410
2021-05-11 21:00:00,1.41411,1.41533,1.40500,1.40521
2021-05-12 21:00:00,1.40520,1.40783,1.40059,1.40494
2021-05-13 21:00:00,1.40488,1.41107,1.40358,1.40968
2021-05-16 21:00:00,1.40942,1.41466,1.40775,1.41376
2021-05-17 21:00:00,1.41360,1.42200,1.41297,1.41849
2021-05-18 21:00:00,1.41857,1.42009,1.40995,1.41128
2021-05-19 21:00:00,1.41129,1.41923,1.41012,1.41891
2021-05-20 21:00:00,1.41891,1.42336,1.41408,1.41507
2021-05-23 21:00:00,1.41414,1.41717,1.41116,1.41549
2021-05-24 21:00:00,1.41546,1.42109,1.41155,1.41490
2021-05-25 21:00:00,1.41486,1.41759,1.41124,1.41158
2021-05-26 21:00:00,1.41166,1.42193,1.40914,1.42036
2021-05-27 21:00:00,1.42025,1.42083,1.41364,1.41879
2021-05-30 21:00:00,1.41744,1.42175,1.41637,1.42094
2021-05-31 21:00:00,1.42091,1.42490,1.41466,1.41474
2021-06-01 21:00:00,1.41474,1.41834,1.41118,1.41695
2021-06-02 21:00:00,1.41693,1.42028,1.40864,1.41039
2021-06-03 21:00:00,1.41039,1.42004,1.40832,1.41649
2021-06-06 21:00:00,1.41534,1.41911,1.41115,1.41803
2021-06-07 21:00:00,1.41801,1.41846,1.41211,1.41548
2021-06-08 21:00:00,1.41551,1.41889,1.41098,1.41149
2021-06-09 21:00:00,1.41127,1.41782,1.40733,1.41754
2021-06-10 21:00:00,1.41759,1.41853,1.40960,1.41130
2021-06-13 21:00:00,1.40944,1.41239,1.40704,1.41084
2021-06-14 21:00:00,1.41065,1.41287,1.40344,1.40832
2021-06-15 21:00:00,1.40809,1.41327,1.39823,1.39866
2021-06-16 21:00:00,1.39850,1.40088,1.38959,1.39255
2021-06-17 21:00:00,1.39227,1.39449,1.37919,1.37967
2021-06-20 21:00:00,1.37942,1.39370,1.37864,1.39335
2021-06-21 21:00:00,1.39325,1.39636,1.38603,1.39475
2021-06-22 21:00:00,1.39455,1.40013,1.39239,1.39623
2021-06-23 21:00:00,1.39625,1.39862,1.38896,1.39243
2021-06-24 21:00:00,1.39219,1.39355,1.38715,1.38822
2021-06-27 21:00:00,1.38692,1.39394,1.38692,1.38815
2021-06-28 21:00:00,1.38785,1.38846,1.38140,1.38378
2021-06-29 21:00:00,1.38364,1.38728,1.37987,1.38315
2021-06-30 21:00:00,1.38296,1.38346,1.37529,1.37630
2021-07-01 21:00:00,1.37603,1.38445,1.37316,1.38325
2021-07-04 21:00:00,1.38152,1.38620,1.38152,1.38453
2021-07-05 21:00:00,1.38438,1.38980,1.37730,1.37990
2021-07-06 21:00:00,1.37990,1.38418,1.37539,1.38011
2021-07-07 21:00:00,1.37990,1.38052,1.37422,1.37856
2021-07-08 21:00:00,1.37851,1.39005,1.37553,1.38997
2021-07-11 21:00:00,1.38884,1.39099,1.38392,1.38831
2021-07-12 21:00:00,1.38804,1.39053,1.38001,1.38145
2021-07-13 21:00:00,1.38129,1.38917,1.38016,1.38603
2021-07-14 21:00:00,1.38591,1.38988,1.38050,1.38272
2021-07-15 21:00:00,1.38249,1.38618,1.37604,1.37649
2021-07-18 21:00:00,1.37622,1.37763,1.36549,1.36756
2021-07-19 21:00:00,1.36753,1.36895,1.35719,1.36282
2021-07-20 21:00:00,1.36257,1.37230,1.35913,1.37159
2021-07-21 21:00:00,1.37135,1.37870,1.36907,1.37683
2021-07-22 21:00:00,1.37656,1.37799,1.37199,1.37463
2021-07-25 21:00:00,1.37524,1.38333,1.37366,1.38184
2021-07-26 21:00:00,1.38164,1.38941,1.37669,1.38785
2021-07-27 21:00:00,1.38772,1.39107,1.38433,1.39028
2021-07-28 21:00:00,1.39007,1.39817,1.38980,1.39619
2021-07-29 21:00:00,1.39599,1.39832,1.38875,1.39070
2021-08-01 21:00:00,1.38912,1.39323,1.38756,1.38871
2021-08-02 21:00:00,1.38849,1.39389,1.38703,1.39156
2021-08-03 21:00:00,1.39139,1.39576,1.38857,1.38887
2021-08-04 21:00:00,1.38876,1.39489,1.38722,1.39297
2021-08-05 21:00:00,1.39268,1.39327,1.38613,1.38741
2021-08-08 21:00:00,1.38692,1.38944,1.38407,1.38462
2021-08-09 21:00:00,1.38468,1.38725,1.38277,1.38387
2021-08-10 21:00:00,1.38359,1.38878,1.38028,1.38650
2021-08-11 21:00:00,1.38667,1.38786,1.37950,1.38069
2021-08-12 21:00:00,1.38037,1.38751,1.37906,1.38699
2021-08-15 21:00:00,1.38487,1.38782,1.38278,1.38415
2021-08-16 21:00:00,1.38395,1.38449,1.37261,1.37438
2021-08-17 21:00:00,1.37391,1.37865,1.37237,1.37556
2021-08-18 21:00:00,1.37535,1.37581,1.36321,1.36352
2021-08-19 21:00:00,1.36352,1.36456,1.36022,1.36232
2021-08-22 21:00:00,1.36092,1.37321,1.36076,1.37243
2021-08-23 21:00:00,1.37219,1.37477,1.36938,1.37279
2021-08-24 21:00:00,1.37270,1.37667,1.36968,1.37630
2021-08-25 21:00:00,1.37612,1.37681,1.36895,1.36989
2021-08-26 21:00:00,1.36971,1.37803,1.36797,1.37562
2021-08-29 21:00:00,1.37510,1.37749,1.37338,1.37571
2021-08-30 21:00:00,1.37556,1.38077,1.37428,1.37539
2021-08-31 21:00:00,1.37528,1.37976,1.37304,1.37678
2021-09-01 21:00:00,1.37677,1.38393,1.37653,1.38314
2021-09-02 21:00:00,1.38320,1.38914,1.38179,1.38576
2021-09-05 21:00:00,1.38544,1.38668,1.38185,1.38342
2021-09-06 21:00:00,1.38318,1.38565,1.37677,1.37841
2021-09-07 21:00:00,1.37812,1.37902,1.37263,1.37708
2021-09-08 21:00:00,1.37706,1.38624,1.37532,1.38354
2021-09-09 21:00:00,1.38347,1.38884,1.38252,1.38294
2021-09-12 21:00:00,1.38224,1.38511,1.37967,1.38387
2021-09-13 21:00:00,1.38367,1.39131,1.38032,1.38073
2021-09-14 21:00:00,1.38063,1.38532,1.37920,1.38407
2021-09-15 21:00:00,1.38388,1.38522,1.37642,1.37938
2021-09-16 21:00:00,1.37914,1.38127,1.37265,1.37271
2021-09-19 21:00:00,1.37252,1.37498,1.36406,1.36572
2021-09-20 21:00:00,1.36577,1.36929,1.36412,1.36587
2021-09-21 21:00:00,1.36576,1.36894,1.36092,1.36147
2021-09-22 21:00:00,1.36151,1.37505,1.36092,1.37191
2021-09-23 21:00:00,1.37180,1.37360,1.36581,1.36709
2021-09-26 21:00:00,1.36644,1.37287,1.36567,1.36984
2021-09-27 21:00:00,1.36983,1.37171,1.35205,1.35367
2021-09-28 21:00:00,1.35346,1.35549,1.34117,1.34253
2021-09-29 21:00:00,1.34243,1.35174,1.34155,1.34728
2021-09-30 21:00:00,1.34707,1.35757,1.34334,1.35427
2021-10-03 21:00:00,1.35418,1.36400,1.35316,1.36071
2021-10-04 21:00:00,1.36059,1.36478,1.35845,1.36252
2021-10-05 21:00:00,1.36228,1.36312,1.35438,1.35807
2021-10-06 21:00:00,1.35805,1.36380,1.35703,1.36153
2021-10-07 21:00:00,1.36135,1.36583,1.35835,1.36174
2021-10-10 21:00:00,1.36144,1.36735,1.35839,1.35937
2021-10-11 21:00:00,1.35925,1.36374,1.35688,1.35866
2021-10-12 21:00:00,1.35856,1.36644,1.35752,1.36576
2021-10-13 21:00:00,1.36564,1.37343,1.36502,1.36713
2021-10-14 21:00:00,1.36695,1.37730,1.36675,1.37440
2021-10-17 21:00:00,1.37439,1.37647,1.37095,1.37264
2021-10-18 21:00:00,1.37259,1.38340,1.37202,1.37930
2021-10-19 21:00:00,1.37896,1.38346,1.37424,1.38226
2021-10-20 21:00:00,1.38215,1.38332,1.37762,1.37908
2021-10-21 21:00:00,1.37889,1.38148,1.37358,1.37593
2021-10-24 21:00:00,1.37366,1.37923,1.37366,1.37643
2021-10-25 21:00:00,1.37642,1.38295,1.37566,1.37662
2021-10-26 21:00:00,1.37620,1.37808,1.37094,1.37416
2021-10-27 21:00:00,1.37391,1.38148,1.37218,1.37921
2021-10-28 21:00:00,1.37919,1.38041,1.36683,1.36920
2021-10-31 22:00:00,1.36807,1.36934,1.36419,1.36644
2021-11-01 22:00:00,1.36638,1.36677,1.36051,1.36154
2021-11-02 22:00:00,1.36125,1.36913,1.36072,1.36830
2021-11-03 22:00:00,1.36833,1.36979,1.34712,1.34978
2021-11-04 22:00:00,1.34945,1.35091,1.34242,1.34953
2021-11-07 22:00:00,1.34812,1.35794,1.34501,1.35635
2021-11-08 22:00:00,1.35631,1.36071,1.35242,1.35570
2021-11-09 22:00:00,1.35565,1.35653,1.34004,1.34034
2021-11-10 22:00:00,1.34003,1.34330,1.33583,1.33696
2021-11-11 22:00:00,1.33659,1.34261,1.33527,1.34125
2021-11-14 22:00:00,1.34046,1.34495,1.34030,1.34127
2021-11-15 22:00:00,1.34095,1.34730,1.34050,1.34274
2021-11-16 22:00:00,1.34270,1.34961,1.33956,1.34889
2021-11-17 22:00:00,1.34884,1.35136,1.34635,1.34976
2021-11-18 22:00:00,1.34953,1.35094,1.34070,1.34448
2021-11-21 22:00:00,1.34384,1.34580,1.33841,1.33943
2021-11-22 22:00:00,1.33942,1.34093,1.33423,1.33771
2021-11-23 22:00:00,1.33755,1.33902,1.33154,1.33267
2021-11-24 22:00:00,1.33257,1.33534,1.33052,1.33208
2021-11-25 22:00:00,1.33190,1.33647,1.32781,1.33275
2021-11-28 22:00:00,1.33281,1.33631,1.32873,1.33131
2021-11-29 22:00:00,1.33116,1.33703,1.31940,1.32984
2021-11-30 22:00:00,1.32973,1.33522,1.32615,1.32754
2021-12-01 22:00:00,1.32737,1.33335,1.32681,1.33020
2021-12-02 22:00:00,1.32970,1.33103,1.32089,1.32299
2021-12-05 22:00:00,1.32116,1.32860,1.32114,1.32627
2021-12-06 22:00:00,1.32600,1.32892,1.32089,1.32420
2021-12-07 22:00:00,1.32408,1.32609,1.31602,1.32031
2021-12-08 22:00:00,1.32036,1.32222,1.31709,1.32189
2021-12-09 22:00:00,1.32184,1.32753,1.31869,1.32629
2021-12-12 22:00:00,1.32496,1.32689,1.32064,1.32150
2021-12-13 22:00:00,1.32111,1.32565,1.31908,1.32290
2021-12-14 22:00:00,1.32266,1.32828,1.31716,1.32618
2021-12-15 22:00:00,1.32576,1.33745,1.32414,1.33221
2021-12-16 22:00:00,1.33185,1.33394,1.32299,1.32360
2021-12-19 22:00:00,1.32356,1.32447,1.31734,1.32067
2021-12-20 22:00:00,1.32057,1.32704,1.31972,1.32638
2021-12-21 22:00:00,1.32626,1.33632,1.32400,1.33525
2021-12-22 22:00:00,1.33524,1.34379,1.33405,1.34107
2021-12-23 22:00:00,1.34106,1.34206,1.33901,1.33971
2021-12-26 22:00:00,1.33796,1.34449,1.33796,1.34405
2021-12-27 22:00:00,1.34387,1.34617,1.34151,1.34310
2021-12-28 22:00:00,1.34295,1.34993,1.34083,1.34886
2021-12-29 22:00:00,1.34854,1.35213,1.34544,1.35002
2021-12-30 22:00:00,1.34975,1.35498,1.34650,1.35232
2022-01-02 22:00:00,1.35256,1.35336,1.34308,1.34786
2022-01-03 22:00:00,1.34763,1.35575,1.34597,1.35281
2022-01-04 22:00:00,1.35254,1.35985,1.35197,1.35539
2022-01-05 22:00:00,1.35521,1.35587,1.34902,1.35313
2022-01-06 22:00:00,1.35309,1.35971,1.35251,1.35903
2022-01-09 22:00:00,1.35664,1.36036,1.35321,1.35761
2022-01-10 22:00:00,1.35746,1.36358,1.35609,1.36340
2022-01-11 22:00:00,1.36330,1.37142,1.36206,1.37004
2022-01-12 22:00:00,1.37003,1.37489,1.36984,1.37051
2022-01-13 22:00:00,1.37046,1.37432,1.36533,1.36793
2022-01-16 22:00:00,1.36646,1.36899,1.36373,1.36447
2022-01-17 22:00:00,1.36437,1.36616,1.35725,1.35939
2022-01-18 22:00:00,1.35934,1.36488,1.35878,1.36113
2022-01-19 22:00:00,1.36103,1.36616,1.35871,1.35981
2022-01-20 22:00:00,1.35981,1.36019,1.35457,1.35511
2022-01-23 22:00:00,1.35446,1.35652,1.34399,1.34870
2022-01-24 22:00:00,1.34865,1.35188,1.34360,1.35024
2022-01-25 22:00:00,1.34991,1.35248,1.34440,1.34622
2022-01-26 22:00:00,1.34623,1.34677,1.33577,1.33817
2022-01-27 22:00:00,1.33800,1.34330,1.33650,1.33941
2022-01-30 22:00:00,1.33906,1.34607,1.33860,1.34457
2022-01-31 22:00:00,1.34437,1.35280,1.34339,1.35220
2022-02-01 22:00:00,1.35195,1.35868,1.35137,1.35763
2022-02-02 22:00:00,1.35734,1.36281,1.35378,1.35963
2022-02-03 22:00:00,1.35943,1.36153,1.35050,1.35275
2022-02-06 22:00:00,1.35336,1.35509,1.34906,1.35354
2022-02-07 22:00:00,1.35355,1.35638,1.35074,1.35435
2022-02-08 22:00:00,1.35434,1.35892,1.35266,1.35329
2022-02-09 22:00:00,1.35323,1.36435,1.35232,1.35572
2022-02-10 22:00:00,1.35569,1.36095,1.35141,1.35601
2022-02-13 22:00:00,1.35435,1.35718,1.34948,1.35302
2022-02-14 22:00:00,1.35274,1.35666,1.34865,1.35369
2022-02-15 22:00:00,1.35368,1.36009,1.35270,1.35837
2022-02-16 22:00:00,1.35831,1.36378,1.35554,1.36155
2022-02-17 22:00:00,1.36132,1.36428,1.35733,1.35923
2022-02-20 22:00:00,1.35784,1.36386,1.35784,1.36005
2022-02-21 22:00:00,1.35982,1.36044,1.35382,1.35853
2022-02-22 22:00:00,1.35826,1.36204,1.35360,1.35428
2022-02-23 22:00:00,1.35402,1.35488,1.32731,1.33764
2022-02-24 22:00:00,1.33754,1.34387,1.33666,1.34096
2022-02-27 22:00:00,1.33217,1.34317,1.33217,1.34179
2022-02-28 22:00:00,1.34170,1.34375,1.33021,1.33239
2022-03-01 22:00:00,1.33224,1.34064,1.32712,1.34046
2022-03-02 22:00:00,1.34032,1.34178,1.33174,1.33468
2022-03-03 22:00:00,1.33420,1.33534,1.32022,1.32331
