datetime,open,high,low,close
2012-12-03 22:00:00,0.99476,0.99535,0.99144,0.99307
2012-12-04 22:00:00,0.99307,0.99408,0.99073,0.99198
2012-12-05 22:00:00,0.99198,0.99257,0.98916,0.99166
2012-12-06 22:00:00,0.99160,0.99329,0.98754,0.98826
2012-12-09 22:00:00,0.98711,0.98877,0.98604,0.98613
2012-12-10 22:00:00,0.98615,0.98795,0.98566,0.98611
2012-12-11 22:00:00,0.98612,0.98652,0.98253,0.98459
2012-12-12 22:00:00,0.98453,0.98548,0.98239,0.98444
2012-12-13 22:00:00,0.98445,0.98649,0.98310,0.98544
2012-12-16 22:00:00,0.98561,0.98807,0.98312,0.98365
2012-12-17 22:00:00,0.98363,0.98598,0.98313,0.98588
2012-12-18 22:00:00,0.98589,0.98907,0.98485,0.98903
2012-12-19 22:00:00,0.98901,0.98957,0.98686,0.98751
2012-12-20 22:00:00,0.98763,0.99525,0.98741,0.99309
2012-12-23 22:00:00,0.99326,0.99442,0.99096,0.99106
2012-12-25 22:00:00,0.99187,0.99503,0.99118,0.99356
2012-12-26 22:00:00,0.99356,0.99577,0.99075,0.99498
2012-12-27 22:00:00,0.99497,0.99700,0.99377,0.99678
2012-12-30 22:00:00,0.99532,0.99698,0.99091,0.99476
2012-12-31 22:00:00,0.99281,0.99313,0.99200,0.99266
2013-01-01 22:00:00,0.99266,0.99430,0.98360,0.98541
2013-01-02 22:00:00,0.98537,0.98869,0.98420,0.98852
2013-01-03 22:00:00,0.98851,0.99230,0.98478,0.98708
2013-01-06 22:00:00,0.98613,0.98844,0.98524,0.98577
2013-01-07 22:00:00,0.98576,0.98823,0.98426,0.98659
2013-01-08 22:00:00,0.98659,0.98805,0.98541,0.98771
2013-01-09 22:00:00,0.98772,0.98796,0.98272,0.98317
2013-01-10 22:00:00,0.98324,0.98528,0.98151,0.98472
2013-01-13 22:00:00,0.98443,0.98657,0.98306,0.98396
2013-01-14 22:00:00,0.98398,0.98663,0.98308,0.98427
2013-01-15 22:00:00,0.98425,0.98772,0.98369,0.98618
2013-01-16 22:00:00,0.98619,0.98853,0.98424,0.98558
2013-01-17 22:00:00,0.98556,0.99461,0.98533,0.99147
2013-01-20 22:00:00,0.99213,0.99385,0.99088,0.99263
2013-01-21 22:00:00,0.99263,0.99453,0.99082,0.99193
2013-01-22 22:00:00,0.99195,1.00041,0.99026,0.99967
2013-01-23 22:00:00,0.99966,1.00356,0.99895,1.00222
2013-01-24 22:00:00,1.00222,1.00996,1.00207,1.00565
2013-01-27 22:00:00,1.00664,1.00997,1.00573,1.00593
2013-01-28 22:00:00,1.00597,1.00661,1.00068,1.00135
2013-01-29 22:00:00,1.00136,1.00521,1.00080,1.00163
2013-01-30 22:00:00,1.00164,1.00342,0.99565,0.99674
2013-01-31 22:00:00,0.99671,1.00035,0.99633,0.99633
2013-02-03 22:00:00,0.99657,0.99924,0.99473,0.99901
2013-02-04 22:00:00,0.99901,0.99941,0.99488,0.99539
2013-02-05 22:00:00,0.99540,0.99883,0.99502,0.99569
2013-02-06 22:00:00,0.99569,0.99936,0.99318,0.99768
2013-02-07 22:00:00,0.99767,1.00348,0.99700,1.00197
2013-02-10 22:00:00,1.00300,1.00831,1.00264,1.00520
2013-02-11 22:00:00,1.00520,1.00875,1.00136,1.00157
2013-02-12 22:00:00,1.00158,1.00435,1.00115,1.00140
2013-02-13 22:00:00,1.00138,1.00237,0.99988,1.00064
2013-02-14 22:00:00,1.00065,1.00819,1.00012,1.00619
2013-02-17 22:00:00,1.00752,1.01206,1.00568,1.01054
2013-02-18 22:00:00,1.01060,1.01375,1.01007,1.01168
2013-02-19 22:00:00,1.01169,1.01846,1.01084,1.01637
2013-02-20 22:00:00,1.01637,1.02073,1.01623,1.01782
2013-02-21 22:00:00,1.01780,1.02559,1.01585,1.02119
2013-02-24 22:00:00,1.02199,1.02766,1.02199,1.02567
2013-02-25 22:00:00,1.02567,1.03027,1.02398,1.02537
2013-02-26 22:00:00,1.02537,1.02771,1.02264,1.02337
2013-02-27 22:00:00,1.02340,1.03126,1.02163,1.03023
2013-02-28 22:00:00,1.03024,1.03414,1.02619,1.02657
2013-03-03 22:00:00,1.02730,1.03091,1.02680,1.02733
2013-03-04 22:00:00,1.02735,1.02932,1.02553,1.02721
2013-03-05 22:00:00,1.02726,1.03366,1.02543,1.03222
2013-03-06 22:00:00,1.03221,1.03290,1.02847,1.02937
2013-03-07 22:00:00,1.02937,1.03142,1.02340,1.02814
2013-03-10 22:00:00,1.02869,1.02941,1.02547,1.02630
2013-03-11 22:00:00,1.02629,1.02832,1.02485,1.02606
2013-03-12 22:00:00,1.02606,1.02947,1.02459,1.02823
2013-03-13 22:00:00,1.02823,1.02827,1.02114,1.02220
2013-03-14 22:00:00,1.02215,1.02305,1.01805,1.01935
2013-03-17 22:00:00,1.02256,1.02501,1.02035,1.02232
2013-03-18 22:00:00,1.02232,1.02837,1.02143,1.02711
2013-03-19 22:00:00,1.02712,1.02753,1.02381,1.02604
2013-03-20 22:00:00,1.02604,1.02632,1.01994,1.02456
2013-03-21 22:00:00,1.02448,1.02639,1.02203,1.02320
2013-03-24 22:00:00,1.02323,1.02323,1.01878,1.02126
2013-03-25 22:00:00,1.02126,1.02165,1.01589,1.01631
2013-03-26 22:00:00,1.01632,1.01950,1.01498,1.01609
2013-03-27 22:00:00,1.01617,1.01736,1.01445,1.01616
2013-03-28 22:00:00,1.01617,1.01791,1.01565,1.01690
2013-03-31 21:00:00,1.01671,1.01821,1.01590,1.01676
2013-04-01 21:00:00,1.01670,1.01678,1.01245,1.01418
2013-04-02 21:00:00,1.01421,1.01544,1.01247,1.01454
2013-04-03 21:00:00,1.01451,1.01660,1.01037,1.01280
2013-04-04 21:00:00,1.01284,1.02355,1.01227,1.01748
2013-04-07 21:00:00,1.01670,1.02137,1.01553,1.01642
2013-04-08 21:00:00,1.01641,1.01752,1.01338,1.01616
2013-04-09 21:00:00,1.01630,1.01673,1.01387,1.01423
2013-04-10 21:00:00,1.01422,1.01560,1.00828,1.01022
2013-04-11 21:00:00,1.01025,1.01446,1.00933,1.01313
2013-04-14 21:00:00,1.01409,1.02582,1.01329,1.02417
2013-04-15 21:00:00,1.02415,1.02567,1.02028,1.02088
2013-04-16 21:00:00,1.02089,1.02928,1.02089,1.02616
2013-04-17 21:00:00,1.02623,1.02765,1.02296,1.02564
2013-04-18 21:00:00,1.02567,1.02687,1.02315,1.02639
2013-04-21 21:00:00,1.02559,1.02852,1.02472,1.02587
2013-04-22 21:00:00,1.02587,1.02847,1.02503,1.02618
2013-04-23 21:00:00,1.02618,1.02780,1.02463,1.02562
2013-04-24 21:00:00,1.02564,1.02580,1.01851,1.01997
2013-04-25 21:00:00,1.01997,1.02139,1.01572,1.01625
2013-04-28 21:00:00,1.01662,1.01683,1.01074,1.01179
2013-04-29 21:00:00,1.01179,1.01226,1.00545,1.00717
2013-04-30 21:00:00,1.00717,1.00996,1.00507,1.00816
2013-05-01 21:00:00,1.00818,1.01090,1.00590,1.01059
2013-05-02 21:00:00,1.01065,1.01318,1.00737,1.00737
2013-05-05 21:00:00,1.00767,1.00956,1.00641,1.00684
2013-05-06 21:00:00,1.00685,1.00828,1.00362,1.00457
2013-05-07 21:00:00,1.00456,1.00581,1.00173,1.00257
2013-05-08 21:00:00,1.00260,1.00892,1.00133,1.00687
2013-05-09 21:00:00,1.00687,1.01518,1.00629,1.00987
2013-05-12 21:00:00,1.01120,1.01323,1.00815,1.01043
2013-05-13 21:00:00,1.01043,1.01855,1.00898,1.01820
2013-05-14 21:00:00,1.01819,1.02192,1.01564,1.01641
2013-05-15 21:00:00,1.01641,1.02073,1.01490,1.01855
2013-05-16 21:00:00,1.01856,1.03130,1.01802,1.02788
2013-05-19 21:00:00,1.02749,1.02956,1.02165,1.02425
2013-05-20 21:00:00,1.02422,1.03209,1.02344,1.02687
2013-05-21 21:00:00,1.02687,1.03876,1.02504,1.03713
2013-05-22 21:00:00,1.03715,1.03930,1.02852,1.03009
2013-05-23 21:00:00,1.03009,1.03554,1.02990,1.03151
2013-05-26 21:00:00,1.03148,1.03437,1.03117,1.03359
2013-05-27 21:00:00,1.03359,1.04077,1.03243,1.04023
2013-05-28 21:00:00,1.04025,1.04203,1.03451,1.03494
2013-05-29 21:00:00,1.03501,1.03878,1.02945,1.02964
2013-05-30 21:00:00,1.02969,1.03810,1.02945,1.03736
2013-06-02 21:00:00,1.03625,1.03747,1.02613,1.02803
2013-06-03 21:00:00,1.02803,1.03612,1.02764,1.03394
2013-06-04 21:00:00,1.03399,1.03798,1.03272,1.03422
2013-06-05 21:00:00,1.03435,1.03664,1.01978,1.02625
2013-06-06 21:00:00,1.02627,1.02870,1.01666,1.01930
2013-06-09 21:00:00,1.02185,1.02231,1.01682,1.01926
2013-06-10 21:00:00,1.01926,1.02509,1.01749,1.01873
2013-06-11 21:00:00,1.01877,1.02166,1.01549,1.02101
2013-06-12 21:00:00,1.02103,1.02256,1.01469,1.01552
2013-06-13 21:00:00,1.01545,1.01866,1.01369,1.01675
2013-06-16 21:00:00,1.01722,1.02050,1.01489,1.01868
2013-06-17 21:00:00,1.01868,1.02167,1.01766,1.02139
2013-06-18 21:00:00,1.02139,1.02865,1.01739,1.02706
2013-06-19 21:00:00,1.02706,1.03936,1.02668,1.03787
2013-06-20 21:00:00,1.03788,1.04883,1.03625,1.04538
2013-06-23 21:00:00,1.04780,1.05557,1.04702,1.05008
2013-06-24 21:00:00,1.05007,1.05471,1.04577,1.05133
2013-06-25 21:00:00,1.05125,1.05273,1.04575,1.04756
2013-06-26 21:00:00,1.04710,1.05038,1.04237,1.04761
2013-06-27 21:00:00,1.04763,1.05528,1.04534,1.05164
2013-06-30 21:00:00,1.05217,1.05339,1.04868,1.04951
2013-07-01 21:00:00,1.04966,1.05777,1.04946,1.05464
2013-07-02 21:00:00,1.05464,1.05644,1.04980,1.05026
2013-07-03 21:00:00,1.05029,1.05572,1.04721,1.05165
2013-07-04 21:00:00,1.05165,1.06089,1.05113,1.05805
2013-07-07 21:00:00,1.05801,1.05851,1.05463,1.05610
2013-07-08 21:00:00,1.05609,1.05741,1.05134,1.05260
2013-07-09 21:00:00,1.05262,1.05399,1.04278,1.04280
2013-07-10 21:00:00,1.04327,1.04477,1.03258,1.03670
2013-07-11 21:00:00,1.03668,1.04039,1.03594,1.03925
2013-07-14 21:00:00,1.03896,1.04332,1.03795,1.04283
2013-07-15 21:00:00,1.04283,1.04418,1.03633,1.03760
2013-07-16 21:00:00,1.03760,1.04387,1.03555,1.04053
2013-07-17 21:00:00,1.04051,1.04390,1.03726,1.03748
2013-07-18 21:00:00,1.03748,1.03933,1.03553,1.03656
2013-07-21 21:00:00,1.03659,1.03671,1.03215,1.03382
2013-07-22 21:00:00,1.03381,1.03488,1.02774,1.02905
2013-07-23 21:00:00,1.02905,1.03246,1.02625,1.03132
2013-07-24 21:00:00,1.03132,1.03193,1.02552,1.02843
2013-07-25 21:00:00,1.02842,1.03027,1.02619,1.02746
2013-07-28 21:00:00,1.02822,1.02831,1.02523,1.02640
2013-07-29 21:00:00,1.02641,1.03103,1.02585,1.03061
2013-07-30 21:00:00,1.03062,1.03356,1.02458,1.02790
2013-07-31 21:00:00,1.02790,1.03509,1.02649,1.03492
2013-08-01 21:00:00,1.03491,1.04022,1.03387,1.03870
2013-08-04 21:00:00,1.03880,1.04031,1.03574,1.03582
2013-08-05 21:00:00,1.03581,1.03903,1.03478,1.03741
2013-08-06 21:00:00,1.03742,1.04451,1.03677,1.04224
2013-08-07 21:00:00,1.04224,1.04307,1.03041,1.03250
2013-08-08 21:00:00,1.03255,1.03528,1.02751,1.02858
2013-08-11 21:00:00,1.02940,1.03164,1.02790,1.03056
2013-08-12 21:00:00,1.03053,1.03481,1.03034,1.03428
2013-08-13 21:00:00,1.03427,1.03693,1.03182,1.03391
2013-08-14 21:00:00,1.03389,1.03639,1.03000,1.03025
2013-08-15 21:00:00,1.03032,1.03601,1.02934,1.03346
2013-08-18 21:00:00,1.03305,1.03480,1.03156,1.03440
2013-08-19 21:00:00,1.03439,1.04012,1.03407,1.03935
2013-08-20 21:00:00,1.03938,1.04821,1.03918,1.04779
2013-08-21 21:00:00,1.04779,1.05300,1.04706,1.05197
2013-08-22 21:00:00,1.05184,1.05680,1.04944,1.04944
2013-08-25 21:00:00,1.05127,1.05332,1.04978,1.04994
2013-08-26 21:00:00,1.04996,1.05397,1.04719,1.04779
2013-08-27 21:00:00,1.04778,1.05109,1.04735,1.04887
2013-08-28 21:00:00,1.04887,1.05410,1.04797,1.05373
2013-08-29 21:00:00,1.05373,1.05579,1.05086,1.05324
2013-09-01 21:00:00,1.05284,1.05571,1.05161,1.05475
2013-09-02 21:00:00,1.05475,1.05593,1.05089,1.05352
2013-09-03 21:00:00,1.05352,1.05421,1.04753,1.04946
2013-09-04 21:00:00,1.04957,1.05160,1.04759,1.05045
2013-09-05 21:00:00,1.05042,1.05048,1.03817,1.04042
2013-09-08 21:00:00,1.04029,1.04182,1.03594,1.03705
2013-09-09 21:00:00,1.03707,1.03796,1.03303,1.03497
2013-09-10 21:00:00,1.03502,1.03648,1.03103,1.03144
2013-09-11 21:00:00,1.03143,1.03353,1.03056,1.03256
2013-09-12 21:00:00,1.03257,1.03558,1.03223,1.03489
2013-09-15 21:00:00,1.03150,1.03262,1.02822,1.03217
2013-09-16 21:00:00,1.03223,1.03343,1.02746,1.02956
2013-09-17 21:00:00,1.02958,1.03180,1.02013,1.02272
2013-09-18 21:00:00,1.02278,1.02675,1.01822,1.02652
2013-09-19 21:00:00,1.02648,1.03097,1.02621,1.03026
2013-09-22 21:00:00,1.03059,1.03060,1.02745,1.02819
2013-09-23 21:00:00,1.02818,1.03103,1.02693,1.03028
2013-09-24 21:00:00,1.03028,1.03190,1.02859,1.03157
2013-09-25 21:00:00,1.03159,1.03400,1.03026,1.03105
2013-09-26 21:00:00,1.03104,1.03318,1.02980,1.03040
2013-09-29 21:00:00,1.03160,1.03172,1.02750,1.03144
2013-09-30 21:00:00,1.03144,1.03362,1.02874,1.03318
2013-10-01 21:00:00,1.03327,1.03562,1.03231,1.03331
2013-10-02 21:00:00,1.03328,1.03393,1.03126,1.03288
2013-10-03 21:00:00,1.03282,1.03400,1.02896,1.02917
2013-10-06 21:00:00,1.02992,1.03333,1.02956,1.03128
2013-10-07 21:00:00,1.03128,1.03734,1.03071,1.03687
2013-10-08 21:00:00,1.03687,1.04070,1.03527,1.03919
2013-10-09 21:00:00,1.03919,1.04192,1.03716,1.03981
2013-10-10 21:00:00,1.03981,1.04119,1.03399,1.03467
2013-10-13 21:00:00,1.03610,1.03691,1.03405,1.03537
2013-10-14 21:00:00,1.03537,1.03910,1.03314,1.03757
2013-10-15 21:00:00,1.03757,1.03848,1.03241,1.03263
2013-10-16 21:00:00,1.03264,1.03320,1.02804,1.02957
2013-10-17 21:00:00,1.02940,1.03017,1.02770,1.02852
2013-10-20 21:00:00,1.02887,1.03067,1.02887,1.03056
2013-10-21 21:00:00,1.03056,1.03096,1.02707,1.02894
2013-10-22 21:00:00,1.02891,1.03965,1.02816,1.03834
2013-10-23 21:00:00,1.03834,1.04376,1.03658,1.04193
2013-10-24 21:00:00,1.04195,1.04603,1.04099,1.04444
2013-10-27 22:00:00,1.04467,1.04512,1.04286,1.04457
2013-10-28 22:00:00,1.04455,1.04709,1.04273,1.04667
2013-10-29 22:00:00,1.04668,1.04963,1.04405,1.04791
2013-10-30 22:00:00,1.04790,1.04894,1.04121,1.04345
2013-10-31 22:00:00,1.04346,1.04537,1.04114,1.04161
2013-11-03 22:00:00,1.04195,1.04278,1.03977,1.04219
2013-11-04 22:00:00,1.04220,1.04617,1.04161,1.04544
2013-11-05 22:00:00,1.04544,1.04588,1.04115,1.04178
2013-11-06 22:00:00,1.04193,1.04629,1.04044,1.04546
2013-11-07 22:00:00,1.04544,1.05030,1.04451,1.04767
2013-11-10 22:00:00,1.04845,1.04859,1.04651,1.04699
2013-11-11 22:00:00,1.04700,1.05081,1.04635,1.04931
2013-11-12 22:00:00,1.04929,1.04959,1.04450,1.04511
2013-11-13 22:00:00,1.04510,1.05256,1.04399,1.04652
2013-11-14 22:00:00,1.04653,1.04844,1.04365,1.04366
2013-11-17 22:00:00,1.04366,1.04418,1.04146,1.04311
2013-11-18 22:00:00,1.04311,1.04849,1.04151,1.04633
2013-11-19 22:00:00,1.04635,1.04734,1.04358,1.04530
2013-11-20 22:00:00,1.04530,1.05262,1.04523,1.05219
2013-11-21 22:00:00,1.05219,1.05683,1.05111,1.05115
2013-11-24 22:00:00,1.05230,1.05828,1.05230,1.05333
2013-11-25 22:00:00,1.05340,1.05584,1.05200,1.05416
2013-11-26 22:00:00,1.05412,1.06024,1.05312,1.05942
2013-11-27 22:00:00,1.05943,1.05977,1.05707,1.05834
2013-11-28 22:00:00,1.05863,1.06281,1.05588,1.06046
2013-12-01 22:00:00,1.06185,1.06538,1.06136,1.06416
2013-12-02 22:00:00,1.06416,1.06722,1.06308,1.06459
2013-12-03 22:00:00,1.06460,1.07068,1.06370,1.06773
2013-12-04 22:00:00,1.06771,1.06988,1.06247,1.06518
2013-12-05 22:00:00,1.06523,1.07078,1.06220,1.06378
2013-12-08 22:00:00,1.06458,1.06696,1.06254,1.06332
2013-12-09 22:00:00,1.06331,1.06453,1.05997,1.06066
2013-12-10 22:00:00,1.06066,1.06197,1.05842,1.05871
2013-12-11 22:00:00,1.05874,1.06556,1.05607,1.06475
2013-12-12 22:00:00,1.06475,1.06685,1.05807,1.05832
2013-12-15 22:00:00,1.05908,1.05959,1.05721,1.05944
2013-12-16 22:00:00,1.05944,1.06175,1.05756,1.06033
2013-12-17 22:00:00,1.06033,1.07167,1.06010,1.07162
2013-12-18 22:00:00,1.07154,1.07274,1.06600,1.06665
2013-12-19 22:00:00,1.06663,1.07369,1.06275,1.06337
2013-12-22 22:00:00,1.06412,1.06524,1.05812,1.06154
2013-12-23 22:00:00,1.06150,1.06342,1.06050,1.06144
2013-12-25 22:00:00,1.06397,1.06494,1.06158,1.06447
2013-12-26 22:00:00,1.06456,1.07183,1.06191,1.07030
2013-12-29 22:00:00,1.07068,1.07271,1.06362,1.06506
2013-12-30 22:00:00,1.06506,1.06563,1.06166,1.06274
2013-12-31 22:00:00,1.06396,1.06475,1.06388,1.06460
2014-01-01 22:00:00,1.06457,1.06775,1.05884,1.06683
2014-01-02 22:00:00,1.06677,1.06715,1.06022,1.06297
2014-01-05 22:00:00,1.06327,1.06805,1.06084,1.06593
2014-01-06 22:00:00,1.06593,1.07811,1.06589,1.07679
2014-01-07 22:00:00,1.07679,1.08299,1.07650,1.08260
2014-01-08 22:00:00,1.08263,1.08744,1.08187,1.08398
2014-01-09 22:00:00,1.08397,1.09457,1.08372,1.08856
2014-01-12 22:00:00,1.09055,1.09289,1.08422,1.08717
2014-01-13 22:00:00,1.08717,1.09586,1.08680,1.09516
2014-01-14 22:00:00,1.09516,1.09909,1.09200,1.09418
2014-01-15 22:00:00,1.09418,1.09621,1.09049,1.09325
2014-01-16 22:00:00,1.09326,1.09832,1.09257,1.09594
2014-01-19 22:00:00,1.09661,1.09719,1.09292,1.09508
2014-01-20 22:00:00,1.09508,1.10182,1.09468,1.09686
2014-01-21 22:00:00,1.09686,1.10939,1.09531,1.10928
2014-01-22 22:00:00,1.10928,1.11731,1.10910,1.11020
2014-01-23 22:00:00,1.11024,1.11371,1.10520,1.10862
2014-01-26 22:00:00,1.10662,1.11188,1.10313,1.11160
2014-01-27 22:00:00,1.11161,1.11767,1.10781,1.11540
2014-01-28 22:00:00,1.11539,1.11864,1.11023,1.11687
2014-01-29 22:00:00,1.11705,1.11990,1.11505,1.11645
2014-01-30 22:00:00,1.11645,1.12240,1.10874,1.11271
2014-02-02 22:00:00,1.11222,1.11331,1.10410,1.11112
2014-02-03 22:00:00,1.11114,1.11231,1.10482,1.10780
2014-02-04 22:00:00,1.10776,1.11211,1.10367,1.10762
2014-02-05 22:00:00,1.10768,1.11220,1.10505,1.10699
2014-02-06 22:00:00,1.10706,1.10788,1.09674,1.10321
2014-02-09 22:00:00,1.10396,1.10619,1.10182,1.10537
2014-02-10 22:00:00,1.10547,1.10903,1.10027,1.10104
2014-02-11 22:00:00,1.10101,1.10248,1.09757,1.09949
2014-02-12 22:00:00,1.09951,1.10260,1.09541,1.09801
2014-02-13 22:00:00,1.09804,1.09893,1.09401,1.09775
2014-02-16 22:00:00,1.09732,1.09826,1.09527,1.09559
2014-02-17 22:00:00,1.09559,1.09762,1.09398,1.09505
2014-02-18 22:00:00,1.09508,1.10862,1.09101,1.10743
2014-02-19 22:00:00,1.10743,1.11123,1.10591,1.10995
2014-02-20 22:00:00,1.10990,1.11950,1.10950,1.11095
2014-02-23 22:00:00,1.11042,1.11424,1.10543,1.10641
2014-02-24 22:00:00,1.10642,1.10960,1.10533,1.10817
2014-02-25 22:00:00,1.10817,1.11441,1.10728,1.11324
2014-02-26 22:00:00,1.11329,1.11596,1.11172,1.11230
2014-02-27 22:00:00,1.11230,1.11466,1.10403,1.10606
2014-03-02 22:00:00,1.10795,1.11100,1.10388,1.10788
2014-03-03 22:00:00,1.10790,1.11176,1.10620,1.10908
2014-03-04 22:00:00,1.10933,1.10992,1.10261,1.10323
2014-03-05 22:00:00,1.10320,1.10458,1.09550,1.09859
2014-03-06 22:00:00,1.09859,1.11005,1.09805,1.10868
2014-03-09 22:00:00,1.10920,1.11303,1.10850,1.11096
2014-03-10 22:00:00,1.11096,1.11304,1.10713,1.11090
2014-03-11 22:00:00,1.11088,1.11534,1.10900,1.11210
2014-03-12 22:00:00,1.11211,1.11220,1.10432,1.10744
2014-03-13 22:00:00,1.10747,1.11104,1.10716,1.11043
2014-03-16 22:00:00,1.10971,1.11037,1.10446,1.10623
2014-03-17 22:00:00,1.10623,1.11461,1.10250,1.11330
2014-03-18 22:00:00,1.11329,1.12710,1.11213,1.12413
2014-03-19 22:00:00,1.12413,1.12782,1.12328,1.12411
2014-03-20 22:00:00,1.12411,1.12622,1.11736,1.12199
2014-03-23 22:00:00,1.12261,1.12459,1.11831,1.11950
2014-03-24 22:00:00,1.11951,1.12102,1.11549,1.11672
2014-03-25 22:00:00,1.11670,1.11689,1.10804,1.11007
2014-03-26 22:00:00,1.11007,1.11038,1.10136,1.10298
2014-03-27 22:00:00,1.10300,1.10775,1.10007,1.10600
2014-03-30 21:00:00,1.10561,1.10667,1.10020,1.10518
2014-03-31 21:00:00,1.10516,1.10697,1.10123,1.10276
2014-04-01 21:00:00,1.10275,1.10473,1.10042,1.10321
2014-04-02 21:00:00,1.10321,1.10451,1.10056,1.10372
2014-04-03 21:00:00,1.10374,1.10413,1.09565,1.09799
2014-04-06 21:00:00,1.09808,1.10094,1.09616,1.09704
2014-04-07 21:00:00,1.09703,1.09774,1.09125,1.09238
2014-04-08 21:00:00,1.09233,1.09421,1.08579,1.08826
2014-04-09 21:00:00,1.08820,1.09363,1.08675,1.09329
2014-04-10 21:00:00,1.09329,1.09840,1.09179,1.09801
2014-04-13 21:00:00,1.09743,1.09923,1.09421,1.09635
2014-04-14 21:00:00,1.09635,1.10133,1.09618,1.09815
2014-04-15 21:00:00,1.09812,1.10333,1.09594,1.10137
2014-04-16 21:00:00,1.10136,1.10191,1.09833,1.10081
2014-04-17 21:00:00,1.10081,1.10282,1.09981,1.10199
2014-04-20 21:00:00,1.10230,1.10308,1.10078,1.10122
2014-04-21 21:00:00,1.10119,1.10418,1.10003,1.10271
2014-04-22 21:00:00,1.10271,1.10529,1.10174,1.10307
2014-04-23 21:00:00,1.10308,1.10382,1.10151,1.10229
2014-04-24 21:00:00,1.10242,1.10468,1.10140,1.10390
2014-04-27 21:00:00,1.10341,1.10392,1.10170,1.10276
2014-04-28 21:00:00,1.10274,1.10278,1.09430,1.09477
2014-04-29 21:00:00,1.09480,1.09792,1.09426,1.09618
2014-04-30 21:00:00,1.09603,1.09952,1.09522,1.09618
2014-05-01 21:00:00,1.09617,1.10064,1.09354,1.09713
2014-05-04 21:00:00,1.09762,1.09887,1.09487,1.09547
2014-05-05 21:00:00,1.09544,1.09604,1.08739,1.08953
2014-05-06 21:00:00,1.08952,1.09071,1.08756,1.08974
2014-05-07 21:00:00,1.08972,1.09037,1.08140,1.08309
2014-05-08 21:00:00,1.08310,1.09157,1.08165,1.08947
2014-05-11 21:00:00,1.08990,1.09037,1.08741,1.08952
2014-05-12 21:00:00,1.08953,1.09261,1.08870,1.09066
2014-05-13 21:00:00,1.09068,1.09211,1.08697,1.08885
2014-05-14 21:00:00,1.08885,1.08908,1.08515,1.08797
2014-05-15 21:00:00,1.08805,1.08881,1.08557,1.08602
2014-05-18 21:00:00,1.08621,1.08757,1.08494,1.08716
2014-05-19 21:00:00,1.08717,1.09162,1.08708,1.09060
2014-05-20 21:00:00,1.09061,1.09414,1.08932,1.09135
2014-05-21 21:00:00,1.09138,1.09303,1.08841,1.08923
2014-05-22 21:00:00,1.08924,1.09064,1.08603,1.08603
2014-05-25 21:00:00,1.08707,1.08722,1.08527,1.08581
2014-05-26 21:00:00,1.08582,1.08742,1.08353,1.08584
2014-05-27 21:00:00,1.08585,1.08858,1.08432,1.08736
2014-05-28 21:00:00,1.08734,1.08776,1.08251,1.08366
2014-05-29 21:00:00,1.08364,1.08675,1.08219,1.08438
2014-06-01 21:00:00,1.08424,1.09113,1.08417,1.08986
2014-06-02 21:00:00,1.08986,1.09215,1.08904,1.09077
2014-06-03 21:00:00,1.09077,1.09549,1.09077,1.09410
2014-06-04 21:00:00,1.09411,1.09599,1.09163,1.09229
2014-06-05 21:00:00,1.09233,1.09477,1.09053,1.09316
2014-06-08 21:00:00,1.09281,1.09405,1.09005,1.09029
2014-06-09 21:00:00,1.09038,1.09206,1.08908,1.09033
2014-06-10 21:00:00,1.09034,1.09044,1.08611,1.08661
2014-06-11 21:00:00,1.08659,1.08696,1.08412,1.08539
2014-06-12 21:00:00,1.08544,1.08698,1.08473,1.08551
2014-06-15 21:00:00,1.08544,1.08817,1.08352,1.08422
2014-06-16 21:00:00,1.08425,1.08745,1.08423,1.08591
2014-06-17 21:00:00,1.08597,1.08933,1.08347,1.08390
2014-06-18 21:00:00,1.08390,1.08402,1.08098,1.08201
2014-06-19 21:00:00,1.08203,1.08256,1.07514,1.07576
2014-06-22 21:00:00,1.07543,1.07572,1.07167,1.07302
2014-06-23 21:00:00,1.07301,1.07451,1.07157,1.07445
2014-06-24 21:00:00,1.07445,1.07514,1.07170,1.07203
2014-06-25 21:00:00,1.07202,1.07245,1.06827,1.06925
2014-06-26 21:00:00,1.06926,1.06961,1.06595,1.06618
2014-06-29 21:00:00,1.06624,1.06962,1.06465,1.06673
2014-06-30 21:00:00,1.06683,1.06772,1.06280,1.06323
2014-07-01 21:00:00,1.06323,1.06701,1.06253,1.06671
2014-07-02 21:00:00,1.06667,1.06800,1.06199,1.06402
2014-07-03 21:00:00,1.06399,1.06586,1.06292,1.06530
2014-07-06 21:00:00,1.06526,1.06838,1.06303,1.06815
2014-07-07 21:00:00,1.06814,1.06942,1.06613,1.06777
2014-07-08 21:00:00,1.06776,1.06838,1.06406,1.06532
2014-07-09 21:00:00,1.06530,1.06757,1.06440,1.06519
2014-07-10 21:00:00,1.06521,1.07369,1.06305,1.07338
2014-07-13 21:00:00,1.07317,1.07471,1.07100,1.07119
2014-07-14 21:00:00,1.07120,1.07692,1.07111,1.07562
2014-07-15 21:00:00,1.07561,1.07943,1.07230,1.07441
2014-07-16 21:00:00,1.07440,1.07631,1.07275,1.07598
2014-07-17 21:00:00,1.07602,1.07659,1.07080,1.07318
2014-07-20 21:00:00,1.07343,1.07519,1.07252,1.07375
2014-07-21 21:00:00,1.07378,1.07590,1.07301,1.07364
2014-07-22 21:00:00,1.07365,1.07453,1.07097,1.07254
2014-07-23 21:00:00,1.07253,1.07517,1.07174,1.07435
2014-07-24 21:00:00,1.07432,1.08211,1.07379,1.08025
2014-07-27 21:00:00,1.08144,1.08180,1.07942,1.07981
2014-07-28 21:00:00,1.07986,1.08657,1.07969,1.08502
2014-07-29 21:00:00,1.08502,1.09164,1.08487,1.09023
2014-07-30 21:00:00,1.09029,1.09293,1.08762,1.09050
2014-07-31 21:00:00,1.09047,1.09435,1.08844,1.09034
2014-08-03 21:00:00,1.09181,1.09336,1.09044,1.09055
2014-08-04 21:00:00,1.09054,1.09763,1.09037,1.09606
2014-08-05 21:00:00,1.09606,1.09856,1.09120,1.09165
2014-08-06 21:00:00,1.09165,1.09380,1.09031,1.09269
2014-08-07 21:00:00,1.09266,1.09835,1.09091,1.09710
2014-08-10 21:00:00,1.09711,1.09771,1.09181,1.09240
2014-08-11 21:00:00,1.09240,1.09527,1.09130,1.09240
2014-08-12 21:00:00,1.09243,1.09398,1.09061,1.09146
2014-08-13 21:00:00,1.09145,1.09206,1.08866,1.09033
2014-08-14 21:00:00,1.09033,1.09183,1.08598,1.08966
2014-08-17 21:00:00,1.08883,1.08988,1.08750,1.08875
2014-08-18 21:00:00,1.08873,1.09491,1.08861,1.09408
2014-08-19 21:00:00,1.09408,1.09735,1.09317,1.09688
2014-08-20 21:00:00,1.09688,1.09858,1.09390,1.09396
2014-08-21 21:00:00,1.09396,1.09786,1.09275,1.09412
2014-08-24 21:00:00,1.09667,1.09860,1.09423,1.09847
2014-08-25 21:00:00,1.09845,1.09972,1.09406,1.09535
2014-08-26 21:00:00,1.09535,1.09554,1.08279,1.08655
2014-08-27 21:00:00,1.08653,1.08685,1.08366,1.08598
2014-08-28 21:00:00,1.08603,1.08790,1.08103,1.08785
2014-08-31 21:00:00,1.08725,1.08779,1.08558,1.08758
2014-09-01 21:00:00,1.08758,1.09348,1.08664,1.09285
2014-09-02 21:00:00,1.09283,1.09423,1.08709,1.08877
2014-09-03 21:00:00,1.08880,1.09096,1.08209,1.08773
2014-09-04 21:00:00,1.08774,1.09029,1.08399,1.08810
2014-09-07 21:00:00,1.08834,1.09829,1.08824,1.09802
2014-09-08 21:00:00,1.09801,1.10317,1.09645,1.09802
2014-09-09 21:00:00,1.09805,1.10142,1.09334,1.09454
2014-09-10 21:00:00,1.09454,1.10591,1.09381,1.10364
2014-09-11 21:00:00,1.10363,1.10979,1.10306,1.10908
2014-09-14 21:00:00,1.10870,1.10988,1.10355,1.10544
2014-09-15 21:00:00,1.10546,1.10717,1.09659,1.09711
2014-09-16 21:00:00,1.09712,1.10208,1.09267,1.10169
2014-09-17 21:00:00,1.10168,1.10235,1.09289,1.09384
2014-09-18 21:00:00,1.09390,1.09799,1.08870,1.09621
2014-09-21 21:00:00,1.09612,1.10436,1.09257,1.10383
2014-09-22 21:00:00,1.10393,1.10836,1.09864,1.10752
2014-09-23 21:00:00,1.10758,1.11222,1.10531,1.10601
2014-09-24 21:00:00,1.10608,1.11274,1.10608,1.11135
2014-09-25 21:00:00,1.11135,1.11690,1.10925,1.11541
2014-09-28 21:00:00,1.11553,1.11785,1.11314,1.11610
2014-09-29 21:00:00,1.11611,1.12195,1.11350,1.11981
2014-09-30 21:00:00,1.11982,1.12232,1.11605,1.11635
2014-10-01 21:00:00,1.11635,1.11777,1.10716,1.11570
2014-10-02 21:00:00,1.11573,1.12703,1.11555,1.12444
2014-10-05 21:00:00,1.12542,1.12652,1.11115,1.11382
2014-10-06 21:00:00,1.11380,1.11960,1.11315,1.11632
2014-10-07 21:00:00,1.11635,1.12101,1.10932,1.11088
2014-10-08 21:00:00,1.11087,1.11892,1.10818,1.11821
2014-10-09 21:00:00,1.11822,1.12222,1.11603,1.11986
2014-10-12 21:00:00,1.12027,1.12197,1.11820,1.11911
2014-10-13 21:00:00,1.11912,1.13133,1.11896,1.12942
2014-10-14 21:00:00,1.12940,1.13853,1.12267,1.12654
2014-10-15 21:00:00,1.12649,1.13614,1.12269,1.12643
2014-10-16 21:00:00,1.12641,1.12827,1.12101,1.12740
2014-10-19 21:00:00,1.12828,1.12927,1.12504,1.12900
2014-10-20 21:00:00,1.12897,1.12959,1.12022,1.12253
2014-10-21 21:00:00,1.12253,1.12922,1.11837,1.12399
2014-10-22 21:00:00,1.12406,1.12635,1.12068,1.12302
2014-10-23 21:00:00,1.12311,1.12429,1.11943,1.12299
2014-10-26 22:00:00,1.12399,1.12548,1.12121,1.12520
2014-10-27 22:00:00,1.12521,1.12522,1.11642,1.11693
2014-10-28 22:00:00,1.11693,1.12242,1.11215,1.11825
2014-10-29 22:00:00,1.11825,1.12224,1.11647,1.11926
2014-10-30 22:00:00,1.11927,1.13320,1.11851,1.12642
2014-11-02 22:00:00,1.12780,1.13765,1.12629,1.13528
2014-11-03 22:00:00,1.13525,1.14264,1.13394,1.13995
2014-11-04 22:00:00,1.13999,1.14661,1.13707,1.13972
2014-11-05 22:00:00,1.13971,1.14432,1.13783,1.14249
2014-11-06 22:00:00,1.14251,1.14480,1.13117,1.13275
2014-11-09 22:00:00,1.13254,1.13843,1.12997,1.13738
2014-11-10 22:00:00,1.13738,1.14013,1.13175,1.13397
2014-11-11 22:00:00,1.13397,1.13585,1.12806,1.13207
2014-11-12 22:00:00,1.13208,1.13914,1.12985,1.13733
2014-11-13 22:00:00,1.13734,1.13927,1.12639,1.12850
2014-11-16 22:00:00,1.12924,1.13279,1.12680,1.12984
2014-11-17 22:00:00,1.12981,1.13234,1.12596,1.13027
2014-11-18 22:00:00,1.13026,1.13588,1.13014,1.13434
2014-11-19 22:00:00,1.13436,1.13687,1.12921,1.13085
2014-11-20 22:00:00,1.13086,1.13256,1.11904,1.12314
2014-11-23 22:00:00,1.12333,1.13119,1.12244,1.12760
2014-11-24 22:00:00,1.12791,1.13164,1.12317,1.12565
2014-11-25 22:00:00,1.12568,1.12966,1.12277,1.12465
2014-11-26 22:00:00,1.12448,1.13540,1.12348,1.13288
2014-11-27 22:00:00,1.13297,1.14435,1.13265,1.14150
2014-11-30 22:00:00,1.14284,1.14584,1.13127,1.13266
2014-12-01 22:00:00,1.13290,1.14238,1.13178,1.14055
2014-12-02 22:00:00,1.14058,1.14177,1.13466,1.13627
2014-12-03 22:00:00,1.13611,1.13964,1.13398,1.13842
2014-12-04 22:00:00,1.13843,1.14756,1.13805,1.14335
2014-12-07 22:00:00,1.14340,1.14854,1.14266,1.14770
2014-12-08 22:00:00,1.14759,1.15005,1.13971,1.14446
2014-12-09 22:00:00,1.14435,1.15020,1.14357,1.14801
2014-12-10 22:00:00,1.14763,1.15494,1.14483,1.15075
2014-12-11 22:00:00,1.15195,1.15911,1.15157,1.15767
2014-12-14 22:00:00,1.15838,1.16732,1.15481,1.16667
2014-12-15 22:00:00,1.16674,1.16706,1.16065,1.16227
2014-12-16 22:00:00,1.16228,1.16713,1.15600,1.16155
2014-12-17 22:00:00,1.16260,1.16477,1.15690,1.15737
2014-12-18 22:00:00,1.15750,1.16319,1.15674,1.16009
2014-12-21 22:00:00,1.15984,1.16454,1.15777,1.16263
2014-12-22 22:00:00,1.16261,1.16665,1.15986,1.16149
2014-12-23 22:00:00,1.16148,1.16412,1.15898,1.16224
2014-12-25 22:00:00,1.16139,1.16298,1.16030,1.16197
2014-12-28 22:00:00,1.16140,1.16480,1.16044,1.16316
2014-12-29 22:00:00,1.16283,1.16508,1.15965,1.16089
2014-12-30 22:00:00,1.16087,1.16175,1.15644,1.16143
2015-01-01 22:00:00,1.16483,1.17848,1.16432,1.17826
2015-01-04 22:00:00,1.17802,1.18407,1.17428,1.17608
2015-01-05 22:00:00,1.17609,1.18385,1.17307,1.18344
2015-01-06 22:00:00,1.18345,1.18727,1.18126,1.18133
2015-01-07 22:00:00,1.18130,1.18432,1.17962,1.18266
2015-01-08 22:00:00,1.18262,1.18891,1.18034,1.18638
2015-01-11 22:00:00,1.18619,1.19734,1.18348,1.19734
2015-01-12 22:00:00,1.19736,1.19929,1.19255,1.19576
2015-01-13 22:00:00,1.19575,1.20166,1.19286,1.19488
2015-01-14 22:00:00,1.19490,1.19945,1.18027,1.19569
2015-01-15 22:00:00,1.19570,1.20457,1.19501,1.19824
2015-01-18 22:00:00,1.19787,1.19851,1.19333,1.19378
2015-01-19 22:00:00,1.19363,1.21135,1.19360,1.21109
2015-01-20 22:00:00,1.21103,1.23931,1.20619,1.23380
2015-01-21 22:00:00,1.23371,1.24186,1.23126,1.23778
2015-01-22 22:00:00,1.23779,1.24556,1.23592,1.24168
2015-01-25 22:00:00,1.24406,1.24881,1.24042,1.24723
2015-01-26 22:00:00,1.24706,1.24997,1.23791,1.23972
2015-01-27 22:00:00,1.23924,1.25366,1.23875,1.25342
2015-01-28 22:00:00,1.25311,1.26764,1.25109,1.26133
2015-01-29 22:00:00,1.26167,1.27974,1.26070,1.27263
2015-02-01 22:00:00,1.26991,1.27727,1.25571,1.25627
2015-02-02 22:00:00,1.25619,1.26437,1.23518,1.24138
2015-02-03 22:00:00,1.24142,1.25913,1.23898,1.25724
2015-02-04 22:00:00,1.25721,1.25861,1.23935,1.24340
2015-02-05 22:00:00,1.24332,1.25462,1.23654,1.25182
2015-02-08 22:00:00,1.25378,1.25390,1.24282,1.24653
2015-02-09 22:00:00,1.24652,1.26239,1.24511,1.25857
2015-02-10 22:00:00,1.25861,1.26970,1.25720,1.26287
2015-02-11 22:00:00,1.26293,1.26447,1.24432,1.25074
2015-02-12 22:00:00,1.25079,1.25364,1.24218,1.24426
2015-02-15 22:00:00,1.24429,1.24900,1.24209,1.24635
2015-02-16 22:00:00,1.24643,1.24779,1.23626,1.23875
2015-02-17 22:00:00,1.23876,1.24657,1.23808,1.24539
2015-02-18 22:00:00,1.24537,1.25538,1.24366,1.24948
2015-02-19 22:00:00,1.24924,1.25644,1.24223,1.25300
2015-02-22 22:00:00,1.25309,1.26241,1.25233,1.25703
2015-02-23 22:00:00,1.25687,1.26634,1.24786,1.24859
2015-02-24 22:00:00,1.24855,1.24973,1.24009,1.24348
2015-02-25 22:00:00,1.24331,1.25348,1.23877,1.25143
2015-02-26 22:00:00,1.25143,1.25302,1.24498,1.25093
2015-03-01 22:00:00,1.24987,1.25641,1.24763,1.25343
2015-03-02 22:00:00,1.25347,1.25430,1.24328,1.24946
2015-03-03 22:00:00,1.24932,1.25399,1.24070,1.24271
2015-03-04 22:00:00,1.24261,1.25183,1.24071,1.24852
2015-03-05 22:00:00,1.24838,1.26268,1.24554,1.26219
2015-03-08 22:00:00,1.26175,1.26257,1.25729,1.26005
2015-03-09 22:00:00,1.26013,1.26920,1.25988,1.26859
2015-03-10 22:00:00,1.26855,1.27968,1.26642,1.27418
2015-03-11 22:00:00,1.27414,1.27683,1.26164,1.26898
2015-03-12 22:00:00,1.26896,1.28232,1.26815,1.27796
2015-03-15 22:00:00,1.27893,1.28183,1.27345,1.27749
2015-03-16 22:00:00,1.27770,1.27971,1.27488,1.27860
2015-03-17 22:00:00,1.27861,1.28345,1.24485,1.25865
2015-03-18 22:00:00,1.25873,1.27576,1.25072,1.27104
2015-03-19 22:00:00,1.27107,1.27226,1.25444,1.25470
2015-03-22 22:00:00,1.25415,1.26147,1.24947,1.25160
2015-03-23 22:00:00,1.25156,1.25453,1.24270,1.24969
2015-03-24 22:00:00,1.24971,1.25393,1.24728,1.25109
2015-03-25 22:00:00,1.25114,1.25322,1.24101,1.24852
2015-03-26 22:00:00,1.24852,1.26201,1.24678,1.26064
2015-03-29 21:00:00,1.26064,1.27056,1.25951,1.26734
2015-03-30 21:00:00,1.26725,1.27835,1.26518,1.26842
2015-03-31 21:00:00,1.26811,1.27092,1.25758,1.26187
2015-04-01 21:00:00,1.26155,1.26549,1.25562,1.25571
2015-04-02 21:00:00,1.25590,1.25740,1.24289,1.24832
2015-04-05 21:00:00,1.24832,1.25056,1.24369,1.24797
2015-04-06 21:00:00,1.24795,1.25214,1.24544,1.25045
2015-04-07 21:00:00,1.25043,1.25582,1.23868,1.25443
2015-04-08 21:00:00,1.25446,1.26130,1.25082,1.25765
2015-04-09 21:00:00,1.25777,1.26668,1.25592,1.25606
2015-04-12 21:00:00,1.25606,1.26458,1.25606,1.25967
2015-04-13 21:00:00,1.25962,1.26025,1.24460,1.24843
2015-04-14 21:00:00,1.24837,1.25697,1.22800,1.22942
2015-04-15 21:00:00,1.22942,1.23276,1.21433,1.21884
2015-04-16 21:00:00,1.21884,1.22709,1.20873,1.22407
2015-04-19 21:00:00,1.22407,1.22593,1.21796,1.22286
2015-04-20 21:00:00,1.22286,1.23052,1.22136,1.22820
2015-04-21 21:00:00,1.22820,1.22867,1.22104,1.22336
2015-04-22 21:00:00,1.22336,1.22684,1.21204,1.21448
2015-04-23 21:00:00,1.21448,1.21844,1.21026,1.21776
2015-04-26 21:00:00,1.21837,1.21949,1.20800,1.20897
2015-04-27 21:00:00,1.20865,1.21166,1.20145,1.20271
2015-04-28 21:00:00,1.20290,1.20729,1.19443,1.20069
2015-04-29 21:00:00,1.20052,1.21323,1.19964,1.20686
2015-04-30 21:00:00,1.20689,1.22046,1.20621,1.21665
2015-05-03 21:00:00,1.21533,1.21806,1.20877,1.20902
2015-05-04 21:00:00,1.20911,1.21310,1.20022,1.20671
2015-05-05 21:00:00,1.20650,1.20872,1.19423,1.20459
2015-05-06 21:00:00,1.20464,1.21628,1.20342,1.21261
2015-05-07 21:00:00,1.21285,1.21443,1.20461,1.20786
2015-05-10 21:00:00,1.20842,1.21434,1.20645,1.21013
2015-05-11 21:00:00,1.21021,1.21067,1.19780,1.20177
2015-05-12 21:00:00,1.20179,1.20280,1.19283,1.19560
2015-05-13 21:00:00,1.19555,1.20056,1.19197,1.19815
2015-05-14 21:00:00,1.19815,1.20664,1.19778,1.20152
2015-05-17 21:00:00,1.20101,1.21707,1.20086,1.21587
2015-05-18 21:00:00,1.21597,1.22494,1.21286,1.22308
2015-05-19 21:00:00,1.22306,1.22555,1.21700,1.22072
2015-05-20 21:00:00,1.22066,1.22423,1.21707,1.21969
2015-05-21 21:00:00,1.21939,1.23215,1.21721,1.22810
2015-05-24 21:00:00,1.22850,1.23179,1.22747,1.23108
2015-05-25 21:00:00,1.23117,1.24469,1.23043,1.24328
2015-05-26 21:00:00,1.24330,1.24915,1.23945,1.24504
2015-05-27 21:00:00,1.24504,1.25376,1.24215,1.24340
2015-05-28 21:00:00,1.24344,1.25269,1.24102,1.24402
2015-05-31 21:00:00,1.24378,1.25625,1.24357,1.25206
2015-06-01 21:00:00,1.25220,1.25343,1.23666,1.23995
2015-06-02 21:00:00,1.23995,1.25089,1.23843,1.24507
2015-06-03 21:00:00,1.24520,1.25035,1.24363,1.25002
2015-06-04 21:00:00,1.25011,1.25623,1.24249,1.24280
2015-06-07 21:00:00,1.24384,1.24724,1.23828,1.24090
2015-06-08 21:00:00,1.24082,1.24414,1.23070,1.23344
2015-06-09 21:00:00,1.23355,1.23521,1.22017,1.22529
2015-06-10 21:00:00,1.22525,1.23537,1.22524,1.22909
2015-06-11 21:00:00,1.22907,1.23473,1.22772,1.23047
2015-06-14 21:00:00,1.23129,1.23598,1.22970,1.23236
2015-06-15 21:00:00,1.23245,1.23462,1.22833,1.22929
2015-06-16 21:00:00,1.22920,1.23468,1.22204,1.22262
2015-06-17 21:00:00,1.22258,1.22503,1.21275,1.22212
2015-06-18 21:00:00,1.22206,1.22955,1.22144,1.22692
2015-06-21 21:00:00,1.22589,1.23286,1.22178,1.23072
2015-06-22 21:00:00,1.23075,1.23826,1.23070,1.23247
2015-06-23 21:00:00,1.23249,1.24225,1.22763,1.23813
2015-06-24 21:00:00,1.23824,1.23994,1.23117,1.23254
2015-06-25 21:00:00,1.23250,1.23971,1.23111,1.23133
2015-06-28 21:00:00,1.23346,1.24122,1.23037,1.24022
2015-06-29 21:00:00,1.24019,1.25000,1.23626,1.24914
2015-06-30 21:00:00,1.24915,1.25974,1.24735,1.25882
2015-07-01 21:00:00,1.25883,1.26329,1.25377,1.25379
2015-07-02 21:00:00,1.25367,1.26021,1.25364,1.25699
2015-07-05 21:00:00,1.25972,1.26636,1.25625,1.26501
2015-07-06 21:00:00,1.26501,1.27794,1.26429,1.27038
2015-07-07 21:00:00,1.27033,1.27677,1.26883,1.27454
2015-07-08 21:00:00,1.27450,1.27450,1.26651,1.27066
2015-07-09 21:00:00,1.27049,1.27529,1.26625,1.26713
2015-07-12 21:00:00,1.26997,1.27899,1.26790,1.27406
2015-07-13 21:00:00,1.27407,1.28046,1.27154,1.27269
2015-07-14 21:00:00,1.27268,1.29572,1.27228,1.29120
2015-07-15 21:00:00,1.29113,1.29690,1.29044,1.29564
2015-07-16 21:00:00,1.29564,1.30066,1.29471,1.29721
2015-07-19 21:00:00,1.29756,1.30238,1.29518,1.29916
2015-07-20 21:00:00,1.29916,1.30121,1.29163,1.29447
2015-07-21 21:00:00,1.29450,1.30523,1.29360,1.30289
2015-07-22 21:00:00,1.30309,1.30473,1.29469,1.30352
2015-07-23 21:00:00,1.30355,1.31024,1.30169,1.30425
2015-07-26 21:00:00,1.30368,1.30475,1.29784,1.30362
2015-07-27 21:00:00,1.30372,1.30427,1.29112,1.29202
2015-07-28 21:00:00,1.29201,1.29668,1.28609,1.29427
2015-07-29 21:00:00,1.29419,1.30436,1.29408,1.30014
2015-07-30 21:00:00,1.29940,1.30961,1.29402,1.30855
2015-08-02 21:00:00,1.30868,1.31758,1.30790,1.31546
2015-08-03 21:00:00,1.31549,1.32015,1.31051,1.31872
2015-08-04 21:00:00,1.31885,1.32131,1.31098,1.31742
2015-08-05 21:00:00,1.31739,1.31967,1.30935,1.31059
2015-08-06 21:00:00,1.31072,1.31833,1.30479,1.31340
2015-08-09 21:00:00,1.31164,1.31819,1.29906,1.29981
2015-08-10 21:00:00,1.29994,1.31495,1.29946,1.31101
2015-08-11 21:00:00,1.31102,1.31570,1.29517,1.29753
2015-08-12 21:00:00,1.29781,1.30902,1.29586,1.30559
2015-08-13 21:00:00,1.30569,1.30971,1.30163,1.30948
2015-08-16 21:00:00,1.30879,1.31517,1.30594,1.30774
2015-08-17 21:00:00,1.30800,1.31260,1.30401,1.30526
2015-08-18 21:00:00,1.30535,1.31774,1.30239,1.31230
2015-08-19 21:00:00,1.31246,1.31756,1.30592,1.30800
2015-08-20 21:00:00,1.30806,1.31932,1.30590,1.31854
2015-08-23 21:00:00,1.31789,1.32898,1.31416,1.32799
2015-08-24 21:00:00,1.32791,1.33530,1.31440,1.33322
2015-08-25 21:00:00,1.33325,1.33487,1.32504,1.32849
2015-08-26 21:00:00,1.32860,1.33051,1.31788,1.31939
2015-08-27 21:00:00,1.31959,1.33001,1.31666,1.31986
2015-08-30 21:00:00,1.32084,1.33266,1.31165,1.31387
2015-08-31 21:00:00,1.31357,1.32575,1.31179,1.32568
2015-09-01 21:00:00,1.32587,1.33238,1.31987,1.32663
2015-09-02 21:00:00,1.32680,1.32887,1.31364,1.31764
2015-09-03 21:00:00,1.31762,1.32889,1.31606,1.32772
2015-09-06 21:00:00,1.32506,1.33094,1.32445,1.33047
2015-09-07 21:00:00,1.33030,1.33085,1.31848,1.32070
2015-09-08 21:00:00,1.32071,1.32664,1.31541,1.32544
2015-09-09 21:00:00,1.32525,1.32875,1.31756,1.32517
2015-09-10 21:00:00,1.32472,1.33094,1.32149,1.32616
2015-09-13 21:00:00,1.32467,1.32796,1.32241,1.32584
2015-09-14 21:00:00,1.32576,1.32719,1.32264,1.32490
2015-09-15 21:00:00,1.32450,1.32565,1.31597,1.31678
2015-09-16 21:00:00,1.31679,1.32052,1.30729,1.31803
2015-09-17 21:00:00,1.31803,1.32293,1.30118,1.32217
2015-09-20 21:00:00,1.32180,1.32648,1.31756,1.32537
2015-09-21 21:00:00,1.32538,1.32976,1.32184,1.32712
2015-09-22 21:00:00,1.32704,1.33572,1.32328,1.33187
2015-09-23 21:00:00,1.33187,1.34160,1.32913,1.33017
2015-09-24 21:00:00,1.33019,1.33544,1.32973,1.33300
2015-09-27 21:00:00,1.33313,1.33961,1.33169,1.33936
2015-09-28 21:00:00,1.33928,1.34568,1.33714,1.34201
2015-09-29 21:00:00,1.34206,1.34302,1.33059,1.33090
2015-09-30 21:00:00,1.33221,1.33308,1.32180,1.32689
2015-10-01 21:00:00,1.32657,1.32680,1.31512,1.31524
2015-10-04 21:00:00,1.31478,1.31750,1.30641,1.30848
2015-10-05 21:00:00,1.30805,1.31338,1.30252,1.30322
2015-10-06 21:00:00,1.30310,1.30714,1.29716,1.30545
2015-10-07 21:00:00,1.30551,1.30738,1.29787,1.30143
2015-10-08 21:00:00,1.30143,1.30214,1.29007,1.29431
2015-10-11 21:00:00,1.29543,1.30106,1.29011,1.29970
2015-10-12 21:00:00,1.29965,1.30800,1.29561,1.30353
2015-10-13 21:00:00,1.30356,1.30358,1.29111,1.29340
2015-10-14 21:00:00,1.29340,1.29481,1.28314,1.28628
2015-10-15 21:00:00,1.28576,1.29390,1.28518,1.29160
2015-10-18 21:00:00,1.29041,1.30279,1.28978,1.30205
2015-10-19 21:00:00,1.30184,1.30469,1.29351,1.29765
2015-10-20 21:00:00,1.29788,1.31418,1.29681,1.31396
2015-10-21 21:00:00,1.31380,1.31592,1.30835,1.30886
2015-10-22 21:00:00,1.30903,1.31976,1.30393,1.31660
2015-10-25 22:00:00,1.31661,1.31836,1.31208,1.31585
2015-10-26 22:00:00,1.31588,1.32721,1.31548,1.32644
2015-10-27 22:00:00,1.32643,1.32794,1.30898,1.31961
2015-10-28 22:00:00,1.31942,1.32376,1.31326,1.31646
2015-10-29 22:00:00,1.31646,1.31924,1.30552,1.30741
2015-11-01 22:00:00,1.30697,1.31161,1.30633,1.30927
2015-11-02 22:00:00,1.30931,1.31647,1.30377,1.30585
2015-11-03 22:00:00,1.30580,1.31915,1.30447,1.31488
2015-11-04 22:00:00,1.31451,1.31861,1.31404,1.31672
2015-11-05 22:00:00,1.31662,1.33173,1.31568,1.33034
2015-11-08 22:00:00,1.32935,1.33097,1.32453,1.32864
2015-11-09 22:00:00,1.32775,1.32968,1.32445,1.32742
2015-11-10 22:00:00,1.32708,1.32834,1.32318,1.32623
2015-11-11 22:00:00,1.32608,1.33405,1.32239,1.32889
2015-11-12 22:00:00,1.32810,1.33488,1.32666,1.33243
2015-11-15 22:00:00,1.32985,1.33703,1.32897,1.33278
2015-11-16 22:00:00,1.33297,1.33436,1.32968,1.33211
2015-11-17 22:00:00,1.33177,1.33684,1.32978,1.33018
2015-11-18 22:00:00,1.33015,1.33133,1.32463,1.32821
2015-11-19 22:00:00,1.32827,1.33555,1.32700,1.33477
2015-11-22 22:00:00,1.33263,1.34355,1.33263,1.33646
2015-11-23 22:00:00,1.33641,1.33770,1.32839,1.33034
2015-11-24 22:00:00,1.33071,1.33387,1.32796,1.32891
2015-11-25 22:00:00,1.32877,1.33241,1.32837,1.32921
2015-11-26 22:00:00,1.32848,1.33758,1.32845,1.33669
2015-11-29 22:00:00,1.33668,1.33925,1.33119,1.33611
2015-11-30 22:00:00,1.33593,1.33965,1.33092,1.33556
2015-12-01 22:00:00,1.33580,1.34071,1.33077,1.33411
2015-12-02 22:00:00,1.33353,1.33998,1.32929,1.33540
2015-12-03 22:00:00,1.33501,1.34157,1.33172,1.33601
2015-12-06 22:00:00,1.33685,1.35233,1.33645,1.34971
2015-12-07 22:00:00,1.35017,1.36222,1.34956,1.35845
2015-12-08 22:00:00,1.35834,1.36196,1.35163,1.35779
2015-12-09 22:00:00,1.35767,1.36394,1.35317,1.36242
2015-12-10 22:00:00,1.36229,1.37576,1.36171,1.37544
2015-12-13 22:00:00,1.37146,1.37804,1.36765,1.37287
2015-12-14 22:00:00,1.37251,1.37657,1.36728,1.37333
2015-12-15 22:00:00,1.37314,1.38472,1.37278,1.37789
2015-12-16 22:00:00,1.37784,1.39862,1.37773,1.39364
2015-12-17 22:00:00,1.39337,1.40010,1.38541,1.39524
2015-12-20 22:00:00,1.39328,1.39933,1.39125,1.39569
2015-12-21 22:00:00,1.39537,1.39643,1.39155,1.39196
2015-12-22 22:00:00,1.39209,1.39365,1.38352,1.38538
2015-12-23 22:00:00,1.38452,1.38740,1.38176,1.38449
2015-12-27 22:00:00,1.38255,1.39152,1.38129,1.39039
2015-12-28 22:00:00,1.39008,1.39396,1.38155,1.38428
2015-12-29 22:00:00,1.38401,1.39268,1.38287,1.38779
2015-12-30 22:00:00,1.38745,1.39025,1.38222,1.38273
2016-01-03 22:00:00,1.38132,1.39827,1.38132,1.39504
2016-01-04 22:00:00,1.39487,1.40186,1.38976,1.39947
2016-01-05 22:00:00,1.39912,1.41083,1.39728,1.40743
2016-01-06 22:00:00,1.40744,1.41693,1.40500,1.41132
2016-01-07 22:00:00,1.41081,1.41766,1.40579,1.41711
2016-01-10 22:00:00,1.41640,1.42450,1.40646,1.42134
2016-01-11 22:00:00,1.42084,1.43149,1.41759,1.42600
2016-01-12 22:00:00,1.42596,1.43797,1.41870,1.43395
2016-01-13 22:00:00,1.43366,1.43972,1.43344,1.43656
2016-01-14 22:00:00,1.43607,1.45532,1.43423,1.45357
2016-01-17 22:00:00,1.45901,1.46058,1.44859,1.45569
2016-01-18 22:00:00,1.45508,1.45887,1.44313,1.45772
2016-01-19 22:00:00,1.45774,1.46895,1.44782,1.45022
2016-01-20 22:00:00,1.44998,1.45401,1.42273,1.42651
2016-01-21 22:00:00,1.42643,1.42996,1.41142,1.41211
2016-01-24 22:00:00,1.41409,1.42915,1.41256,1.42898
2016-01-25 22:00:00,1.42898,1.43252,1.40442,1.41163
2016-01-26 22:00:00,1.41134,1.41563,1.40275,1.40946
2016-01-27 22:00:00,1.40971,1.41223,1.39476,1.40275
2016-01-28 22:00:00,1.40276,1.41087,1.39668,1.39703
2016-01-31 22:00:00,1.39681,1.40618,1.39076,1.39447
2016-02-01 22:00:00,1.39410,1.40816,1.39340,1.40529
2016-02-02 22:00:00,1.40525,1.41025,1.37566,1.37770
2016-02-03 22:00:00,1.37769,1.37968,1.36388,1.37520
2016-02-04 22:00:00,1.37525,1.39178,1.37092,1.39139
2016-02-07 22:00:00,1.38975,1.39778,1.38401,1.39237
2016-02-08 22:00:00,1.39228,1.39598,1.37861,1.38649
2016-02-09 22:00:00,1.38658,1.39989,1.38199,1.39202
2016-02-10 22:00:00,1.39210,1.40159,1.38821,1.39344
2016-02-11 22:00:00,1.39361,1.39646,1.38126,1.38443
2016-02-14 22:00:00,1.38474,1.38593,1.37975,1.38318
2016-02-15 22:00:00,1.38347,1.39111,1.37059,1.38631
2016-02-16 22:00:00,1.38627,1.38985,1.36669,1.36709
2016-02-17 22:00:00,1.36718,1.37512,1.36531,1.37232
2016-02-18 22:00:00,1.37259,1.38462,1.37138,1.37603
2016-02-21 22:00:00,1.37745,1.37923,1.36618,1.37046
2016-02-22 22:00:00,1.37048,1.38206,1.36947,1.37938
2016-02-23 22:00:00,1.37876,1.38588,1.36769,1.37003
2016-02-24 22:00:00,1.36890,1.37346,1.35167,1.35284
2016-02-25 22:00:00,1.35290,1.35638,1.35047,1.35112
2016-02-28 22:00:00,1.35104,1.35869,1.34809,1.35367
2016-02-29 22:00:00,1.35357,1.35511,1.33855,1.34070
2016-03-01 22:00:00,1.34040,1.34987,1.34028,1.34152
2016-03-02 22:00:00,1.34154,1.34727,1.33709,1.34021
2016-03-03 22:00:00,1.34032,1.34707,1.33110,1.33120
2016-03-06 22:00:00,1.33315,1.33769,1.32610,1.32809
2016-03-07 22:00:00,1.32808,1.34247,1.32758,1.34079
2016-03-08 22:00:00,1.34080,1.34459,1.32277,1.32462
2016-03-09 22:00:00,1.32464,1.33973,1.32316,1.33434
2016-03-10 22:00:00,1.33405,1.33575,1.31670,1.32130
2016-03-13 22:00:00,1.32275,1.33078,1.32103,1.32659
2016-03-14 22:00:00,1.32660,1.34017,1.32616,1.33499
2016-03-15 22:00:00,1.33499,1.34051,1.30912,1.31165
2016-03-16 22:00:00,1.31165,1.31321,1.29448,1.29840
2016-03-17 22:00:00,1.29840,1.30425,1.29228,1.30029
2016-03-20 22:00:00,1.30249,1.31018,1.30188,1.30988
2016-03-21 22:00:00,1.30988,1.31382,1.30278,1.30435
2016-03-22 22:00:00,1.30439,1.32190,1.30377,1.32042
2016-03-23 22:00:00,1.32042,1.32957,1.32027,1.32415
2016-03-24 22:00:00,1.32415,1.32841,1.32247,1.32601
2016-03-27 21:00:00,1.32679,1.32845,1.31667,1.31862
2016-03-28 21:00:00,1.31835,1.32153,1.30502,1.30711
2016-03-29 21:00:00,1.30675,1.30804,1.29117,1.29641
2016-03-30 21:00:00,1.29638,1.30104,1.28571,1.30042
2016-03-31 21:00:00,1.30009,1.31467,1.29681,1.30118
2016-04-03 21:00:00,1.30222,1.30870,1.30022,1.30845
2016-04-04 21:00:00,1.30859,1.32184,1.30674,1.31355
2016-04-05 21:00:00,1.31345,1.31861,1.30625,1.30877
2016-04-06 21:00:00,1.30853,1.31803,1.30182,1.31419
2016-04-07 21:00:00,1.31463,1.31560,1.29516,1.29700
2016-04-10 21:00:00,1.29800,1.30155,1.28849,1.28972
2016-04-11 21:00:00,1.28966,1.29201,1.27495,1.27586
2016-04-12 21:00:00,1.27578,1.28277,1.27442,1.28148
2016-04-13 21:00:00,1.28126,1.28972,1.27817,1.28429
2016-04-14 21:00:00,1.28433,1.29023,1.27966,1.28148
2016-04-17 21:00:00,1.29459,1.29894,1.27781,1.27820
2016-04-18 21:00:00,1.27827,1.27963,1.26304,1.26692
2016-04-19 21:00:00,1.26667,1.27295,1.25926,1.26523
2016-04-20 21:00:00,1.26469,1.27495,1.26275,1.27334
2016-04-21 21:00:00,1.27297,1.27578,1.26217,1.26715
2016-04-24 21:00:00,1.26518,1.27170,1.26504,1.26765
2016-04-25 21:00:00,1.26760,1.26856,1.25946,1.26014
2016-04-26 21:00:00,1.26003,1.26938,1.25709,1.25974
2016-04-27 21:00:00,1.25962,1.26059,1.25147,1.25521
2016-04-28 21:00:00,1.25504,1.25869,1.24980,1.25495
2016-05-01 21:00:00,1.25526,1.25621,1.25128,1.25273
2016-05-02 21:00:00,1.25253,1.27310,1.24606,1.27236
2016-05-03 21:00:00,1.27203,1.28853,1.26967,1.28669
2016-05-04 21:00:00,1.28690,1.28747,1.27851,1.28528
2016-05-05 21:00:00,1.28515,1.29515,1.28352,1.28986
2016-05-08 21:00:00,1.29436,1.30150,1.29056,1.29620
2016-05-09 21:00:00,1.29613,1.29798,1.29076,1.29086
2016-05-10 21:00:00,1.29067,1.29416,1.28297,1.28503
2016-05-11 21:00:00,1.28454,1.28779,1.27711,1.28445
2016-05-12 21:00:00,1.28423,1.29570,1.28352,1.29354
2016-05-15 21:00:00,1.29384,1.29624,1.28745,1.28942
2016-05-16 21:00:00,1.28916,1.29547,1.28367,1.29071
2016-05-17 21:00:00,1.29070,1.30367,1.28935,1.30316
2016-05-18 21:00:00,1.30320,1.31543,1.30102,1.30949
2016-05-19 21:00:00,1.30903,1.31618,1.30764,1.31087
2016-05-22 21:00:00,1.31138,1.31735,1.30985,1.31410
2016-05-23 21:00:00,1.31409,1.31877,1.30856,1.31226
2016-05-24 21:00:00,1.31237,1.31330,1.30145,1.30186
2016-05-25 21:00:00,1.30180,1.30369,1.29104,1.29765
2016-05-26 21:00:00,1.29762,1.30681,1.29667,1.30258
2016-05-29 21:00:00,1.30250,1.30944,1.30225,1.30471
2016-05-30 21:00:00,1.30426,1.31339,1.30166,1.30903
2016-05-31 21:00:00,1.30913,1.31219,1.30420,1.30768
2016-06-01 21:00:00,1.30761,1.31435,1.30552,1.30961
2016-06-02 21:00:00,1.30937,1.31061,1.29150,1.29358
2016-06-05 21:00:00,1.29342,1.29819,1.28027,1.28160
2016-06-06 21:00:00,1.28146,1.28389,1.27335,1.27343
2016-06-07 21:00:00,1.27343,1.27605,1.26544,1.26901
2016-06-08 21:00:00,1.26923,1.27658,1.26700,1.27227
2016-06-09 21:00:00,1.27154,1.27808,1.26599,1.27756
2016-06-12 21:00:00,1.27869,1.28393,1.27497,1.28354
2016-06-13 21:00:00,1.28330,1.28725,1.28122,1.28694
2016-06-14 21:00:00,1.28726,1.29426,1.28256,1.29106
2016-06-15 21:00:00,1.29114,1.30853,1.28944,1.29655
2016-06-16 21:00:00,1.29617,1.29635,1.28292,1.28846
2016-06-19 21:00:00,1.28901,1.28901,1.27721,1.28041
2016-06-20 21:00:00,1.28010,1.28262,1.27620,1.28169
2016-06-21 21:00:00,1.28142,1.28526,1.27414,1.28405
2016-06-22 21:00:00,1.28392,1.28421,1.26778,1.27472
2016-06-23 21:00:00,1.27666,1.30988,1.27041,1.30007
2016-06-26 21:00:00,1.30310,1.31194,1.29934,1.30752
2016-06-27 21:00:00,1.30716,1.31073,1.29659,1.30240
2016-06-28 21:00:00,1.30242,1.30418,1.29308,1.29344
2016-06-29 21:00:00,1.29300,1.30159,1.29141,1.29240
2016-06-30 21:00:00,1.29254,1.29744,1.28648,1.29095
2016-07-03 21:00:00,1.29069,1.29209,1.28312,1.28455
2016-07-04 21:00:00,1.28376,1.30168,1.28369,1.29810
2016-07-05 21:00:00,1.29804,1.30557,1.29476,1.29581
2016-07-06 21:00:00,1.29589,1.30204,1.28762,1.30005
2016-07-07 21:00:00,1.29976,1.30898,1.29878,1.30429
2016-07-10 21:00:00,1.30413,1.31392,1.30289,1.31160
2016-07-11 21:00:00,1.31133,1.31323,1.29810,1.30415
2016-07-12 21:00:00,1.30376,1.30832,1.29353,1.29747
2016-07-13 21:00:00,1.29736,1.29861,1.28620,1.28903
2016-07-14 21:00:00,1.28880,1.29875,1.28608,1.29725
2016-07-17 21:00:00,1.29358,1.30223,1.29265,1.29442
2016-07-18 21:00:00,1.29425,1.30538,1.29397,1.30178
2016-07-19 21:00:00,1.30182,1.30954,1.30114,1.30567
2016-07-20 21:00:00,1.30552,1.31008,1.30237,1.30856
2016-07-21 21:00:00,1.30857,1.31850,1.30550,1.31281
2016-07-24 21:00:00,1.31270,1.32419,1.31210,1.32176
2016-07-25 21:00:00,1.32152,1.32436,1.31739,1.31853
2016-07-26 21:00:00,1.31778,1.32534,1.31568,1.31854
2016-07-27 21:00:00,1.31861,1.31918,1.31004,1.31561
2016-07-28 21:00:00,1.31548,1.31857,1.30013,1.30373
2016-07-31 21:00:00,1.30238,1.31268,1.30231,1.31232
2016-08-01 21:00:00,1.31198,1.31408,1.30047,1.31088
2016-08-02 21:00:00,1.31100,1.31475,1.30627,1.30645
2016-08-03 21:00:00,1.30645,1.30888,1.29956,1.30171
2016-08-04 21:00:00,1.30125,1.32000,1.30086,1.31709
2016-08-07 21:00:00,1.31749,1.31896,1.31359,1.31587
2016-08-08 21:00:00,1.31505,1.31892,1.31088,1.31183
2016-08-09 21:00:00,1.31158,1.31235,1.29898,1.30540
2016-08-10 21:00:00,1.30535,1.30792,1.29575,1.29900
2016-08-11 21:00:00,1.29910,1.29920,1.29237,1.29552
2016-08-14 21:00:00,1.29440,1.29749,1.29014,1.29216
2016-08-15 21:00:00,1.29212,1.29333,1.27985,1.28610
2016-08-16 21:00:00,1.28614,1.29172,1.28307,1.28432
2016-08-17 21:00:00,1.28417,1.28565,1.27633,1.27805
2016-08-18 21:00:00,1.27798,1.28917,1.27724,1.28642
2016-08-21 21:00:00,1.28800,1.29649,1.28661,1.29447
2016-08-22 21:00:00,1.29461,1.29461,1.28584,1.29113
2016-08-23 21:00:00,1.29084,1.29575,1.29010,1.29259
2016-08-24 21:00:00,1.29203,1.29391,1.28986,1.29210
2016-08-25 21:00:00,1.29177,1.30113,1.28307,1.29987
2016-08-28 21:00:00,1.29912,1.30472,1.29834,1.30109
2016-08-29 21:00:00,1.30130,1.31029,1.30094,1.30978
2016-08-30 21:00:00,1.30913,1.31451,1.30795,1.31040
2016-08-31 21:00:00,1.31047,1.31477,1.30825,1.31011
2016-09-01 21:00:00,1.30956,1.31139,1.29788,1.29788
2016-09-04 21:00:00,1.29842,1.29948,1.29060,1.29254
2016-09-05 21:00:00,1.29261,1.29328,1.28264,1.28425
2016-09-06 21:00:00,1.28429,1.29134,1.28220,1.28830
2016-09-07 21:00:00,1.28853,1.29374,1.28504,1.29365
2016-09-08 21:00:00,1.29313,1.30525,1.29098,1.30377
2016-09-11 21:00:00,1.30466,1.31229,1.30293,1.30387
2016-09-12 21:00:00,1.30391,1.31896,1.30289,1.31746
2016-09-13 21:00:00,1.31690,1.32082,1.31278,1.31953
2016-09-14 21:00:00,1.31931,1.32353,1.31302,1.31539
2016-09-15 21:00:00,1.31530,1.32476,1.31415,1.32109
2016-09-18 21:00:00,1.32162,1.32212,1.31351,1.32016
2016-09-19 21:00:00,1.32018,1.32425,1.31707,1.31896
2016-09-20 21:00:00,1.31866,1.32372,1.30995,1.30998
2016-09-21 21:00:00,1.30995,1.31016,1.29998,1.30406
2016-09-22 21:00:00,1.30414,1.31806,1.30292,1.31626
2016-09-25 21:00:00,1.31550,1.32431,1.31357,1.32251
2016-09-26 21:00:00,1.32251,1.32804,1.31633,1.31945
2016-09-27 21:00:00,1.31944,1.32690,1.30760,1.30789
2016-09-28 21:00:00,1.30777,1.31838,1.30478,1.31435
2016-09-29 21:00:00,1.31411,1.31947,1.30859,1.31237
2016-10-02 21:00:00,1.31053,1.31439,1.30675,1.31192
2016-10-03 21:00:00,1.31173,1.32151,1.31098,1.31902
2016-10-04 21:00:00,1.31868,1.32315,1.31606,1.31745
2016-10-05 21:00:00,1.31745,1.32484,1.31716,1.32173
2016-10-06 21:00:00,1.32123,1.33128,1.31862,1.32945
2016-10-09 21:00:00,1.32391,1.32777,1.31392,1.31743
2016-10-10 21:00:00,1.31703,1.32723,1.31632,1.32633
2016-10-11 21:00:00,1.32610,1.32871,1.32086,1.32739
2016-10-12 21:00:00,1.32746,1.33064,1.31855,1.31910
2016-10-13 21:00:00,1.31904,1.32192,1.31030,1.31298
2016-10-16 21:00:00,1.31138,1.31825,1.31138,1.31265
2016-10-17 21:00:00,1.31249,1.31390,1.30541,1.31076
2016-10-18 21:00:00,1.31051,1.31410,1.30053,1.31126
2016-10-19 21:00:00,1.31091,1.32325,1.31088,1.32286
2016-10-20 21:00:00,1.32238,1.33545,1.32229,1.33220
2016-10-23 21:00:00,1.33252,1.33971,1.32840,1.32846
2016-10-24 21:00:00,1.32817,1.33708,1.32774,1.33507
2016-10-25 21:00:00,1.33499,1.33840,1.33137,1.33782
2016-10-26 21:00:00,1.33738,1.34065,1.33518,1.33850
2016-10-27 21:00:00,1.33840,1.34330,1.33524,1.33864
2016-10-30 22:00:00,1.34093,1.34236,1.33747,1.34119
2016-10-31 22:00:00,1.34122,1.34253,1.33528,1.33852
2016-11-01 22:00:00,1.33854,1.34233,1.33591,1.33848
2016-11-02 22:00:00,1.33845,1.34022,1.33609,1.33965
2016-11-03 22:00:00,1.33963,1.34650,1.33857,1.33955
2016-11-06 22:00:00,1.33402,1.34172,1.33343,1.33627
2016-11-07 22:00:00,1.33624,1.33906,1.32850,1.32874
2016-11-08 22:00:00,1.32871,1.35244,1.32632,1.34220
2016-11-09 22:00:00,1.34198,1.35085,1.33861,1.34681
2016-11-10 22:00:00,1.34678,1.35477,1.34555,1.35395
2016-11-13 22:00:00,1.35006,1.35883,1.34961,1.35569
2016-11-14 22:00:00,1.35549,1.35575,1.34440,1.34471
2016-11-15 22:00:00,1.34464,1.35054,1.34043,1.34448
2016-11-16 22:00:00,1.34441,1.35251,1.33995,1.35214
2016-11-17 22:00:00,1.35130,1.35639,1.34921,1.34932
2016-11-20 22:00:00,1.34948,1.35125,1.33861,1.34173
2016-11-21 22:00:00,1.34174,1.34669,1.33775,1.34395
2016-11-22 22:00:00,1.34388,1.35161,1.34235,1.34862
2016-11-23 22:00:00,1.34892,1.35349,1.34760,1.34879
2016-11-24 22:00:00,1.34861,1.35342,1.34532,1.35067
2016-11-27 22:00:00,1.34938,1.35367,1.33962,1.34093
2016-11-28 22:00:00,1.34075,1.34805,1.33954,1.34308
2016-11-29 22:00:00,1.34313,1.34633,1.33562,1.34364
2016-11-30 22:00:00,1.34370,1.34374,1.33004,1.33168
2016-12-01 22:00:00,1.33158,1.33205,1.32543,1.32800
2016-12-04 22:00:00,1.32837,1.33553,1.32357,1.32709
2016-12-05 22:00:00,1.32658,1.33109,1.32517,1.32757
2016-12-06 22:00:00,1.32716,1.32959,1.32228,1.32352
2016-12-07 22:00:00,1.32328,1.32500,1.31840,1.31890
2016-12-08 22:00:00,1.31862,1.32121,1.31520,1.31705
2016-12-11 22:00:00,1.31456,1.31610,1.31077,1.31295
2016-12-12 22:00:00,1.31250,1.31392,1.31020,1.31303
2016-12-13 22:00:00,1.31224,1.32948,1.30798,1.32831
2016-12-14 22:00:00,1.32766,1.34170,1.32670,1.33328
2016-12-15 22:00:00,1.33351,1.33922,1.33177,1.33296
2016-12-18 22:00:00,1.33325,1.34222,1.33169,1.34064
2016-12-19 22:00:00,1.34070,1.34336,1.33594,1.33668
2016-12-20 22:00:00,1.33638,1.34268,1.33571,1.34108
2016-12-21 22:00:00,1.34109,1.35197,1.34080,1.34762
2016-12-22 22:00:00,1.34833,1.35565,1.34746,1.35241
2016-12-25 22:00:00,1.35200,1.35240,1.31757,1.35059
2016-12-26 22:00:00,1.35021,1.35793,1.35011,1.35744
2016-12-27 22:00:00,1.35747,1.35980,1.35387,1.35590
2016-12-28 22:00:00,1.35514,1.35597,1.34807,1.35013
2016-12-29 22:00:00,1.34938,1.35073,1.34005,1.34296
2017-01-01 22:00:00,1.34205,1.34522,1.33661,1.34331
2017-01-02 22:00:00,1.34306,1.34602,1.33981,1.34257
2017-01-03 22:00:00,1.34249,1.34569,1.32813,1.32999
2017-01-04 22:00:00,1.32993,1.33126,1.31911,1.32233
2017-01-05 22:00:00,1.32211,1.32676,1.31769,1.32346
2017-01-08 22:00:00,1.32394,1.32768,1.31965,1.32144
2017-01-09 22:00:00,1.32167,1.32569,1.31915,1.32304
2017-01-10 22:00:00,1.32269,1.32939,1.31187,1.31799
2017-01-11 22:00:00,1.31777,1.31849,1.30290,1.31431
2017-01-12 22:00:00,1.31418,1.31674,1.31106,1.31110
2017-01-15 22:00:00,1.31301,1.31874,1.31179,1.31722
2017-01-16 22:00:00,1.31719,1.31890,1.30181,1.30400
2017-01-17 22:00:00,1.30401,1.32708,1.30307,1.32679
2017-01-18 22:00:00,1.32678,1.33529,1.32519,1.33165
2017-01-19 22:00:00,1.33131,1.33871,1.32836,1.33122
2017-01-22 22:00:00,1.33139,1.33345,1.32207,1.32345
2017-01-23 22:00:00,1.32320,1.32989,1.31054,1.31573
2017-01-24 22:00:00,1.31531,1.31630,1.30607,1.30696
2017-01-25 22:00:00,1.30702,1.31302,1.30529,1.30873
2017-01-26 22:00:00,1.30866,1.31532,1.30828,1.31496
2017-01-29 22:00:00,1.31296,1.31687,1.30761,1.31154
2017-01-30 22:00:00,1.31172,1.31233,1.29682,1.30285
2017-01-31 22:00:00,1.30249,1.31021,1.30239,1.30476
2017-02-01 22:00:00,1.30384,1.30510,1.29799,1.30239
2017-02-02 22:00:00,1.30237,1.30764,1.29918,1.30208
2017-02-05 22:00:00,1.30236,1.31351,1.30066,1.30835
2017-02-06 22:00:00,1.30781,1.32116,1.30734,1.31820
2017-02-07 22:00:00,1.31790,1.32000,1.31341,1.31431
2017-02-08 22:00:00,1.31422,1.31678,1.30939,1.31436
2017-02-09 22:00:00,1.31425,1.31577,1.30625,1.30730
2017-02-12 22:00:00,1.30808,1.31208,1.30536,1.30705
2017-02-13 22:00:00,1.30707,1.31066,1.30242,1.30731
2017-02-14 22:00:00,1.30703,1.31198,1.30639,1.30761
2017-02-15 22:00:00,1.30756,1.30800,1.30087,1.30691
2017-02-16 22:00:00,1.30641,1.31259,1.30597,1.30824
2017-02-19 22:00:00,1.30914,1.31190,1.30737,1.31030
2017-02-20 22:00:00,1.30995,1.31644,1.30973,1.31383
2017-02-21 22:00:00,1.31373,1.32093,1.31095,1.31636
2017-02-22 22:00:00,1.31563,1.31698,1.30821,1.31029
2017-02-23 22:00:00,1.31013,1.31182,1.30556,1.30876
2017-02-26 22:00:00,1.30957,1.31804,1.30830,1.31783
2017-02-27 22:00:00,1.31768,1.33137,1.31641,1.32999
2017-02-28 22:00:00,1.32905,1.33572,1.32837,1.33246
2017-03-01 22:00:00,1.33227,1.34015,1.33211,1.33901
2017-03-02 22:00:00,1.33826,1.34366,1.33680,1.33680
2017-03-05 22:00:00,1.33681,1.34244,1.33681,1.34079
2017-03-06 22:00:00,1.34006,1.34350,1.33826,1.34125
2017-03-07 22:00:00,1.34034,1.34996,1.33969,1.34880
2017-03-08 22:00:00,1.34842,1.35345,1.34821,1.35099
2017-03-09 22:00:00,1.35098,1.35142,1.34208,1.34689
2017-03-12 22:00:00,1.34554,1.34757,1.34301,1.34455
2017-03-13 22:00:00,1.34455,1.34950,1.34386,1.34821
2017-03-14 22:00:00,1.34823,1.34841,1.32950,1.33002
2017-03-15 22:00:00,1.33007,1.33522,1.32758,1.33130
2017-03-16 22:00:00,1.33133,1.33773,1.33038,1.33412
2017-03-19 22:00:00,1.33446,1.33727,1.33033,1.33539
2017-03-20 22:00:00,1.33536,1.33644,1.32632,1.33533
2017-03-21 22:00:00,1.33530,1.34089,1.33197,1.33326
2017-03-22 22:00:00,1.33327,1.33566,1.33156,1.33527
2017-03-23 22:00:00,1.33529,1.33853,1.33459,1.33765
2017-03-26 21:00:00,1.33537,1.34032,1.33207,1.33753
2017-03-27 21:00:00,1.33707,1.34140,1.33537,1.33812
2017-03-28 21:00:00,1.33804,1.34006,1.33221,1.33246
2017-03-29 21:00:00,1.33232,1.33515,1.32771,1.33363
2017-03-30 21:00:00,1.33378,1.33676,1.32840,1.33152
2017-04-02 21:00:00,1.33000,1.33994,1.32945,1.33786
2017-04-03 21:00:00,1.33770,1.34554,1.33729,1.34002
2017-04-04 21:00:00,1.34000,1.34398,1.33784,1.34326
2017-04-05 21:00:00,1.34291,1.34504,1.33978,1.34112
2017-04-06 21:00:00,1.34082,1.34307,1.33418,1.33939
2017-04-09 21:00:00,1.33948,1.34259,1.33219,1.33233
2017-04-10 21:00:00,1.33227,1.33571,1.33098,1.33235
2017-04-11 21:00:00,1.33199,1.33386,1.32379,1.32519
2017-04-12 21:00:00,1.32462,1.33380,1.32229,1.33270
2017-04-13 21:00:00,1.33251,1.33366,1.33090,1.33171
2017-04-16 21:00:00,1.33099,1.33218,1.32617,1.33131
2017-04-17 21:00:00,1.33127,1.33993,1.33068,1.33783
2017-04-18 21:00:00,1.33802,1.34902,1.33741,1.34840
2017-04-19 21:00:00,1.34785,1.34993,1.34564,1.34683
2017-04-20 21:00:00,1.34659,1.35250,1.34576,1.34831
2017-04-23 21:00:00,1.34565,1.35213,1.34104,1.34992
2017-04-24 21:00:00,1.34974,1.36260,1.34931,1.35692
2017-04-25 21:00:00,1.35705,1.36218,1.35417,1.36207
2017-04-26 21:00:00,1.36147,1.36702,1.35297,1.36323
2017-04-27 21:00:00,1.36316,1.36967,1.36241,1.36387
2017-04-30 21:00:00,1.36537,1.36864,1.36365,1.36797
2017-05-01 21:00:00,1.36723,1.37574,1.36495,1.37077
2017-05-02 21:00:00,1.37070,1.37399,1.36787,1.37313
2017-05-03 21:00:00,1.37256,1.37762,1.36994,1.37465
2017-05-04 21:00:00,1.37465,1.37933,1.36414,1.36644
2017-05-07 21:00:00,1.36523,1.37331,1.36431,1.36908
2017-05-08 21:00:00,1.36889,1.37531,1.36704,1.37199
2017-05-09 21:00:00,1.37193,1.37320,1.36472,1.36543
2017-05-10 21:00:00,1.36534,1.37699,1.36524,1.36965
2017-05-11 21:00:00,1.36965,1.37419,1.36654,1.37036
2017-05-14 21:00:00,1.36950,1.37221,1.36014,1.36318
2017-05-15 21:00:00,1.36313,1.36586,1.35744,1.36052
2017-05-16 21:00:00,1.36053,1.36413,1.35709,1.36041
2017-05-17 21:00:00,1.36016,1.36690,1.35807,1.36028
2017-05-18 21:00:00,1.36018,1.36102,1.35049,1.35049
2017-05-21 21:00:00,1.35134,1.35402,1.34846,1.35028
2017-05-22 21:00:00,1.35012,1.35251,1.34555,1.35137
2017-05-23 21:00:00,1.35135,1.35397,1.34049,1.34059
2017-05-24 21:00:00,1.34059,1.34931,1.33870,1.34845
2017-05-25 21:00:00,1.34837,1.34966,1.34326,1.34345
2017-05-28 21:00:00,1.34361,1.34673,1.34271,1.34493
2017-05-29 21:00:00,1.34481,1.35060,1.34429,1.34587
2017-05-30 21:00:00,1.34574,1.35226,1.34362,1.35000
2017-05-31 21:00:00,1.35003,1.35268,1.34713,1.35147
2017-06-01 21:00:00,1.35133,1.35468,1.34721,1.34743
2017-06-04 21:00:00,1.34824,1.35009,1.34584,1.34713
2017-06-05 21:00:00,1.34695,1.34859,1.34367,1.34528
2017-06-06 21:00:00,1.34485,1.35254,1.34259,1.35086
2017-06-07 21:00:00,1.35087,1.35213,1.34846,1.35059
2017-06-08 21:00:00,1.35088,1.35358,1.34221,1.34621
2017-06-11 21:00:00,1.34540,1.34701,1.33192,1.33234
2017-06-12 21:00:00,1.33220,1.33238,1.32111,1.32416
2017-06-13 21:00:00,1.32416,1.32710,1.31644,1.32473
2017-06-14 21:00:00,1.32389,1.33078,1.32244,1.32684
2017-06-15 21:00:00,1.32684,1.32730,1.32033,1.32049
2017-06-18 21:00:00,1.32106,1.32573,1.31908,1.32174
2017-06-19 21:00:00,1.32174,1.32848,1.32036,1.32670
2017-06-20 21:00:00,1.32635,1.33470,1.32614,1.33304
2017-06-21 21:00:00,1.33304,1.33377,1.32077,1.32343
2017-06-22 21:00:00,1.32232,1.33074,1.32100,1.32615
2017-06-25 21:00:00,1.32585,1.32701,1.32118,1.32466
2017-06-26 21:00:00,1.32359,1.32603,1.31472,1.31958
2017-06-27 21:00:00,1.31946,1.31977,1.30126,1.30439
2017-06-28 21:00:00,1.30356,1.30432,1.29859,1.30042
2017-06-29 21:00:00,1.30042,1.30104,1.29455,1.29623
2017-07-02 21:00:00,1.29638,1.30110,1.29638,1.30051
2017-07-03 21:00:00,1.30033,1.30138,1.29119,1.29362
2017-07-04 21:00:00,1.29299,1.30141,1.29274,1.29584
2017-07-05 21:00:00,1.29584,1.29827,1.29228,1.29762
2017-07-06 21:00:00,1.29749,1.29929,1.28593,1.28677
2017-07-09 21:00:00,1.28750,1.29322,1.28664,1.28910
2017-07-10 21:00:00,1.28842,1.29430,1.28842,1.29207
2017-07-11 21:00:00,1.29207,1.29391,1.26801,1.27442
2017-07-12 21:00:00,1.27473,1.27704,1.27206,1.27250
2017-07-13 21:00:00,1.27243,1.27468,1.26437,1.26477
2017-07-16 21:00:00,1.26438,1.26973,1.26269,1.26904
2017-07-17 21:00:00,1.26904,1.27008,1.25804,1.26263
2017-07-18 21:00:00,1.26254,1.26520,1.25780,1.25933
2017-07-19 21:00:00,1.26075,1.26402,1.25399,1.25873
2017-07-20 21:00:00,1.25873,1.26085,1.25218,1.25392
2017-07-23 21:00:00,1.25323,1.25517,1.24832,1.25058
2017-07-24 21:00:00,1.25084,1.25323,1.24808,1.25048
2017-07-25 21:00:00,1.25054,1.25433,1.24135,1.24481
2017-07-26 21:00:00,1.24454,1.25761,1.24136,1.25547
2017-07-27 21:00:00,1.25521,1.25670,1.24188,1.24304
2017-07-30 21:00:00,1.24262,1.25287,1.24215,1.24778
2017-07-31 21:00:00,1.24778,1.25533,1.24504,1.25478
2017-08-01 21:00:00,1.25408,1.25925,1.25318,1.25715
2017-08-02 21:00:00,1.25715,1.26180,1.25523,1.25885
2017-08-03 21:00:00,1.25807,1.26677,1.25517,1.26494
2017-08-06 21:00:00,1.26541,1.27142,1.26290,1.26780
2017-08-07 21:00:00,1.26714,1.27051,1.26503,1.26663
2017-08-08 21:00:00,1.26653,1.27210,1.26640,1.26988
2017-08-09 21:00:00,1.27001,1.27447,1.26724,1.27431
2017-08-10 21:00:00,1.27385,1.27524,1.26524,1.26724
2017-08-13 21:00:00,1.26683,1.27303,1.26663,1.27239
2017-08-14 21:00:00,1.27223,1.27777,1.27179,1.27575
2017-08-15 21:00:00,1.27564,1.27699,1.26131,1.26202
2017-08-16 21:00:00,1.26105,1.26785,1.25879,1.26739
2017-08-17 21:00:00,1.26739,1.26903,1.25566,1.25763
2017-08-20 21:00:00,1.25634,1.26066,1.25532,1.25592
2017-08-21 21:00:00,1.25567,1.25947,1.25256,1.25617
2017-08-22 21:00:00,1.25641,1.25978,1.25406,1.25473
2017-08-23 21:00:00,1.25473,1.25604,1.25147,1.25157
2017-08-24 21:00:00,1.25194,1.25391,1.24652,1.24721
2017-08-27 21:00:00,1.24752,1.25072,1.24436,1.25057
2017-08-28 21:00:00,1.25050,1.25496,1.24409,1.25166
2017-08-29 21:00:00,1.25129,1.26365,1.25002,1.26243
2017-08-30 21:00:00,1.26243,1.26629,1.24759,1.24783
2017-08-31 21:00:00,1.24783,1.24914,1.23392,1.23908
2017-09-03 21:00:00,1.24008,1.24259,1.23749,1.24123
2017-09-04 21:00:00,1.24123,1.24170,1.23357,1.23772
2017-09-05 21:00:00,1.23772,1.24144,1.21357,1.22202
2017-09-06 21:00:00,1.22202,1.22408,1.21100,1.21222
2017-09-07 21:00:00,1.21222,1.21653,1.20611,1.21554
2017-09-10 21:00:00,1.21503,1.21698,1.20971,1.21184
2017-09-11 21:00:00,1.21186,1.21895,1.20821,1.21852
2017-09-12 21:00:00,1.21852,1.22200,1.21306,1.21723
2017-09-13 21:00:00,1.21723,1.22394,1.21568,1.21641
2017-09-14 21:00:00,1.21641,1.22180,1.21192,1.21886
2017-09-17 21:00:00,1.21872,1.23377,1.21713,1.22908
2017-09-18 21:00:00,1.22908,1.23086,1.22551,1.22906
2017-09-19 21:00:00,1.22906,1.23901,1.21953,1.23203
2017-09-20 21:00:00,1.23203,1.23676,1.23195,1.23251
2017-09-21 21:00:00,1.23251,1.23512,1.22530,1.23372
2017-09-24 21:00:00,1.23298,1.23849,1.23127,1.23682
2017-09-25 21:00:00,1.23688,1.24127,1.23299,1.23487
2017-09-26 21:00:00,1.23487,1.24826,1.23358,1.24756
2017-09-27 21:00:00,1.24756,1.25191,1.24163,1.24234
2017-09-28 21:00:00,1.24234,1.25325,1.24169,1.24593
2017-10-01 21:00:00,1.24845,1.25246,1.24629,1.25083
2017-10-02 21:00:00,1.25083,1.25384,1.24803,1.24851
2017-10-03 21:00:00,1.24851,1.24984,1.24486,1.24747
2017-10-04 21:00:00,1.24747,1.25847,1.24619,1.25635
2017-10-05 21:00:00,1.25635,1.25992,1.25253,1.25314
2017-10-08 21:00:00,1.25294,1.25588,1.25256,1.25461
2017-10-09 21:00:00,1.25472,1.25550,1.24834,1.25145
2017-10-10 21:00:00,1.25147,1.25306,1.24526,1.24529
2017-10-11 21:00:00,1.24529,1.24905,1.24329,1.24739
2017-10-12 21:00:00,1.24739,1.25199,1.24520,1.24628
2017-10-15 21:00:00,1.24712,1.25578,1.24623,1.25155
2017-10-16 21:00:00,1.25155,1.25911,1.25123,1.25199
2017-10-17 21:00:00,1.25199,1.25338,1.24580,1.24665
2017-10-18 21:00:00,1.24665,1.24943,1.24506,1.24833
2017-10-19 21:00:00,1.24833,1.26302,1.24763,1.26246
2017-10-22 21:00:00,1.26160,1.26599,1.26135,1.26448
2017-10-23 21:00:00,1.26448,1.26927,1.26193,1.26742
2017-10-24 21:00:00,1.26748,1.28167,1.26310,1.27952
2017-10-25 21:00:00,1.27952,1.28574,1.27808,1.28460
2017-10-26 21:00:00,1.28460,1.29165,1.28076,1.28076
2017-10-29 22:00:00,1.28163,1.28612,1.28117,1.28314
2017-10-30 22:00:00,1.28319,1.29146,1.28228,1.28875
2017-10-31 22:00:00,1.28854,1.29103,1.28541,1.28644
2017-11-01 22:00:00,1.28645,1.28757,1.27986,1.28119
2017-11-02 22:00:00,1.28119,1.28352,1.27151,1.27620
2017-11-05 22:00:00,1.27555,1.27824,1.27010,1.27024
2017-11-06 22:00:00,1.27024,1.28195,1.26994,1.27756
2017-11-07 22:00:00,1.27756,1.27777,1.27153,1.27251
2017-11-08 22:00:00,1.27251,1.27406,1.26675,1.26799
2017-11-09 22:00:00,1.26799,1.26957,1.26659,1.26885
2017-11-12 22:00:00,1.26707,1.27416,1.26707,1.27317
2017-11-13 22:00:00,1.27317,1.27732,1.27007,1.27297
2017-11-14 22:00:00,1.27301,1.27892,1.27130,1.27620
2017-11-15 22:00:00,1.27621,1.27833,1.27283,1.27552
2017-11-16 22:00:00,1.27553,1.28235,1.27136,1.27617
2017-11-19 22:00:00,1.27639,1.28206,1.27546,1.28187
2017-11-20 22:00:00,1.28187,1.28366,1.27486,1.27777
2017-11-21 22:00:00,1.27777,1.27867,1.26934,1.26939
2017-11-22 22:00:00,1.26937,1.27243,1.26728,1.27069
2017-11-23 22:00:00,1.27069,1.27475,1.26932,1.27034
2017-11-26 22:00:00,1.27015,1.27704,1.26801,1.27682
2017-11-27 22:00:00,1.27682,1.28244,1.27541,1.28145
2017-11-28 22:00:00,1.28145,1.28746,1.28046,1.28628
2017-11-29 22:00:00,1.28628,1.29095,1.28505,1.28956
2017-11-30 22:00:00,1.28956,1.29011,1.26803,1.26803
2017-12-03 22:00:00,1.26934,1.27269,1.26562,1.26723
2017-12-04 22:00:00,1.26716,1.27045,1.26238,1.26839
2017-12-05 22:00:00,1.26827,1.28074,1.26532,1.27882
2017-12-06 22:00:00,1.27882,1.28681,1.27805,1.28530
2017-12-07 22:00:00,1.28530,1.28800,1.28043,1.28474
2017-12-10 22:00:00,1.28480,1.28687,1.28309,1.28547
2017-12-11 22:00:00,1.28547,1.28923,1.28132,1.28646
2017-12-12 22:00:00,1.28621,1.28802,1.27918,1.28167
2017-12-13 22:00:00,1.28145,1.28659,1.27138,1.27937
2017-12-14 22:00:00,1.27937,1.28943,1.27390,1.28639
2017-12-17 22:00:00,1.28659,1.28813,1.28422,1.28610
2017-12-18 22:00:00,1.28604,1.29198,1.28500,1.28750
2017-12-19 22:00:00,1.28750,1.28804,1.28184,1.28310
2017-12-20 22:00:00,1.28319,1.28389,1.26994,1.27369
2017-12-21 22:00:00,1.27378,1.27960,1.26975,1.27262
2017-12-25 22:00:00,1.27185,1.27277,1.26803,1.26804
2017-12-26 22:00:00,1.26818,1.26955,1.26272,1.26523
2017-12-27 22:00:00,1.26531,1.26609,1.25647,1.25659
2017-12-28 22:00:00,1.25659,1.25887,1.25146,1.25701
2018-01-01 22:00:00,1.25333,1.25583,1.25000,1.25108
2018-01-02 22:00:00,1.25108,1.25537,1.24991,1.25358
2018-01-03 22:00:00,1.25358,1.25549,1.24841,1.24867
2018-01-04 22:00:00,1.24852,1.25132,1.23551,1.24087
2018-01-07 22:00:00,1.24090,1.24497,1.23781,1.24177
2018-01-08 22:00:00,1.24181,1.24779,1.23978,1.24627
2018-01-09 22:00:00,1.24627,1.25833,1.24273,1.25443
2018-01-10 22:00:00,1.25443,1.25903,1.25153,1.25184
2018-01-11 22:00:00,1.25184,1.25561,1.24566,1.24586
2018-01-14 22:00:00,1.24550,1.24714,1.24023,1.24276
2018-01-15 22:00:00,1.24276,1.24523,1.23969,1.24341
2018-01-16 22:00:00,1.24341,1.25246,1.23606,1.24347
2018-01-17 22:00:00,1.24345,1.24869,1.24136,1.24160
2018-01-18 22:00:00,1.24159,1.25083,1.23995,1.24936
2018-01-21 22:00:00,1.24744,1.24964,1.24345,1.24424
2018-01-22 22:00:00,1.24423,1.24911,1.24180,1.24181
2018-01-23 22:00:00,1.24184,1.24272,1.23162,1.23440
2018-01-24 22:00:00,1.23447,1.23911,1.22819,1.23755
2018-01-25 22:00:00,1.23755,1.23909,1.22931,1.23187
2018-01-28 22:00:00,1.23095,1.23612,1.23090,1.23371
2018-01-29 22:00:00,1.23371,1.23788,1.23092,1.23333
2018-01-30 22:00:00,1.23338,1.23479,1.22486,1.23130
2018-01-31 22:00:00,1.23120,1.23314,1.22572,1.22650
2018-02-01 22:00:00,1.22650,1.24366,1.22553,1.24268
2018-02-04 22:00:00,1.24353,1.25433,1.23974,1.25359
2018-02-05 22:00:00,1.25380,1.25665,1.24896,1.24897
2018-02-06 22:00:00,1.24906,1.25773,1.24897,1.25649
2018-02-07 22:00:00,1.25673,1.26143,1.25461,1.26012
2018-02-08 22:00:00,1.26012,1.26869,1.25601,1.25797
2018-02-11 22:00:00,1.25803,1.26229,1.25557,1.25759
2018-02-12 22:00:00,1.25759,1.26249,1.25662,1.25912
2018-02-13 22:00:00,1.25905,1.26488,1.24900,1.24906
2018-02-14 22:00:00,1.24906,1.25372,1.24655,1.24793
2018-02-15 22:00:00,1.24794,1.25676,1.24503,1.25568
2018-02-18 22:00:00,1.25569,1.25923,1.25273,1.25583
2018-02-19 22:00:00,1.25583,1.26484,1.25546,1.26448
2018-02-20 22:00:00,1.26450,1.27024,1.26207,1.27006
2018-02-21 22:00:00,1.27010,1.27592,1.26713,1.27033
2018-02-22 22:00:00,1.27033,1.27256,1.26115,1.26286
2018-02-25 22:00:00,1.26306,1.27114,1.26148,1.26753
2018-02-26 22:00:00,1.26754,1.27775,1.26679,1.27746
2018-02-27 22:00:00,1.27749,1.28413,1.27615,1.28282
2018-02-28 22:00:00,1.28275,1.28953,1.28088,1.28355
2018-03-01 22:00:00,1.28355,1.29156,1.28197,1.28842
2018-03-04 22:00:00,1.28735,1.30007,1.28638,1.29631
2018-03-05 22:00:00,1.29645,1.29949,1.28621,1.28743
2018-03-06 22:00:00,1.28745,1.30007,1.28743,1.29106
2018-03-07 22:00:00,1.29091,1.29613,1.28671,1.28957
2018-03-08 22:00:00,1.28957,1.29087,1.28083,1.28106
2018-03-11 22:00:00,1.28136,1.28450,1.28032,1.28413
2018-03-12 22:00:00,1.28413,1.29842,1.28300,1.29518
2018-03-13 22:00:00,1.29518,1.29758,1.29208,1.29558
2018-03-14 22:00:00,1.29558,1.30672,1.29455,1.30482
2018-03-15 22:00:00,1.30481,1.30985,1.30451,1.30958
2018-03-18 22:00:00,1.30927,1.31245,1.30468,1.30811
2018-03-19 22:00:00,1.30811,1.31031,1.30527,1.30733
2018-03-20 22:00:00,1.30733,1.30766,1.28899,1.29033
2018-03-21 22:00:00,1.29033,1.29485,1.28295,1.29302
2018-03-22 22:00:00,1.29310,1.29377,1.28237,1.28946
2018-03-25 21:00:00,1.28828,1.29220,1.28392,1.28427
2018-03-26 21:00:00,1.28446,1.29026,1.28146,1.28843
2018-03-27 21:00:00,1.28837,1.29335,1.28630,1.29211
2018-03-28 21:00:00,1.29200,1.29389,1.28606,1.28819
2018-03-29 21:00:00,1.28829,1.28998,1.28600,1.28948
2018-04-01 21:00:00,1.28870,1.29434,1.28624,1.29119
2018-04-02 21:00:00,1.29103,1.29234,1.27810,1.28060
2018-04-03 21:00:00,1.28048,1.28474,1.27573,1.27678
2018-04-04 21:00:00,1.27680,1.28063,1.27445,1.27471
2018-04-05 21:00:00,1.27481,1.27954,1.27330,1.27807
2018-04-08 21:00:00,1.27605,1.28187,1.26874,1.26961
2018-04-09 21:00:00,1.26966,1.27081,1.25881,1.26012
2018-04-10 21:00:00,1.25986,1.26233,1.25442,1.25799
2018-04-11 21:00:00,1.25660,1.26222,1.25615,1.25861
2018-04-12 21:00:00,1.25881,1.26171,1.25520,1.26139
2018-04-15 21:00:00,1.25938,1.26231,1.25629,1.25643
2018-04-16 21:00:00,1.25643,1.25793,1.25271,1.25494
2018-04-17 21:00:00,1.25463,1.26592,1.25460,1.26251
2018-04-18 21:00:00,1.26280,1.26759,1.25853,1.26713
2018-04-19 21:00:00,1.26707,1.27651,1.26294,1.27633
2018-04-22 21:00:00,1.27421,1.28575,1.27421,1.28483
2018-04-23 21:00:00,1.28441,1.28609,1.28123,1.28326
2018-04-24 21:00:00,1.28319,1.28972,1.28205,1.28405
2018-04-25 21:00:00,1.28382,1.28852,1.28211,1.28680
2018-04-26 21:00:00,1.28700,1.29004,1.28259,1.28273
2018-04-29 21:00:00,1.28330,1.28744,1.28051,1.28420
2018-04-30 21:00:00,1.28420,1.29135,1.28203,1.28454
2018-05-01 21:00:00,1.28453,1.28876,1.28028,1.28828
2018-05-02 21:00:00,1.28824,1.29085,1.28161,1.28464
2018-05-03 21:00:00,1.28464,1.29174,1.28361,1.28437
2018-05-06 21:00:00,1.28441,1.28992,1.28395,1.28804
2018-05-07 21:00:00,1.28804,1.29972,1.28761,1.29455
2018-05-08 21:00:00,1.29455,1.29745,1.28251,1.28529
2018-05-09 21:00:00,1.28529,1.28611,1.27424,1.27664
2018-05-10 21:00:00,1.27677,1.27993,1.27291,1.27937
2018-05-13 21:00:00,1.27714,1.28131,1.27502,1.28111
2018-05-14 21:00:00,1.27994,1.29243,1.27920,1.28759
2018-05-15 21:00:00,1.28689,1.28766,1.27777,1.27888
2018-05-16 21:00:00,1.27908,1.28222,1.27494,1.28037
2018-05-17 21:00:00,1.28009,1.29108,1.27910,1.28838
2018-05-20 21:00:00,1.28735,1.28905,1.27817,1.27838
2018-05-21 21:00:00,1.27837,1.28223,1.27423,1.28178
2018-05-22 21:00:00,1.28177,1.29152,1.28119,1.28267
2018-05-23 21:00:00,1.28364,1.29204,1.28247,1.28809
2018-05-24 21:00:00,1.28812,1.29884,1.28755,1.29733
2018-05-27 21:00:00,1.29633,1.30217,1.29583,1.29922
2018-05-28 21:00:00,1.29917,1.30467,1.29679,1.30140
2018-05-29 21:00:00,1.30152,1.30402,1.28357,1.28728
2018-05-30 21:00:00,1.28727,1.29905,1.28181,1.29558
2018-05-31 21:00:00,1.29560,1.30072,1.29312,1.29510
2018-06-03 21:00:00,1.29400,1.29640,1.28996,1.29295
2018-06-04 21:00:00,1.29277,1.30668,1.29140,1.29663
2018-06-05 21:00:00,1.29645,1.29731,1.28558,1.29426
2018-06-06 21:00:00,1.29438,1.30012,1.29351,1.29707
2018-06-07 21:00:00,1.29712,1.30386,1.29203,1.29253
2018-06-10 21:00:00,1.29912,1.30273,1.29551,1.29769
2018-06-11 21:00:00,1.29767,1.30295,1.29761,1.30136
2018-06-12 21:00:00,1.30123,1.30515,1.29549,1.29852
2018-06-13 21:00:00,1.29817,1.31096,1.29492,1.31028
2018-06-14 21:00:00,1.30904,1.32072,1.30901,1.32072
2018-06-17 21:00:00,1.31792,1.32371,1.31590,1.31997
2018-06-18 21:00:00,1.32007,1.32911,1.31957,1.32856
2018-06-19 21:00:00,1.32777,1.33212,1.32686,1.33043
2018-06-20 21:00:00,1.33033,1.33354,1.32822,1.33103
2018-06-21 21:00:00,1.33135,1.33821,1.32590,1.32658
2018-06-24 21:00:00,1.32664,1.33245,1.32651,1.32968
2018-06-25 21:00:00,1.32927,1.33289,1.32805,1.33064
2018-06-26 21:00:00,1.33017,1.33860,1.32768,1.33354
2018-06-27 21:00:00,1.33373,1.33512,1.32413,1.32471
2018-06-28 21:00:00,1.32487,1.32693,1.31298,1.31342
2018-07-01 21:00:00,1.31391,1.32249,1.31388,1.31833
2018-07-02 21:00:00,1.31827,1.32075,1.31320,1.31378
2018-07-03 21:00:00,1.31382,1.31613,1.31116,1.31407
2018-07-04 21:00:00,1.31406,1.31604,1.31145,1.31294
2018-07-05 21:00:00,1.31332,1.31503,1.30763,1.30819
2018-07-08 21:00:00,1.30841,1.31226,1.30658,1.31054
2018-07-09 21:00:00,1.31104,1.31460,1.30999,1.31123
2018-07-10 21:00:00,1.31080,1.32141,1.30638,1.32068
2018-07-11 21:00:00,1.32076,1.32175,1.31492,1.31525
2018-07-12 21:00:00,1.31549,1.32087,1.31494,1.31610
2018-07-15 21:00:00,1.31517,1.31625,1.31092,1.31315
2018-07-16 21:00:00,1.31350,1.32188,1.31108,1.31899
2018-07-17 21:00:00,1.31901,1.32596,1.31617,1.31656
2018-07-18 21:00:00,1.31649,1.32895,1.31598,1.32714
2018-07-19 21:00:00,1.32714,1.32896,1.31140,1.31446
2018-07-22 21:00:00,1.31279,1.31788,1.31138,1.31704
2018-07-23 21:00:00,1.31679,1.31904,1.31348,1.31535
2018-07-24 21:00:00,1.31538,1.31651,1.30235,1.30455
2018-07-25 21:00:00,1.30449,1.30921,1.30239,1.30714
2018-07-26 21:00:00,1.30701,1.30782,1.30400,1.30610
2018-07-29 21:00:00,1.30491,1.30779,1.29936,1.30348
2018-07-30 21:00:00,1.30337,1.30955,1.29807,1.30059
2018-07-31 21:00:00,1.30069,1.30318,1.29742,1.30016
2018-08-01 21:00:00,1.30038,1.30387,1.29929,1.30211
2018-08-02 21:00:00,1.30190,1.30383,1.29671,1.29915
2018-08-05 21:00:00,1.29917,1.30393,1.29866,1.30026
2018-08-06 21:00:00,1.30020,1.30746,1.29613,1.30526
2018-08-07 21:00:00,1.30522,1.31193,1.30058,1.30212
2018-08-08 21:00:00,1.30183,1.30634,1.29993,1.30501
2018-08-09 21:00:00,1.30496,1.31525,1.30391,1.31409
2018-08-12 21:00:00,1.31598,1.31700,1.31029,1.31334
2018-08-13 21:00:00,1.31277,1.31355,1.30559,1.30574
2018-08-14 21:00:00,1.30575,1.31737,1.30493,1.31407
2018-08-15 21:00:00,1.31407,1.31735,1.31128,1.31569
2018-08-16 21:00:00,1.31542,1.31684,1.30507,1.30611
2018-08-19 21:00:00,1.30588,1.30917,1.30387,1.30432
2018-08-20 21:00:00,1.30424,1.30568,1.30130,1.30328
2018-08-21 21:00:00,1.30327,1.30440,1.29859,1.29951
2018-08-22 21:00:00,1.29904,1.30981,1.29893,1.30807
2018-08-23 21:00:00,1.30808,1.31025,1.30103,1.30267
2018-08-26 21:00:00,1.30127,1.30664,1.29524,1.29661
2018-08-27 21:00:00,1.29653,1.29815,1.28865,1.29319
2018-08-28 21:00:00,1.29319,1.29620,1.29020,1.29074
2018-08-29 21:00:00,1.29105,1.29993,1.29022,1.29809
2018-08-30 21:00:00,1.29847,1.30875,1.29669,1.30389
2018-09-02 21:00:00,1.30744,1.31019,1.30437,1.30909
2018-09-03 21:00:00,1.30908,1.32070,1.30884,1.31876
2018-09-04 21:00:00,1.31755,1.32054,1.31571,1.31777
2018-09-05 21:00:00,1.31757,1.32254,1.31271,1.31413
2018-09-06 21:00:00,1.31384,1.31897,1.31090,1.31624
2018-09-09 21:00:00,1.31614,1.31971,1.31504,1.31621
2018-09-10 21:00:00,1.31618,1.31739,1.30411,1.30660
2018-09-11 21:00:00,1.30655,1.30775,1.29796,1.29939
2018-09-12 21:00:00,1.29939,1.30248,1.29751,1.29950
2018-09-13 21:00:00,1.29948,1.30535,1.29820,1.30301
2018-09-16 21:00:00,1.30362,1.30478,1.30021,1.30415
2018-09-17 21:00:00,1.30417,1.30636,1.29710,1.29739
2018-09-18 21:00:00,1.29767,1.30151,1.28990,1.29258
2018-09-19 21:00:00,1.29258,1.29315,1.28836,1.29010
2018-09-20 21:00:00,1.29012,1.29421,1.28848,1.29119
2018-09-23 21:00:00,1.29257,1.29557,1.29081,1.29550
2018-09-24 21:00:00,1.29545,1.29717,1.29351,1.29519
2018-09-25 21:00:00,1.29487,1.30246,1.29434,1.30175
2018-09-26 21:00:00,1.30176,1.30812,1.30071,1.30412
2018-09-27 21:00:00,1.30416,1.30483,1.29070,1.29073
2018-09-30 21:00:00,1.28483,1.28851,1.27814,1.28131
2018-10-01 21:00:00,1.28122,1.28403,1.27986,1.28220
2018-10-02 21:00:00,1.28245,1.28819,1.28064,1.28638
2018-10-03 21:00:00,1.28648,1.29367,1.28562,1.29220
2018-10-04 21:00:00,1.29208,1.29543,1.28865,1.29407
2018-10-07 21:00:00,1.29419,1.30095,1.29362,1.29614
2018-10-08 21:00:00,1.29590,1.30027,1.29348,1.29432
2018-10-09 21:00:00,1.29457,1.30683,1.29258,1.30667
2018-10-10 21:00:00,1.30628,1.30709,1.30140,1.30315
2018-10-11 21:00:00,1.30304,1.30515,1.30017,1.30245
2018-10-14 21:00:00,1.30182,1.30504,1.29542,1.29900
2018-10-15 21:00:00,1.29883,1.29980,1.29154,1.29321
2018-10-16 21:00:00,1.29321,1.30248,1.29312,1.30167
2018-10-17 21:00:00,1.30158,1.30873,1.30158,1.30849
2018-10-18 21:00:00,1.30839,1.31314,1.30268,1.30979
2018-10-21 21:00:00,1.30929,1.31256,1.30785,1.31000
2018-10-22 21:00:00,1.30988,1.31215,1.30751,1.30835
2018-10-23 21:00:00,1.30835,1.30998,1.29682,1.30559
2018-10-24 21:00:00,1.30538,1.30976,1.30144,1.30715
2018-10-25 21:00:00,1.30734,1.31588,1.30673,1.31020
2018-10-28 22:00:00,1.30953,1.31485,1.30815,1.31290
2018-10-29 22:00:00,1.31289,1.31463,1.30996,1.31118
2018-10-30 22:00:00,1.31118,1.31691,1.31063,1.31580
2018-10-31 22:00:00,1.31580,1.31682,1.30678,1.30841
2018-11-01 22:00:00,1.30838,1.31182,1.30476,1.30997
2018-11-04 22:00:00,1.30882,1.31151,1.30700,1.31094
2018-11-05 22:00:00,1.31079,1.31436,1.30980,1.31205
2018-11-06 22:00:00,1.31228,1.31578,1.30553,1.31111
2018-11-07 22:00:00,1.31124,1.31825,1.30864,1.31540
2018-11-08 22:00:00,1.31546,1.32323,1.31394,1.32111
2018-11-11 22:00:00,1.32032,1.32488,1.31819,1.32473
2018-11-12 22:00:00,1.32473,1.32626,1.32143,1.32340
2018-11-13 22:00:00,1.32331,1.32631,1.32065,1.32409
2018-11-14 22:00:00,1.32409,1.32486,1.31552,1.31767
2018-11-15 22:00:00,1.31763,1.31856,1.31261,1.31493
2018-11-18 22:00:00,1.31525,1.32009,1.31405,1.31699
2018-11-19 22:00:00,1.31692,1.33172,1.31545,1.33056
2018-11-20 22:00:00,1.33056,1.33164,1.32272,1.32307
2018-11-21 22:00:00,1.32307,1.32444,1.31805,1.31869
2018-11-22 22:00:00,1.31867,1.32575,1.31834,1.32301
2018-11-25 22:00:00,1.32217,1.32602,1.31861,1.32536
2018-11-26 22:00:00,1.32540,1.33272,1.32352,1.32925
2018-11-27 22:00:00,1.32918,1.33589,1.32411,1.32749
2018-11-28 22:00:00,1.32748,1.33119,1.32524,1.32814
2018-11-29 22:00:00,1.32835,1.33324,1.32704,1.32895
2018-12-02 22:00:00,1.32350,1.32670,1.31592,1.31959
2018-12-03 22:00:00,1.31960,1.32656,1.31630,1.32612
2018-12-04 22:00:00,1.32613,1.33984,1.32516,1.33536
2018-12-05 22:00:00,1.33549,1.34438,1.33527,1.33814
2018-12-06 22:00:00,1.33808,1.33996,1.32528,1.33166
2018-12-09 22:00:00,1.33187,1.34157,1.32918,1.33961
2018-12-10 22:00:00,1.33993,1.34231,1.33773,1.33891
2018-12-11 22:00:00,1.33887,1.33962,1.33217,1.33499
2018-12-12 22:00:00,1.33499,1.33831,1.33374,1.33533
2018-12-13 22:00:00,1.33531,1.34004,1.33447,1.33842
2018-12-16 22:00:00,1.33784,1.34200,1.33715,1.34056
2018-12-17 22:00:00,1.34076,1.34960,1.33897,1.34659
2018-12-18 22:00:00,1.34661,1.35063,1.34144,1.34833
2018-12-19 22:00:00,1.34832,1.35296,1.34454,1.35078
2018-12-20 22:00:00,1.35080,1.35999,1.34921,1.35990
2018-12-23 22:00:00,1.35995,1.36102,1.35639,1.36090
2018-12-25 22:00:00,1.36103,1.36175,1.35660,1.35718
2018-12-26 22:00:00,1.35717,1.36599,1.35651,1.36178
2018-12-27 22:00:00,1.36180,1.36599,1.35940,1.36375
2018-12-30 22:00:00,1.36370,1.36639,1.36081,1.36466
2019-01-01 22:00:00,1.36470,1.36614,1.35683,1.35768
2019-01-02 22:00:00,1.35767,1.36534,1.34682,1.34878
2019-01-03 22:00:00,1.34866,1.34954,1.33717,1.33719
2019-01-06 22:00:00,1.33784,1.33888,1.32776,1.32977
2019-01-07 22:00:00,1.32985,1.33220,1.32665,1.32722
2019-01-08 22:00:00,1.32722,1.32777,1.31799,1.32080
2019-01-09 22:00:00,1.32079,1.32589,1.32008,1.32344
2019-01-10 22:00:00,1.32362,1.32777,1.31825,1.32630
2019-01-13 22:00:00,1.32506,1.32965,1.32449,1.32845
2019-01-14 22:00:00,1.32845,1.32934,1.32252,1.32649
2019-01-15 22:00:00,1.32653,1.32832,1.32342,1.32534
2019-01-16 22:00:00,1.32539,1.33180,1.32452,1.32768
2019-01-17 22:00:00,1.32767,1.32831,1.32306,1.32636
2019-01-20 22:00:00,1.32591,1.33175,1.32506,1.32946
2019-01-21 22:00:00,1.32945,1.33565,1.32913,1.33543
2019-01-22 22:00:00,1.33532,1.33698,1.33041,1.33416
2019-01-23 22:00:00,1.33433,1.33742,1.33284,1.33506
2019-01-24 22:00:00,1.33545,1.33611,1.32144,1.32178
2019-01-27 22:00:00,1.32171,1.32851,1.32021,1.32612
2019-01-28 22:00:00,1.32610,1.32839,1.32407,1.32680
2019-01-29 22:00:00,1.32686,1.32802,1.31176,1.31474
2019-01-30 22:00:00,1.31507,1.31643,1.31194,1.31217
2019-01-31 22:00:00,1.31221,1.31565,1.30677,1.30972
2019-02-03 22:00:00,1.30904,1.31466,1.30845,1.31087
2019-02-04 22:00:00,1.31103,1.31523,1.31012,1.31245
2019-02-05 22:00:00,1.31263,1.32142,1.31237,1.32101
2019-02-06 22:00:00,1.32111,1.33164,1.32027,1.33061
2019-02-07 22:00:00,1.33065,1.33283,1.32314,1.32728
2019-02-10 22:00:00,1.32666,1.33180,1.32608,1.32992
2019-02-11 22:00:00,1.32995,1.33138,1.32322,1.32341
2019-02-12 22:00:00,1.32343,1.32586,1.31951,1.32528
2019-02-13 22:00:00,1.32545,1.33395,1.32279,1.32938
2019-02-14 22:00:00,1.32942,1.33122,1.32435,1.32457
2019-02-17 22:00:00,1.32491,1.32539,1.32242,1.32359
2019-02-18 22:00:00,1.32359,1.32804,1.32046,1.32096
2019-02-19 22:00:00,1.32110,1.32151,1.31492,1.31742
2019-02-20 22:00:00,1.31754,1.32331,1.31617,1.32293
2019-02-21 22:00:00,1.32310,1.32412,1.31330,1.31345
2019-02-24 22:00:00,1.31332,1.31964,1.31118,1.31861
2019-02-25 22:00:00,1.31861,1.32348,1.31541,1.31673
2019-02-26 22:00:00,1.31677,1.31754,1.31173,1.31543
2019-02-27 22:00:00,1.31553,1.32063,1.31393,1.31692
2019-02-28 22:00:00,1.31742,1.33057,1.31290,1.33057
2019-03-03 22:00:00,1.32751,1.33368,1.32739,1.33012
2019-03-04 22:00:00,1.33041,1.33592,1.33007,1.33479
2019-03-05 22:00:00,1.33500,1.34565,1.33474,1.34406
2019-03-06 22:00:00,1.34380,1.34666,1.34125,1.34539
2019-03-07 22:00:00,1.34538,1.34653,1.33894,1.34166
2019-03-10 22:00:00,1.34163,1.34391,1.33913,1.33935
2019-03-11 22:00:00,1.33928,1.34162,1.33505,1.33536
2019-03-12 22:00:00,1.33532,1.33705,1.32896,1.32986
2019-03-13 22:00:00,1.32985,1.33463,1.32861,1.33300
2019-03-14 22:00:00,1.33298,1.33704,1.32883,1.33368
2019-03-17 22:00:00,1.33356,1.33645,1.33006,1.33364
2019-03-18 22:00:00,1.33365,1.33436,1.32497,1.33212
2019-03-19 22:00:00,1.33214,1.33467,1.32568,1.32965
2019-03-20 22:00:00,1.32966,1.33989,1.32742,1.33608
2019-03-21 22:00:00,1.33608,1.34285,1.33511,1.34270
2019-03-24 22:00:00,1.34238,1.34436,1.33976,1.34043
2019-03-25 22:00:00,1.34041,1.34110,1.33710,1.33821
2019-03-26 22:00:00,1.33829,1.34389,1.33761,1.34102
2019-03-27 22:00:00,1.34099,1.34500,1.33952,1.34296
2019-03-28 22:00:00,1.34296,1.34415,1.33407,1.33498
2019-03-31 21:00:00,1.33453,1.33700,1.32969,1.33050
2019-04-01 21:00:00,1.33069,1.33731,1.32982,1.33337
2019-04-02 21:00:00,1.33350,1.33525,1.32953,1.33421
2019-04-03 21:00:00,1.33444,1.33720,1.33355,1.33573
2019-04-04 21:00:00,1.33593,1.34020,1.33480,1.33768
2019-04-07 21:00:00,1.33803,1.33866,1.33038,1.33114
2019-04-08 21:00:00,1.33129,1.33303,1.32831,1.33274
2019-04-09 21:00:00,1.33293,1.33590,1.33054,1.33164
2019-04-10 21:00:00,1.33189,1.33951,1.33096,1.33830
2019-04-11 21:00:00,1.33831,1.33844,1.33124,1.33256
2019-04-14 21:00:00,1.33261,1.33895,1.32964,1.33653
2019-04-15 21:00:00,1.33660,1.34021,1.33454,1.33484
2019-04-16 21:00:00,1.33485,1.33716,1.32736,1.33402
2019-04-17 21:00:00,1.33377,1.33990,1.33311,1.33740
2019-04-18 21:00:00,1.33789,1.33930,1.33642,1.33887
2019-04-21 21:00:00,1.33874,1.33896,1.33344,1.33456
2019-04-22 21:00:00,1.33466,1.34420,1.33424,1.34214
2019-04-23 21:00:00,1.34222,1.35209,1.34163,1.34920
2019-04-24 21:00:00,1.34960,1.35159,1.34781,1.34840
2019-04-25 21:00:00,1.34841,1.34972,1.34510,1.34540
2019-04-28 21:00:00,1.34540,1.34784,1.34390,1.34563
2019-04-29 21:00:00,1.34561,1.34793,1.33803,1.33868
2019-04-30 21:00:00,1.33885,1.34606,1.33760,1.34439
2019-05-01 21:00:00,1.34355,1.34756,1.34298,1.34738
2019-05-02 21:00:00,1.34739,1.34890,1.34053,1.34194
2019-05-05 21:00:00,1.34540,1.34933,1.34315,1.34456
2019-05-06 21:00:00,1.34469,1.34879,1.34087,1.34717
2019-05-07 21:00:00,1.34719,1.34859,1.34440,1.34763
2019-05-08 21:00:00,1.34759,1.35045,1.34581,1.34755
2019-05-09 21:00:00,1.34751,1.34841,1.33795,1.34129
2019-05-12 21:00:00,1.34181,1.34833,1.34153,1.34776
2019-05-13 21:00:00,1.34833,1.34865,1.34552,1.34618
2019-05-14 21:00:00,1.34634,1.34925,1.34262,1.34354
2019-05-15 21:00:00,1.34358,1.34687,1.33996,1.34585
2019-05-16 21:00:00,1.34602,1.35125,1.34339,1.34644
2019-05-19 21:00:00,1.34391,1.34555,1.34153,1.34271
2019-05-20 21:00:00,1.34285,1.34326,1.33948,1.34044
2019-05-21 21:00:00,1.34034,1.34367,1.33564,1.34328
2019-05-22 21:00:00,1.34367,1.35017,1.34295,1.34719
2019-05-23 21:00:00,1.34715,1.34814,1.34293,1.34400
2019-05-26 21:00:00,1.34375,1.34520,1.34285,1.34418
2019-05-27 21:00:00,1.34421,1.34981,1.34324,1.34929
2019-05-28 21:00:00,1.34926,1.35456,1.34797,1.35184
2019-05-29 21:00:00,1.35187,1.35195,1.34846,1.34980
2019-05-30 21:00:00,1.34979,1.35639,1.34924,1.35146
2019-06-02 21:00:00,1.35188,1.35267,1.34340,1.34364
2019-06-03 21:00:00,1.34366,1.34485,1.33805,1.33932
2019-06-04 21:00:00,1.33914,1.34273,1.33618,1.34133
2019-06-05 21:00:00,1.34175,1.34294,1.33589,1.33609
2019-06-06 21:00:00,1.33614,1.33670,1.32613,1.32651
2019-06-09 21:00:00,1.32398,1.32801,1.32389,1.32669
2019-06-10 21:00:00,1.32670,1.33079,1.32493,1.32838
2019-06-11 21:00:00,1.32830,1.33437,1.32725,1.33419
2019-06-12 21:00:00,1.33419,1.33419,1.32992,1.33250
2019-06-13 21:00:00,1.33249,1.34218,1.33224,1.34085
2019-06-16 21:00:00,1.34062,1.34190,1.33922,1.34111
2019-06-17 21:00:00,1.34117,1.34316,1.33741,1.33759
2019-06-18 21:00:00,1.33756,1.33822,1.32784,1.32795
2019-06-19 21:00:00,1.32793,1.32864,1.31503,1.31897
2019-06-20 21:00:00,1.31894,1.32286,1.31613,1.32222
2019-06-23 21:00:00,1.32120,1.32157,1.31768,1.31787
2019-06-24 21:00:00,1.31785,1.32073,1.31515,1.31670
2019-06-25 21:00:00,1.31668,1.31947,1.31060,1.31262
2019-06-26 21:00:00,1.31258,1.31371,1.30908,1.30934
2019-06-27 21:00:00,1.30934,1.31017,1.30587,1.30878
2019-06-30 21:00:00,1.30810,1.31443,1.30697,1.31332
2019-07-01 21:00:00,1.31332,1.31375,1.30957,1.31060
2019-07-02 21:00:00,1.31064,1.31184,1.30558,1.30558
2019-07-03 21:00:00,1.30556,1.30787,1.30367,1.30479
2019-07-04 21:00:00,1.30492,1.31357,1.30434,1.30746
2019-07-07 21:00:00,1.30661,1.31027,1.30492,1.30960
2019-07-08 21:00:00,1.30942,1.31413,1.30898,1.31258
2019-07-09 21:00:00,1.31257,1.31438,1.30622,1.30801
2019-07-10 21:00:00,1.30800,1.30912,1.30417,1.30705
2019-07-11 21:00:00,1.30705,1.30776,1.30179,1.30273
2019-07-14 21:00:00,1.30266,1.30533,1.30211,1.30480
2019-07-15 21:00:00,1.30475,1.30915,1.30230,1.30871
2019-07-16 21:00:00,1.30870,1.30935,1.30353,1.30519
2019-07-17 21:00:00,1.30514,1.30954,1.30252,1.30265
2019-07-18 21:00:00,1.30265,1.31096,1.30160,1.30565
2019-07-21 21:00:00,1.30594,1.31196,1.30403,1.31174
2019-07-22 21:00:00,1.31175,1.31643,1.31136,1.31331
2019-07-23 21:00:00,1.31319,1.31506,1.31188,1.31387
2019-07-24 21:00:00,1.31387,1.31671,1.31152,1.31645
2019-07-25 21:00:00,1.31645,1.31991,1.31524,1.31639
2019-07-28 21:00:00,1.31597,1.31823,1.31490,1.31613
2019-07-29 21:00:00,1.31611,1.31919,1.31437,1.31511
2019-07-30 21:00:00,1.31502,1.32143,1.31053,1.31896
2019-07-31 21:00:00,1.31895,1.32475,1.31824,1.32109
2019-08-01 21:00:00,1.32109,1.32659,1.31991,1.31996
2019-08-04 21:00:00,1.32102,1.32473,1.31773,1.32113
2019-08-05 21:00:00,1.31974,1.32910,1.31867,1.32786
2019-08-06 21:00:00,1.32788,1.33444,1.32669,1.33008
2019-08-07 21:00:00,1.33008,1.33140,1.32213,1.32254
2019-08-08 21:00:00,1.32250,1.32744,1.31959,1.32113
2019-08-11 21:00:00,1.31961,1.32501,1.31955,1.32396
2019-08-12 21:00:00,1.32385,1.32929,1.31844,1.32224
2019-08-13 21:00:00,1.32215,1.33256,1.32106,1.33184
2019-08-14 21:00:00,1.33184,1.33388,1.32853,1.33129
2019-08-15 21:00:00,1.33125,1.33247,1.32612,1.32707
2019-08-18 21:00:00,1.32598,1.33372,1.32507,1.33232
2019-08-19 21:00:00,1.33231,1.33455,1.33084,1.33183
2019-08-20 21:00:00,1.33186,1.33248,1.32534,1.32874
2019-08-21 21:00:00,1.32893,1.33150,1.32751,1.33023
2019-08-22 21:00:00,1.33025,1.33390,1.32767,1.32841
2019-08-25 21:00:00,1.32918,1.33191,1.32461,1.32537
2019-08-26 21:00:00,1.32537,1.33008,1.32250,1.32811
2019-08-27 21:00:00,1.32816,1.33180,1.32784,1.33059
2019-08-28 21:00:00,1.33057,1.33188,1.32725,1.32863
2019-08-29 21:00:00,1.32861,1.33331,1.32467,1.33046
2019-09-01 21:00:00,1.33131,1.33610,1.33119,1.33228
2019-09-02 21:00:00,1.33229,1.33825,1.33186,1.33347
2019-09-03 21:00:00,1.33346,1.33444,1.32185,1.32217
2019-09-04 21:00:00,1.32216,1.32460,1.31913,1.32302
2019-09-05 21:00:00,1.32290,1.32350,1.31580,1.31640
2019-09-08 21:00:00,1.31741,1.31772,1.31392,1.31671
2019-09-09 21:00:00,1.31675,1.31913,1.31335,1.31519
2019-09-10 21:00:00,1.31519,1.32142,1.31396,1.31925
2019-09-11 21:00:00,1.31923,1.32205,1.31767,1.32089
2019-09-12 21:00:00,1.32086,1.32853,1.32022,1.32851
2019-09-15 21:00:00,1.32843,1.32843,1.32097,1.32391
2019-09-16 21:00:00,1.32391,1.32997,1.32330,1.32429
2019-09-17 21:00:00,1.32429,1.33101,1.32381,1.32877
2019-09-18 21:00:00,1.32878,1.33070,1.32418,1.32613
2019-09-19 21:00:00,1.32612,1.33006,1.32538,1.32646
2019-09-22 21:00:00,1.32612,1.33048,1.32542,1.32624
2019-09-23 21:00:00,1.32626,1.32742,1.32320,1.32409
2019-09-24 21:00:00,1.32415,1.32884,1.32350,1.32667
2019-09-25 21:00:00,1.32675,1.32763,1.32312,1.32663
2019-09-26 21:00:00,1.32665,1.32781,1.32136,1.32357
2019-09-29 21:00:00,1.32321,1.32598,1.32240,1.32396
2019-09-30 21:00:00,1.32396,1.32903,1.32092,1.32174
2019-10-01 21:00:00,1.32173,1.33278,1.32057,1.33235
2019-10-02 21:00:00,1.33235,1.33476,1.33093,1.33356
2019-10-03 21:00:00,1.33349,1.33385,1.32988,1.33020
2019-10-06 21:00:00,1.33207,1.33306,1.32900,1.33075
2019-10-07 21:00:00,1.33080,1.33367,1.32877,1.33235
2019-10-08 21:00:00,1.33238,1.33385,1.32950,1.33316
2019-10-09 21:00:00,1.33315,1.33458,1.32686,1.32882
2019-10-10 21:00:00,1.32930,1.33000,1.31708,1.31970
2019-10-13 21:00:00,1.32004,1.32391,1.31912,1.32318
2019-10-14 21:00:00,1.32321,1.32394,1.31955,1.31987
2019-10-15 21:00:00,1.31989,1.32338,1.31842,1.32003
2019-10-16 21:00:00,1.32003,1.32115,1.31308,1.31343
2019-10-17 21:00:00,1.31343,1.31454,1.31188,1.31244
2019-10-20 21:00:00,1.31311,1.31382,1.30819,1.30875
2019-10-21 21:00:00,1.30868,1.31227,1.30709,1.30935
2019-10-22 21:00:00,1.30936,1.31091,1.30680,1.30701
2019-10-23 21:00:00,1.30701,1.30926,1.30531,1.30694
2019-10-24 21:00:00,1.30694,1.30766,1.30558,1.30590
2019-10-27 22:00:00,1.30585,1.30784,1.30492,1.30545
2019-10-28 22:00:00,1.30545,1.31003,1.30420,1.30868
2019-10-29 22:00:00,1.30868,1.32081,1.30743,1.31593
2019-10-30 22:00:00,1.31595,1.31780,1.31352,1.31638
2019-10-31 22:00:00,1.31638,1.31960,1.31376,1.31392
2019-11-03 22:00:00,1.31354,1.31605,1.31301,1.31500
2019-11-04 22:00:00,1.31490,1.31779,1.31151,1.31556
2019-11-05 22:00:00,1.31557,1.31927,1.31414,1.31802
2019-11-06 22:00:00,1.31798,1.31970,1.31597,1.31738
2019-11-07 22:00:00,1.31725,1.32371,1.31708,1.32255
2019-11-10 22:00:00,1.32248,1.32349,1.32125,1.32316
2019-11-11 22:00:00,1.32318,1.32573,1.32161,1.32305
2019-11-12 22:00:00,1.32306,1.32682,1.32286,1.32481
2019-11-13 22:00:00,1.32479,1.32704,1.32439,1.32454
2019-11-14 22:00:00,1.32442,1.32516,1.32161,1.32212
2019-11-17 22:00:00,1.32216,1.32353,1.32000,1.32047
2019-11-18 22:00:00,1.32044,1.32721,1.31900,1.32664
2019-11-19 22:00:00,1.32664,1.33274,1.32619,1.33018
2019-11-20 22:00:00,1.33017,1.33249,1.32694,1.32846
2019-11-21 22:00:00,1.32846,1.33014,1.32542,1.32993
2019-11-24 22:00:00,1.32948,1.33188,1.32850,1.32979
2019-11-25 22:00:00,1.32979,1.33161,1.32690,1.32711
2019-11-26 22:00:00,1.32711,1.32894,1.32600,1.32803
2019-11-27 22:00:00,1.32789,1.32990,1.32756,1.32798
2019-11-28 22:00:00,1.32797,1.33137,1.32703,1.32736
2019-12-01 22:00:00,1.32701,1.33085,1.32701,1.33076
2019-12-02 22:00:00,1.33075,1.33208,1.32830,1.32943
2019-12-03 22:00:00,1.32944,1.32978,1.31918,1.31989
2019-12-04 22:00:00,1.31989,1.32029,1.31583,1.31727
2019-12-05 22:00:00,1.31724,1.32697,1.31713,1.32545
2019-12-08 22:00:00,1.32509,1.32649,1.32223,1.32384
2019-12-09 22:00:00,1.32377,1.32492,1.32241,1.32293
2019-12-10 22:00:00,1.32285,1.32397,1.31620,1.31720
2019-12-11 22:00:00,1.31720,1.31940,1.31626,1.31814
2019-12-12 22:00:00,1.31824,1.32046,1.31507,1.31716
2019-12-15 22:00:00,1.31715,1.31862,1.31148,1.31522
2019-12-16 22:00:00,1.31521,1.31849,1.31453,1.31581
2019-12-17 22:00:00,1.31581,1.31755,1.31022,1.31134
2019-12-18 22:00:00,1.31123,1.31379,1.31075,1.31247
2019-12-19 22:00:00,1.31249,1.31812,1.31205,1.31530
2019-12-22 22:00:00,1.31465,1.31764,1.31400,1.31447
2019-12-23 22:00:00,1.31454,1.31675,1.31378,1.31655
2019-12-25 22:00:00,1.31519,1.31571,1.31033,1.31194
2019-12-26 22:00:00,1.31037,1.31216,1.30642,1.30816
2019-12-29 22:00:00,1.30742,1.30843,1.30502,1.30669
2019-12-30 22:00:00,1.30679,1.30684,1.29511,1.29843
2020-01-01 22:00:00,1.29868,1.30079,1.29686,1.29790
2020-01-02 22:00:00,1.29822,1.30051,1.29606,1.30002
2020-01-05 22:00:00,1.29857,1.29900,1.29600,1.29636
2020-01-06 22:00:00,1.29633,1.30293,1.29569,1.30033
2020-01-07 22:00:00,1.30033,1.30435,1.29759,1.30384
2020-01-08 22:00:00,1.30381,1.31044,1.30258,1.30552
2020-01-09 22:00:00,1.30553,1.30753,1.30288,1.30529
2020-01-12 22:00:00,1.30494,1.30673,1.30314,1.30550
2020-01-13 22:00:00,1.30551,1.30791,1.30467,1.30607
2020-01-14 22:00:00,1.30602,1.30780,1.30349,1.30410
2020-01-15 22:00:00,1.30409,1.30560,1.30319,1.30406
2020-01-16 22:00:00,1.30406,1.30748,1.30335,1.30696
2020-01-19 22:00:00,1.30589,1.30719,1.30428,1.30463
2020-01-20 22:00:00,1.30453,1.30797,1.30439,1.30690
2020-01-21 22:00:00,1.30688,1.31522,1.30357,1.31344
2020-01-22 22:00:00,1.31340,1.31713,1.31239,1.31266
2020-01-23 22:00:00,1.31258,1.31524,1.31175,1.31469
2020-01-26 22:00:00,1.31491,1.31999,1.31475,1.31937
2020-01-27 22:00:00,1.31936,1.32055,1.31539,1.31546
2020-01-28 22:00:00,1.31548,1.32093,1.31543,1.31980
2020-01-29 22:00:00,1.31981,1.32263,1.31876,1.32083
2020-01-30 22:00:00,1.32082,1.32528,1.31950,1.32282
2020-02-02 22:00:00,1.32351,1.33033,1.32317,1.32848
2020-02-03 22:00:00,1.32846,1.33014,1.32635,1.32753
2020-02-04 22:00:00,1.32753,1.33026,1.32625,1.32805
2020-02-05 22:00:00,1.32804,1.33089,1.32700,1.32828
2020-02-06 22:00:00,1.32828,1.33209,1.32786,1.33065
2020-02-09 22:00:00,1.33023,1.33289,1.32878,1.33158
2020-02-10 22:00:00,1.33154,1.33199,1.32762,1.32851
2020-02-11 22:00:00,1.32853,1.32955,1.32353,1.32490
2020-02-12 22:00:00,1.32481,1.32711,1.32400,1.32667
2020-02-13 22:00:00,1.32662,1.32689,1.32354,1.32513
2020-02-16 22:00:00,1.32486,1.32508,1.32248,1.32324
2020-02-17 22:00:00,1.32300,1.32782,1.32297,1.32592
2020-02-18 22:00:00,1.32579,1.32608,1.32148,1.32182
2020-02-19 22:00:00,1.32181,1.32684,1.32115,1.32584
2020-02-20 22:00:00,1.32559,1.32681,1.32018,1.32238
2020-02-23 22:00:00,1.32503,1.33074,1.32425,1.32926
2020-02-24 22:00:00,1.32925,1.33055,1.32669,1.32772
2020-02-25 22:00:00,1.32764,1.33346,1.32709,1.33305
2020-02-26 22:00:00,1.33305,1.33936,1.33162,1.33886
2020-02-27 22:00:00,1.33887,1.34642,1.33777,1.33961
2020-03-01 22:00:00,1.34345,1.34376,1.33148,1.33260
2020-03-02 22:00:00,1.33244,1.33909,1.33184,1.33832
2020-03-03 22:00:00,1.33808,1.34312,1.33280,1.33850
2020-03-04 22:00:00,1.33841,1.34383,1.33820,1.34101
2020-03-05 22:00:00,1.34110,1.34393,1.33792,1.34222
2020-03-08 22:00:00,1.35879,1.37593,1.35165,1.36921
2020-03-09 22:00:00,1.36921,1.37953,1.36080,1.37245
2020-03-10 22:00:00,1.37245,1.37941,1.36804,1.37789
2020-03-11 22:00:00,1.37812,1.39607,1.37069,1.39161
2020-03-12 22:00:00,1.39158,1.39948,1.37813,1.38032
2020-03-15 22:00:00,1.37416,1.40193,1.37278,1.39974
2020-03-16 22:00:00,1.39974,1.42760,1.39603,1.42050
2020-03-17 22:00:00,1.42050,1.46500,1.41663,1.45097
2020-03-18 22:00:00,1.45097,1.46674,1.44198,1.45007
2020-03-19 22:00:00,1.45009,1.45347,1.41489,1.43333
2020-03-22 22:00:00,1.43495,1.45605,1.43355,1.44962
2020-03-23 22:00:00,1.44973,1.45312,1.43745,1.44645
2020-03-24 22:00:00,1.44645,1.44820,1.41775,1.41867
2020-03-25 22:00:00,1.41882,1.42756,1.40077,1.40452
2020-03-26 22:00:00,1.40449,1.41538,1.39210,1.39998
2020-03-29 21:00:00,1.40152,1.41834,1.40002,1.41640
2020-03-30 21:00:00,1.41643,1.43489,1.40108,1.40595
2020-03-31 21:00:00,1.40595,1.42714,1.40495,1.41871
2020-04-01 21:00:00,1.41872,1.42979,1.40785,1.41347
2020-04-02 21:00:00,1.41354,1.42238,1.40940,1.42031
2020-04-05 21:00:00,1.42220,1.42610,1.40831,1.41086
2020-04-06 21:00:00,1.41086,1.41435,1.39448,1.39915
2020-04-07 21:00:00,1.39915,1.40811,1.39779,1.40074
2020-04-08 21:00:00,1.40128,1.40774,1.39306,1.39724
2020-04-09 21:00:00,1.39725,1.40083,1.39438,1.39512
2020-04-12 21:00:00,1.39245,1.40001,1.38551,1.39027
2020-04-13 21:00:00,1.39018,1.39248,1.38623,1.38805
2020-04-14 21:00:00,1.38805,1.41320,1.38759,1.41136
2020-04-15 21:00:00,1.41130,1.41822,1.40626,1.40803
2020-04-16 21:00:00,1.40794,1.41175,1.40044,1.40084
2020-04-19 21:00:00,1.40131,1.41500,1.40126,1.41459
2020-04-20 21:00:00,1.41456,1.42648,1.41130,1.42091
2020-04-21 21:00:00,1.42090,1.42373,1.41147,1.41593
2020-04-22 21:00:00,1.41592,1.41980,1.39997,1.40722
2020-04-23 21:00:00,1.40720,1.41200,1.40235,1.40952
2020-04-26 21:00:00,1.40821,1.41167,1.40287,1.40316
2020-04-27 21:00:00,1.40317,1.40722,1.39357,1.39973
2020-04-28 21:00:00,1.39960,1.40032,1.38752,1.38783
2020-04-29 21:00:00,1.38767,1.39588,1.38498,1.39432
2020-04-30 21:00:00,1.39427,1.41091,1.39259,1.40847
2020-05-03 21:00:00,1.40820,1.41520,1.40509,1.40861
2020-05-04 21:00:00,1.40849,1.40946,1.40077,1.40465
2020-05-05 21:00:00,1.40460,1.41568,1.40227,1.41439
2020-05-06 21:00:00,1.41424,1.41729,1.39526,1.39710
2020-05-07 21:00:00,1.39713,1.39884,1.39082,1.39296
2020-05-10 21:00:00,1.39314,1.40424,1.39000,1.40050
2020-05-11 21:00:00,1.40047,1.40801,1.39721,1.40767
2020-05-12 21:00:00,1.40759,1.41149,1.40060,1.41001
2020-05-13 21:00:00,1.41000,1.41410,1.40321,1.40503
2020-05-14 21:00:00,1.40501,1.41170,1.40182,1.41109
2020-05-17 21:00:00,1.41035,1.41131,1.39355,1.39355
2020-05-18 21:00:00,1.39351,1.39689,1.38663,1.39413
2020-05-19 21:00:00,1.39403,1.39605,1.38678,1.39001
2020-05-20 21:00:00,1.39009,1.39704,1.38909,1.39532
2020-05-21 21:00:00,1.39531,1.40482,1.39409,1.40032
2020-05-24 21:00:00,1.39899,1.40073,1.39683,1.39777
2020-05-25 21:00:00,1.39773,1.39851,1.37569,1.37737
2020-05-26 21:00:00,1.37741,1.38223,1.37275,1.37504
2020-05-27 21:00:00,1.37501,1.37895,1.37338,1.37605
2020-05-28 21:00:00,1.37596,1.38321,1.37142,1.37622
2020-05-31 21:00:00,1.37730,1.38005,1.35581,1.35714
2020-06-01 21:00:00,1.35710,1.35850,1.34837,1.35174
2020-06-02 21:00:00,1.35162,1.35722,1.34799,1.34944
2020-06-03 21:00:00,1.34942,1.35410,1.34678,1.34992
2020-06-04 21:00:00,1.34996,1.35129,1.33909,1.34254
2020-06-07 21:00:00,1.34105,1.34367,1.33563,1.33806
2020-06-08 21:00:00,1.33809,1.34879,1.33592,1.34148
2020-06-09 21:00:00,1.34143,1.34377,1.33151,1.34103
2020-06-10 21:00:00,1.34108,1.36317,1.33961,1.36274
2020-06-11 21:00:00,1.36253,1.36665,1.35269,1.35833
2020-06-14 21:00:00,1.36042,1.36859,1.35460,1.35713
2020-06-15 21:00:00,1.35714,1.36225,1.35046,1.35382
2020-06-16 21:00:00,1.35374,1.35947,1.35118,1.35638
2020-06-17 21:00:00,1.35641,1.36162,1.35214,1.35983
2020-06-18 21:00:00,1.35966,1.36175,1.35470,1.36042
2020-06-21 21:00:00,1.36120,1.36298,1.35182,1.35206
2020-06-22 21:00:00,1.35198,1.35707,1.34857,1.35483
2020-06-23 21:00:00,1.35472,1.36400,1.35277,1.36365
2020-06-24 21:00:00,1.36366,1.36698,1.36073,1.36360
2020-06-25 21:00:00,1.36324,1.37153,1.36273,1.36888
2020-06-28 21:00:00,1.36617,1.37047,1.36468,1.36576
2020-06-29 21:00:00,1.36576,1.36990,1.35696,1.35739
2020-06-30 21:00:00,1.35760,1.36011,1.35453,1.35862
2020-07-01 21:00:00,1.35862,1.36238,1.35597,1.35628
2020-07-02 21:00:00,1.35636,1.35812,1.35431,1.35473
2020-07-05 21:00:00,1.35569,1.35629,1.35195,1.35373
2020-07-06 21:00:00,1.35377,1.36096,1.35245,1.36018
2020-07-07 21:00:00,1.35986,1.36235,1.34923,1.35111
2020-07-08 21:00:00,1.35108,1.35944,1.34907,1.35845
2020-07-09 21:00:00,1.35843,1.36311,1.35747,1.35968
2020-07-12 21:00:00,1.35791,1.36117,1.35362,1.36080
2020-07-13 21:00:00,1.36081,1.36459,1.35950,1.36150
2020-07-14 21:00:00,1.36145,1.36177,1.35047,1.35076
2020-07-15 21:00:00,1.35076,1.35809,1.35012,1.35742
2020-07-16 21:00:00,1.35740,1.35886,1.35567,1.35828
2020-07-19 21:00:00,1.35700,1.36000,1.35254,1.35331
2020-07-20 21:00:00,1.35330,1.35374,1.34247,1.34580
2020-07-21 21:00:00,1.34574,1.34830,1.33995,1.34158
2020-07-22 21:00:00,1.34104,1.34272,1.33508,1.34090
2020-07-23 21:00:00,1.34084,1.34448,1.33764,1.34139
2020-07-26 21:00:00,1.34196,1.34313,1.33529,1.33535
2020-07-27 21:00:00,1.33528,1.34069,1.33310,1.33781
2020-07-28 21:00:00,1.33774,1.33868,1.33326,1.33392
2020-07-29 21:00:00,1.33389,1.34591,1.33318,1.34214
2020-07-30 21:00:00,1.34200,1.34379,1.33719,1.34154
2020-08-02 21:00:00,1.34002,1.34509,1.33798,1.33895
2020-08-03 21:00:00,1.33851,1.34202,1.33178,1.33180
2020-08-04 21:00:00,1.33177,1.33308,1.32333,1.32658
2020-08-05 21:00:00,1.32686,1.33231,1.32434,1.33049
2020-08-06 21:00:00,1.32944,1.33981,1.32842,1.33844
2020-08-09 21:00:00,1.33874,1.33944,1.33336,1.33496
2020-08-10 21:00:00,1.33496,1.33606,1.32702,1.32996
2020-08-11 21:00:00,1.32997,1.33470,1.32289,1.32447
2020-08-12 21:00:00,1.32436,1.32589,1.31916,1.32232
2020-08-13 21:00:00,1.32198,1.32713,1.32060,1.32646
2020-08-16 21:00:00,1.32309,1.32666,1.31918,1.32144
2020-08-17 21:00:00,1.32132,1.32313,1.31512,1.31676
2020-08-18 21:00:00,1.31674,1.32267,1.31330,1.32128
2020-08-19 21:00:00,1.32139,1.32440,1.31681,1.31853
2020-08-20 21:00:00,1.31769,1.32338,1.31586,1.31899
2020-08-23 21:00:00,1.31762,1.32384,1.31341,1.32168
2020-08-24 21:00:00,1.32159,1.32392,1.31672,1.31707
2020-08-25 21:00:00,1.31700,1.32046,1.31317,1.31429
2020-08-26 21:00:00,1.31424,1.31659,1.31012,1.31266
2020-08-27 21:00:00,1.31266,1.31323,1.30469,1.30950
2020-08-30 21:00:00,1.30944,1.31040,1.30199,1.30466
2020-08-31 21:00:00,1.30456,1.30863,1.29939,1.30640
2020-09-01 21:00:00,1.30640,1.30952,1.30371,1.30435
2020-09-02 21:00:00,1.30433,1.31620,1.30383,1.31265
2020-09-03 21:00:00,1.31275,1.31408,1.30438,1.30580
2020-09-06 21:00:00,1.30502,1.31155,1.30492,1.30946
2020-09-07 21:00:00,1.30956,1.32379,1.30860,1.32352
2020-09-08 21:00:00,1.32351,1.32588,1.31451,1.31457
2020-09-09 21:00:00,1.31444,1.32019,1.31185,1.31913
2020-09-10 21:00:00,1.31900,1.32073,1.31506,1.31818
2020-09-13 21:00:00,1.31813,1.31966,1.31527,1.31746
2020-09-14 21:00:00,1.31744,1.32020,1.31344,1.31848
2020-09-15 21:00:00,1.31849,1.32001,1.31273,1.31763
2020-09-16 21:00:00,1.31771,1.32466,1.31498,1.31652
2020-09-17 21:00:00,1.31642,1.32085,1.31369,1.32022
2020-09-20 21:00:00,1.32083,1.33204,1.31709,1.33065
2020-09-21 21:00:00,1.33066,1.33457,1.32836,1.33027
2020-09-22 21:00:00,1.33021,1.33855,1.32936,1.33855
2020-09-23 21:00:00,1.33841,1.34178,1.33251,1.33603
2020-09-24 21:00:00,1.33597,1.34177,1.33296,1.33861
2020-09-27 21:00:00,1.33813,1.34029,1.33540,1.33680
2020-09-28 21:00:00,1.33679,1.34186,1.33516,1.33848
2020-09-29 21:00:00,1.33864,1.34201,1.33014,1.33157
2020-09-30 21:00:00,1.33183,1.33230,1.32674,1.32883
2020-10-01 21:00:00,1.32880,1.33308,1.32730,1.33050
2020-10-04 21:00:00,1.32997,1.33031,1.32551,1.32626
2020-10-05 21:00:00,1.32661,1.33165,1.32415,1.33110
2020-10-06 21:00:00,1.33102,1.33405,1.32543,1.32544
2020-10-07 21:00:00,1.32537,1.32716,1.31943,1.31956
2020-10-08 21:00:00,1.31957,1.32001,1.31098,1.31125
2020-10-11 21:00:00,1.31267,1.31428,1.31010,1.31124
2020-10-12 21:00:00,1.31122,1.31461,1.30991,1.31366
2020-10-13 21:00:00,1.31365,1.31631,1.31162,1.31417
2020-10-14 21:00:00,1.31408,1.32591,1.31388,1.32235
2020-10-15 21:00:00,1.32160,1.32375,1.31769,1.31954
2020-10-18 21:00:00,1.31886,1.31945,1.31500,1.31902
2020-10-19 21:00:00,1.31906,1.32036,1.31040,1.31272
2020-10-20 21:00:00,1.31270,1.31521,1.30807,1.31448
2020-10-21 21:00:00,1.31445,1.31777,1.31234,1.31332
2020-10-22 21:00:00,1.31333,1.31600,1.31090,1.31246
2020-10-25 22:00:00,1.31291,1.32249,1.31281,1.32018
2020-10-26 22:00:00,1.32018,1.32120,1.31419,1.31843
2020-10-27 22:00:00,1.31848,1.33335,1.31792,1.33198
2020-10-28 22:00:00,1.33197,1.33896,1.32777,1.33198
2020-10-29 22:00:00,1.33198,1.33483,1.32797,1.33251
2020-11-01 22:00:00,1.33090,1.33700,1.32148,1.32159
2020-11-02 22:00:00,1.32168,1.32338,1.31037,1.31427
2020-11-03 22:00:00,1.31472,1.32990,1.30947,1.31322
2020-11-04 22:00:00,1.31321,1.31780,1.30282,1.30434
2020-11-05 22:00:00,1.30434,1.30965,1.30191,1.30599
2020-11-08 22:00:00,1.30380,1.30517,1.29281,1.30068
2020-11-09 22:00:00,1.30069,1.30507,1.29845,1.30308
2020-11-10 22:00:00,1.30308,1.30775,1.30084,1.30613
2020-11-11 22:00:00,1.30612,1.31497,1.30550,1.31396
2020-11-12 22:00:00,1.31398,1.31723,1.31162,1.31342
2020-11-15 22:00:00,1.31303,1.31388,1.30653,1.30726
2020-11-16 22:00:00,1.30730,1.31162,1.30633,1.31051
2020-11-17 22:00:00,1.31054,1.31175,1.30340,1.30810
2020-11-18 22:00:00,1.30810,1.31230,1.30522,1.30723
2020-11-19 22:00:00,1.30720,1.30968,1.30390,1.30940
2020-11-22 22:00:00,1.30820,1.31125,1.30450,1.30836
2020-11-23 22:00:00,1.30836,1.30908,1.29946,1.29969
2020-11-24 22:00:00,1.29971,1.30290,1.29862,1.30053
2020-11-25 22:00:00,1.30054,1.30225,1.29903,1.30155
2020-11-26 22:00:00,1.30156,1.30248,1.29719,1.29906
2020-11-29 22:00:00,1.29945,1.30095,1.29231,1.29967
2020-11-30 22:00:00,1.29968,1.30078,1.29278,1.29330
2020-12-01 22:00:00,1.29334,1.29586,1.29103,1.29163
2020-12-02 22:00:00,1.29165,1.29412,1.28519,1.28610
2020-12-03 22:00:00,1.28610,1.28738,1.27723,1.27844
2020-12-06 22:00:00,1.27750,1.28333,1.27734,1.27970
2020-12-07 22:00:00,1.27970,1.28255,1.27677,1.28161
2020-12-08 22:00:00,1.28161,1.28332,1.27692,1.28169
2020-12-09 22:00:00,1.28169,1.28292,1.27066,1.27370
2020-12-10 22:00:00,1.27370,1.27926,1.27190,1.27634
2020-12-13 22:00:00,1.27488,1.27896,1.27200,1.27620
2020-12-14 22:00:00,1.27623,1.27712,1.26881,1.26980
2020-12-15 22:00:00,1.26982,1.27898,1.26940,1.27377
2020-12-16 22:00:00,1.27373,1.27502,1.26886,1.27210
2020-12-17 22:00:00,1.27210,1.27982,1.27147,1.27815
2020-12-20 22:00:00,1.27970,1.29566,1.27850,1.28565
2020-12-21 22:00:00,1.28557,1.29335,1.28428,1.29063
2020-12-22 22:00:00,1.29061,1.29149,1.28341,1.28447
2020-12-23 22:00:00,1.28437,1.28536,1.28128,1.28429
2020-12-27 22:00:00,1.28430,1.28758,1.28136,1.28489
2020-12-28 22:00:00,1.28480,1.28538,1.27797,1.28166
2020-12-29 22:00:00,1.28167,1.28268,1.27498,1.27563
2020-12-30 22:00:00,1.27573,1.27695,1.27142,1.27221
2021-01-03 22:00:00,1.27198,1.27976,1.26654,1.27739
2021-01-04 22:00:00,1.27756,1.27911,1.26560,1.26670
2021-01-05 22:00:00,1.26673,1.27239,1.26302,1.26738
2021-01-06 22:00:00,1.26740,1.27339,1.26635,1.26898
2021-01-07 22:00:00,1.26900,1.27431,1.26588,1.26931
2021-01-10 22:00:00,1.26990,1.28354,1.26930,1.27827
2021-01-11 22:00:00,1.27829,1.27916,1.27084,1.27086
2021-01-12 22:00:00,1.27082,1.27468,1.26805,1.26948
2021-01-13 22:00:00,1.26946,1.27077,1.26248,1.26378
2021-01-14 22:00:00,1.26369,1.27643,1.26297,1.27403
2021-01-17 22:00:00,1.27260,1.27992,1.27260,1.27524
2021-01-18 22:00:00,1.27530,1.27641,1.27153,1.27322
2021-01-19 22:00:00,1.27325,1.27411,1.26065,1.26319
2021-01-20 22:00:00,1.26314,1.26473,1.25889,1.26368
2021-01-21 22:00:00,1.26351,1.27403,1.26320,1.27328
2021-01-24 22:00:00,1.27055,1.27790,1.26875,1.27374
2021-01-25 22:00:00,1.27378,1.27823,1.26898,1.26899
2021-01-26 22:00:00,1.26904,1.28227,1.26852,1.28000
2021-01-27 22:00:00,1.28003,1.28813,1.27839,1.28282
2021-01-28 22:00:00,1.28281,1.28746,1.27379,1.27811
2021-01-31 22:00:00,1.27840,1.28644,1.27614,1.28519
2021-02-01 22:00:00,1.28521,1.28697,1.27802,1.27803
2021-02-02 22:00:00,1.27803,1.28115,1.27631,1.27838
2021-02-03 22:00:00,1.27839,1.28451,1.27773,1.28250
2021-02-04 22:00:00,1.28241,1.28329,1.27605,1.27615
2021-02-07 22:00:00,1.27560,1.27827,1.27347,1.27360
2021-02-08 22:00:00,1.27356,1.27662,1.26913,1.26914
2021-02-09 22:00:00,1.26910,1.27107,1.26675,1.26998
2021-02-10 22:00:00,1.26993,1.27110,1.26606,1.27038
2021-02-11 22:00:00,1.27023,1.27631,1.26768,1.26903
2021-02-14 22:00:00,1.26820,1.26912,1.26309,1.26359
2021-02-15 22:00:00,1.26418,1.27023,1.26097,1.26884
2021-02-16 22:00:00,1.26874,1.27461,1.26800,1.27021
2021-02-17 22:00:00,1.27015,1.27307,1.26651,1.26737
2021-02-18 22:00:00,1.26760,1.27138,1.25943,1.26162
2021-02-21 22:00:00,1.26110,1.26537,1.25801,1.26124
2021-02-22 22:00:00,1.26123,1.26473,1.25788,1.25851
2021-02-23 22:00:00,1.25841,1.25984,1.25052,1.25112
2021-02-24 22:00:00,1.25108,1.26144,1.24677,1.26010
2021-02-25 22:00:00,1.26013,1.27432,1.25870,1.27324
2021-02-28 22:00:00,1.27262,1.27371,1.26405,1.26453
2021-03-01 22:00:00,1.26460,1.26980,1.26003,1.26362
2021-03-02 22:00:00,1.26362,1.26583,1.25930,1.26537
2021-03-03 22:00:00,1.26538,1.26935,1.25750,1.26649
2021-03-04 22:00:00,1.26649,1.27372,1.26457,1.26499
2021-03-07 22:00:00,1.26450,1.26999,1.26219,1.26617
2021-03-08 22:00:00,1.26624,1.26854,1.25906,1.26348
2021-03-09 22:00:00,1.26351,1.26834,1.26097,1.26153
2021-03-10 22:00:00,1.26153,1.26251,1.25203,1.25306
2021-03-11 22:00:00,1.25307,1.25734,1.24620,1.24803
2021-03-14 22:00:00,1.24745,1.25130,1.24406,1.24781
2021-03-15 22:00:00,1.24785,1.25003,1.24336,1.24427
2021-03-16 22:00:00,1.24427,1.24933,1.24004,1.24056
2021-03-17 22:00:00,1.24060,1.25265,1.23648,1.24929
2021-03-18 22:00:00,1.24929,1.25474,1.24618,1.25059
2021-03-21 22:00:00,1.25258,1.25409,1.24733,1.25214
2021-03-22 22:00:00,1.25214,1.25947,1.25188,1.25810
2021-03-23 22:00:00,1.25811,1.26088,1.25429,1.25775
2021-03-24 22:00:00,1.25757,1.26291,1.25462,1.26053
2021-03-25 22:00:00,1.26053,1.26093,1.25607,1.25698
2021-03-28 21:00:00,1.25690,1.26264,1.25685,1.25898
2021-03-29 21:00:00,1.25892,1.26472,1.25806,1.26306
2021-03-30 21:00:00,1.26302,1.26314,1.25396,1.25612
2021-03-31 21:00:00,1.25618,1.26020,1.25420,1.25456
2021-04-01 21:00:00,1.25432,1.25802,1.25279,1.25720
2021-04-04 21:00:00,1.25690,1.25944,1.25020,1.25232
2021-04-05 21:00:00,1.25234,1.25828,1.25167,1.25633
2021-04-06 21:00:00,1.25628,1.26344,1.25610,1.26069
2021-04-07 21:00:00,1.26067,1.26272,1.25579,1.25597
2021-04-08 21:00:00,1.25597,1.26108,1.25258,1.25319
2021-04-11 21:00:00,1.25281,1.25737,1.25247,1.25618
2021-04-12 21:00:00,1.25610,1.26284,1.25271,1.25328
2021-04-13 21:00:00,1.25326,1.25759,1.25000,1.25183
2021-04-14 21:00:00,1.25194,1.25584,1.24768,1.25412
2021-04-15 21:00:00,1.25412,1.25594,1.24944,1.25060
2021-04-18 21:00:00,1.25030,1.25438,1.24710,1.25321
2021-04-19 21:00:00,1.25300,1.26237,1.24787,1.26110
2021-04-20 21:00:00,1.26110,1.26541,1.24597,1.24959
2021-04-21 21:00:00,1.24967,1.25348,1.24731,1.25042
2021-04-22 21:00:00,1.25032,1.25091,1.24607,1.24764
2021-04-25 21:00:00,1.24748,1.24904,1.23842,1.23923
2021-04-26 21:00:00,1.23945,1.24185,1.23884,1.23975
2021-04-27 21:00:00,1.23974,1.24179,1.23103,1.23127
2021-04-28 21:00:00,1.23121,1.23220,1.22754,1.22800
2021-04-29 21:00:00,1.22790,1.23224,1.22661,1.22945
2021-05-02 21:00:00,1.22833,1.23187,1.22665,1.22744
2021-05-03 21:00:00,1.22756,1.23513,1.22731,1.23045
2021-05-04 21:00:00,1.23039,1.23111,1.22517,1.22656
2021-05-05 21:00:00,1.22650,1.22880,1.21417,1.21468
2021-05-06 21:00:00,1.21466,1.21933,1.21255,1.21275
2021-05-09 21:00:00,1.21201,1.21345,1.20786,1.20988
2021-05-10 21:00:00,1.20990,1.21258,1.20782,1.21008
2021-05-11 21:00:00,1.21010,1.21376,1.20457,1.21324
2021-05-12 21:00:00,1.21320,1.22026,1.21036,1.21610
2021-05-13 21:00:00,1.21605,1.21788,1.20805,1.21056
2021-05-16 21:00:00,1.21039,1.21361,1.20606,1.20658
2021-05-17 21:00:00,1.20653,1.20812,1.20128,1.20641
2021-05-18 21:00:00,1.20617,1.21429,1.20538,1.21309
2021-05-19 21:00:00,1.21316,1.21444,1.20494,1.20591
2021-05-20 21:00:00,1.20584,1.20949,1.20275,1.20650
2021-05-23 21:00:00,1.20656,1.20858,1.20408,1.20419
2021-05-24 21:00:00,1.20419,1.20780,1.20290,1.20651
2021-05-25 21:00:00,1.20642,1.21275,1.20433,1.21215
2021-05-26 21:00:00,1.21215,1.21414,1.20563,1.20661
2021-05-27 21:00:00,1.20640,1.21199,1.20591,1.20775
2021-05-30 21:00:00,1.20641,1.20916,1.20463,1.20621
2021-05-31 21:00:00,1.20621,1.20772,1.20066,1.20693
2021-06-01 21:00:00,1.20693,1.20919,1.20293,1.20323
2021-06-02 21:00:00,1.20325,1.21201,1.20251,1.21045
2021-06-03 21:00:00,1.21043,1.21326,1.20704,1.20724
2021-06-06 21:00:00,1.20691,1.21066,1.20571,1.20786
2021-06-07 21:00:00,1.20786,1.21173,1.20710,1.21079
2021-06-08 21:00:00,1.21074,1.21174,1.20572,1.21082
2021-06-09 21:00:00,1.21083,1.21247,1.20703,1.20928
2021-06-10 21:00:00,1.20926,1.21769,1.20799,1.21657
2021-06-13 21:00:00,1.21541,1.21710,1.21278,1.21437
2021-06-14 21:00:00,1.21422,1.22040,1.21296,1.21826
2021-06-15 21:00:00,1.21821,1.22837,1.21567,1.22756
2021-06-16 21:00:00,1.22747,1.23780,1.22622,1.23535
2021-06-17 21:00:00,1.23510,1.24806,1.23388,1.24685
2021-06-20 21:00:00,1.24591,1.24867,1.23533,1.23608
2021-06-21 21:00:00,1.23571,1.24031,1.23016,1.23046
2021-06-22 21:00:00,1.23049,1.23286,1.22521,1.23039
2021-06-23 21:00:00,1.23032,1.23406,1.22824,1.23225
2021-06-24 21:00:00,1.23211,1.23295,1.22720,1.22985
2021-06-27 21:00:00,1.22871,1.23477,1.22822,1.23371
2021-06-28 21:00:00,1.23344,1.24025,1.23261,1.24004
2021-06-29 21:00:00,1.24002,1.24236,1.23554,1.23970
2021-06-30 21:00:00,1.23948,1.24455,1.23646,1.24355
2021-07-01 21:00:00,1.24343,1.24499,1.23091,1.23274
2021-07-04 21:00:00,1.23091,1.23719,1.23021,1.23413
2021-07-05 21:00:00,1.23389,1.24944,1.23026,1.24624
2021-07-06 21:00:00,1.24544,1.25192,1.24229,1.24812
2021-07-07 21:00:00,1.24799,1.25900,1.24746,1.25332
2021-07-08 21:00:00,1.25326,1.25568,1.24431,1.24513
2021-07-11 21:00:00,1.24411,1.25141,1.24411,1.24511
2021-07-12 21:00:00,1.24502,1.25398,1.24419,1.25132
2021-07-13 21:00:00,1.25109,1.25263,1.24249,1.25084
2021-07-14 21:00:00,1.25099,1.26135,1.25013,1.25933
2021-07-15 21:00:00,1.25911,1.26197,1.25609,1.26175
2021-07-18 21:00:00,1.26021,1.28068,1.25975,1.27454
2021-07-19 21:00:00,1.27457,1.27866,1.26745,1.26795
2021-07-20 21:00:00,1.26781,1.27299,1.25257,1.25600
2021-07-21 21:00:00,1.25592,1.25946,1.25289,1.25603
2021-07-22 21:00:00,1.25671,1.26069,1.25508,1.25654
2021-07-25 21:00:00,1.25563,1.25904,1.25278,1.25465
2021-07-26 21:00:00,1.25456,1.26041,1.25380,1.26009
2021-07-27 21:00:00,1.26009,1.26040,1.25154,1.25242
2021-07-28 21:00:00,1.25217,1.25301,1.24319,1.24455
2021-07-29 21:00:00,1.24432,1.24911,1.24223,1.24639
2021-08-01 21:00:00,1.24741,1.25145,1.24527,1.25034
2021-08-02 21:00:00,1.25029,1.25754,1.24895,1.25348
2021-08-03 21:00:00,1.25336,1.25622,1.25152,1.25400
2021-08-04 21:00:00,1.25401,1.25477,1.24746,1.24986
2021-08-05 21:00:00,1.25004,1.25808,1.24821,1.25547
2021-08-08 21:00:00,1.25441,1.25875,1.25315,1.25774
2021-08-09 21:00:00,1.25774,1.25889,1.25179,1.25192
2021-08-10 21:00:00,1.25190,1.25482,1.24891,1.25016
2021-08-11 21:00:00,1.25004,1.25332,1.24961,1.25211
2021-08-12 21:00:00,1.25212,1.25319,1.25013,1.25141
2021-08-15 21:00:00,1.25121,1.25839,1.25111,1.25712
2021-08-16 21:00:00,1.25699,1.26488,1.25646,1.26258
2021-08-17 21:00:00,1.26244,1.26625,1.25982,1.26578
2021-08-18 21:00:00,1.26506,1.28303,1.26486,1.28260
2021-08-19 21:00:00,1.28243,1.29487,1.28094,1.28237
2021-08-22 21:00:00,1.28091,1.28383,1.26425,1.26488
2021-08-23 21:00:00,1.26481,1.26579,1.25789,1.25867
2021-08-24 21:00:00,1.25856,1.26433,1.25829,1.25896
2021-08-25 21:00:00,1.25888,1.26952,1.25850,1.26854
2021-08-26 21:00:00,1.26854,1.27079,1.26052,1.26141
2021-08-29 21:00:00,1.26101,1.26341,1.25735,1.26057
2021-08-30 21:00:00,1.26037,1.26534,1.25693,1.26149
2021-08-31 21:00:00,1.26137,1.26369,1.25802,1.26185
2021-09-01 21:00:00,1.26162,1.26380,1.25476,1.25516
2021-09-02 21:00:00,1.25501,1.25591,1.24934,1.25283
2021-09-05 21:00:00,1.25141,1.25591,1.25118,1.25308
2021-09-06 21:00:00,1.25272,1.26562,1.25195,1.26464
2021-09-07 21:00:00,1.26465,1.27619,1.26261,1.26898
2021-09-08 21:00:00,1.26869,1.27272,1.26225,1.26619
2021-09-09 21:00:00,1.26618,1.26900,1.25825,1.26890
2021-09-12 21:00:00,1.26801,1.26949,1.26379,1.26466
2021-09-13 21:00:00,1.26442,1.26982,1.26012,1.26924
2021-09-14 21:00:00,1.26920,1.27081,1.26234,1.26270
2021-09-15 21:00:00,1.26237,1.26997,1.26158,1.26820
2021-09-16 21:00:00,1.26797,1.27708,1.26369,1.27694
2021-09-19 21:00:00,1.27541,1.28958,1.27468,1.28163
2021-09-20 21:00:00,1.28158,1.28482,1.27429,1.28115
2021-09-21 21:00:00,1.28105,1.28264,1.26978,1.27724
2021-09-22 21:00:00,1.27715,1.27956,1.26336,1.26537
2021-09-23 21:00:00,1.26537,1.27305,1.26399,1.26552
2021-09-26 21:00:00,1.26391,1.26724,1.26104,1.26273
2021-09-27 21:00:00,1.26260,1.27075,1.25936,1.26842
2021-09-28 21:00:00,1.26823,1.27744,1.26683,1.27541
2021-09-29 21:00:00,1.27542,1.27632,1.26299,1.26804
2021-09-30 21:00:00,1.26767,1.27386,1.26278,1.26393
2021-10-03 21:00:00,1.26444,1.26545,1.25574,1.25881
2021-10-04 21:00:00,1.25874,1.26301,1.25457,1.25798
2021-10-05 21:00:00,1.25791,1.26478,1.25608,1.25885
2021-10-06 21:00:00,1.25884,1.25993,1.25404,1.25502
2021-10-07 21:00:00,1.25482,1.25624,1.24517,1.24740
2021-10-10 21:00:00,1.24701,1.24915,1.24462,1.24821
2021-10-11 21:00:00,1.24734,1.24984,1.24346,1.24643
2021-10-12 21:00:00,1.24622,1.24785,1.24301,1.24417
2021-10-13 21:00:00,1.24402,1.24450,1.23549,1.23688
2021-10-14 21:00:00,1.23673,1.23975,1.23364,1.23619
2021-10-17 21:00:00,1.23545,1.24098,1.23481,1.23777
2021-10-18 21:00:00,1.23750,1.23826,1.23114,1.23644
2021-10-19 21:00:00,1.23616,1.23672,1.23070,1.23175
2021-10-20 21:00:00,1.23152,1.23838,1.22878,1.23699
2021-10-21 21:00:00,1.23686,1.23898,1.23207,1.23677
2021-10-24 21:00:00,1.23641,1.24000,1.23383,1.23829
2021-10-25 21:00:00,1.23827,1.23963,1.23505,1.23892
2021-10-26 21:00:00,1.23864,1.24319,1.23001,1.23592
2021-10-27 21:00:00,1.23555,1.23823,1.23297,1.23446
2021-10-28 21:00:00,1.23421,1.24081,1.23282,1.23826
2021-10-31 22:00:00,1.23753,1.24030,1.23519,1.23706
2021-11-01 22:00:00,1.23656,1.24243,1.23632,1.24057
2021-11-02 22:00:00,1.24014,1.24576,1.23803,1.23882
2021-11-03 22:00:00,1.23869,1.24714,1.23770,1.24557
2021-11-04 22:00:00,1.24538,1.24795,1.24359,1.24559
2021-11-07 22:00:00,1.24392,1.24654,1.24360,1.24411
2021-11-08 22:00:00,1.24398,1.24858,1.24286,1.24370
2021-11-09 22:00:00,1.24350,1.25034,1.23871,1.24953
2021-11-10 22:00:00,1.24931,1.25965,1.24730,1.25803
2021-11-11 22:00:00,1.25785,1.26046,1.25413,1.25487
2021-11-14 22:00:00,1.25351,1.25557,1.25014,1.25118
2021-11-15 22:00:00,1.25093,1.25680,1.24925,1.25602
2021-11-16 22:00:00,1.25588,1.26225,1.25405,1.26079
2021-11-17 22:00:00,1.26090,1.26471,1.25926,1.25983
2021-11-18 22:00:00,1.25958,1.26622,1.25847,1.26433
2021-11-21 22:00:00,1.26388,1.27050,1.26281,1.26983
2021-11-22 22:00:00,1.26943,1.27447,1.26598,1.26687
2021-11-23 22:00:00,1.26684,1.27103,1.26511,1.26635
2021-11-24 22:00:00,1.26593,1.26774,1.26405,1.26466
2021-11-25 22:00:00,1.26443,1.27995,1.26392,1.27917
2021-11-28 22:00:00,1.27468,1.27934,1.27205,1.27390
2021-11-29 22:00:00,1.27364,1.28371,1.27299,1.27780
2021-11-30 22:00:00,1.27752,1.28298,1.27126,1.28189
2021-12-01 22:00:00,1.28151,1.28376,1.27784,1.28076
2021-12-02 22:00:00,1.28037,1.28532,1.27438,1.28482
2021-12-05 22:00:00,1.28186,1.28426,1.27529,1.27550
2021-12-06 22:00:00,1.27544,1.27672,1.26353,1.26378
2021-12-07 22:00:00,1.26354,1.26664,1.26078,1.26504
2021-12-08 22:00:00,1.26491,1.27219,1.26455,1.27124
2021-12-09 22:00:00,1.27113,1.27393,1.26796,1.27238
2021-12-12 22:00:00,1.27251,1.28209,1.27057,1.28071
2021-12-13 22:00:00,1.28047,1.28648,1.27972,1.28610
2021-12-14 22:00:00,1.28583,1.29369,1.28293,1.28325
2021-12-15 22:00:00,1.28301,1.28578,1.27636,1.27735
2021-12-16 22:00:00,1.27702,1.29003,1.27663,1.28951
2021-12-19 22:00:00,1.28851,1.29641,1.28771,1.29414
2021-12-20 22:00:00,1.29417,1.29462,1.29116,1.29122
2021-12-21 22:00:00,1.29100,1.29239,1.28322,1.28344
2021-12-22 22:00:00,1.28306,1.28535,1.27980,1.28031
2021-12-23 22:00:00,1.28043,1.28342,1.27861,1.28184
2021-12-26 22:00:00,1.28031,1.28475,1.27785,1.27875
2021-12-27 22:00:00,1.27875,1.28317,1.27764,1.28168
2021-12-28 22:00:00,1.28158,1.28351,1.27881,1.27888
2021-12-29 22:00:00,1.27869,1.28124,1.27336,1.27398
2021-12-30 22:00:00,1.27356,1.27508,1.26203,1.26439
2022-01-02 22:00:00,1.26347,1.27788,1.26280,1.27438
2022-01-03 22:00:00,1.27426,1.27657,1.26673,1.27055
2022-01-04 22:00:00,1.27055,1.27663,1.26905,1.27551
2022-01-05 22:00:00,1.27523,1.28133,1.27066,1.27268
2022-01-06 22:00:00,1.27218,1.27308,1.26318,1.26426
2022-01-09 22:00:00,1.26351,1.26973,1.26106,1.26753
2022-01-10 22:00:00,1.26753,1.26787,1.25669,1.25719
2022-01-11 22:00:00,1.25695,1.25797,1.24953,1.25083
2022-01-12 22:00:00,1.25038,1.25204,1.24532,1.25191
2022-01-13 22:00:00,1.25144,1.25704,1.24703,1.25446
2022-01-16 22:00:00,1.25341,1.25568,1.24998,1.25143
2022-01-17 22:00:00,1.25100,1.25633,1.24857,1.25131
2022-01-18 22:00:00,1.25102,1.25248,1.24498,1.25137
2022-01-19 22:00:00,1.25137,1.25164,1.24532,1.25013
2022-01-20 22:00:00,1.24990,1.25870,1.24981,1.25845
2022-01-23 22:00:00,1.25751,1.27017,1.25545,1.26361
2022-01-24 22:00:00,1.26321,1.26694,1.25975,1.26309
2022-01-25 22:00:00,1.26249,1.26883,1.25596,1.26682
2022-01-26 22:00:00,1.26658,1.27475,1.26501,1.27409
2022-01-27 22:00:00,1.27386,1.27968,1.27129,1.27644
2022-01-30 22:00:00,1.27571,1.27764,1.26822,1.27058
2022-01-31 22:00:00,1.27030,1.27264,1.26552,1.26860
2022-02-01 22:00:00,1.26813,1.27060,1.26503,1.26663
2022-02-02 22:00:00,1.26624,1.27156,1.26579,1.26768
2022-02-03 22:00:00,1.26732,1.27875,1.26620,1.27604
2022-02-06 22:00:00,1.27448,1.27561,1.26578,1.26656
2022-02-07 22:00:00,1.26644,1.27211,1.26620,1.27060
2022-02-08 22:00:00,1.27016,1.27156,1.26654,1.26693
2022-02-09 22:00:00,1.26683,1.27276,1.26357,1.27178
2022-02-10 22:00:00,1.27157,1.27538,1.26693,1.27320
2022-02-13 22:00:00,1.27301,1.27838,1.27197,1.27289
2022-02-14 22:00:00,1.27244,1.27741,1.27009,1.27171
2022-02-15 22:00:00,1.27158,1.27255,1.26636,1.26871
2022-02-16 22:00:00,1.26871,1.27344,1.26743,1.27068
2022-02-17 22:00:00,1.27036,1.27607,1.26731,1.27540
2022-02-20 22:00:00,1.27418,1.27606,1.27215,1.27509
2022-02-21 22:00:00,1.27509,1.27825,1.27187,1.27683
2022-02-22 22:00:00,1.27670,1.27693,1.26814,1.27327
2022-02-23 22:00:00,1.27296,1.28774,1.27259,1.28141
2022-02-24 22:00:00,1.28120,1.28205,1.26946,1.26989
2022-02-27 22:00:00,1.27488,1.28095,1.26598,1.26738
2022-02-28 22:00:00,1.26698,1.27499,1.26533,1.27418
2022-03-01 22:00:00,1.27394,1.27449,1.26280,1.26295
2022-03-02 22:00:00,1.26285,1.26928,1.25872,1.26798
2022-03-03 22:00:00,1.26783,1.27919,1.26693,1.27345
