datetime,open,high,low,close
2012-12-02 22:00:00,0.92737,0.92779,0.92405,0.92525
2012-12-03 22:00:00,0.92523,0.92929,0.92446,0.92663
2012-12-04 22:00:00,0.92664,0.92994,0.92500,0.92619
2012-12-05 22:00:00,0.92619,0.93394,0.92553,0.93305
2012-12-06 22:00:00,0.93305,0.93815,0.93190,0.93428
2012-12-09 22:00:00,0.93643,0.93693,0.93259,0.93345
2012-12-10 22:00:00,0.93345,0.93687,0.93162,0.93169
2012-12-11 22:00:00,0.93170,0.93256,0.92431,0.92645
2012-12-12 22:00:00,0.92645,0.92749,0.92251,0.92365
2012-12-13 22:00:00,0.92363,0.92469,0.91652,0.91736
2012-12-16 22:00:00,0.91660,0.91939,0.91648,0.91775
2012-12-17 22:00:00,0.91777,0.91859,0.91233,0.91335
2012-12-18 22:00:00,0.91335,0.91529,0.90872,0.91480
2012-12-19 22:00:00,0.91479,0.91479,0.90833,0.91132
2012-12-20 22:00:00,0.91133,0.91784,0.91130,0.91550
2012-12-23 22:00:00,0.91628,0.91703,0.91244,0.91539
2012-12-25 22:00:00,0.91537,0.91575,0.91112,0.91311
2012-12-26 22:00:00,0.91309,0.91566,0.90944,0.91326
2012-12-27 22:00:00,0.91327,0.91807,0.91161,0.91332
2012-12-30 22:00:00,0.91348,0.91657,0.91202,0.91460
2012-12-31 22:00:00,0.91481,0.91532,0.91285,0.91450
2013-01-01 22:00:00,0.91445,0.91983,0.90773,0.91735
2013-01-02 22:00:00,0.91735,0.92793,0.91735,0.92721
2013-01-03 22:00:00,0.92719,0.93021,0.92306,0.92439
2013-01-06 22:00:00,0.92418,0.92862,0.92031,0.92043
2013-01-07 22:00:00,0.92044,0.92567,0.92010,0.92400
2013-01-08 22:00:00,0.92399,0.92730,0.92312,0.92573
2013-01-09 22:00:00,0.92573,0.92684,0.91277,0.91380
2013-01-10 22:00:00,0.91383,0.91782,0.91101,0.91326
2013-01-13 22:00:00,0.91399,0.92277,0.91187,0.92209
2013-01-14 22:00:00,0.92214,0.93320,0.92104,0.93234
2013-01-15 22:00:00,0.93234,0.93286,0.92853,0.93081
2013-01-16 22:00:00,0.93084,0.93595,0.92974,0.93250
2013-01-17 22:00:00,0.93250,0.93878,0.93041,0.93371
2013-01-20 22:00:00,0.93473,0.93489,0.93072,0.93206
2013-01-21 22:00:00,0.93204,0.93457,0.92742,0.92879
2013-01-22 22:00:00,0.92880,0.93148,0.92765,0.92997
2013-01-23 22:00:00,0.92998,0.93237,0.92789,0.92851
2013-01-24 22:00:00,0.92855,0.93062,0.92218,0.92626
2013-01-27 22:00:00,0.92712,0.92922,0.92567,0.92645
2013-01-28 22:00:00,0.92646,0.92672,0.91930,0.92172
2013-01-29 22:00:00,0.92171,0.92265,0.90930,0.91121
2013-01-30 22:00:00,0.91120,0.91199,0.90752,0.90998
2013-01-31 22:00:00,0.91003,0.91080,0.90214,0.90746
2013-02-03 22:00:00,0.90825,0.91170,0.90715,0.90890
2013-02-04 22:00:00,0.90889,0.91159,0.90714,0.90791
2013-02-05 22:00:00,0.90792,0.91489,0.90558,0.90990
2013-02-06 22:00:00,0.90987,0.92007,0.90647,0.91852
2013-02-07 22:00:00,0.91853,0.91895,0.91546,0.91677
2013-02-10 22:00:00,0.91739,0.92124,0.91560,0.92047
2013-02-11 22:00:00,0.92049,0.92141,0.91495,0.91691
2013-02-12 22:00:00,0.91691,0.91962,0.91520,0.91712
2013-02-13 22:00:00,0.91714,0.92452,0.91675,0.92146
2013-02-14 22:00:00,0.92145,0.92409,0.92040,0.92158
2013-02-17 22:00:00,0.92248,0.92574,0.92096,0.92308
2013-02-18 22:00:00,0.92309,0.92489,0.92145,0.92279
2013-02-19 22:00:00,0.92279,0.92850,0.91834,0.92683
2013-02-20 22:00:00,0.92692,0.93324,0.92687,0.93047
2013-02-21 22:00:00,0.93044,0.93279,0.92826,0.92937
2013-02-24 22:00:00,0.93097,0.93381,0.92316,0.93230
2013-02-25 22:00:00,0.93228,0.93348,0.92859,0.93194
2013-02-26 22:00:00,0.93196,0.93312,0.92847,0.92958
2013-02-27 22:00:00,0.92957,0.93730,0.92797,0.93637
2013-02-28 22:00:00,0.93636,0.94623,0.93509,0.94225
2013-03-03 22:00:00,0.94229,0.94399,0.94059,0.94061
2013-03-04 22:00:00,0.94074,0.94332,0.93930,0.94110
2013-03-05 22:00:00,0.94122,0.94889,0.94019,0.94837
2013-03-06 22:00:00,0.94837,0.94883,0.94096,0.94246
2013-03-07 22:00:00,0.94247,0.95511,0.94171,0.95095
2013-03-10 22:00:00,0.95239,0.95291,0.94657,0.94743
2013-03-11 22:00:00,0.94743,0.95042,0.94359,0.94729
2013-03-12 22:00:00,0.94727,0.95323,0.94293,0.95252
2013-03-13 22:00:00,0.95253,0.95664,0.94508,0.94644
2013-03-14 22:00:00,0.94646,0.94757,0.93789,0.93851
2013-03-17 22:00:00,0.94434,0.94856,0.94162,0.94684
2013-03-18 22:00:00,0.94684,0.94908,0.94253,0.94800
2013-03-19 22:00:00,0.94799,0.94807,0.94108,0.94511
2013-03-20 22:00:00,0.94510,0.94818,0.94381,0.94654
2013-03-21 22:00:00,0.94653,0.94741,0.93961,0.94091
2013-03-24 22:00:00,0.94103,0.94965,0.93509,0.94816
2013-03-25 22:00:00,0.94814,0.95042,0.94718,0.94790
2013-03-26 22:00:00,0.94790,0.95533,0.94765,0.95368
2013-03-27 22:00:00,0.95370,0.95480,0.94660,0.94945
2013-03-28 22:00:00,0.94944,0.95114,0.94801,0.94885
2013-03-31 21:00:00,0.94962,0.95265,0.94556,0.94676
2013-04-01 21:00:00,0.94678,0.94969,0.94441,0.94867
2013-04-02 21:00:00,0.94867,0.95201,0.94416,0.94536
2013-04-03 21:00:00,0.94533,0.95257,0.93820,0.93972
2013-04-04 21:00:00,0.93976,0.94332,0.93126,0.93406
2013-04-07 21:00:00,0.93386,0.93610,0.93279,0.93463
2013-04-08 21:00:00,0.93464,0.93663,0.93074,0.93258
2013-04-09 21:00:00,0.93258,0.93360,0.92945,0.93261
2013-04-10 21:00:00,0.93261,0.93394,0.92783,0.93083
2013-04-11 21:00:00,0.93082,0.93318,0.92636,0.92704
2013-04-14 21:00:00,0.92748,0.93264,0.92680,0.93071
2013-04-15 21:00:00,0.93071,0.93263,0.92074,0.92216
2013-04-16 21:00:00,0.92216,0.93382,0.92057,0.93265
2013-04-17 21:00:00,0.93265,0.93342,0.92889,0.93267
2013-04-18 21:00:00,0.93266,0.93422,0.92759,0.93356
2013-04-21 21:00:00,0.93237,0.93708,0.93143,0.93433
2013-04-22 21:00:00,0.93432,0.94564,0.93272,0.94523
2013-04-23 21:00:00,0.94523,0.94986,0.94434,0.94722
2013-04-24 21:00:00,0.94725,0.94839,0.94222,0.94479
2013-04-25 21:00:00,0.94477,0.94559,0.94020,0.94230
2013-04-28 21:00:00,0.94106,0.94292,0.93538,0.93707
2013-04-29 21:00:00,0.93710,0.93837,0.92784,0.92940
2013-04-30 21:00:00,0.92945,0.93089,0.92468,0.92699
2013-05-01 21:00:00,0.92699,0.93623,0.92645,0.93508
2013-05-02 21:00:00,0.93508,0.93984,0.93026,0.93496
2013-05-05 21:00:00,0.93519,0.93967,0.93382,0.93837
2013-05-06 21:00:00,0.93842,0.94363,0.93664,0.94029
2013-05-07 21:00:00,0.94029,0.94106,0.93367,0.93499
2013-05-08 21:00:00,0.93499,0.94984,0.93334,0.94814
2013-05-09 21:00:00,0.94814,0.96276,0.94757,0.95657
2013-05-12 21:00:00,0.95848,0.95961,0.95469,0.95703
2013-05-13 21:00:00,0.95706,0.96733,0.95209,0.96602
2013-05-14 21:00:00,0.96598,0.97477,0.96426,0.96581
2013-05-15 21:00:00,0.96588,0.97084,0.95780,0.96443
2013-05-16 21:00:00,0.96444,0.97614,0.96368,0.97209
2013-05-19 21:00:00,0.96975,0.97188,0.96476,0.96656
2013-05-20 21:00:00,0.96656,0.97504,0.96541,0.97019
2013-05-21 21:00:00,0.97022,0.98384,0.96788,0.97913
2013-05-22 21:00:00,0.97913,0.98174,0.96338,0.96873
2013-05-23 21:00:00,0.96873,0.97163,0.95904,0.96073
2013-05-26 21:00:00,0.96183,0.96478,0.95921,0.96239
2013-05-27 21:00:00,0.96240,0.97804,0.96240,0.97664
2013-05-28 21:00:00,0.97662,0.97899,0.96000,0.96185
2013-05-29 21:00:00,0.96190,0.96505,0.95258,0.95325
2013-05-30 21:00:00,0.95329,0.96245,0.95112,0.95455
2013-06-02 21:00:00,0.95732,0.96240,0.94080,0.94719
2013-06-03 21:00:00,0.94719,0.95201,0.94529,0.94695
2013-06-04 21:00:00,0.94698,0.94938,0.93954,0.94188
2013-06-05 21:00:00,0.94213,0.94384,0.92246,0.92903
2013-06-06 21:00:00,0.92903,0.93737,0.92479,0.93537
2013-06-09 21:00:00,0.93696,0.94181,0.93177,0.93343
2013-06-10 21:00:00,0.93358,0.93490,0.92236,0.92452
2013-06-11 21:00:00,0.92454,0.92868,0.91728,0.92036
2013-06-12 21:00:00,0.92059,0.92582,0.91301,0.92160
2013-06-13 21:00:00,0.92206,0.92698,0.91958,0.92053
2013-06-16 21:00:00,0.92184,0.92715,0.92140,0.92270
2013-06-17 21:00:00,0.92271,0.92621,0.91752,0.91987
2013-06-18 21:00:00,0.91991,0.93215,0.91802,0.92797
2013-06-19 21:00:00,0.92797,0.93610,0.92508,0.92698
2013-06-20 21:00:00,0.92698,0.93678,0.92419,0.93357
2013-06-23 21:00:00,0.93548,0.93807,0.93101,0.93295
2013-06-24 21:00:00,0.93293,0.94074,0.93188,0.93789
2013-06-25 21:00:00,0.93787,0.94431,0.93723,0.94291
2013-06-26 21:00:00,0.94279,0.94873,0.94058,0.94502
2013-06-27 21:00:00,0.94503,0.94748,0.94110,0.94435
2013-06-30 21:00:00,0.94472,0.95033,0.94385,0.94503
2013-07-01 21:00:00,0.94504,0.95292,0.94446,0.95035
2013-07-02 21:00:00,0.95035,0.95229,0.94463,0.94660
2013-07-03 21:00:00,0.94664,0.95839,0.94589,0.95610
2013-07-04 21:00:00,0.95603,0.96603,0.95602,0.96327
2013-07-07 21:00:00,0.96566,0.96664,0.96251,0.96356
2013-07-08 21:00:00,0.96357,0.97510,0.96329,0.97275
2013-07-09 21:00:00,0.97277,0.97448,0.95337,0.95350
2013-07-10 21:00:00,0.95351,0.95482,0.94044,0.94649
2013-07-11 21:00:00,0.94658,0.95137,0.94379,0.94573
2013-07-14 21:00:00,0.94573,0.95341,0.94555,0.94807
2013-07-15 21:00:00,0.94811,0.94936,0.93786,0.93970
2013-07-16 21:00:00,0.93971,0.94454,0.93586,0.94110
2013-07-17 21:00:00,0.94110,0.94775,0.94053,0.94409
2013-07-18 21:00:00,0.94410,0.94613,0.93968,0.94048
2013-07-21 21:00:00,0.94130,0.94130,0.93222,0.93606
2013-07-22 21:00:00,0.93608,0.94063,0.93421,0.93476
2013-07-23 21:00:00,0.93476,0.93882,0.93401,0.93716
2013-07-24 21:00:00,0.93716,0.93948,0.92831,0.92997
2013-07-25 21:00:00,0.93001,0.93050,0.92638,0.92784
2013-07-28 21:00:00,0.92842,0.93220,0.92696,0.93110
2013-07-29 21:00:00,0.93105,0.93245,0.92731,0.92963
2013-07-30 21:00:00,0.92965,0.93367,0.92281,0.92640
2013-07-31 21:00:00,0.92638,0.93720,0.92530,0.93648
2013-08-01 21:00:00,0.93648,0.93894,0.92741,0.92885
2013-08-04 21:00:00,0.92893,0.93326,0.92682,0.92759
2013-08-05 21:00:00,0.92759,0.92960,0.92381,0.92580
2013-08-06 21:00:00,0.92580,0.92884,0.92072,0.92147
2013-08-07 21:00:00,0.92148,0.92292,0.91750,0.91985
2013-08-08 21:00:00,0.91985,0.92292,0.91904,0.92165
2013-08-11 21:00:00,0.92212,0.92846,0.92164,0.92590
2013-08-12 21:00:00,0.92590,0.93484,0.92571,0.93303
2013-08-13 21:00:00,0.93305,0.93773,0.93233,0.93493
2013-08-14 21:00:00,0.93493,0.93957,0.92469,0.92574
2013-08-15 21:00:00,0.92575,0.92876,0.92168,0.92622
2013-08-18 21:00:00,0.92597,0.92848,0.92280,0.92414
2013-08-19 21:00:00,0.92414,0.92507,0.91467,0.91710
2013-08-20 21:00:00,0.91710,0.92348,0.91622,0.92197
2013-08-21 21:00:00,0.92196,0.92895,0.92196,0.92339
2013-08-22 21:00:00,0.92342,0.92633,0.91895,0.92122
2013-08-25 21:00:00,0.92075,0.92462,0.92072,0.92260
2013-08-26 21:00:00,0.92263,0.92293,0.91709,0.91740
2013-08-27 21:00:00,0.91741,0.92347,0.91704,0.92187
2013-08-28 21:00:00,0.92186,0.93210,0.92179,0.93112
2013-08-29 21:00:00,0.93112,0.93321,0.92889,0.92922
2013-09-01 21:00:00,0.93123,0.93489,0.93104,0.93414
2013-09-02 21:00:00,0.93419,0.93823,0.93419,0.93671
2013-09-03 21:00:00,0.93667,0.93823,0.93475,0.93564
2013-09-04 21:00:00,0.93552,0.94550,0.93527,0.94497
2013-09-05 21:00:00,0.94505,0.94552,0.93461,0.93760
2013-09-08 21:00:00,0.93822,0.93917,0.93012,0.93222
2013-09-09 21:00:00,0.93224,0.93662,0.93163,0.93490
2013-09-10 21:00:00,0.93490,0.93705,0.92849,0.93052
2013-09-11 21:00:00,0.93052,0.93354,0.92717,0.93030
2013-09-12 21:00:00,0.93030,0.93408,0.92807,0.92957
2013-09-15 21:00:00,0.92450,0.92778,0.92355,0.92730
2013-09-16 21:00:00,0.92728,0.92789,0.92522,0.92576
2013-09-17 21:00:00,0.92578,0.92681,0.91089,0.91316
2013-09-18 21:00:00,0.91319,0.91377,0.90897,0.91061
2013-09-19 21:00:00,0.91058,0.91267,0.90889,0.91006
2013-09-22 21:00:00,0.90978,0.91295,0.90843,0.91085
2013-09-23 21:00:00,0.91086,0.91332,0.90988,0.91292
2013-09-24 21:00:00,0.91292,0.91373,0.90782,0.90946
2013-09-25 21:00:00,0.90950,0.91170,0.90873,0.91022
2013-09-26 21:00:00,0.91021,0.91105,0.90208,0.90555
2013-09-29 21:00:00,0.90672,0.90683,0.90248,0.90493
2013-09-30 21:00:00,0.90495,0.90748,0.89923,0.90579
2013-10-01 21:00:00,0.90579,0.90771,0.89945,0.90240
2013-10-02 21:00:00,0.90242,0.90331,0.89673,0.89912
2013-10-03 21:00:00,0.89909,0.90816,0.89780,0.90692
2013-10-06 21:00:00,0.90653,0.90677,0.90159,0.90326
2013-10-07 21:00:00,0.90325,0.90657,0.90226,0.90395
2013-10-08 21:00:00,0.90396,0.91276,0.90154,0.90995
2013-10-09 21:00:00,0.90995,0.91306,0.90821,0.91110
2013-10-10 21:00:00,0.91112,0.91315,0.90696,0.91132
2013-10-13 21:00:00,0.90969,0.91217,0.90638,0.91034
2013-10-14 21:00:00,0.91044,0.91778,0.90925,0.91237
2013-10-15 21:00:00,0.91244,0.91752,0.90978,0.91325
2013-10-16 21:00:00,0.91325,0.91462,0.90077,0.90241
2013-10-17 21:00:00,0.90240,0.90368,0.90042,0.90150
2013-10-20 21:00:00,0.90175,0.90446,0.90054,0.90208
2013-10-21 21:00:00,0.90209,0.90392,0.89398,0.89491
2013-10-22 21:00:00,0.89496,0.89655,0.89107,0.89228
2013-10-23 21:00:00,0.89230,0.89280,0.88899,0.89239
2013-10-24 21:00:00,0.89239,0.89650,0.88925,0.89230
2013-10-27 22:00:00,0.89240,0.89629,0.89215,0.89584
2013-10-28 22:00:00,0.89585,0.90022,0.89435,0.89872
2013-10-29 22:00:00,0.89872,0.90237,0.89499,0.90039
2013-10-30 22:00:00,0.90040,0.90755,0.89894,0.90698
2013-10-31 22:00:00,0.90699,0.91377,0.90678,0.91193
2013-11-03 22:00:00,0.91197,0.91515,0.90914,0.90987
2013-11-04 22:00:00,0.90987,0.91472,0.90942,0.91353
2013-11-05 22:00:00,0.91353,0.91389,0.90980,0.91190
2013-11-06 22:00:00,0.91190,0.92497,0.91087,0.91620
2013-11-07 22:00:00,0.91620,0.92467,0.91541,0.92109
2013-11-10 22:00:00,0.92219,0.92314,0.91890,0.91943
2013-11-11 22:00:00,0.91950,0.92261,0.91547,0.91745
2013-11-12 22:00:00,0.91754,0.92005,0.91239,0.91392
2013-11-13 22:00:00,0.91393,0.91883,0.91314,0.91652
2013-11-14 22:00:00,0.91653,0.91912,0.91300,0.91464
2013-11-17 22:00:00,0.91471,0.91615,0.90953,0.91272
2013-11-18 22:00:00,0.91271,0.91442,0.91025,0.91102
2013-11-19 22:00:00,0.91101,0.91907,0.90790,0.91620
2013-11-20 22:00:00,0.91622,0.91884,0.91252,0.91351
2013-11-21 22:00:00,0.91351,0.91496,0.90617,0.90653
2013-11-24 22:00:00,0.90661,0.91313,0.90615,0.91131
2013-11-25 22:00:00,0.91129,0.91155,0.90590,0.90694
2013-11-26 22:00:00,0.90694,0.90920,0.90407,0.90754
2013-11-27 22:00:00,0.90754,0.90862,0.90412,0.90575
2013-11-28 22:00:00,0.90580,0.90711,0.90281,0.90591
2013-12-01 22:00:00,0.90608,0.91102,0.90430,0.90894
2013-12-02 22:00:00,0.90891,0.91005,0.90205,0.90449
2013-12-03 22:00:00,0.90449,0.90761,0.90130,0.90248
2013-12-04 22:00:00,0.90248,0.90486,0.89567,0.89637
2013-12-05 22:00:00,0.89633,0.89841,0.89101,0.89101
2013-12-08 22:00:00,0.89165,0.89340,0.88954,0.89035
2013-12-09 22:00:00,0.89034,0.89077,0.88502,0.88751
2013-12-10 22:00:00,0.88749,0.88862,0.88396,0.88629
2013-12-11 22:00:00,0.88627,0.89091,0.88479,0.88926
2013-12-12 22:00:00,0.88919,0.89171,0.88812,0.88857
2013-12-15 22:00:00,0.88939,0.89024,0.88464,0.88727
2013-12-16 22:00:00,0.88725,0.88948,0.88321,0.88479
2013-12-17 22:00:00,0.88479,0.89518,0.88399,0.89514
2013-12-18 22:00:00,0.89512,0.89864,0.89345,0.89809
2013-12-19 22:00:00,0.89807,0.90009,0.89318,0.89541
2013-12-22 22:00:00,0.89586,0.89668,0.89181,0.89356
2013-12-23 22:00:00,0.89354,0.89719,0.89346,0.89584
2013-12-25 22:00:00,0.89603,0.89679,0.89493,0.89641
2013-12-26 22:00:00,0.89639,0.89652,0.87995,0.89099
2013-12-29 22:00:00,0.89084,0.89315,0.88599,0.88818
2013-12-30 22:00:00,0.88816,0.89187,0.88660,0.88858
2013-12-31 22:00:00,0.89155,0.89285,0.89115,0.89194
2014-01-01 22:00:00,0.89194,0.90285,0.89080,0.89932
2014-01-02 22:00:00,0.89933,0.90574,0.89887,0.90466
2014-01-05 22:00:00,0.90481,0.90701,0.90197,0.90365
2014-01-06 22:00:00,0.90366,0.90988,0.90366,0.90930
2014-01-07 22:00:00,0.90924,0.91272,0.90764,0.91142
2014-01-08 22:00:00,0.91132,0.91239,0.90630,0.90722
2014-01-09 22:00:00,0.90723,0.90899,0.90049,0.90211
2014-01-12 22:00:00,0.90214,0.90476,0.89863,0.89924
2014-01-13 22:00:00,0.89924,0.90314,0.89863,0.90280
2014-01-14 22:00:00,0.90277,0.91077,0.90263,0.90889
2014-01-15 22:00:00,0.90886,0.91035,0.90318,0.90454
2014-01-16 22:00:00,0.90455,0.91193,0.90438,0.90967
2014-01-19 22:00:00,0.91083,0.91322,0.90885,0.91021
2014-01-20 22:00:00,0.91021,0.91563,0.90845,0.91039
2014-01-21 22:00:00,0.91029,0.91222,0.90889,0.91159
2014-01-22 22:00:00,0.91154,0.91336,0.89636,0.89742
2014-01-23 22:00:00,0.89742,0.89911,0.89029,0.89403
2014-01-26 22:00:00,0.89423,0.89842,0.89317,0.89621
2014-01-27 22:00:00,0.89620,0.90098,0.89541,0.90018
2014-01-28 22:00:00,0.90016,0.90092,0.89349,0.89441
2014-01-29 22:00:00,0.89438,0.90474,0.89438,0.90252
2014-01-30 22:00:00,0.90251,0.90795,0.90081,0.90579
2014-02-02 22:00:00,0.90641,0.90812,0.90036,0.90123
2014-02-03 22:00:00,0.90123,0.90615,0.90082,0.90383
2014-02-04 22:00:00,0.90381,0.90566,0.90038,0.90372
2014-02-05 22:00:00,0.90370,0.90633,0.89678,0.90084
2014-02-06 22:00:00,0.90083,0.90219,0.89595,0.89817
2014-02-09 22:00:00,0.89833,0.89934,0.89592,0.89665
2014-02-10 22:00:00,0.89665,0.89875,0.89395,0.89825
2014-02-11 22:00:00,0.89824,0.90378,0.89678,0.90042
2014-02-12 22:00:00,0.90042,0.90095,0.89181,0.89338
2014-02-13 22:00:00,0.89336,0.89402,0.89029,0.89235
2014-02-16 22:00:00,0.89185,0.89260,0.89001,0.89128
2014-02-17 22:00:00,0.89129,0.89284,0.88694,0.88789
2014-02-18 22:00:00,0.88779,0.88954,0.88560,0.88874
2014-02-19 22:00:00,0.88874,0.89145,0.88588,0.88948
2014-02-20 22:00:00,0.88949,0.89108,0.88674,0.88791
2014-02-23 22:00:00,0.88734,0.89104,0.88532,0.88881
2014-02-24 22:00:00,0.88880,0.88914,0.88539,0.88688
2014-02-25 22:00:00,0.88690,0.89299,0.88663,0.89066
2014-02-26 22:00:00,0.89067,0.89190,0.88712,0.88830
2014-02-27 22:00:00,0.88830,0.88894,0.87772,0.87983
2014-03-02 22:00:00,0.87827,0.88357,0.87819,0.88319
2014-03-03 22:00:00,0.88319,0.88786,0.88243,0.88754
2014-03-04 22:00:00,0.88752,0.88953,0.88595,0.88707
2014-03-05 22:00:00,0.88709,0.88910,0.87946,0.87996
2014-03-06 22:00:00,0.87994,0.88158,0.87561,0.87743
2014-03-09 22:00:00,0.87795,0.87933,0.87609,0.87769
2014-03-10 22:00:00,0.87769,0.88048,0.87659,0.87788
2014-03-11 22:00:00,0.87789,0.87880,0.87342,0.87405
2014-03-12 22:00:00,0.87405,0.87645,0.86988,0.87468
2014-03-13 22:00:00,0.87469,0.87616,0.87032,0.87205
2014-03-16 22:00:00,0.87262,0.87560,0.87136,0.87338
2014-03-17 22:00:00,0.87339,0.87693,0.87237,0.87319
2014-03-18 22:00:00,0.87309,0.88292,0.87304,0.88136
2014-03-19 22:00:00,0.88136,0.88691,0.87998,0.88359
2014-03-20 22:00:00,0.88359,0.88422,0.88148,0.88282
2014-03-23 22:00:00,0.88267,0.88659,0.87865,0.88069
2014-03-24 22:00:00,0.88070,0.88791,0.88008,0.88276
2014-03-25 22:00:00,0.88279,0.88696,0.88261,0.88508
2014-03-26 22:00:00,0.88507,0.88733,0.88405,0.88650
2014-03-27 22:00:00,0.88652,0.88989,0.88482,0.88667
2014-03-30 21:00:00,0.88679,0.88892,0.88242,0.88414
2014-03-31 21:00:00,0.88414,0.88489,0.88149,0.88351
2014-04-01 21:00:00,0.88351,0.88748,0.88186,0.88668
2014-04-02 21:00:00,0.88668,0.89274,0.88435,0.89110
2014-04-03 21:00:00,0.89110,0.89526,0.89042,0.89164
2014-04-06 21:00:00,0.89193,0.89235,0.88723,0.88776
2014-04-07 21:00:00,0.88776,0.88790,0.88257,0.88369
2014-04-08 21:00:00,0.88368,0.88460,0.87888,0.87963
2014-04-09 21:00:00,0.87962,0.88052,0.87509,0.87621
2014-04-10 21:00:00,0.87617,0.87711,0.87431,0.87575
2014-04-13 21:00:00,0.87679,0.88052,0.87641,0.87977
2014-04-14 21:00:00,0.87979,0.88187,0.87830,0.88022
2014-04-15 21:00:00,0.88023,0.88269,0.87807,0.88167
2014-04-16 21:00:00,0.88168,0.88359,0.87774,0.88273
2014-04-17 21:00:00,0.88276,0.88355,0.88230,0.88334
2014-04-20 21:00:00,0.88310,0.88520,0.88190,0.88494
2014-04-21 21:00:00,0.88494,0.88615,0.88325,0.88486
2014-04-22 21:00:00,0.88490,0.88530,0.88071,0.88331
2014-04-23 21:00:00,0.88332,0.88558,0.88129,0.88165
2014-04-24 21:00:00,0.88165,0.88205,0.88019,0.88170
2014-04-27 21:00:00,0.88070,0.88263,0.87701,0.88029
2014-04-28 21:00:00,0.88030,0.88458,0.87861,0.88353
2014-04-29 21:00:00,0.88353,0.88509,0.87911,0.88007
2014-04-30 21:00:00,0.88007,0.88025,0.87824,0.87926
2014-05-01 21:00:00,0.87924,0.88408,0.87726,0.87794
2014-05-04 21:00:00,0.87746,0.87808,0.87655,0.87775
2014-05-05 21:00:00,0.87776,0.87798,0.87206,0.87436
2014-05-06 21:00:00,0.87436,0.87644,0.87336,0.87621
2014-05-07 21:00:00,0.87621,0.88046,0.87028,0.88020
2014-05-08 21:00:00,0.88020,0.88728,0.87995,0.88620
2014-05-11 21:00:00,0.88665,0.88812,0.88583,0.88775
2014-05-12 21:00:00,0.88774,0.89080,0.88655,0.89002
2014-05-13 21:00:00,0.89003,0.89044,0.88828,0.88973
2014-05-14 21:00:00,0.88974,0.89598,0.88822,0.89088
2014-05-15 21:00:00,0.89088,0.89261,0.88979,0.89254
2014-05-18 21:00:00,0.89211,0.89239,0.89038,0.89220
2014-05-19 21:00:00,0.89222,0.89393,0.89130,0.89201
2014-05-20 21:00:00,0.89200,0.89644,0.88967,0.89329
2014-05-21 21:00:00,0.89324,0.89517,0.89233,0.89420
2014-05-22 21:00:00,0.89420,0.89719,0.89413,0.89519
2014-05-25 21:00:00,0.89588,0.89663,0.89392,0.89476
2014-05-26 21:00:00,0.89476,0.89810,0.89370,0.89673
2014-05-27 21:00:00,0.89673,0.89893,0.89639,0.89825
2014-05-28 21:00:00,0.89824,0.89829,0.89548,0.89774
2014-05-29 21:00:00,0.89774,0.89825,0.89325,0.89503
2014-06-01 21:00:00,0.89528,0.89949,0.89524,0.89850
2014-06-02 21:00:00,0.89853,0.89955,0.89506,0.89630
2014-06-03 21:00:00,0.89627,0.89817,0.89485,0.89701
2014-06-04 21:00:00,0.89698,0.90364,0.89078,0.89134
2014-06-05 21:00:00,0.89134,0.89511,0.89093,0.89330
2014-06-08 21:00:00,0.89309,0.89792,0.89193,0.89704
2014-06-09 21:00:00,0.89705,0.90075,0.89640,0.89923
2014-06-10 21:00:00,0.89923,0.90113,0.89798,0.89972
2014-06-11 21:00:00,0.89971,0.90117,0.89695,0.89835
2014-06-12 21:00:00,0.89835,0.90105,0.89595,0.89895
2014-06-15 21:00:00,0.90001,0.90128,0.89651,0.89717
2014-06-16 21:00:00,0.89718,0.90046,0.89645,0.89933
2014-06-17 21:00:00,0.89938,0.89986,0.89548,0.89619
2014-06-18 21:00:00,0.89617,0.89664,0.89103,0.89412
2014-06-19 21:00:00,0.89414,0.89741,0.89242,0.89458
2014-06-22 21:00:00,0.89516,0.89675,0.89398,0.89414
2014-06-23 21:00:00,0.89414,0.89579,0.89246,0.89402
2014-06-24 21:00:00,0.89402,0.89452,0.89076,0.89269
2014-06-25 21:00:00,0.89269,0.89562,0.89215,0.89352
2014-06-26 21:00:00,0.89351,0.89378,0.89053,0.89054
2014-06-29 21:00:00,0.89081,0.89144,0.88621,0.88663
2014-06-30 21:00:00,0.88662,0.88784,0.88562,0.88739
2014-07-01 21:00:00,0.88738,0.88984,0.88725,0.88886
2014-07-02 21:00:00,0.88885,0.89426,0.88864,0.89328
2014-07-03 21:00:00,0.89327,0.89512,0.89300,0.89375
2014-07-06 21:00:00,0.89441,0.89591,0.89290,0.89336
2014-07-07 21:00:00,0.89333,0.89461,0.89210,0.89291
2014-07-08 21:00:00,0.89291,0.89374,0.89048,0.89097
2014-07-09 21:00:00,0.89096,0.89341,0.89016,0.89250
2014-07-10 21:00:00,0.89250,0.89334,0.89114,0.89200
2014-07-13 21:00:00,0.89203,0.89319,0.88980,0.89175
2014-07-14 21:00:00,0.89175,0.89624,0.89112,0.89567
2014-07-15 21:00:00,0.89567,0.89892,0.89551,0.89820
2014-07-16 21:00:00,0.89821,0.89866,0.89686,0.89743
2014-07-17 21:00:00,0.89742,0.90032,0.89696,0.89793
2014-07-20 21:00:00,0.89768,0.89889,0.89703,0.89800
2014-07-21 21:00:00,0.89799,0.90264,0.89769,0.90232
2014-07-22 21:00:00,0.90232,0.90314,0.90155,0.90224
2014-07-23 21:00:00,0.90222,0.90369,0.90074,0.90249
2014-07-24 21:00:00,0.90249,0.90513,0.90173,0.90402
2014-07-27 21:00:00,0.90463,0.90512,0.90347,0.90389
2014-07-28 21:00:00,0.90388,0.90738,0.90360,0.90683
2014-07-29 21:00:00,0.90683,0.91050,0.90645,0.90856
2014-07-30 21:00:00,0.90858,0.91030,0.90752,0.90864
2014-07-31 21:00:00,0.90861,0.90960,0.90402,0.90529
2014-08-03 21:00:00,0.90561,0.90718,0.90560,0.90664
2014-08-04 21:00:00,0.90663,0.91110,0.90643,0.90938
2014-08-05 21:00:00,0.90939,0.91143,0.90699,0.90745
2014-08-06 21:00:00,0.90745,0.91047,0.90656,0.90882
2014-08-07 21:00:00,0.90881,0.90979,0.90322,0.90489
2014-08-10 21:00:00,0.90550,0.90669,0.90547,0.90652
2014-08-11 21:00:00,0.90652,0.91032,0.90643,0.90745
2014-08-12 21:00:00,0.90745,0.90979,0.90411,0.90751
2014-08-13 21:00:00,0.90749,0.90851,0.90345,0.90655
2014-08-14 21:00:00,0.90657,0.90705,0.90179,0.90179
2014-08-17 21:00:00,0.90333,0.90691,0.90253,0.90654
2014-08-18 21:00:00,0.90653,0.90940,0.90564,0.90928
2014-08-19 21:00:00,0.90929,0.91379,0.90895,0.91344
2014-08-20 21:00:00,0.91344,0.91453,0.91104,0.91125
2014-08-21 21:00:00,0.91125,0.91537,0.91029,0.91334
2014-08-24 21:00:00,0.91725,0.91735,0.91417,0.91554
2014-08-25 21:00:00,0.91557,0.91803,0.91373,0.91739
2014-08-26 21:00:00,0.91737,0.91846,0.91375,0.91467
2014-08-27 21:00:00,0.91467,0.91614,0.91255,0.91505
2014-08-28 21:00:00,0.91503,0.91838,0.91389,0.91807
2014-08-31 21:00:00,0.91864,0.91974,0.91766,0.91953
2014-09-01 21:00:00,0.91952,0.92115,0.91875,0.91909
2014-09-02 21:00:00,0.91909,0.92007,0.91756,0.91772
2014-09-03 21:00:00,0.91772,0.93295,0.91756,0.93250
2014-09-04 21:00:00,0.93249,0.93356,0.92833,0.93103
2014-09-07 21:00:00,0.93098,0.93587,0.93072,0.93520
2014-09-08 21:00:00,0.93518,0.93799,0.93148,0.93273
2014-09-09 21:00:00,0.93273,0.93954,0.93191,0.93670
2014-09-10 21:00:00,0.93661,0.93756,0.93364,0.93557
2014-09-11 21:00:00,0.93562,0.93682,0.93202,0.93281
2014-09-14 21:00:00,0.93326,0.93727,0.93307,0.93536
2014-09-15 21:00:00,0.93535,0.93630,0.93005,0.93266
2014-09-16 21:00:00,0.93265,0.94277,0.93230,0.94247
2014-09-17 21:00:00,0.94236,0.94330,0.93322,0.93415
2014-09-18 21:00:00,0.93415,0.94100,0.93341,0.94063
2014-09-21 21:00:00,0.94105,0.94213,0.93762,0.94004
2014-09-22 21:00:00,0.94003,0.94030,0.93532,0.93974
2014-09-23 21:00:00,0.93975,0.94584,0.93889,0.94576
2014-09-24 21:00:00,0.94575,0.95153,0.94522,0.94676
2014-09-25 21:00:00,0.94679,0.95195,0.94598,0.95124
2014-09-28 21:00:00,0.95161,0.95320,0.94886,0.95124
2014-09-29 21:00:00,0.95124,0.95965,0.94993,0.95507
2014-09-30 21:00:00,0.95509,0.95960,0.95452,0.95647
2014-10-01 21:00:00,0.95648,0.95768,0.95173,0.95374
2014-10-02 21:00:00,0.95369,0.96837,0.95366,0.96724
2014-10-05 21:00:00,0.96769,0.96812,0.95672,0.95841
2014-10-06 21:00:00,0.95839,0.96247,0.95556,0.95686
2014-10-07 21:00:00,0.95683,0.96010,0.95102,0.95216
2014-10-08 21:00:00,0.95215,0.95593,0.94692,0.95434
2014-10-09 21:00:00,0.95434,0.95928,0.95269,0.95699
2014-10-12 21:00:00,0.95684,0.95687,0.94685,0.94870
2014-10-13 21:00:00,0.94868,0.95551,0.94816,0.95383
2014-10-14 21:00:00,0.95383,0.95623,0.93602,0.94200
2014-10-15 21:00:00,0.94196,0.94907,0.94007,0.94304
2014-10-16 21:00:00,0.94296,0.94744,0.94058,0.94561
2014-10-19 21:00:00,0.94658,0.94795,0.94143,0.94320
2014-10-20 21:00:00,0.94317,0.94936,0.93972,0.94920
2014-10-21 21:00:00,0.94919,0.95415,0.94719,0.95385
2014-10-22 21:00:00,0.95387,0.95588,0.95171,0.95419
2014-10-23 21:00:00,0.95418,0.95455,0.94968,0.95114
2014-10-26 22:00:00,0.95154,0.95207,0.94762,0.94965
2014-10-27 22:00:00,0.94966,0.95112,0.94448,0.94686
2014-10-28 22:00:00,0.94687,0.95499,0.94412,0.95444
2014-10-29 22:00:00,0.95445,0.96104,0.95423,0.95652
2014-10-30 22:00:00,0.95652,0.96623,0.95572,0.96230
2014-11-02 22:00:00,0.96417,0.96907,0.96343,0.96511
2014-11-03 22:00:00,0.96516,0.96535,0.95793,0.95942
2014-11-04 22:00:00,0.95942,0.96611,0.95829,0.96472
2014-11-05 22:00:00,0.96472,0.97379,0.96027,0.97270
2014-11-06 22:00:00,0.97270,0.97413,0.96503,0.96573
2014-11-09 22:00:00,0.96499,0.96841,0.96160,0.96799
2014-11-10 22:00:00,0.96794,0.97000,0.96242,0.96466
2014-11-11 22:00:00,0.96465,0.96796,0.96219,0.96714
2014-11-12 22:00:00,0.96714,0.96730,0.96219,0.96356
2014-11-13 22:00:00,0.96357,0.96895,0.95736,0.95891
2014-11-16 22:00:00,0.95947,0.96545,0.95522,0.96482
2014-11-17 22:00:00,0.96480,0.96535,0.95741,0.95847
2014-11-18 22:00:00,0.95848,0.96001,0.95296,0.95753
2014-11-19 22:00:00,0.95753,0.96057,0.95524,0.95831
2014-11-20 22:00:00,0.95831,0.97090,0.95628,0.96992
2014-11-23 22:00:00,0.97256,0.97261,0.96623,0.96623
2014-11-24 22:00:00,0.96621,0.96974,0.96337,0.96393
2014-11-25 22:00:00,0.96394,0.96652,0.95946,0.96111
2014-11-26 22:00:00,0.96111,0.96432,0.95984,0.96400
2014-11-27 22:00:00,0.96400,0.96701,0.96207,0.96545
2014-11-30 22:00:00,0.96572,0.96871,0.96146,0.96455
2014-12-01 22:00:00,0.96450,0.97294,0.96410,0.97178
2014-12-02 22:00:00,0.97193,0.97825,0.97144,0.97744
2014-12-03 22:00:00,0.97746,0.97955,0.96488,0.97149
2014-12-04 22:00:00,0.97109,0.97992,0.97019,0.97879
2014-12-07 22:00:00,0.97740,0.98175,0.97380,0.97586
2014-12-08 22:00:00,0.97585,0.97775,0.96532,0.97117
2014-12-09 22:00:00,0.96995,0.97224,0.96620,0.96623
2014-12-10 22:00:00,0.96536,0.97104,0.96273,0.96651
2014-12-11 22:00:00,0.96634,0.96989,0.96188,0.96341
2014-12-14 22:00:00,0.95869,0.96737,0.95869,0.96540
2014-12-15 22:00:00,0.96491,0.96573,0.95531,0.95965
2014-12-16 22:00:00,0.95957,0.97461,0.95903,0.97286
2014-12-17 22:00:00,0.97277,0.98477,0.97147,0.97964
2014-12-18 22:00:00,0.97845,0.98456,0.97844,0.98270
2014-12-21 22:00:00,0.98403,0.98493,0.98045,0.98367
2014-12-22 22:00:00,0.98367,0.98860,0.98253,0.98768
2014-12-23 22:00:00,0.98768,0.98810,0.98393,0.98640
2014-12-25 22:00:00,0.98443,0.98836,0.98437,0.98698
2014-12-28 22:00:00,0.98706,0.99075,0.98429,0.98954
2014-12-29 22:00:00,0.98939,0.99194,0.98676,0.98865
2014-12-30 22:00:00,0.98781,0.99388,0.98781,0.99384
2015-01-01 22:00:00,0.99289,1.00183,0.99265,1.00142
2015-01-04 22:00:00,1.00632,1.01124,1.00319,1.00677
2015-01-05 22:00:00,1.00676,1.01084,1.00403,1.01002
2015-01-06 22:00:00,1.01001,1.01745,1.00935,1.01423
2015-01-07 22:00:00,1.01423,1.02157,1.01358,1.01827
2015-01-08 22:00:00,1.01825,1.02085,1.01366,1.01419
2015-01-11 22:00:00,1.01347,1.01886,1.01167,1.01473
2015-01-12 22:00:00,1.01475,1.02168,1.01251,1.01997
2015-01-13 22:00:00,1.01999,1.02390,1.01365,1.01857
2015-01-14 22:00:00,1.01853,1.02197,0.81889,0.89031
2015-01-18 22:00:00,0.86088,0.87964,0.85513,0.87911
2015-01-19 22:00:00,0.87947,0.88358,0.86840,0.87535
2015-01-20 22:00:00,0.87531,0.87703,0.84985,0.85976
2015-01-21 22:00:00,0.85949,0.87478,0.85243,0.87078
2015-01-22 22:00:00,0.87082,0.88157,0.86777,0.87936
2015-01-25 22:00:00,0.87960,0.90405,0.87619,0.90243
2015-01-26 22:00:00,0.90243,0.91654,0.89319,0.90249
2015-01-27 22:00:00,0.90259,0.90869,0.89824,0.90454
2015-01-28 22:00:00,0.90459,0.92509,0.90404,0.92342
2015-01-29 22:00:00,0.92344,0.92878,0.91690,0.92017
2015-02-01 22:00:00,0.92645,0.93423,0.91972,0.92774
2015-02-02 22:00:00,0.92776,0.92933,0.91832,0.92336
2015-02-03 22:00:00,0.92333,0.92762,0.92037,0.92574
2015-02-04 22:00:00,0.92572,0.93093,0.92026,0.92102
2015-02-05 22:00:00,0.92086,0.92851,0.91582,0.92340
2015-02-08 22:00:00,0.92625,0.92832,0.91928,0.92334
2015-02-09 22:00:00,0.92325,0.92750,0.92115,0.92613
2015-02-10 22:00:00,0.92615,0.92971,0.92267,0.92823
2015-02-11 22:00:00,0.92838,0.93341,0.92541,0.93073
2015-02-12 22:00:00,0.93072,0.93328,0.92666,0.93094
2015-02-15 22:00:00,0.93068,0.93232,0.92806,0.93146
2015-02-16 22:00:00,0.93145,0.93722,0.92890,0.93656
2015-02-17 22:00:00,0.93647,0.94492,0.93121,0.94203
2015-02-18 22:00:00,0.94205,0.94974,0.93829,0.94929
2015-02-19 22:00:00,0.94942,0.95329,0.93707,0.93778
2015-02-22 22:00:00,0.94054,0.95234,0.93841,0.94967
2015-02-23 22:00:00,0.94929,0.95204,0.94667,0.95041
2015-02-24 22:00:00,0.95041,0.95081,0.94629,0.94828
2015-02-25 22:00:00,0.94825,0.95437,0.94478,0.95248
2015-02-26 22:00:00,0.95251,0.95439,0.94485,0.95412
2015-03-01 22:00:00,0.95285,0.95954,0.95278,0.95829
2015-03-02 22:00:00,0.95829,0.96153,0.95555,0.96099
2015-03-03 22:00:00,0.96112,0.96745,0.95903,0.96300
2015-03-04 22:00:00,0.96291,0.97473,0.96257,0.97338
2015-03-05 22:00:00,0.97336,0.98634,0.97195,0.98553
2015-03-08 22:00:00,0.98652,0.98719,0.98226,0.98537
2015-03-09 22:00:00,0.98551,0.99972,0.98529,0.99922
2015-03-10 22:00:00,0.99916,1.01057,0.99671,1.00878
2015-03-11 22:00:00,1.00881,1.01255,0.99791,1.00273
2015-03-12 22:00:00,1.00275,1.01111,1.00236,1.00468
2015-03-15 22:00:00,1.00482,1.00825,1.00230,1.00797
2015-03-16 22:00:00,1.00814,1.00914,1.00097,1.00575
2015-03-17 22:00:00,1.00587,1.00689,0.96267,0.98218
2015-03-18 22:00:00,0.98235,0.99778,0.97699,0.98987
2015-03-19 22:00:00,0.98987,0.99035,0.97246,0.97370
2015-03-22 22:00:00,0.97423,0.98072,0.96361,0.96573
2015-03-23 22:00:00,0.96548,0.96898,0.95315,0.95812
2015-03-24 22:00:00,0.95840,0.96152,0.95501,0.95953
2015-03-25 22:00:00,0.95948,0.96513,0.94860,0.96318
2015-03-26 22:00:00,0.96316,0.96893,0.95532,0.96126
2015-03-29 21:00:00,0.96126,0.96864,0.96016,0.96655
2015-03-30 21:00:00,0.96652,0.97511,0.96520,0.97213
2015-03-31 21:00:00,0.97184,0.97375,0.96396,0.96660
2015-04-01 21:00:00,0.96652,0.96704,0.95573,0.95938
2015-04-02 21:00:00,0.95919,0.96047,0.94757,0.94946
2015-04-05 21:00:00,0.95136,0.96008,0.94952,0.95832
2015-04-06 21:00:00,0.95826,0.96697,0.95521,0.96576
2015-04-07 21:00:00,0.96556,0.96723,0.95947,0.96630
2015-04-08 21:00:00,0.96588,0.97869,0.96568,0.97749
2015-04-09 21:00:00,0.97745,0.98342,0.97476,0.97856
2015-04-12 21:00:00,0.97856,0.98604,0.97569,0.97780
2015-04-13 21:00:00,0.97734,0.97922,0.96702,0.97191
2015-04-14 21:00:00,0.97188,0.97686,0.96350,0.96445
2015-04-15 21:00:00,0.96445,0.97105,0.95396,0.95595
2015-04-16 21:00:00,0.95595,0.95839,0.94940,0.95134
2015-04-19 21:00:00,0.95134,0.95990,0.95000,0.95601
2015-04-20 21:00:00,0.95601,0.96244,0.95050,0.95490
2015-04-21 21:00:00,0.95490,0.97130,0.95001,0.97120
2015-04-22 21:00:00,0.97120,0.97186,0.95300,0.95456
2015-04-23 21:00:00,0.95456,0.95740,0.95098,0.95332
2015-04-26 21:00:00,0.95386,0.95837,0.94924,0.95488
2015-04-27 21:00:00,0.95454,0.95981,0.95037,0.95584
2015-04-28 21:00:00,0.95478,0.95723,0.93400,0.93929
2015-04-29 21:00:00,0.93924,0.94470,0.93078,0.93252
2015-04-30 21:00:00,0.93202,0.93520,0.92772,0.93247
2015-05-03 21:00:00,0.93336,0.93838,0.93129,0.93337
2015-05-04 21:00:00,0.93333,0.94129,0.92390,0.92642
2015-05-05 21:00:00,0.92630,0.92805,0.91139,0.91561
2015-05-06 21:00:00,0.91552,0.92259,0.90727,0.92168
2015-05-07 21:00:00,0.92167,0.93234,0.92025,0.93193
2015-05-10 21:00:00,0.93143,0.93536,0.92961,0.93413
2015-05-11 21:00:00,0.93412,0.93579,0.92107,0.92926
2015-05-12 21:00:00,0.92891,0.92945,0.91538,0.91668
2015-05-13 21:00:00,0.91659,0.91768,0.90784,0.91205
2015-05-14 21:00:00,0.91203,0.92548,0.91146,0.91549
2015-05-17 21:00:00,0.91563,0.92644,0.91479,0.92617
2015-05-18 21:00:00,0.92629,0.93841,0.92458,0.93675
2015-05-19 21:00:00,0.93656,0.94052,0.93404,0.93692
2015-05-20 21:00:00,0.93687,0.93817,0.93058,0.93670
2015-05-21 21:00:00,0.93671,0.94563,0.92873,0.94337
2015-05-24 21:00:00,0.94291,0.94564,0.94047,0.94496
2015-05-25 21:00:00,0.94500,0.95362,0.94463,0.95319
2015-05-26 21:00:00,0.95325,0.95429,0.94667,0.94936
2015-05-27 21:00:00,0.94938,0.95123,0.94177,0.94367
2015-05-28 21:00:00,0.94346,0.94786,0.93484,0.94012
2015-05-31 21:00:00,0.94021,0.94835,0.93898,0.94592
2015-06-01 21:00:00,0.94585,0.94678,0.93081,0.93308
2015-06-02 21:00:00,0.93277,0.94221,0.93029,0.93375
2015-06-03 21:00:00,0.93373,0.93709,0.92783,0.93358
2015-06-04 21:00:00,0.93342,0.95014,0.92985,0.93904
2015-06-07 21:00:00,0.94095,0.94290,0.92560,0.92736
2015-06-08 21:00:00,0.92721,0.93322,0.92460,0.93051
2015-06-09 21:00:00,0.93041,0.93247,0.92331,0.93117
2015-06-10 21:00:00,0.93115,0.94060,0.92986,0.93306
2015-06-11 21:00:00,0.93281,0.93909,0.92414,0.92862
2015-06-14 21:00:00,0.92967,0.93840,0.92745,0.92922
2015-06-15 21:00:00,0.92939,0.93350,0.92717,0.93212
2015-06-16 21:00:00,0.93206,0.93250,0.91970,0.92178
2015-06-17 21:00:00,0.92161,0.92453,0.91509,0.92125
2015-06-18 21:00:00,0.92128,0.92492,0.91630,0.91806
2015-06-21 21:00:00,0.91684,0.92254,0.91569,0.92141
2015-06-22 21:00:00,0.92133,0.93879,0.92085,0.93373
2015-06-23 21:00:00,0.93379,0.93691,0.92811,0.93358
2015-06-24 21:00:00,0.93354,0.94155,0.93249,0.93636
2015-06-25 21:00:00,0.93637,0.93733,0.93000,0.93355
2015-06-28 21:00:00,0.93795,0.94274,0.92433,0.92488
2015-06-29 21:00:00,0.92476,0.93808,0.92456,0.93512
2015-06-30 21:00:00,0.93636,0.94894,0.93418,0.94792
2015-07-01 21:00:00,0.94800,0.95039,0.94185,0.94338
2015-07-02 21:00:00,0.94333,0.94413,0.93965,0.93977
2015-07-05 21:00:00,0.94304,0.94717,0.94072,0.94244
2015-07-06 21:00:00,0.94252,0.95152,0.94203,0.94654
2015-07-07 21:00:00,0.94654,0.95094,0.94079,0.94497
2015-07-08 21:00:00,0.94497,0.95149,0.94245,0.94764
2015-07-09 21:00:00,0.94764,0.94892,0.93293,0.93815
2015-07-12 21:00:00,0.94059,0.95028,0.93673,0.95015
2015-07-13 21:00:00,0.95015,0.95316,0.94005,0.94462
2015-07-14 21:00:00,0.94463,0.95468,0.94417,0.95190
2015-07-15 21:00:00,0.95180,0.95833,0.95145,0.95765
2015-07-16 21:00:00,0.95756,0.96184,0.95570,0.96152
2015-07-19 21:00:00,0.96109,0.96481,0.95998,0.96454
2015-07-20 21:00:00,0.96450,0.96483,0.95598,0.95817
2015-07-21 21:00:00,0.95819,0.96319,0.95608,0.95973
2015-07-22 21:00:00,0.95970,0.96024,0.95249,0.95973
2015-07-23 21:00:00,0.95865,0.96353,0.95733,0.96238
2015-07-26 21:00:00,0.96213,0.96325,0.95298,0.96248
2015-07-27 21:00:00,0.96212,0.96739,0.96042,0.96225
2015-07-28 21:00:00,0.96217,0.96890,0.95985,0.96780
2015-07-29 21:00:00,0.96727,0.97188,0.96641,0.96899
2015-07-30 21:00:00,0.96957,0.96957,0.95478,0.96529
2015-08-02 21:00:00,0.96489,0.97021,0.96422,0.96910
2015-08-03 21:00:00,0.96892,0.97893,0.96676,0.97817
2015-08-04 21:00:00,0.97787,0.98213,0.97598,0.97881
2015-08-05 21:00:00,0.97846,0.98471,0.97669,0.98054
2015-08-06 21:00:00,0.98029,0.98832,0.97861,0.98352
2015-08-09 21:00:00,0.98153,0.98905,0.98028,0.98305
2015-08-10 21:00:00,0.98338,0.99026,0.98012,0.98750
2015-08-11 21:00:00,0.98744,0.98898,0.96767,0.97467
2015-08-12 21:00:00,0.97514,0.97934,0.97292,0.97562
2015-08-13 21:00:00,0.97576,0.97864,0.97273,0.97576
2015-08-16 21:00:00,0.97573,0.97980,0.97415,0.97817
2015-08-17 21:00:00,0.97821,0.97953,0.97510,0.97665
2015-08-18 21:00:00,0.97664,0.97771,0.96433,0.96495
2015-08-19 21:00:00,0.96455,0.96712,0.95770,0.95773
2015-08-20 21:00:00,0.95810,0.95943,0.94589,0.94598
2015-08-23 21:00:00,0.94582,0.94811,0.92577,0.92930
2015-08-24 21:00:00,0.92977,0.95053,0.92889,0.93810
2015-08-25 21:00:00,0.93818,0.95512,0.93797,0.95324
2015-08-26 21:00:00,0.95363,0.96718,0.95118,0.96578
2015-08-27 21:00:00,0.96587,0.96664,0.95780,0.96229
2015-08-30 21:00:00,0.96105,0.96896,0.95865,0.96722
2015-08-31 21:00:00,0.96651,0.96728,0.95688,0.95867
2015-09-01 21:00:00,0.95775,0.96995,0.95710,0.96920
2015-09-02 21:00:00,0.96907,0.97701,0.96817,0.97304
2015-09-03 21:00:00,0.97272,0.97695,0.96823,0.97194
2015-09-06 21:00:00,0.97124,0.97637,0.97066,0.97447
2015-09-07 21:00:00,0.97386,0.98208,0.96992,0.97870
2015-09-08 21:00:00,0.97825,0.98234,0.97150,0.97527
2015-09-09 21:00:00,0.97458,0.97926,0.97007,0.97285
2015-09-10 21:00:00,0.97261,0.97959,0.96815,0.96931
2015-09-13 21:00:00,0.96900,0.97190,0.96671,0.96831
2015-09-14 21:00:00,0.96825,0.97630,0.96701,0.97384
2015-09-15 21:00:00,0.97357,0.97622,0.96693,0.97113
2015-09-16 21:00:00,0.97098,0.97242,0.95909,0.95909
2015-09-17 21:00:00,0.95962,0.97046,0.95270,0.96809
2015-09-20 21:00:00,0.96951,0.97400,0.96423,0.97138
2015-09-21 21:00:00,0.97143,0.97526,0.97068,0.97482
2015-09-22 21:00:00,0.97476,0.98009,0.97351,0.97966
2015-09-23 21:00:00,0.97967,0.98034,0.96670,0.97472
2015-09-24 21:00:00,0.97493,0.98430,0.97426,0.97848
2015-09-27 21:00:00,0.97639,0.98157,0.97215,0.97335
2015-09-28 21:00:00,0.97329,0.97491,0.96863,0.97146
2015-09-29 21:00:00,0.97205,0.97756,0.97060,0.97304
2015-09-30 21:00:00,0.97299,0.97884,0.97212,0.97711
2015-10-01 21:00:00,0.97703,0.97944,0.96447,0.97130
2015-10-04 21:00:00,0.97079,0.97671,0.96854,0.97527
2015-10-05 21:00:00,0.97534,0.97666,0.96641,0.96647
2015-10-06 21:00:00,0.96627,0.97393,0.96476,0.97330
2015-10-07 21:00:00,0.97325,0.97367,0.96221,0.96588
2015-10-08 21:00:00,0.96475,0.96748,0.95859,0.96146
2015-10-11 21:00:00,0.96067,0.96306,0.95946,0.96242
2015-10-12 21:00:00,0.96246,0.96458,0.95541,0.95770
2015-10-13 21:00:00,0.95772,0.95851,0.94837,0.94925
2015-10-14 21:00:00,0.94933,0.95523,0.94757,0.95044
2015-10-15 21:00:00,0.95020,0.95529,0.94962,0.95345
2015-10-18 21:00:00,0.95069,0.95776,0.95069,0.95597
2015-10-19 21:00:00,0.95662,0.95705,0.94933,0.95583
2015-10-20 21:00:00,0.95568,0.96103,0.95275,0.95948
2015-10-21 21:00:00,0.95932,0.97385,0.95794,0.97297
2015-10-22 21:00:00,0.97289,0.98004,0.97111,0.97863
2015-10-25 22:00:00,0.97885,0.98386,0.97559,0.98256
2015-10-26 22:00:00,0.98256,0.98737,0.98054,0.98606
2015-10-27 22:00:00,0.98601,0.99571,0.98194,0.99386
2015-10-28 22:00:00,0.99392,0.99554,0.98850,0.98895
2015-10-29 22:00:00,0.98892,0.99103,0.98450,0.98744
2015-11-01 22:00:00,0.98525,0.98913,0.98351,0.98697
2015-11-02 22:00:00,0.98530,0.99251,0.98439,0.99084
2015-11-03 22:00:00,0.99062,0.99513,0.98846,0.99315
2015-11-04 22:00:00,0.99302,0.99789,0.99208,0.99514
2015-11-05 22:00:00,0.99489,1.00760,0.99436,1.00519
2015-11-08 22:00:00,1.00450,1.00614,0.99972,1.00333
2015-11-09 22:00:00,1.00281,1.00864,1.00191,1.00626
2015-11-10 22:00:00,1.00587,1.00717,1.00288,1.00442
2015-11-11 22:00:00,1.00434,1.00848,0.99886,0.99952
2015-11-12 22:00:00,0.99983,1.00943,0.99976,1.00568
2015-11-15 22:00:00,1.00535,1.01028,1.00432,1.00952
2015-11-16 22:00:00,1.00948,1.01704,1.00916,1.01446
2015-11-17 22:00:00,1.01435,1.02198,1.01274,1.01987
2015-11-18 22:00:00,1.01962,1.02017,1.01217,1.01255
2015-11-19 22:00:00,1.01254,1.01976,1.01218,1.01809
2015-11-22 22:00:00,1.01908,1.02255,1.01749,1.01785
2015-11-23 22:00:00,1.01785,1.01937,1.01438,1.01672
2015-11-24 22:00:00,1.01628,1.02605,1.01432,1.02170
2015-11-25 22:00:00,1.01848,1.02528,1.01848,1.02361
2015-11-26 22:00:00,1.02332,1.03280,1.02253,1.02919
2015-11-29 22:00:00,1.02965,1.03193,1.02578,1.02881
2015-11-30 22:00:00,1.02892,1.03013,1.02537,1.02587
2015-12-01 22:00:00,1.02565,1.03073,1.01790,1.01823
2015-12-02 22:00:00,1.01825,1.02636,0.98747,0.99318
2015-12-03 22:00:00,0.99272,1.00340,0.99107,0.99636
2015-12-06 22:00:00,0.99683,1.00311,0.99611,0.99978
2015-12-07 22:00:00,0.99974,1.00098,0.99168,0.99224
2015-12-08 22:00:00,0.99197,0.99442,0.98197,0.98283
2015-12-09 22:00:00,0.98307,0.99075,0.98271,0.98764
2015-12-10 22:00:00,0.98753,0.98981,0.98029,0.98244
2015-12-13 22:00:00,0.98307,0.98719,0.97858,0.98511
2015-12-14 22:00:00,0.98479,0.99244,0.97978,0.99106
2015-12-15 22:00:00,0.99123,0.99203,0.98096,0.98975
2015-12-16 22:00:00,0.98763,0.99907,0.98672,0.99589
2015-12-17 22:00:00,0.99576,0.99750,0.99148,0.99152
2015-12-20 22:00:00,0.99221,0.99682,0.98968,0.99222
2015-12-21 22:00:00,0.99177,0.99371,0.98570,0.98709
2015-12-22 22:00:00,0.98559,0.99450,0.98553,0.99044
2015-12-23 22:00:00,0.99103,0.99175,0.98521,0.98727
2015-12-27 22:00:00,0.98524,0.99017,0.98523,0.98814
2015-12-28 22:00:00,0.98787,0.99427,0.98610,0.99307
2015-12-29 22:00:00,0.99283,0.99283,0.98566,0.98842
2015-12-30 22:00:00,0.98820,1.00202,0.98717,0.99980
2016-01-03 22:00:00,1.00058,1.00624,0.99235,1.00194
2016-01-04 22:00:00,1.00182,1.01238,1.00067,1.00840
2016-01-05 22:00:00,1.00836,1.01207,1.00566,1.00704
2016-01-06 22:00:00,1.00699,1.00794,0.99217,0.99296
2016-01-07 22:00:00,0.99296,1.00515,0.99296,0.99443
2016-01-10 22:00:00,0.99424,1.00227,0.98797,1.00128
2016-01-11 22:00:00,1.00128,1.00457,0.99657,1.00186
2016-01-12 22:00:00,1.00195,1.01059,1.00146,1.00559
2016-01-13 22:00:00,1.00555,1.00913,1.00088,1.00466
2016-01-14 22:00:00,1.00460,1.00603,0.99574,1.00124
2016-01-17 22:00:00,1.00086,1.00724,1.00014,1.00494
2016-01-18 22:00:00,1.00498,1.00813,1.00015,1.00329
2016-01-19 22:00:00,1.00302,1.00571,0.99903,1.00347
2016-01-20 22:00:00,1.00365,1.01458,1.00120,1.00727
2016-01-21 22:00:00,1.00700,1.01651,1.00660,1.01486
2016-01-24 22:00:00,1.01485,1.01666,1.01242,1.01253
2016-01-25 22:00:00,1.01253,1.01983,1.01175,1.01657
2016-01-26 22:00:00,1.01673,1.01888,1.01298,1.01484
2016-01-27 22:00:00,1.01468,1.01770,1.01099,1.01362
2016-01-28 22:00:00,1.01361,1.02558,1.01316,1.02247
2016-01-31 22:00:00,1.02096,1.02490,1.01549,1.01940
2016-02-01 22:00:00,1.01910,1.02238,1.01698,1.01820
2016-02-02 22:00:00,1.01818,1.01937,0.99873,1.00409
2016-02-03 22:00:00,1.00408,1.00736,0.99213,0.99284
2016-02-04 22:00:00,0.99276,0.99845,0.98811,0.99048
2016-02-07 22:00:00,0.99107,0.99727,0.98406,0.98671
2016-02-08 22:00:00,0.98670,0.98737,0.96944,0.97268
2016-02-09 22:00:00,0.97272,0.98190,0.97089,0.97318
2016-02-10 22:00:00,0.97307,0.97619,0.96603,0.97218
2016-02-11 22:00:00,0.97212,0.97902,0.97136,0.97611
2016-02-14 22:00:00,0.97687,0.98888,0.97552,0.98654
2016-02-15 22:00:00,0.98654,0.98954,0.98468,0.98829
2016-02-16 22:00:00,0.98832,0.99412,0.98523,0.99223
2016-02-17 22:00:00,0.99223,0.99682,0.99038,0.99265
2016-02-18 22:00:00,0.99262,0.99671,0.98879,0.98904
2016-02-21 22:00:00,0.98851,1.00029,0.98851,0.99946
2016-02-22 22:00:00,0.99955,1.00009,0.98948,0.99120
2016-02-23 22:00:00,0.99086,0.99520,0.98521,0.98858
2016-02-24 22:00:00,0.98868,0.99519,0.98769,0.99007
2016-02-25 22:00:00,0.99013,0.99883,0.98704,0.99654
2016-02-28 22:00:00,0.99698,1.00374,0.99482,0.99798
2016-02-29 22:00:00,0.99794,1.00089,0.99596,0.99701
2016-03-01 22:00:00,0.99680,1.00085,0.99546,0.99632
2016-03-02 22:00:00,0.99601,0.99820,0.98914,0.99176
2016-03-03 22:00:00,0.99183,0.99880,0.98780,0.99230
2016-03-06 22:00:00,0.99250,1.00116,0.99232,0.99508
2016-03-07 22:00:00,0.99475,0.99699,0.99009,0.99545
2016-03-08 22:00:00,0.99566,1.00384,0.99385,0.99711
2016-03-09 22:00:00,0.99706,1.00918,0.98094,0.98493
2016-03-10 22:00:00,0.98464,0.98899,0.98025,0.98232
2016-03-13 22:00:00,0.98288,0.98809,0.98154,0.98710
2016-03-14 22:00:00,0.98723,0.98955,0.98488,0.98691
2016-03-15 22:00:00,0.98693,0.99130,0.97498,0.97800
2016-03-16 22:00:00,0.97800,0.97858,0.96502,0.96709
2016-03-17 22:00:00,0.96694,0.97166,0.96539,0.96871
2016-03-20 22:00:00,0.96968,0.97297,0.96747,0.97048
2016-03-21 22:00:00,0.97046,0.97359,0.96879,0.97284
2016-03-22 22:00:00,0.97284,0.97657,0.97251,0.97510
2016-03-23 22:00:00,0.97519,0.97728,0.97365,0.97554
2016-03-24 22:00:00,0.97554,0.97867,0.97503,0.97678
2016-03-27 21:00:00,0.97648,0.97856,0.97222,0.97381
2016-03-28 21:00:00,0.97341,0.97623,0.96573,0.96612
2016-03-29 21:00:00,0.96603,0.96696,0.95922,0.96486
2016-03-30 21:00:00,0.96467,0.96624,0.95712,0.96165
2016-03-31 21:00:00,0.96144,0.96251,0.95544,0.95759
2016-04-03 21:00:00,0.95718,0.96144,0.95687,0.95839
2016-04-04 21:00:00,0.95827,0.96040,0.95459,0.95589
2016-04-05 21:00:00,0.95578,0.96213,0.95300,0.95550
2016-04-06 21:00:00,0.95528,0.95806,0.95213,0.95540
2016-04-07 21:00:00,0.95523,0.95818,0.95169,0.95212
2016-04-10 21:00:00,0.95217,0.95700,0.95018,0.95419
2016-04-11 21:00:00,0.95338,0.95931,0.94989,0.95487
2016-04-12 21:00:00,0.95471,0.96713,0.95470,0.96666
2016-04-13 21:00:00,0.96642,0.96876,0.96370,0.96658
2016-04-14 21:00:00,0.96651,0.96874,0.96474,0.96748
2016-04-17 21:00:00,0.96427,0.96787,0.96274,0.96399
2016-04-18 21:00:00,0.96357,0.96497,0.95843,0.96164
2016-04-19 21:00:00,0.96164,0.97326,0.96022,0.97215
2016-04-20 21:00:00,0.97215,0.97518,0.96470,0.97508
2016-04-21 21:00:00,0.97482,0.97969,0.97318,0.97817
2016-04-24 21:00:00,0.97869,0.97886,0.97357,0.97495
2016-04-25 21:00:00,0.97465,0.97667,0.97011,0.97327
2016-04-26 21:00:00,0.97331,0.97526,0.96797,0.97094
2016-04-27 21:00:00,0.97070,0.97325,0.96562,0.96645
2016-04-28 21:00:00,0.96642,0.96743,0.95672,0.95917
2016-05-01 21:00:00,0.95725,0.96046,0.95342,0.95407
2016-05-02 21:00:00,0.95419,0.95536,0.94435,0.95448
2016-05-03 21:00:00,0.95399,0.95896,0.95251,0.95766
2016-05-04 21:00:00,0.95738,0.96960,0.95677,0.96761
2016-05-05 21:00:00,0.96731,0.97289,0.96429,0.97165
2016-05-08 21:00:00,0.97158,0.97353,0.96834,0.97107
2016-05-09 21:00:00,0.97092,0.97623,0.96981,0.97586
2016-05-10 21:00:00,0.97570,0.97603,0.96982,0.97079
2016-05-11 21:00:00,0.97075,0.97254,0.96629,0.97048
2016-05-12 21:00:00,0.96996,0.97738,0.96973,0.97518
2016-05-15 21:00:00,0.97419,0.97839,0.97373,0.97760
2016-05-16 21:00:00,0.97735,0.98080,0.97508,0.98026
2016-05-17 21:00:00,0.97989,0.98798,0.97979,0.98766
2016-05-18 21:00:00,0.98731,0.99220,0.98623,0.99054
2016-05-19 21:00:00,0.99037,0.99263,0.98957,0.98968
2016-05-22 21:00:00,0.98997,0.99230,0.98828,0.98935
2016-05-23 21:00:00,0.98912,0.99372,0.98889,0.99301
2016-05-24 21:00:00,0.99247,0.99347,0.98960,0.99113
2016-05-25 21:00:00,0.99075,0.99288,0.98716,0.98912
2016-05-26 21:00:00,0.98890,0.99482,0.98845,0.99461
2016-05-29 21:00:00,0.99415,0.99556,0.99192,0.99210
2016-05-30 21:00:00,0.99181,0.99506,0.98859,0.99358
2016-05-31 21:00:00,0.99377,0.99505,0.98614,0.98805
2016-06-01 21:00:00,0.98673,0.99100,0.98581,0.99039
2016-06-02 21:00:00,0.98955,0.99196,0.97533,0.97556
2016-06-05 21:00:00,0.97571,0.97754,0.96812,0.97028
2016-06-06 21:00:00,0.97026,0.97133,0.96445,0.96496
2016-06-07 21:00:00,0.96511,0.96586,0.95807,0.95906
2016-06-08 21:00:00,0.95901,0.96556,0.95775,0.96426
2016-06-09 21:00:00,0.96385,0.96572,0.96161,0.96398
2016-06-12 21:00:00,0.96328,0.96778,0.96184,0.96425
2016-06-13 21:00:00,0.96380,0.96682,0.96203,0.96317
2016-06-14 21:00:00,0.96305,0.96633,0.95906,0.96125
2016-06-15 21:00:00,0.96117,0.96862,0.95712,0.96486
2016-06-16 21:00:00,0.96486,0.96589,0.95872,0.95955
2016-06-19 21:00:00,0.96015,0.96414,0.95752,0.96154
2016-06-20 21:00:00,0.96105,0.96230,0.95716,0.96210
2016-06-21 21:00:00,0.96212,0.96275,0.95501,0.95792
2016-06-22 21:00:00,0.95792,0.96009,0.95209,0.95775
2016-06-23 21:00:00,0.95694,0.98022,0.95510,0.96904
2016-06-26 21:00:00,0.97402,0.98191,0.97049,0.97829
2016-06-27 21:00:00,0.97789,0.98367,0.97625,0.98166
2016-06-28 21:00:00,0.98119,0.98226,0.97793,0.97966
2016-06-29 21:00:00,0.97919,0.98197,0.97273,0.97597
2016-06-30 21:00:00,0.97593,0.97807,0.97098,0.97265
2016-07-03 21:00:00,0.97185,0.97581,0.97021,0.97030
2016-07-04 21:00:00,0.97026,0.97736,0.96842,0.97668
2016-07-05 21:00:00,0.97622,0.98056,0.97396,0.97469
2016-07-06 21:00:00,0.97436,0.97915,0.97403,0.97788
2016-07-07 21:00:00,0.97691,0.98651,0.97597,0.98265
2016-07-10 21:00:00,0.98129,0.98573,0.98105,0.98280
2016-07-11 21:00:00,0.98252,0.98938,0.97948,0.98893
2016-07-12 21:00:00,0.98894,0.98937,0.98211,0.98534
2016-07-13 21:00:00,0.98495,0.98520,0.97637,0.98069
2016-07-14 21:00:00,0.98032,0.98465,0.97816,0.98172
2016-07-17 21:00:00,0.98145,0.98463,0.98107,0.98229
2016-07-18 21:00:00,0.98213,0.98773,0.98147,0.98536
2016-07-19 21:00:00,0.98492,0.99037,0.98472,0.98706
2016-07-20 21:00:00,0.98703,0.99061,0.98398,0.98557
2016-07-21 21:00:00,0.98545,0.98949,0.98430,0.98664
2016-07-24 21:00:00,0.98669,0.98943,0.98491,0.98582
2016-07-25 21:00:00,0.98554,0.99273,0.98343,0.99245
2016-07-26 21:00:00,0.99151,0.99498,0.98574,0.98587
2016-07-27 21:00:00,0.98585,0.98667,0.97931,0.98088
2016-07-28 21:00:00,0.97987,0.98094,0.96350,0.96937
2016-07-31 21:00:00,0.96867,0.97023,0.96632,0.96819
2016-08-01 21:00:00,0.96864,0.96943,0.96328,0.96387
2016-08-02 21:00:00,0.96327,0.97380,0.96327,0.97283
2016-08-03 21:00:00,0.97297,0.97493,0.97206,0.97385
2016-08-04 21:00:00,0.97371,0.98300,0.97261,0.98035
2016-08-07 21:00:00,0.97895,0.98413,0.97734,0.98242
2016-08-08 21:00:00,0.98198,0.98430,0.98111,0.98116
2016-08-09 21:00:00,0.98116,0.98180,0.97457,0.97482
2016-08-10 21:00:00,0.97458,0.97653,0.97109,0.97538
2016-08-11 21:00:00,0.97511,0.97652,0.97081,0.97444
2016-08-14 21:00:00,0.97309,0.97585,0.97126,0.97248
2016-08-15 21:00:00,0.97279,0.97330,0.95887,0.96168
2016-08-16 21:00:00,0.96158,0.96573,0.95928,0.96166
2016-08-17 21:00:00,0.96169,0.96282,0.95367,0.95431
2016-08-18 21:00:00,0.95380,0.96106,0.95348,0.96004
2016-08-21 21:00:00,0.96077,0.96483,0.95935,0.96211
2016-08-22 21:00:00,0.96238,0.96330,0.95930,0.96288
2016-08-23 21:00:00,0.96280,0.96833,0.96237,0.96681
2016-08-24 21:00:00,0.96676,0.96869,0.96406,0.96744
2016-08-25 21:00:00,0.96735,0.97921,0.96311,0.97808
2016-08-28 21:00:00,0.97817,0.98061,0.97643,0.97818
2016-08-29 21:00:00,0.97768,0.98442,0.97717,0.98380
2016-08-30 21:00:00,0.98302,0.98628,0.98171,0.98374
2016-08-31 21:00:00,0.98338,0.98844,0.97847,0.97995
2016-09-01 21:00:00,0.97922,0.98187,0.97386,0.97994
2016-09-04 21:00:00,0.97956,0.98134,0.97717,0.97977
2016-09-05 21:00:00,0.97903,0.98102,0.96928,0.96947
2016-09-06 21:00:00,0.96942,0.97090,0.96693,0.96966
2016-09-07 21:00:00,0.96893,0.97371,0.96489,0.97224
2016-09-08 21:00:00,0.97243,0.97839,0.97098,0.97457
2016-09-11 21:00:00,0.97415,0.97625,0.96899,0.97197
2016-09-12 21:00:00,0.97150,0.97840,0.97066,0.97598
2016-09-13 21:00:00,0.97570,0.97893,0.97057,0.97322
2016-09-14 21:00:00,0.97247,0.97671,0.96932,0.97173
2016-09-15 21:00:00,0.97168,0.98174,0.97094,0.97988
2016-09-18 21:00:00,0.97982,0.98182,0.97826,0.97993
2016-09-19 21:00:00,0.97966,0.98101,0.97614,0.97908
2016-09-20 21:00:00,0.97905,0.98135,0.97195,0.97358
2016-09-21 21:00:00,0.97355,0.97408,0.96593,0.96847
2016-09-22 21:00:00,0.96850,0.97420,0.96833,0.97008
2016-09-25 21:00:00,0.96902,0.97078,0.96606,0.96908
2016-09-26 21:00:00,0.96909,0.97285,0.96610,0.97061
2016-09-27 21:00:00,0.97068,0.97362,0.96908,0.97089
2016-09-28 21:00:00,0.97006,0.97232,0.96395,0.96587
2016-09-29 21:00:00,0.96576,0.97756,0.96472,0.97112
2016-10-02 21:00:00,0.97118,0.97440,0.96877,0.97330
2016-10-03 21:00:00,0.97189,0.98284,0.97189,0.97869
2016-10-04 21:00:00,0.97850,0.97922,0.97327,0.97404
2016-10-05 21:00:00,0.97470,0.98182,0.97284,0.98056
2016-10-06 21:00:00,0.98059,0.98387,0.97667,0.97732
2016-10-09 21:00:00,0.97772,0.98386,0.97669,0.98238
2016-10-10 21:00:00,0.98246,0.98930,0.98198,0.98868
2016-10-11 21:00:00,0.98830,0.99092,0.98736,0.99047
2016-10-12 21:00:00,0.99048,0.99090,0.98588,0.98595
2016-10-13 21:00:00,0.98591,0.99044,0.98552,0.98785
2016-10-16 21:00:00,0.98987,0.99061,0.98711,0.98875
2016-10-17 21:00:00,0.98855,0.99138,0.98661,0.98968
2016-10-18 21:00:00,0.98955,0.99046,0.98742,0.98897
2016-10-19 21:00:00,0.98872,0.99326,0.98417,0.99238
2016-10-20 21:00:00,0.99243,0.99618,0.99217,0.99331
2016-10-23 21:00:00,0.99424,0.99559,0.99152,0.99339
2016-10-24 21:00:00,0.99288,0.99984,0.99288,0.99433
2016-10-25 21:00:00,0.99404,0.99582,0.99029,0.99310
2016-10-26 21:00:00,0.99324,0.99506,0.99112,0.99335
2016-10-27 21:00:00,0.99328,0.99500,0.98574,0.98825
2016-10-30 22:00:00,0.98734,0.99069,0.98711,0.98882
2016-10-31 22:00:00,0.98883,0.98980,0.97278,0.97481
2016-11-01 22:00:00,0.97492,0.97535,0.96947,0.97311
2016-11-02 22:00:00,0.97313,0.97597,0.96947,0.97382
2016-11-03 22:00:00,0.97382,0.97576,0.96737,0.96737
2016-11-06 22:00:00,0.97598,0.97890,0.97295,0.97407
2016-11-07 22:00:00,0.97377,0.97894,0.97348,0.97781
2016-11-08 22:00:00,0.97771,0.98472,0.95490,0.98430
2016-11-09 22:00:00,0.98405,0.98962,0.98200,0.98655
2016-11-10 22:00:00,0.98653,0.98931,0.98316,0.98670
2016-11-13 22:00:00,0.98890,1.00016,0.98809,0.99796
2016-11-14 22:00:00,0.99707,1.00241,0.99286,1.00165
2016-11-15 22:00:00,1.00155,1.00575,0.99830,1.00171
2016-11-16 22:00:00,1.00168,1.00730,0.99936,1.00684
2016-11-17 22:00:00,1.00675,1.01229,1.00599,1.00906
2016-11-20 22:00:00,1.00990,1.01163,1.00743,1.00850
2016-11-21 22:00:00,1.00843,1.01339,1.00672,1.01090
2016-11-22 22:00:00,1.01126,1.01819,1.00913,1.01611
2016-11-23 22:00:00,1.01533,1.01912,1.01449,1.01599
2016-11-24 22:00:00,1.01516,1.01856,1.01045,1.01284
2016-11-27 22:00:00,1.01210,1.01674,1.00788,1.01286
2016-11-28 22:00:00,1.01036,1.01761,1.01036,1.01168
2016-11-29 22:00:00,1.01158,1.02043,1.01065,1.01711
2016-11-30 22:00:00,1.01628,1.01778,1.00989,1.01032
2016-12-01 22:00:00,1.01020,1.01220,1.00668,1.00953
2016-12-04 22:00:00,1.01099,1.01808,1.00497,1.00612
2016-12-05 22:00:00,1.00561,1.01150,1.00490,1.01008
2016-12-06 22:00:00,1.00952,1.01091,1.00653,1.00723
2016-12-07 22:00:00,1.00778,1.01778,1.00193,1.01615
2016-12-08 22:00:00,1.01623,1.02131,1.01528,1.01749
2016-12-11 22:00:00,1.01768,1.01982,1.01236,1.01309
2016-12-12 22:00:00,1.01255,1.01457,1.00999,1.01178
2016-12-13 22:00:00,1.01148,1.02229,1.00830,1.02017
2016-12-14 22:00:00,1.01974,1.03433,1.01944,1.02982
2016-12-15 22:00:00,1.02963,1.03111,1.02407,1.02520
2016-12-18 22:00:00,1.02603,1.02825,1.02206,1.02739
2016-12-19 22:00:00,1.02724,1.03199,1.02594,1.02857
2016-12-20 22:00:00,1.02828,1.02951,1.02263,1.02667
2016-12-21 22:00:00,1.02649,1.02690,1.02175,1.02536
2016-12-22 22:00:00,1.02521,1.02806,1.02426,1.02507
2016-12-25 22:00:00,1.02519,1.02743,1.02341,1.02649
2016-12-26 22:00:00,1.02625,1.02979,1.02625,1.02751
2016-12-27 22:00:00,1.02743,1.03209,1.02640,1.02756
2016-12-28 22:00:00,1.02820,1.02849,1.02066,1.02297
2016-12-29 22:00:00,1.02302,1.02310,1.00467,1.01910
2017-01-01 22:00:00,1.01750,1.02384,1.01332,1.02233
2017-01-02 22:00:00,1.02250,1.03348,1.01923,1.02700
2017-01-03 22:00:00,1.02752,1.02905,1.02005,1.02009
2017-01-04 22:00:00,1.02003,1.02206,1.00864,1.00958
2017-01-05 22:00:00,1.00951,1.01836,1.00888,1.01692
2017-01-08 22:00:00,1.01700,1.01970,1.01411,1.01468
2017-01-09 22:00:00,1.01479,1.01777,1.01100,1.01653
2017-01-10 22:00:00,1.01674,1.02479,1.01007,1.01393
2017-01-11 22:00:00,1.01386,1.01489,1.00558,1.01053
2017-01-12 22:00:00,1.01028,1.01212,1.00415,1.00752
2017-01-15 22:00:00,1.00936,1.01359,1.00886,1.01144
2017-01-16 22:00:00,1.01070,1.01196,0.99957,1.00120
2017-01-17 22:00:00,1.00147,1.00748,1.00076,1.00689
2017-01-18 22:00:00,1.00651,1.01216,1.00413,1.00599
2017-01-19 22:00:00,1.00524,1.00933,1.00018,1.00018
2017-01-22 22:00:00,1.00077,1.00229,0.99590,0.99597
2017-01-23 22:00:00,0.99613,1.00187,0.99569,1.00077
2017-01-24 22:00:00,1.00089,1.00257,0.99656,0.99908
2017-01-25 22:00:00,0.99880,1.00258,0.99679,0.99952
2017-01-26 22:00:00,0.99858,1.00273,0.99690,0.99898
2017-01-29 22:00:00,0.99649,1.00442,0.99333,0.99485
2017-01-30 22:00:00,0.99470,0.99657,0.98610,0.98875
2017-01-31 22:00:00,0.98917,0.99551,0.98834,0.99262
2017-02-01 22:00:00,0.99240,0.99379,0.98693,0.99258
2017-02-02 22:00:00,0.99256,0.99850,0.99064,0.99176
2017-02-05 22:00:00,0.99081,0.99611,0.99034,0.99045
2017-02-06 22:00:00,0.99055,1.00063,0.99033,0.99725
2017-02-07 22:00:00,0.99715,0.99992,0.99297,0.99442
2017-02-08 22:00:00,0.99435,1.00185,0.99360,1.00133
2017-02-09 22:00:00,1.00120,1.00619,1.00082,1.00145
2017-02-12 22:00:00,1.00233,1.00688,1.00185,1.00543
2017-02-13 22:00:00,1.00522,1.00842,1.00306,1.00586
2017-02-14 22:00:00,1.00593,1.01182,1.00468,1.00496
2017-02-15 22:00:00,1.00489,1.00565,0.99661,0.99674
2017-02-16 22:00:00,0.99689,1.00332,0.99648,1.00214
2017-02-19 22:00:00,1.00230,1.00440,1.00110,1.00235
2017-02-20 22:00:00,1.00237,1.01052,1.00203,1.00930
2017-02-21 22:00:00,1.00917,1.01405,1.00773,1.01033
2017-02-22 22:00:00,1.00970,1.01158,1.00535,1.00600
2017-02-23 22:00:00,1.00587,1.00803,1.00249,1.00667
2017-02-26 22:00:00,1.00691,1.00977,1.00455,1.00880
2017-02-27 22:00:00,1.00880,1.01013,1.00087,1.00571
2017-02-28 22:00:00,1.00519,1.01287,1.00519,1.00858
2017-03-01 22:00:00,1.00855,1.01458,1.00840,1.01326
2017-03-02 22:00:00,1.01328,1.01369,1.00665,1.00665
2017-03-05 22:00:00,1.00799,1.01290,1.00724,1.01181
2017-03-06 22:00:00,1.01237,1.01700,1.01066,1.01315
2017-03-07 22:00:00,1.01296,1.01541,1.01214,1.01439
2017-03-08 22:00:00,1.01437,1.01603,1.00914,1.01202
2017-03-09 22:00:00,1.01198,1.01372,1.00783,1.00958
2017-03-12 22:00:00,1.00983,1.01163,1.00600,1.00725
2017-03-13 22:00:00,1.00716,1.01077,1.00685,1.00979
2017-03-14 22:00:00,1.00978,1.01003,0.99852,1.00041
2017-03-15 22:00:00,1.00041,1.00115,0.99506,0.99593
2017-03-16 22:00:00,0.99595,0.99863,0.99420,0.99826
2017-03-19 22:00:00,0.99744,0.99902,0.99564,0.99865
2017-03-20 22:00:00,0.99859,1.00021,0.99214,0.99398
2017-03-21 22:00:00,0.99398,0.99457,0.98814,0.99163
2017-03-22 22:00:00,0.99162,0.99415,0.99115,0.99310
2017-03-23 22:00:00,0.99307,0.99590,0.98887,0.99109
2017-03-26 21:00:00,0.98828,0.98951,0.98131,0.98537
2017-03-27 21:00:00,0.98497,0.99345,0.98311,0.99231
2017-03-28 21:00:00,0.99232,0.99756,0.99127,0.99630
2017-03-29 21:00:00,0.99625,1.00134,0.99482,1.00098
2017-03-30 21:00:00,1.00076,1.00292,0.99943,1.00005
2017-04-02 21:00:00,1.00137,1.00372,1.00074,1.00150
2017-04-03 21:00:00,1.00102,1.00369,1.00102,1.00174
2017-04-04 21:00:00,1.00127,1.00776,1.00118,1.00465
2017-04-05 21:00:00,1.00419,1.00671,1.00262,1.00476
2017-04-06 21:00:00,1.00471,1.00958,1.00272,1.00821
2017-04-09 21:00:00,1.00809,1.01074,1.00694,1.00821
2017-04-10 21:00:00,1.00831,1.00935,1.00556,1.00719
2017-04-11 21:00:00,1.00695,1.00891,1.00216,1.00261
2017-04-12 21:00:00,1.00211,1.00667,1.00080,1.00558
2017-04-13 21:00:00,1.00552,1.00593,1.00278,1.00429
2017-04-16 21:00:00,1.00202,1.00568,0.99914,1.00400
2017-04-17 21:00:00,1.00408,1.00473,0.99549,0.99597
2017-04-18 21:00:00,0.99581,0.99919,0.99561,0.99803
2017-04-19 21:00:00,0.99778,0.99873,0.99401,0.99854
2017-04-20 21:00:00,0.99854,0.99990,0.99562,0.99592
2017-04-23 21:00:00,0.99003,0.99801,0.99003,0.99562
2017-04-24 21:00:00,0.99567,0.99695,0.99182,0.99337
2017-04-25 21:00:00,0.99362,0.99687,0.99191,0.99314
2017-04-26 21:00:00,0.99324,0.99633,0.99198,0.99375
2017-04-27 21:00:00,0.99368,0.99581,0.98931,0.99445
2017-04-30 21:00:00,0.99328,0.99648,0.99276,0.99627
2017-05-01 21:00:00,0.99606,0.99636,0.99116,0.99149
2017-05-02 21:00:00,0.99110,0.99479,0.98903,0.99469
2017-05-03 21:00:00,0.99433,0.99564,0.98617,0.98617
2017-05-04 21:00:00,0.98585,0.99029,0.98582,0.98627
2017-05-07 21:00:00,0.98770,0.99908,0.98712,0.99866
2017-05-08 21:00:00,0.99866,1.00903,0.99772,1.00727
2017-05-09 21:00:00,1.00727,1.00944,1.00480,1.00886
2017-05-10 21:00:00,1.00885,1.00994,1.00560,1.00770
2017-05-11 21:00:00,1.00765,1.00857,0.99871,0.99983
2017-05-14 21:00:00,0.99976,1.00193,0.99576,0.99652
2017-05-15 21:00:00,0.99651,0.99660,0.98468,0.98586
2017-05-16 21:00:00,0.98577,0.98600,0.97740,0.97877
2017-05-17 21:00:00,0.97877,0.98247,0.97586,0.97978
2017-05-18 21:00:00,0.97974,0.98046,0.97232,0.97232
2017-05-21 21:00:00,0.97279,0.97652,0.96913,0.97335
2017-05-22 21:00:00,0.97333,0.97626,0.97012,0.97580
2017-05-23 21:00:00,0.97580,0.97761,0.97274,0.97274
2017-05-24 21:00:00,0.97272,0.97386,0.96999,0.97278
2017-05-25 21:00:00,0.97278,0.97604,0.96961,0.97316
2017-05-28 21:00:00,0.97445,0.97750,0.97310,0.97745
2017-05-29 21:00:00,0.97727,0.98075,0.97368,0.97455
2017-05-30 21:00:00,0.97449,0.97607,0.96691,0.96755
2017-05-31 21:00:00,0.96752,0.97190,0.96681,0.97122
2017-06-01 21:00:00,0.97122,0.97186,0.96135,0.96135
2017-06-04 21:00:00,0.96283,0.96638,0.96008,0.96521
2017-06-05 21:00:00,0.96455,0.96528,0.96132,0.96186
2017-06-06 21:00:00,0.96153,0.96770,0.96153,0.96462
2017-06-07 21:00:00,0.96506,0.96956,0.96291,0.96730
2017-06-08 21:00:00,0.96480,0.97274,0.96480,0.96901
2017-06-11 21:00:00,0.96830,0.96943,0.96694,0.96864
2017-06-12 21:00:00,0.96826,0.97001,0.96617,0.96872
2017-06-13 21:00:00,0.96872,0.97353,0.96402,0.97116
2017-06-14 21:00:00,0.97073,0.97703,0.97032,0.97521
2017-06-15 21:00:00,0.97477,0.97567,0.97246,0.97246
2017-06-18 21:00:00,0.97200,0.97589,0.96951,0.97550
2017-06-19 21:00:00,0.97533,0.97658,0.97050,0.97492
2017-06-20 21:00:00,0.97460,0.97533,0.97220,0.97225
2017-06-21 21:00:00,0.97225,0.97423,0.97125,0.97156
2017-06-22 21:00:00,0.97156,0.97201,0.96751,0.96879
2017-06-25 21:00:00,0.96847,0.97377,0.96808,0.97222
2017-06-26 21:00:00,0.97192,0.97325,0.95916,0.96036
2017-06-27 21:00:00,0.96030,0.96466,0.95788,0.95957
2017-06-28 21:00:00,0.95848,0.95986,0.95555,0.95584
2017-06-29 21:00:00,0.95538,0.95978,0.95513,0.95767
2017-07-02 21:00:00,0.95766,0.96425,0.95646,0.96344
2017-07-03 21:00:00,0.96320,0.96592,0.96213,0.96554
2017-07-04 21:00:00,0.96353,0.96879,0.96159,0.96385
2017-07-05 21:00:00,0.96349,0.96596,0.96005,0.96033
2017-07-06 21:00:00,0.96031,0.96537,0.95995,0.96357
2017-07-09 21:00:00,0.96332,0.96746,0.96248,0.96559
2017-07-10 21:00:00,0.96520,0.96958,0.96237,0.96371
2017-07-11 21:00:00,0.96311,0.96614,0.96020,0.96532
2017-07-12 21:00:00,0.96518,0.96868,0.96151,0.96710
2017-07-13 21:00:00,0.96670,0.97001,0.96207,0.96213
2017-07-16 21:00:00,0.96253,0.96583,0.95942,0.96228
2017-07-17 21:00:00,0.96223,0.96340,0.95233,0.95498
2017-07-18 21:00:00,0.95466,0.95603,0.95286,0.95553
2017-07-19 21:00:00,0.95515,0.96196,0.94928,0.95113
2017-07-20 21:00:00,0.95135,0.95225,0.94380,0.94521
2017-07-23 21:00:00,0.94476,0.94749,0.94450,0.94635
2017-07-24 21:00:00,0.94461,0.95251,0.94453,0.95237
2017-07-25 21:00:00,0.95220,0.95949,0.94982,0.95118
2017-07-26 21:00:00,0.94948,0.96613,0.94896,0.96539
2017-07-27 21:00:00,0.96443,0.97264,0.96332,0.96837
2017-07-30 21:00:00,0.96842,0.97124,0.96362,0.96685
2017-07-31 21:00:00,0.96652,0.96828,0.96307,0.96568
2017-08-01 21:00:00,0.96524,0.97133,0.96469,0.97101
2017-08-02 21:00:00,0.97015,0.97165,0.96713,0.96831
2017-08-03 21:00:00,0.96823,0.97638,0.96705,0.97226
2017-08-06 21:00:00,0.97263,0.97460,0.97068,0.97338
2017-08-07 21:00:00,0.97127,0.97725,0.97091,0.97439
2017-08-08 21:00:00,0.97389,0.97439,0.96115,0.96343
2017-08-09 21:00:00,0.96350,0.96745,0.96181,0.96244
2017-08-10 21:00:00,0.96241,0.96382,0.95829,0.96135
2017-08-13 21:00:00,0.96176,0.97323,0.96110,0.97219
2017-08-14 21:00:00,0.97063,0.97583,0.97016,0.97247
2017-08-15 21:00:00,0.97221,0.97651,0.96477,0.96566
2017-08-16 21:00:00,0.96569,0.96980,0.96048,0.96292
2017-08-17 21:00:00,0.96254,0.96694,0.95858,0.96412
2017-08-20 21:00:00,0.96435,0.96849,0.96000,0.96166
2017-08-21 21:00:00,0.96121,0.96882,0.96110,0.96815
2017-08-22 21:00:00,0.96767,0.96991,0.96411,0.96549
2017-08-23 21:00:00,0.96424,0.96680,0.96196,0.96547
2017-08-24 21:00:00,0.96545,0.96620,0.95501,0.95644
2017-08-27 21:00:00,0.95445,0.95776,0.95264,0.95535
2017-08-28 21:00:00,0.95508,0.95600,0.94276,0.95523
2017-08-29 21:00:00,0.95524,0.96450,0.95380,0.96392
2017-08-30 21:00:00,0.96300,0.96793,0.95820,0.95852
2017-08-31 21:00:00,0.95801,0.96519,0.95457,0.96459
2017-09-03 21:00:00,0.95881,0.96171,0.95515,0.95795
2017-09-04 21:00:00,0.95795,0.96139,0.95338,0.95506
2017-09-05 21:00:00,0.95461,0.95816,0.95273,0.95675
2017-09-06 21:00:00,0.95613,0.95935,0.94934,0.95062
2017-09-07 21:00:00,0.95009,0.95072,0.94202,0.94387
2017-09-10 21:00:00,0.94630,0.95688,0.94568,0.95637
2017-09-11 21:00:00,0.95169,0.96183,0.95169,0.95922
2017-09-12 21:00:00,0.95922,0.96604,0.95805,0.96376
2017-09-13 21:00:00,0.96376,0.97053,0.96176,0.96227
2017-09-14 21:00:00,0.96227,0.96473,0.95649,0.95940
2017-09-17 21:00:00,0.96002,0.96407,0.95805,0.96079
2017-09-18 21:00:00,0.96079,0.96488,0.95950,0.96266
2017-09-19 21:00:00,0.96266,0.97179,0.95879,0.96960
2017-09-20 21:00:00,0.96960,0.97475,0.96849,0.97063
2017-09-21 21:00:00,0.97063,0.97091,0.96681,0.96916
2017-09-24 21:00:00,0.97071,0.97462,0.96421,0.96602
2017-09-25 21:00:00,0.96599,0.97262,0.96524,0.96857
2017-09-26 21:00:00,0.96857,0.97695,0.96817,0.97192
2017-09-27 21:00:00,0.97192,0.97593,0.96979,0.96992
2017-09-28 21:00:00,0.96992,0.97206,0.96699,0.96777
2017-10-01 21:00:00,0.96794,0.97547,0.96744,0.97462
2017-10-02 21:00:00,0.97462,0.97861,0.97285,0.97344
2017-10-03 21:00:00,0.97344,0.97619,0.97092,0.97475
2017-10-04 21:00:00,0.97475,0.97954,0.97427,0.97797
2017-10-05 21:00:00,0.97797,0.98365,0.97708,0.97810
2017-10-08 21:00:00,0.97804,0.98075,0.97738,0.97970
2017-10-09 21:00:00,0.97970,0.97995,0.97353,0.97502
2017-10-10 21:00:00,0.97502,0.97669,0.97171,0.97318
2017-10-11 21:00:00,0.97319,0.97635,0.97115,0.97530
2017-10-12 21:00:00,0.97527,0.97713,0.97052,0.97307
2017-10-15 21:00:00,0.97391,0.97688,0.97278,0.97504
2017-10-16 21:00:00,0.97503,0.98092,0.97464,0.97829
2017-10-17 21:00:00,0.97829,0.98366,0.97737,0.98153
2017-10-18 21:00:00,0.98153,0.98176,0.97367,0.97602
2017-10-19 21:00:00,0.97602,0.98525,0.97538,0.98427
2017-10-22 21:00:00,0.98478,0.98813,0.98309,0.98494
2017-10-23 21:00:00,0.98494,0.99115,0.98379,0.99102
2017-10-24 21:00:00,0.99102,0.99398,0.98689,0.98961
2017-10-25 21:00:00,0.98960,0.99797,0.98755,0.99747
2017-10-26 21:00:00,0.99747,1.00379,0.99616,0.99616
2017-10-29 22:00:00,0.99679,0.99962,0.99384,0.99432
2017-10-30 22:00:00,0.99430,0.99945,0.99418,0.99754
2017-10-31 22:00:00,0.99757,1.00373,0.99665,1.00323
2017-11-01 22:00:00,1.00320,1.00335,0.99700,0.99925
2017-11-02 22:00:00,0.99925,1.00244,0.99455,1.00035
2017-11-05 22:00:00,0.99945,1.00290,0.99725,0.99739
2017-11-06 22:00:00,0.99741,1.00195,0.99700,0.99948
2017-11-07 22:00:00,0.99948,1.00065,0.99803,0.99988
2017-11-08 22:00:00,0.99958,1.00177,0.99216,0.99370
2017-11-09 22:00:00,0.99371,0.99686,0.99239,0.99567
2017-11-12 22:00:00,0.99539,0.99870,0.99363,0.99630
2017-11-13 22:00:00,0.99628,0.99707,0.98819,0.98928
2017-11-14 22:00:00,0.98928,0.99110,0.98460,0.98799
2017-11-15 22:00:00,0.98799,0.99454,0.98791,0.99405
2017-11-16 22:00:00,0.99405,0.99432,0.98757,0.98826
2017-11-19 22:00:00,0.98824,0.99371,0.98786,0.99342
2017-11-20 22:00:00,0.99342,0.99466,0.98990,0.99142
2017-11-21 22:00:00,0.99142,0.99160,0.98122,0.98177
2017-11-22 22:00:00,0.98177,0.98281,0.97950,0.98149
2017-11-23 22:00:00,0.98119,0.98271,0.97581,0.97744
2017-11-26 22:00:00,0.97886,0.98196,0.97780,0.98101
2017-11-27 22:00:00,0.98101,0.98527,0.97966,0.98345
2017-11-28 22:00:00,0.98345,0.98697,0.98186,0.98447
2017-11-29 22:00:00,0.98447,0.98820,0.98157,0.98326
2017-11-30 22:00:00,0.98310,0.98706,0.97348,0.97625
2017-12-03 22:00:00,0.98093,0.98670,0.97923,0.98500
2017-12-04 22:00:00,0.98500,0.98873,0.98372,0.98672
2017-12-05 22:00:00,0.98672,0.99096,0.98213,0.98975
2017-12-06 22:00:00,0.98975,0.99468,0.98598,0.99439
2017-12-07 22:00:00,0.99415,0.99777,0.99217,0.99261
2017-12-10 22:00:00,0.99377,0.99379,0.98970,0.99116
2017-12-11 22:00:00,0.99116,0.99356,0.98901,0.99149
2017-12-12 22:00:00,0.99149,0.99284,0.98423,0.98534
2017-12-13 22:00:00,0.98534,0.99045,0.98398,0.98903
2017-12-14 22:00:00,0.98903,0.99343,0.98733,0.99039
2017-12-17 22:00:00,0.98870,0.99172,0.98396,0.98560
2017-12-18 22:00:00,0.98541,0.98786,0.98345,0.98462
2017-12-19 22:00:00,0.98462,0.98852,0.98280,0.98682
2017-12-20 22:00:00,0.98682,0.99096,0.98225,0.98823
2017-12-21 22:00:00,0.98823,0.99113,0.98810,0.98810
2017-12-25 22:00:00,0.98924,0.99153,0.98858,0.98912
2017-12-26 22:00:00,0.98891,0.99036,0.98600,0.98628
2017-12-27 22:00:00,0.98604,0.98604,0.97713,0.97778
2017-12-28 22:00:00,0.97782,0.98031,0.97340,0.97444
2018-01-01 22:00:00,0.97429,0.97472,0.96994,0.97155
2018-01-02 22:00:00,0.97145,0.97976,0.97091,0.97659
2018-01-03 22:00:00,0.97659,0.97802,0.97319,0.97326
2018-01-04 22:00:00,0.97326,0.97845,0.97324,0.97462
2018-01-07 22:00:00,0.97501,0.97842,0.97394,0.97680
2018-01-08 22:00:00,0.97680,0.98417,0.97497,0.98219
2018-01-09 22:00:00,0.98219,0.98452,0.97539,0.97816
2018-01-10 22:00:00,0.97783,0.98159,0.97320,0.97555
2018-01-11 22:00:00,0.97555,0.97704,0.96653,0.96726
2018-01-14 22:00:00,0.96780,0.96848,0.96028,0.96273
2018-01-15 22:00:00,0.96273,0.96654,0.95811,0.95925
2018-01-16 22:00:00,0.95903,0.96575,0.95724,0.96529
2018-01-17 22:00:00,0.96529,0.96659,0.95746,0.95864
2018-01-18 22:00:00,0.95864,0.96402,0.95354,0.96249
2018-01-21 22:00:00,0.96080,0.96398,0.95924,0.96156
2018-01-22 22:00:00,0.96141,0.96333,0.95663,0.95752
2018-01-23 22:00:00,0.95727,0.95808,0.94263,0.94430
2018-01-24 22:00:00,0.94430,0.94663,0.92888,0.94063
2018-01-25 22:00:00,0.94057,0.94293,0.93196,0.93196
2018-01-28 22:00:00,0.93343,0.93865,0.93243,0.93742
2018-01-29 22:00:00,0.93712,0.93931,0.93098,0.93387
2018-01-30 22:00:00,0.93387,0.93589,0.92890,0.93093
2018-01-31 22:00:00,0.93093,0.93414,0.92558,0.92611
2018-02-01 22:00:00,0.92611,0.93365,0.92458,0.93141
2018-02-04 22:00:00,0.93228,0.93763,0.92870,0.93134
2018-02-05 22:00:00,0.93112,0.93975,0.93062,0.93583
2018-02-06 22:00:00,0.93583,0.94543,0.93397,0.94257
2018-02-07 22:00:00,0.94327,0.94700,0.93541,0.93580
2018-02-08 22:00:00,0.93582,0.94087,0.93483,0.93918
2018-02-11 22:00:00,0.93890,0.94028,0.93635,0.93897
2018-02-12 22:00:00,0.93888,0.93981,0.93219,0.93470
2018-02-13 22:00:00,0.93469,0.93742,0.92848,0.92928
2018-02-14 22:00:00,0.92928,0.92928,0.92096,0.92190
2018-02-15 22:00:00,0.92190,0.92875,0.91875,0.92746
2018-02-18 22:00:00,0.92691,0.93195,0.92626,0.92908
2018-02-19 22:00:00,0.92896,0.93691,0.92809,0.93589
2018-02-20 22:00:00,0.93569,0.93964,0.93424,0.93877
2018-02-21 22:00:00,0.93856,0.94091,0.93255,0.93255
2018-02-22 22:00:00,0.93238,0.93739,0.93224,0.93634
2018-02-25 22:00:00,0.93519,0.93910,0.93254,0.93787
2018-02-26 22:00:00,0.93787,0.94170,0.93581,0.93887
2018-02-27 22:00:00,0.93854,0.94584,0.93845,0.94437
2018-02-28 22:00:00,0.94448,0.94903,0.94095,0.94139
2018-03-01 22:00:00,0.94168,0.94239,0.93383,0.93772
2018-03-04 22:00:00,0.93542,0.94078,0.93455,0.93971
2018-03-05 22:00:00,0.93971,0.94188,0.93597,0.94056
2018-03-06 22:00:00,0.94023,0.94425,0.93572,0.94339
2018-03-07 22:00:00,0.94339,0.95201,0.94218,0.95097
2018-03-08 22:00:00,0.95097,0.95343,0.94874,0.95165
2018-03-11 22:00:00,0.95100,0.95139,0.94567,0.94751
2018-03-12 22:00:00,0.94751,0.94940,0.94291,0.94334
2018-03-13 22:00:00,0.94344,0.94800,0.94239,0.94470
2018-03-14 22:00:00,0.94470,0.95199,0.94332,0.95108
2018-03-15 22:00:00,0.95108,0.95474,0.94850,0.95204
2018-03-18 22:00:00,0.95238,0.95514,0.94946,0.95129
2018-03-19 22:00:00,0.95129,0.95693,0.95020,0.95623
2018-03-20 22:00:00,0.95642,0.95642,0.94826,0.94893
2018-03-21 22:00:00,0.94896,0.95148,0.94592,0.94879
2018-03-22 22:00:00,0.94879,0.94953,0.94446,0.94721
2018-03-25 21:00:00,0.94666,0.94888,0.94331,0.94531
2018-03-26 21:00:00,0.94539,0.95089,0.94342,0.94664
2018-03-27 21:00:00,0.94657,0.95779,0.94579,0.95639
2018-03-28 21:00:00,0.95663,0.95836,0.95472,0.95625
2018-03-29 21:00:00,0.95641,0.95642,0.95224,0.95396
2018-04-01 21:00:00,0.95201,0.95645,0.95196,0.95465
2018-04-02 21:00:00,0.95465,0.95971,0.95321,0.95851
2018-04-03 21:00:00,0.95851,0.96114,0.95510,0.96071
2018-04-04 21:00:00,0.96047,0.96397,0.95978,0.96345
2018-04-05 21:00:00,0.96346,0.96492,0.95779,0.95897
2018-04-08 21:00:00,0.95809,0.96095,0.95603,0.95609
2018-04-09 21:00:00,0.95579,0.95809,0.95341,0.95676
2018-04-10 21:00:00,0.95676,0.95961,0.95556,0.95749
2018-04-11 21:00:00,0.95662,0.96465,0.95635,0.96200
2018-04-12 21:00:00,0.96200,0.96389,0.95994,0.96218
2018-04-15 21:00:00,0.96153,0.96368,0.95771,0.95989
2018-04-16 21:00:00,0.95966,0.96782,0.95804,0.96615
2018-04-17 21:00:00,0.96609,0.96983,0.96499,0.96859
2018-04-18 21:00:00,0.96849,0.97240,0.96657,0.97123
2018-04-19 21:00:00,0.97109,0.97592,0.97050,0.97471
2018-04-22 21:00:00,0.97384,0.97882,0.97347,0.97809
2018-04-23 21:00:00,0.97786,0.98102,0.97673,0.97876
2018-04-24 21:00:00,0.97857,0.98480,0.97810,0.98317
2018-04-25 21:00:00,0.98346,0.98959,0.98162,0.98902
2018-04-26 21:00:00,0.98880,0.99205,0.98716,0.98761
2018-04-29 21:00:00,0.98752,0.99207,0.98717,0.99077
2018-04-30 21:00:00,0.99078,0.99701,0.98995,0.99639
2018-05-01 21:00:00,0.99639,0.99996,0.99361,0.99853
2018-05-02 21:00:00,0.99853,0.99992,0.99555,0.99729
2018-05-03 21:00:00,0.99729,1.00224,0.99645,0.99989
2018-05-06 21:00:00,0.99990,1.00561,0.99837,1.00261
2018-05-07 21:00:00,1.00261,1.00449,1.00024,1.00155
2018-05-08 21:00:00,1.00155,1.00559,1.00035,1.00482
2018-05-09 21:00:00,1.00482,1.00562,0.99941,1.00249
2018-05-10 21:00:00,1.00250,1.00396,0.99763,1.00023
2018-05-13 21:00:00,0.99949,1.00073,0.99575,1.00039
2018-05-14 21:00:00,1.00038,1.00414,0.99833,1.00120
2018-05-15 21:00:00,1.00104,1.00189,0.99842,1.00114
2018-05-16 21:00:00,1.00108,1.00331,0.99865,1.00116
2018-05-17 21:00:00,1.00111,1.00180,0.99503,0.99754
2018-05-20 21:00:00,0.99656,1.00014,0.99656,0.99709
2018-05-21 21:00:00,0.99678,0.99901,0.99176,0.99258
2018-05-22 21:00:00,0.99258,0.99778,0.98938,0.99553
2018-05-23 21:00:00,0.99542,0.99568,0.98855,0.99113
2018-05-24 21:00:00,0.99113,0.99369,0.98922,0.99039
2018-05-27 21:00:00,0.99071,0.99577,0.99022,0.99323
2018-05-28 21:00:00,0.99285,0.99830,0.98504,0.99126
2018-05-29 21:00:00,0.99118,0.99352,0.98784,0.98897
2018-05-30 21:00:00,0.98888,0.98919,0.98259,0.98558
2018-05-31 21:00:00,0.98558,0.99124,0.98408,0.98784
2018-06-03 21:00:00,0.98792,0.98939,0.98299,0.98745
2018-06-04 21:00:00,0.98745,0.98925,0.98301,0.98440
2018-06-05 21:00:00,0.98407,0.98859,0.98353,0.98595
2018-06-06 21:00:00,0.98622,0.98670,0.97881,0.98028
2018-06-07 21:00:00,0.98028,0.98878,0.97910,0.98519
2018-06-10 21:00:00,0.98420,0.98735,0.98386,0.98520
2018-06-11 21:00:00,0.98515,0.98833,0.98300,0.98686
2018-06-12 21:00:00,0.98664,0.98948,0.98400,0.98529
2018-06-13 21:00:00,0.98523,0.99726,0.98252,0.99675
2018-06-14 21:00:00,0.99638,0.99880,0.99449,0.99757
2018-06-17 21:00:00,0.99578,0.99901,0.99359,0.99509
2018-06-18 21:00:00,0.99503,0.99772,0.99176,0.99357
2018-06-19 21:00:00,0.99352,0.99827,0.99328,0.99614
2018-06-20 21:00:00,0.99598,0.99853,0.98967,0.99157
2018-06-21 21:00:00,0.99148,0.99252,0.98731,0.98769
2018-06-24 21:00:00,0.98760,0.98901,0.98555,0.98666
2018-06-25 21:00:00,0.98652,0.99229,0.98578,0.99047
2018-06-26 21:00:00,0.99016,0.99762,0.98910,0.99687
2018-06-27 21:00:00,0.99722,0.99922,0.99564,0.99738
2018-06-28 21:00:00,0.99714,0.99804,0.98937,0.99040
2018-07-01 21:00:00,0.99009,0.99654,0.98915,0.99341
2018-07-02 21:00:00,0.99338,0.99491,0.99125,0.99235
2018-07-03 21:00:00,0.99228,0.99393,0.99049,0.99196
2018-07-04 21:00:00,0.99196,0.99440,0.99099,0.99207
2018-07-05 21:00:00,0.99207,0.99434,0.98841,0.98987
2018-07-08 21:00:00,0.98920,0.99301,0.98577,0.99132
2018-07-09 21:00:00,0.99107,0.99614,0.99095,0.99167
2018-07-10 21:00:00,0.99170,0.99655,0.99051,0.99585
2018-07-11 21:00:00,0.99579,1.00271,0.99474,1.00218
2018-07-12 21:00:00,1.00208,1.00679,1.00141,1.00158
2018-07-15 21:00:00,1.00109,1.00241,0.99625,0.99649
2018-07-16 21:00:00,0.99660,1.00018,0.99265,1.00004
2018-07-17 21:00:00,1.00004,1.00345,0.99826,0.99897
2018-07-18 21:00:00,0.99891,1.00431,0.99580,0.99891
2018-07-19 21:00:00,0.99861,1.00099,0.99153,0.99240
2018-07-22 21:00:00,0.99174,0.99413,0.99003,0.99220
2018-07-23 21:00:00,0.99220,0.99537,0.99102,0.99350
2018-07-24 21:00:00,0.99342,0.99487,0.99070,0.99171
2018-07-25 21:00:00,0.99204,0.99489,0.99024,0.99400
2018-07-26 21:00:00,0.99400,0.99775,0.99308,0.99423
2018-07-29 21:00:00,0.99315,0.99559,0.98773,0.98800
2018-07-30 21:00:00,0.98800,0.99049,0.98666,0.99009
2018-07-31 21:00:00,0.98999,0.99336,0.98958,0.99197
2018-08-01 21:00:00,0.99195,0.99556,0.99075,0.99491
2018-08-02 21:00:00,0.99491,0.99647,0.99204,0.99440
2018-08-05 21:00:00,0.99292,0.99842,0.99201,0.99662
2018-08-06 21:00:00,0.99629,0.99674,0.99300,0.99552
2018-08-07 21:00:00,0.99537,0.99702,0.99274,0.99312
2018-08-08 21:00:00,0.99306,0.99504,0.98941,0.99347
2018-08-09 21:00:00,0.99340,0.99745,0.99092,0.99532
2018-08-12 21:00:00,0.99325,0.99534,0.99203,0.99314
2018-08-13 21:00:00,0.99287,0.99500,0.99004,0.99408
2018-08-14 21:00:00,0.99397,0.99820,0.99255,0.99346
2018-08-15 21:00:00,0.99330,0.99740,0.99151,0.99680
2018-08-16 21:00:00,0.99670,0.99773,0.99323,0.99576
2018-08-19 21:00:00,0.99492,0.99678,0.99100,0.99132
2018-08-20 21:00:00,0.99147,0.99193,0.98423,0.98483
2018-08-21 21:00:00,0.98460,0.98543,0.98076,0.98293
2018-08-22 21:00:00,0.98318,0.98657,0.98214,0.98595
2018-08-23 21:00:00,0.98505,0.98646,0.98104,0.98344
2018-08-26 21:00:00,0.98381,0.98454,0.97870,0.97975
2018-08-27 21:00:00,0.97977,0.98084,0.97445,0.97589
2018-08-28 21:00:00,0.97593,0.97754,0.97015,0.97043
2018-08-29 21:00:00,0.97036,0.97152,0.96855,0.96888
2018-08-30 21:00:00,0.96887,0.97027,0.96514,0.96857
2018-09-02 21:00:00,0.96893,0.97070,0.96826,0.96904
2018-09-03 21:00:00,0.96897,0.97667,0.96872,0.97416
2018-09-04 21:00:00,0.97425,0.97531,0.97079,0.97165
2018-09-05 21:00:00,0.97147,0.97209,0.96498,0.96508
2018-09-06 21:00:00,0.96498,0.96994,0.96411,0.96901
2018-09-09 21:00:00,0.96841,0.97541,0.96836,0.97490
2018-09-10 21:00:00,0.97458,0.97582,0.97194,0.97210
2018-09-11 21:00:00,0.97189,0.97492,0.96950,0.97060
2018-09-12 21:00:00,0.97041,0.97081,0.96514,0.96533
2018-09-13 21:00:00,0.96532,0.96751,0.96340,0.96718
2018-09-16 21:00:00,0.96735,0.96790,0.96111,0.96250
2018-09-17 21:00:00,0.96237,0.96553,0.95995,0.96446
2018-09-18 21:00:00,0.96463,0.96997,0.96291,0.96700
2018-09-19 21:00:00,0.96701,0.96781,0.95877,0.95878
2018-09-20 21:00:00,0.95877,0.95976,0.95416,0.95776
2018-09-23 21:00:00,0.95809,0.96496,0.95757,0.96391
2018-09-24 21:00:00,0.96391,0.96703,0.96179,0.96489
2018-09-25 21:00:00,0.96467,0.97010,0.96227,0.96578
2018-09-26 21:00:00,0.96584,0.97824,0.96466,0.97714
2018-09-27 21:00:00,0.97713,0.98190,0.97369,0.98163
2018-09-30 21:00:00,0.98005,0.98555,0.97969,0.98357
2018-10-01 21:00:00,0.98274,0.98622,0.98226,0.98373
2018-10-02 21:00:00,0.98292,0.99247,0.98292,0.99229
2018-10-03 21:00:00,0.99213,0.99334,0.98910,0.99159
2018-10-04 21:00:00,0.99140,0.99546,0.99095,0.99186
2018-10-07 21:00:00,0.99177,0.99440,0.99067,0.99220
2018-10-08 21:00:00,0.99206,0.99551,0.99105,0.99156
2018-10-09 21:00:00,0.99167,0.99334,0.98951,0.98996
2018-10-10 21:00:00,0.98994,0.99220,0.98561,0.98926
2018-10-11 21:00:00,0.98926,0.99296,0.98813,0.99174
2018-10-14 21:00:00,0.98949,0.99198,0.98474,0.98678
2018-10-15 21:00:00,0.98746,0.99085,0.98585,0.99058
2018-10-16 21:00:00,0.99045,0.99540,0.98981,0.99519
2018-10-17 21:00:00,0.99449,0.99744,0.99195,0.99557
2018-10-18 21:00:00,0.99544,0.99770,0.99493,0.99602
2018-10-21 21:00:00,0.99501,0.99795,0.99392,0.99589
2018-10-22 21:00:00,0.99601,0.99697,0.99371,0.99473
2018-10-23 21:00:00,0.99477,0.99890,0.99412,0.99776
2018-10-24 21:00:00,0.99761,1.00175,0.99542,0.99893
2018-10-25 21:00:00,0.99912,1.00259,0.99627,0.99690
2018-10-28 22:00:00,0.99664,1.00237,0.99638,1.00181
2018-10-29 22:00:00,1.00181,1.00535,1.00077,1.00510
2018-10-30 22:00:00,1.00514,1.00941,1.00331,1.00782
2018-10-31 22:00:00,1.00773,1.00847,0.99997,1.00221
2018-11-01 22:00:00,1.00221,1.00480,0.99676,1.00335
2018-11-04 22:00:00,1.00255,1.00685,1.00209,1.00434
2018-11-05 22:00:00,1.00426,1.00549,1.00219,1.00240
2018-11-06 22:00:00,1.00220,1.00504,0.99519,1.00191
2018-11-07 22:00:00,1.00155,1.00700,1.00070,1.00581
2018-11-08 22:00:00,1.00611,1.00851,1.00443,1.00540
2018-11-11 22:00:00,1.00496,1.01108,1.00470,1.01082
2018-11-12 22:00:00,1.01082,1.01281,1.00676,1.00676
2018-11-13 22:00:00,1.00676,1.01035,1.00412,1.00598
2018-11-14 22:00:00,1.00596,1.00787,1.00351,1.00587
2018-11-15 22:00:00,1.00663,1.00867,0.99907,0.99955
2018-11-18 22:00:00,0.99908,1.00065,0.99238,0.99345
2018-11-19 22:00:00,0.99360,0.99575,0.99083,0.99497
2018-11-20 22:00:00,0.99485,0.99582,0.99274,0.99438
2018-11-21 22:00:00,0.99443,0.99554,0.99210,0.99399
2018-11-22 22:00:00,0.99420,0.99794,0.99268,0.99654
2018-11-25 22:00:00,0.99700,0.99927,0.99538,0.99833
2018-11-26 22:00:00,0.99827,1.00026,0.99747,0.99885
2018-11-27 22:00:00,0.99846,1.00054,0.99248,0.99359
2018-11-28 22:00:00,0.99358,0.99762,0.99170,0.99580
2018-11-29 22:00:00,0.99549,1.00038,0.99419,0.99856
2018-12-02 22:00:00,0.99785,0.99955,0.99639,0.99770
2018-12-03 22:00:00,0.99769,0.99902,0.99298,0.99732
2018-12-04 22:00:00,0.99739,1.00078,0.99663,0.99764
2018-12-05 22:00:00,0.99754,0.99893,0.98938,0.99256
2018-12-06 22:00:00,0.99242,0.99426,0.98892,0.98967
2018-12-09 22:00:00,0.99010,0.99068,0.98674,0.99028
2018-12-10 22:00:00,0.99018,0.99378,0.98622,0.99314
2018-12-11 22:00:00,0.99311,0.99650,0.99125,0.99343
2018-12-12 22:00:00,0.99342,0.99538,0.99110,0.99393
2018-12-13 22:00:00,0.99399,0.99887,0.99236,0.99806
2018-12-16 22:00:00,0.99478,0.99849,0.99166,0.99285
2018-12-17 22:00:00,0.99312,0.99366,0.98992,0.99261
2018-12-18 22:00:00,0.99254,0.99553,0.99057,0.99450
2018-12-19 22:00:00,0.99450,0.99518,0.98401,0.98776
2018-12-20 22:00:00,0.98784,0.99565,0.98607,0.99502
2018-12-23 22:00:00,0.99487,0.99507,0.98622,0.98663
2018-12-25 22:00:00,0.98583,0.99629,0.98583,0.99562
2018-12-26 22:00:00,0.99564,0.99566,0.98395,0.98776
2018-12-27 22:00:00,0.98773,0.98904,0.97895,0.98413
2018-12-30 22:00:00,0.98214,0.98740,0.98207,0.98283
2019-01-01 22:00:00,0.98367,0.99196,0.97965,0.98997
2019-01-02 22:00:00,0.98991,0.99078,0.98456,0.98666
2019-01-03 22:00:00,0.98665,0.99073,0.98520,0.98623
2019-01-06 22:00:00,0.98599,0.98718,0.97871,0.97957
2019-01-07 22:00:00,0.97953,0.98337,0.97875,0.98116
2019-01-08 22:00:00,0.98114,0.98174,0.97320,0.97430
2019-01-09 22:00:00,0.97427,0.98487,0.97160,0.98428
2019-01-10 22:00:00,0.98442,0.98554,0.98130,0.98386
2019-01-13 22:00:00,0.98371,0.98471,0.97998,0.98083
2019-01-14 22:00:00,0.98082,0.98932,0.98015,0.98768
2019-01-15 22:00:00,0.98759,0.99093,0.98718,0.99018
2019-01-16 22:00:00,0.99032,0.99537,0.98914,0.99413
2019-01-17 22:00:00,0.99411,0.99584,0.99317,0.99552
2019-01-20 22:00:00,0.99330,0.99872,0.99294,0.99722
2019-01-21 22:00:00,0.99697,0.99854,0.99585,0.99717
2019-01-22 22:00:00,0.99719,0.99894,0.99391,0.99471
2019-01-23 22:00:00,0.99480,0.99762,0.99340,0.99617
2019-01-24 22:00:00,0.99612,0.99737,0.99214,0.99311
2019-01-27 22:00:00,0.99278,0.99348,0.99048,0.99184
2019-01-28 22:00:00,0.99183,0.99566,0.99048,0.99454
2019-01-29 22:00:00,0.99463,0.99944,0.99314,0.99409
2019-01-30 22:00:00,0.99408,0.99521,0.99071,0.99421
2019-01-31 22:00:00,0.99439,0.99625,0.99213,0.99531
2019-02-03 22:00:00,0.99399,0.99937,0.99356,0.99771
2019-02-04 22:00:00,0.99780,1.00202,0.99713,0.99973
2019-02-05 22:00:00,0.99986,1.00261,0.99849,1.00220
2019-02-06 22:00:00,1.00237,1.00282,0.99996,1.00221
2019-02-07 22:00:00,1.00230,1.00272,0.99953,1.00000
2019-02-10 22:00:00,0.99994,1.00966,0.99734,1.00389
2019-02-11 22:00:00,1.00403,1.00921,1.00330,1.00651
2019-02-12 22:00:00,1.00624,1.00922,1.00428,1.00904
2019-02-13 22:00:00,1.00921,1.00975,1.00442,1.00481
2019-02-14 22:00:00,1.00497,1.00889,1.00443,1.00491
2019-02-17 22:00:00,1.00454,1.00539,1.00233,1.00399
2019-02-18 22:00:00,1.00398,1.00601,1.00012,1.00086
2019-02-19 22:00:00,1.00112,1.00203,0.99808,1.00064
2019-02-20 22:00:00,1.00094,1.00225,0.99924,1.00095
2019-02-21 22:00:00,1.00127,1.00239,0.99871,1.00045
2019-02-24 22:00:00,0.99885,1.00111,0.99825,1.00050
2019-02-25 22:00:00,1.00031,1.00190,0.99870,0.99967
2019-02-26 22:00:00,1.00002,1.00139,0.99615,1.00128
2019-02-27 22:00:00,1.00133,1.00145,0.99257,0.99780
2019-02-28 22:00:00,0.99780,1.00082,0.99624,0.99893
2019-03-03 22:00:00,0.99717,1.00194,0.99717,0.99877
2019-03-04 22:00:00,0.99892,1.00539,0.99783,1.00383
2019-03-05 22:00:00,1.00436,1.00558,1.00308,1.00489
2019-03-06 22:00:00,1.00491,1.01236,1.00332,1.01115
2019-03-07 22:00:00,1.01122,1.01176,1.00691,1.00791
2019-03-10 22:00:00,1.00748,1.01190,1.00692,1.01017
2019-03-11 22:00:00,1.01017,1.01118,1.00625,1.00759
2019-03-12 22:00:00,1.00759,1.00843,1.00258,1.00351
2019-03-13 22:00:00,1.00350,1.00510,1.00287,1.00369
2019-03-14 22:00:00,1.00369,1.00523,1.00101,1.00199
2019-03-17 22:00:00,1.00187,1.00245,0.99966,1.00120
2019-03-18 22:00:00,1.00120,1.00142,0.99842,0.99928
2019-03-19 22:00:00,0.99928,1.00098,0.98939,0.99096
2019-03-20 22:00:00,0.99095,0.99453,0.99031,0.99163
2019-03-21 22:00:00,0.99164,0.99697,0.99141,0.99325
2019-03-24 22:00:00,0.99368,0.99488,0.99094,0.99213
2019-03-25 22:00:00,0.99217,0.99521,0.99175,0.99425
2019-03-26 22:00:00,0.99425,0.99657,0.99047,0.99392
2019-03-27 22:00:00,0.99390,0.99728,0.99390,0.99457
2019-03-28 22:00:00,0.99463,0.99738,0.99440,0.99504
2019-03-31 21:00:00,0.99456,0.99943,0.99297,0.99883
2019-04-01 21:00:00,0.99894,0.99995,0.99713,0.99778
2019-04-02 21:00:00,0.99805,0.99870,0.99530,0.99798
2019-04-03 21:00:00,0.99804,1.00025,0.99641,0.99986
2019-04-04 21:00:00,0.99999,1.00118,0.99840,1.00001
2019-04-07 21:00:00,0.99931,1.00027,0.99773,0.99876
2019-04-08 21:00:00,0.99893,1.00082,0.99794,0.99961
2019-04-09 21:00:00,0.99980,1.00330,0.99893,1.00239
2019-04-10 21:00:00,1.00241,1.00457,1.00092,1.00316
2019-04-11 21:00:00,1.00321,1.00333,0.99965,1.00249
2019-04-14 21:00:00,1.00112,1.00458,1.00085,1.00386
2019-04-15 21:00:00,1.00402,1.00816,1.00318,1.00756
2019-04-16 21:00:00,1.00757,1.01096,1.00668,1.01045
2019-04-17 21:00:00,1.01056,1.01588,1.00924,1.01537
2019-04-18 21:00:00,1.01536,1.01548,1.01296,1.01405
2019-04-21 21:00:00,1.01405,1.01602,1.01324,1.01534
2019-04-22 21:00:00,1.01567,1.02300,1.01479,1.01987
2019-04-23 21:00:00,1.01987,1.02192,1.01683,1.02039
2019-04-24 21:00:00,1.02050,1.02273,1.01927,1.02022
2019-04-25 21:00:00,1.02021,1.02367,1.01836,1.01954
2019-04-28 21:00:00,1.01953,1.02148,1.01813,1.01955
2019-04-29 21:00:00,1.01955,1.02036,1.01734,1.01910
2019-04-30 21:00:00,1.01905,1.01974,1.01261,1.01782
2019-05-01 21:00:00,1.01770,1.02033,1.01684,1.01928
2019-05-02 21:00:00,1.01925,1.02139,1.01598,1.01632
2019-05-05 21:00:00,1.01572,1.01960,1.01508,1.01767
2019-05-06 21:00:00,1.01774,1.02256,1.01601,1.01927
2019-05-07 21:00:00,1.01930,1.02074,1.01684,1.02025
2019-05-08 21:00:00,1.02037,1.02094,1.01233,1.01493
2019-05-09 21:00:00,1.01506,1.01578,1.01005,1.01153
2019-05-12 21:00:00,1.01068,1.01212,1.00494,1.00624
2019-05-13 21:00:00,1.00623,1.00954,1.00501,1.00857
2019-05-14 21:00:00,1.00856,1.00965,1.00548,1.00860
2019-05-15 21:00:00,1.00855,1.01067,1.00729,1.00976
2019-05-16 21:00:00,1.00992,1.01209,1.00844,1.01088
2019-05-19 21:00:00,1.01011,1.01204,1.00799,1.00842
2019-05-20 21:00:00,1.00844,1.01191,1.00797,1.01094
2019-05-21 21:00:00,1.01097,1.01187,1.00658,1.00951
2019-05-22 21:00:00,1.00954,1.00980,1.00230,1.00318
2019-05-23 21:00:00,1.00333,1.00417,1.00079,1.00161
2019-05-26 21:00:00,1.00167,1.00623,1.00091,1.00370
2019-05-27 21:00:00,1.00371,1.00975,1.00336,1.00754
2019-05-28 21:00:00,1.00758,1.00858,1.00492,1.00797
2019-05-29 21:00:00,1.00796,1.00974,1.00679,1.00772
2019-05-30 21:00:00,1.00770,1.00792,1.00003,1.00066
2019-06-02 21:00:00,1.00137,1.00168,0.99098,0.99240
2019-06-03 21:00:00,0.99237,0.99556,0.99021,0.99193
2019-06-04 21:00:00,0.99197,0.99502,0.98534,0.99466
2019-06-05 21:00:00,0.99465,0.99610,0.98791,0.99119
2019-06-06 21:00:00,0.99120,0.99494,0.98585,0.98745
2019-06-09 21:00:00,0.98843,0.99194,0.98842,0.98971
2019-06-10 21:00:00,0.98970,0.99358,0.98879,0.99223
2019-06-11 21:00:00,0.99232,0.99586,0.99021,0.99540
2019-06-12 21:00:00,0.99545,0.99598,0.99174,0.99382
2019-06-13 21:00:00,0.99379,0.99946,0.99249,0.99821
2019-06-16 21:00:00,0.99818,0.99991,0.99651,0.99904
2019-06-17 21:00:00,0.99899,1.00122,0.99648,1.00022
2019-06-18 21:00:00,1.00022,1.00141,0.99156,0.99410
2019-06-19 21:00:00,0.99407,0.99426,0.97913,0.98149
2019-06-20 21:00:00,0.98149,0.98379,0.97556,0.97617
2019-06-23 21:00:00,0.97524,0.97826,0.97097,0.97183
2019-06-24 21:00:00,0.97183,0.97764,0.96933,0.97531
2019-06-25 21:00:00,0.97534,0.97842,0.97428,0.97780
2019-06-26 21:00:00,0.97784,0.98135,0.97587,0.97648
2019-06-27 21:00:00,0.97648,0.97736,0.97375,0.97616
2019-06-30 21:00:00,0.97617,0.98836,0.97617,0.98755
2019-07-01 21:00:00,0.98754,0.98883,0.98349,0.98619
2019-07-02 21:00:00,0.98615,0.98725,0.98337,0.98652
2019-07-03 21:00:00,0.98653,0.98699,0.98460,0.98484
2019-07-04 21:00:00,0.98483,0.99313,0.98419,0.99152
2019-07-07 21:00:00,0.99110,0.99467,0.98985,0.99374
2019-07-08 21:00:00,0.99372,0.99514,0.99229,0.99347
2019-07-09 21:00:00,0.99344,0.99413,0.98870,0.98941
2019-07-10 21:00:00,0.98939,0.99047,0.98455,0.99004
2019-07-11 21:00:00,0.98994,0.99080,0.98360,0.98399
2019-07-14 21:00:00,0.98290,0.98544,0.98172,0.98439
2019-07-15 21:00:00,0.98438,0.98940,0.98354,0.98776
2019-07-16 21:00:00,0.98776,0.99075,0.98645,0.98741
2019-07-17 21:00:00,0.98741,0.98916,0.98087,0.98134
2019-07-18 21:00:00,0.98135,0.98469,0.98055,0.98146
2019-07-21 21:00:00,0.98279,0.98405,0.98038,0.98191
2019-07-22 21:00:00,0.98191,0.98590,0.98159,0.98516
2019-07-23 21:00:00,0.98516,0.98743,0.98361,0.98466
2019-07-24 21:00:00,0.98467,0.99174,0.98436,0.99075
2019-07-25 21:00:00,0.99076,0.99460,0.99001,0.99317
2019-07-28 21:00:00,0.99242,0.99391,0.99087,0.99154
2019-07-29 21:00:00,0.99152,0.99221,0.98906,0.99019
2019-07-30 21:00:00,0.99022,0.99493,0.98840,0.99387
2019-07-31 21:00:00,0.99385,0.99755,0.98872,0.99026
2019-08-01 21:00:00,0.99021,0.99078,0.98143,0.98225
2019-08-04 21:00:00,0.98329,0.98358,0.97162,0.97337
2019-08-05 21:00:00,0.97335,0.97922,0.97032,0.97665
2019-08-06 21:00:00,0.97665,0.97970,0.96918,0.97546
2019-08-07 21:00:00,0.97546,0.97865,0.97372,0.97457
2019-08-08 21:00:00,0.97463,0.97618,0.97087,0.97241
2019-08-11 21:00:00,0.97245,0.97535,0.96811,0.96915
2019-08-12 21:00:00,0.96910,0.97679,0.96592,0.97649
2019-08-13 21:00:00,0.97649,0.97704,0.97052,0.97334
2019-08-14 21:00:00,0.97344,0.97761,0.97214,0.97638
2019-08-15 21:00:00,0.97633,0.98087,0.97585,0.97853
2019-08-18 21:00:00,0.97658,0.98209,0.97657,0.98152
2019-08-19 21:00:00,0.98151,0.98165,0.97747,0.97784
2019-08-20 21:00:00,0.97782,0.98308,0.97737,0.98235
2019-08-21 21:00:00,0.98234,0.98444,0.98130,0.98361
2019-08-22 21:00:00,0.98360,0.98769,0.97352,0.97471
2019-08-25 21:00:00,0.97241,0.98161,0.97133,0.97868
2019-08-26 21:00:00,0.97880,0.98367,0.97750,0.98111
2019-08-27 21:00:00,0.98121,0.98281,0.98007,0.98152
2019-08-28 21:00:00,0.98151,0.98747,0.98001,0.98641
2019-08-29 21:00:00,0.98647,0.99176,0.98588,0.98956
2019-09-01 21:00:00,0.98929,0.99192,0.98887,0.99064
2019-09-02 21:00:00,0.99051,0.99286,0.98631,0.98689
2019-09-03 21:00:00,0.98676,0.98841,0.97977,0.98064
2019-09-04 21:00:00,0.98073,0.98731,0.98029,0.98583
2019-09-05 21:00:00,0.98584,0.99171,0.98540,0.98757
2019-09-08 21:00:00,0.98670,0.99224,0.98665,0.99199
2019-09-09 21:00:00,0.99197,0.99315,0.98888,0.99191
2019-09-10 21:00:00,0.99189,0.99432,0.99115,0.99273
2019-09-11 21:00:00,0.99270,0.99462,0.98800,0.99029
2019-09-12 21:00:00,0.99026,0.99108,0.98540,0.99002
2019-09-15 21:00:00,0.98998,0.99397,0.98647,0.99265
2019-09-16 21:00:00,0.99270,0.99681,0.99128,0.99295
2019-09-17 21:00:00,0.99292,0.99832,0.99253,0.99725
2019-09-18 21:00:00,0.99723,0.99834,0.98999,0.99261
2019-09-19 21:00:00,0.99261,0.99358,0.98890,0.99090
2019-09-22 21:00:00,0.99181,0.99222,0.98898,0.98970
2019-09-23 21:00:00,0.98973,0.99140,0.98434,0.98538
2019-09-24 21:00:00,0.98530,0.99246,0.98495,0.99163
2019-09-25 21:00:00,0.99169,0.99482,0.99055,0.99349
2019-09-26 21:00:00,0.99349,0.99487,0.98975,0.99087
2019-09-29 21:00:00,0.99032,0.99878,0.99032,0.99754
2019-09-30 21:00:00,0.99760,1.00162,0.99224,0.99321
2019-10-01 21:00:00,0.99293,1.00262,0.99205,0.99677
2019-10-02 21:00:00,0.99676,1.00274,0.99518,0.99869
2019-10-03 21:00:00,0.99878,1.00076,0.99258,0.99522
2019-10-06 21:00:00,0.99298,0.99658,0.99263,0.99465
2019-10-07 21:00:00,0.99463,0.99582,0.99044,0.99292
2019-10-08 21:00:00,0.99292,0.99634,0.99154,0.99583
2019-10-09 21:00:00,0.99583,0.99724,0.99137,0.99680
2019-10-10 21:00:00,0.99682,0.99904,0.99572,0.99644
2019-10-13 21:00:00,0.99613,0.99832,0.99439,0.99681
2019-10-14 21:00:00,0.99703,0.99956,0.99629,0.99863
2019-10-15 21:00:00,0.99861,0.99902,0.99453,0.99466
2019-10-16 21:00:00,0.99465,0.99529,0.98663,0.98765
2019-10-17 21:00:00,0.98765,0.98912,0.98403,0.98403
2019-10-20 21:00:00,0.98396,0.98757,0.98396,0.98553
2019-10-21 21:00:00,0.98553,0.98964,0.98512,0.98934
2019-10-22 21:00:00,0.98931,0.99143,0.98852,0.99023
2019-10-23 21:00:00,0.99041,0.99289,0.98909,0.99207
2019-10-24 21:00:00,0.99204,0.99546,0.99069,0.99434
2019-10-27 22:00:00,0.99407,0.99697,0.99394,0.99475
2019-10-28 22:00:00,0.99475,0.99644,0.99306,0.99381
2019-10-29 22:00:00,0.99378,0.99446,0.98872,0.98928
2019-10-30 22:00:00,0.98928,0.98938,0.98593,0.98650
2019-10-31 22:00:00,0.98652,0.98946,0.98507,0.98555
2019-11-03 22:00:00,0.98405,0.98887,0.98405,0.98766
2019-11-04 22:00:00,0.98766,0.99355,0.98728,0.99259
2019-11-05 22:00:00,0.99247,0.99397,0.99149,0.99267
2019-11-06 22:00:00,0.99267,0.99752,0.99107,0.99478
2019-11-07 22:00:00,0.99475,0.99787,0.99430,0.99710
2019-11-10 22:00:00,0.99707,0.99768,0.99286,0.99327
2019-11-11 22:00:00,0.99327,0.99642,0.99218,0.99300
2019-11-12 22:00:00,0.99292,0.99358,0.98836,0.98981
2019-11-13 22:00:00,0.98983,0.99078,0.98701,0.98777
2019-11-14 22:00:00,0.98768,0.99107,0.98764,0.98946
2019-11-17 22:00:00,0.98771,0.99140,0.98682,0.98948
2019-11-18 22:00:00,0.98946,0.99186,0.98816,0.99037
2019-11-19 22:00:00,0.99037,0.99368,0.98983,0.99061
2019-11-20 22:00:00,0.99062,0.99346,0.98903,0.99301
2019-11-21 22:00:00,0.99301,0.99799,0.99263,0.99705
2019-11-24 22:00:00,0.99779,0.99854,0.99598,0.99613
2019-11-25 22:00:00,0.99613,0.99865,0.99602,0.99688
2019-11-26 22:00:00,0.99684,1.00003,0.99665,0.99895
2019-11-27 22:00:00,0.99892,0.99954,0.99800,0.99818
2019-11-28 22:00:00,0.99819,1.00230,0.99781,0.99970
2019-12-01 22:00:00,0.99973,1.00084,0.99110,0.99113
2019-12-02 22:00:00,0.99113,0.99259,0.98570,0.98696
2019-12-03 22:00:00,0.98696,0.98994,0.98549,0.98823
2019-12-04 22:00:00,0.98820,0.98952,0.98675,0.98676
2019-12-05 22:00:00,0.98675,0.99177,0.98644,0.99001
2019-12-08 22:00:00,0.98964,0.99101,0.98749,0.98774
2019-12-09 22:00:00,0.98772,0.98824,0.98336,0.98426
2019-12-10 22:00:00,0.98427,0.98634,0.98138,0.98295
2019-12-11 22:00:00,0.98286,0.98748,0.98083,0.98456
2019-12-12 22:00:00,0.98454,0.98670,0.98048,0.98418
2019-12-15 22:00:00,0.98276,0.98465,0.98196,0.98221
2019-12-16 22:00:00,0.98220,0.98434,0.97955,0.97982
2019-12-17 22:00:00,0.98004,0.98207,0.97952,0.98033
2019-12-18 22:00:00,0.98030,0.98118,0.97702,0.97837
2019-12-19 22:00:00,0.97837,0.98324,0.97752,0.98256
2019-12-22 22:00:00,0.98264,0.98275,0.98008,0.98157
2019-12-23 22:00:00,0.98167,0.98310,0.97974,0.98022
2019-12-25 22:00:00,0.98111,0.98182,0.97986,0.98103
2019-12-26 22:00:00,0.98103,0.98176,0.97297,0.97469
2019-12-29 22:00:00,0.97407,0.97594,0.96739,0.96918
2019-12-30 22:00:00,0.96919,0.96973,0.96460,0.96754
2020-01-01 22:00:00,0.96879,0.97325,0.96813,0.97114
2020-01-02 22:00:00,0.97102,0.97434,0.96879,0.97237
2020-01-05 22:00:00,0.96997,0.97164,0.96759,0.96786
2020-01-06 22:00:00,0.96785,0.97297,0.96750,0.97012
2020-01-07 22:00:00,0.97012,0.97393,0.96649,0.97373
2020-01-08 22:00:00,0.97374,0.97478,0.97108,0.97297
2020-01-09 22:00:00,0.97283,0.97617,0.97195,0.97279
2020-01-12 22:00:00,0.97200,0.97364,0.96937,0.97054
2020-01-13 22:00:00,0.97054,0.97129,0.96651,0.96698
2020-01-14 22:00:00,0.96697,0.96797,0.96300,0.96407
2020-01-15 22:00:00,0.96397,0.96519,0.96126,0.96475
2020-01-16 22:00:00,0.96475,0.96951,0.96441,0.96762
2020-01-19 22:00:00,0.96744,0.96989,0.96722,0.96777
2020-01-20 22:00:00,0.96781,0.96897,0.96607,0.96862
2020-01-21 22:00:00,0.96861,0.97286,0.96773,0.96776
2020-01-22 22:00:00,0.96772,0.97029,0.96683,0.96880
2020-01-23 22:00:00,0.96881,0.97175,0.96842,0.97101
2020-01-26 22:00:00,0.97023,0.97187,0.96814,0.96930
2020-01-27 22:00:00,0.96930,0.97410,0.96782,0.97304
2020-01-28 22:00:00,0.97304,0.97663,0.97244,0.97297
2020-01-29 22:00:00,0.97292,0.97364,0.96796,0.96932
2020-01-30 22:00:00,0.96929,0.97126,0.96284,0.96326
2020-02-02 22:00:00,0.96291,0.96726,0.96284,0.96568
2020-02-03 22:00:00,0.96568,0.97038,0.96519,0.96896
2020-02-04 22:00:00,0.96889,0.97472,0.96776,0.97326
2020-02-05 22:00:00,0.97326,0.97560,0.97305,0.97468
2020-02-06 22:00:00,0.97467,0.97807,0.97393,0.97754
2020-02-09 22:00:00,0.97672,0.97833,0.97626,0.97710
2020-02-10 22:00:00,0.97705,0.97885,0.97504,0.97575
2020-02-11 22:00:00,0.97574,0.97847,0.97405,0.97807
2020-02-12 22:00:00,0.97776,0.97954,0.97604,0.97933
2020-02-13 22:00:00,0.97930,0.98219,0.97867,0.98209
2020-02-16 22:00:00,0.98129,0.98266,0.98056,0.98060
2020-02-17 22:00:00,0.98060,0.98388,0.97961,0.98310
2020-02-18 22:00:00,0.98306,0.98442,0.98252,0.98361
2020-02-19 22:00:00,0.98362,0.98479,0.98147,0.98390
2020-02-20 22:00:00,0.98385,0.98432,0.97708,0.97818
2020-02-23 22:00:00,0.97957,0.98151,0.97646,0.97890
2020-02-24 22:00:00,0.97890,0.98043,0.97504,0.97593
2020-02-25 22:00:00,0.97593,0.97787,0.97283,0.97664
2020-02-26 22:00:00,0.97663,0.97707,0.96736,0.96750
2020-02-27 22:00:00,0.96749,0.96953,0.96096,0.96531
2020-03-01 22:00:00,0.96285,0.96546,0.95435,0.95888
2020-03-02 22:00:00,0.95853,0.95970,0.95152,0.95580
2020-03-03 22:00:00,0.95574,0.95967,0.95323,0.95627
2020-03-04 22:00:00,0.95625,0.95710,0.94461,0.94546
2020-03-05 22:00:00,0.94545,0.94665,0.93179,0.93744
2020-03-08 22:00:00,0.93173,0.93308,0.91818,0.92416
2020-03-09 22:00:00,0.92419,0.94105,0.92376,0.93848
2020-03-10 22:00:00,0.93834,0.94017,0.93238,0.93911
2020-03-11 22:00:00,0.93924,0.95517,0.93212,0.94459
2020-03-12 22:00:00,0.94459,0.95690,0.94221,0.95122
2020-03-15 22:00:00,0.94468,0.95253,0.93918,0.94463
2020-03-16 22:00:00,0.94517,0.96485,0.94462,0.96097
2020-03-17 22:00:00,0.96097,0.97504,0.95662,0.96694
2020-03-18 22:00:00,0.96681,0.98780,0.96379,0.98768
2020-03-19 22:00:00,0.98768,0.99004,0.97437,0.98548
2020-03-22 22:00:00,0.98397,0.99004,0.97900,0.98349
2020-03-23 22:00:00,0.98349,0.98454,0.97184,0.98212
2020-03-24 22:00:00,0.98208,0.98340,0.97442,0.97455
2020-03-25 22:00:00,0.97455,0.97751,0.96029,0.96366
2020-03-26 22:00:00,0.96366,0.96551,0.95046,0.95063
2020-03-29 21:00:00,0.95245,0.96109,0.95000,0.95826
2020-03-30 21:00:00,0.95804,0.96859,0.95641,0.96094
2020-03-31 21:00:00,0.96091,0.96911,0.95938,0.96541
2020-04-01 21:00:00,0.96541,0.97502,0.96393,0.97343
2020-04-02 21:00:00,0.97343,0.97957,0.97178,0.97637
2020-04-05 21:00:00,0.97553,0.97971,0.97470,0.97862
2020-04-06 21:00:00,0.97863,0.97923,0.96854,0.96955
2020-04-07 21:00:00,0.96964,0.97431,0.96878,0.97127
2020-04-08 21:00:00,0.97131,0.97335,0.96481,0.96614
2020-04-09 21:00:00,0.96614,0.96735,0.96388,0.96500
2020-04-12 21:00:00,0.96510,0.96869,0.96296,0.96663
2020-04-13 21:00:00,0.96670,0.96785,0.95958,0.96006
2020-04-14 21:00:00,0.96006,0.97002,0.95916,0.96435
2020-04-15 21:00:00,0.96435,0.97157,0.96424,0.97013
2020-04-16 21:00:00,0.97016,0.97240,0.96561,0.96698
2020-04-19 21:00:00,0.96665,0.97001,0.96553,0.96782
2020-04-20 21:00:00,0.96780,0.97274,0.96696,0.96949
2020-04-21 21:00:00,0.96936,0.97318,0.96685,0.97136
2020-04-22 21:00:00,0.97135,0.97722,0.97017,0.97592
2020-04-23 21:00:00,0.97592,0.98026,0.97273,0.97294
2020-04-26 21:00:00,0.97227,0.97669,0.97121,0.97534
2020-04-27 21:00:00,0.97514,0.97998,0.97202,0.97493
2020-04-28 21:00:00,0.97483,0.97676,0.97123,0.97342
2020-04-29 21:00:00,0.97316,0.97588,0.96382,0.96455
2020-04-30 21:00:00,0.96431,0.96692,0.95884,0.96109
2020-05-03 21:00:00,0.96157,0.96628,0.95996,0.96476
2020-05-04 21:00:00,0.96445,0.97347,0.96387,0.97200
2020-05-05 21:00:00,0.97208,0.97586,0.97179,0.97481
2020-05-06 21:00:00,0.97472,0.97842,0.97279,0.97286
2020-05-07 21:00:00,0.97263,0.97364,0.96809,0.97089
2020-05-10 21:00:00,0.97178,0.97365,0.97002,0.97277
2020-05-11 21:00:00,0.97261,0.97498,0.96648,0.96929
2020-05-12 21:00:00,0.96899,0.97262,0.96652,0.97189
2020-05-13 21:00:00,0.97180,0.97552,0.97134,0.97293
2020-05-14 21:00:00,0.97286,0.97444,0.96979,0.97189
2020-05-17 21:00:00,0.97164,0.97606,0.96766,0.97084
2020-05-18 21:00:00,0.97078,0.97285,0.96984,0.97097
2020-05-19 21:00:00,0.96963,0.97162,0.96380,0.96443
2020-05-20 21:00:00,0.96442,0.97128,0.96421,0.97037
2020-05-21 21:00:00,0.97037,0.97333,0.96969,0.97105
2020-05-24 21:00:00,0.97081,0.97361,0.97042,0.97146
2020-05-25 21:00:00,0.97146,0.97224,0.96464,0.96555
2020-05-26 21:00:00,0.96555,0.97282,0.96478,0.96792
2020-05-27 21:00:00,0.96790,0.97192,0.96302,0.96386
2020-05-28 21:00:00,0.96355,0.96502,0.96015,0.96111
2020-05-31 21:00:00,0.96016,0.96248,0.95788,0.96078
2020-06-01 21:00:00,0.96064,0.96374,0.95729,0.96212
2020-06-02 21:00:00,0.96205,0.96478,0.96065,0.96108
2020-06-03 21:00:00,0.96106,0.96239,0.95433,0.95536
2020-06-04 21:00:00,0.95535,0.96504,0.95420,0.96222
2020-06-07 21:00:00,0.96086,0.96391,0.95554,0.95746
2020-06-08 21:00:00,0.95749,0.95854,0.94822,0.95064
2020-06-09 21:00:00,0.95065,0.95146,0.94243,0.94365
2020-06-10 21:00:00,0.94367,0.94603,0.93760,0.94399
2020-06-11 21:00:00,0.94386,0.95534,0.94170,0.95190
2020-06-14 21:00:00,0.95248,0.95468,0.94798,0.94898
2020-06-15 21:00:00,0.94890,0.95231,0.94633,0.95121
2020-06-16 21:00:00,0.95118,0.95290,0.94811,0.94848
2020-06-17 21:00:00,0.94841,0.95248,0.94822,0.95126
2020-06-18 21:00:00,0.95123,0.95304,0.94875,0.95240
2020-06-21 21:00:00,0.95053,0.95268,0.94649,0.94751
2020-06-22 21:00:00,0.94734,0.94934,0.94201,0.94472
2020-06-23 21:00:00,0.94469,0.94859,0.94295,0.94784
2020-06-24 21:00:00,0.94778,0.95080,0.94699,0.94840
2020-06-25 21:00:00,0.94856,0.94995,0.94673,0.94821
2020-06-28 21:00:00,0.94661,0.95249,0.94415,0.95107
2020-06-29 21:00:00,0.95118,0.95325,0.94612,0.94713
2020-06-30 21:00:00,0.94716,0.94938,0.94447,0.94572
2020-07-01 21:00:00,0.94582,0.94649,0.94261,0.94523
2020-07-02 21:00:00,0.94531,0.94700,0.94351,0.94442
2020-07-05 21:00:00,0.94425,0.94524,0.93840,0.94204
2020-07-06 21:00:00,0.94205,0.94530,0.94079,0.94239
2020-07-07 21:00:00,0.94238,0.94323,0.93695,0.93822
2020-07-08 21:00:00,0.93832,0.94104,0.93618,0.94005
2020-07-09 21:00:00,0.93991,0.94312,0.93843,0.94130
2020-07-12 21:00:00,0.94031,0.94374,0.93920,0.94151
2020-07-13 21:00:00,0.94151,0.94241,0.93796,0.93987
2020-07-14 21:00:00,0.93986,0.94571,0.93698,0.94430
2020-07-15 21:00:00,0.94419,0.94675,0.94291,0.94545
2020-07-16 21:00:00,0.94554,0.94585,0.93801,0.93872
2020-07-19 21:00:00,0.93915,0.94099,0.93737,0.93886
2020-07-20 21:00:00,0.93894,0.93980,0.93210,0.93309
2020-07-21 21:00:00,0.93309,0.93515,0.92864,0.92955
2020-07-22 21:00:00,0.92953,0.93004,0.92453,0.92535
2020-07-23 21:00:00,0.92521,0.92603,0.92070,0.92078
2020-07-26 21:00:00,0.91971,0.92298,0.91658,0.91985
2020-07-27 21:00:00,0.91982,0.92280,0.91550,0.91782
2020-07-28 21:00:00,0.91778,0.91873,0.91167,0.91250
2020-07-29 21:00:00,0.91250,0.91510,0.90875,0.90885
2020-07-30 21:00:00,0.90875,0.91487,0.90560,0.91380
2020-08-02 21:00:00,0.91315,0.92418,0.91273,0.91768
2020-08-03 21:00:00,0.91767,0.91877,0.91299,0.91324
2020-08-04 21:00:00,0.91322,0.91385,0.90501,0.90833
2020-08-05 21:00:00,0.90835,0.91287,0.90652,0.90970
2020-08-06 21:00:00,0.90970,0.91576,0.90849,0.91247
2020-08-09 21:00:00,0.91173,0.91842,0.91172,0.91553
2020-08-10 21:00:00,0.91548,0.91775,0.91051,0.91677
2020-08-11 21:00:00,0.91670,0.91976,0.90967,0.91196
2020-08-12 21:00:00,0.91180,0.91219,0.90818,0.90966
2020-08-13 21:00:00,0.90963,0.91227,0.90866,0.90912
2020-08-16 21:00:00,0.90894,0.90965,0.90512,0.90654
2020-08-17 21:00:00,0.90651,0.90673,0.90094,0.90368
2020-08-18 21:00:00,0.90374,0.91539,0.90188,0.91495
2020-08-19 21:00:00,0.91495,0.91614,0.90719,0.90760
2020-08-20 21:00:00,0.90760,0.91395,0.90609,0.91174
2020-08-23 21:00:00,0.91130,0.91278,0.90745,0.91179
2020-08-24 21:00:00,0.91175,0.91259,0.90735,0.90766
2020-08-25 21:00:00,0.90814,0.91205,0.90702,0.90814
2020-08-26 21:00:00,0.90810,0.91234,0.90360,0.90894
2020-08-27 21:00:00,0.90889,0.90995,0.90238,0.90405
2020-08-30 21:00:00,0.90410,0.90529,0.89982,0.90363
2020-08-31 21:00:00,0.90363,0.91006,0.89986,0.90927
2020-09-01 21:00:00,0.90927,0.91362,0.90830,0.91058
2020-09-02 21:00:00,0.91058,0.91419,0.90823,0.90934
2020-09-03 21:00:00,0.90928,0.91632,0.90846,0.91329
2020-09-06 21:00:00,0.91344,0.91687,0.91203,0.91594
2020-09-07 21:00:00,0.91596,0.92002,0.91557,0.91766
2020-09-08 21:00:00,0.91767,0.91902,0.91198,0.91234
2020-09-09 21:00:00,0.91269,0.91301,0.90485,0.91051
2020-09-10 21:00:00,0.91044,0.91080,0.90793,0.90884
2020-09-13 21:00:00,0.90878,0.90981,0.90577,0.90820
2020-09-14 21:00:00,0.90820,0.90884,0.90509,0.90803
2020-09-15 21:00:00,0.90797,0.91102,0.90547,0.90933
2020-09-16 21:00:00,0.90931,0.91395,0.90804,0.90813
2020-09-17 21:00:00,0.90807,0.91131,0.90748,0.91124
2020-09-20 21:00:00,0.91015,0.91709,0.90866,0.91443
2020-09-21 21:00:00,0.91443,0.92076,0.91357,0.91972
2020-09-22 21:00:00,0.91983,0.92433,0.91889,0.92376
2020-09-23 21:00:00,0.92384,0.92800,0.92156,0.92659
2020-09-24 21:00:00,0.92657,0.92961,0.92506,0.92888
2020-09-27 21:00:00,0.92833,0.92950,0.92397,0.92397
2020-09-28 21:00:00,0.92386,0.92500,0.91892,0.91938
2020-09-29 21:00:00,0.91935,0.92444,0.91621,0.92076
2020-09-30 21:00:00,0.92075,0.92142,0.91643,0.91848
2020-10-01 21:00:00,0.91870,0.92182,0.91782,0.92053
2020-10-04 21:00:00,0.91940,0.91998,0.91449,0.91499
2020-10-05 21:00:00,0.91500,0.91795,0.91330,0.91773
2020-10-06 21:00:00,0.91769,0.91845,0.91593,0.91723
2020-10-07 21:00:00,0.91725,0.91973,0.91569,0.91693
2020-10-08 21:00:00,0.91693,0.91727,0.90939,0.90963
2020-10-11 21:00:00,0.91037,0.91235,0.90871,0.90871
2020-10-12 21:00:00,0.90873,0.91546,0.90867,0.91489
2020-10-13 21:00:00,0.91496,0.91625,0.91128,0.91386
2020-10-14 21:00:00,0.91386,0.91554,0.91263,0.91479
2020-10-15 21:00:00,0.91454,0.91620,0.91229,0.91488
2020-10-18 21:00:00,0.91454,0.91651,0.90899,0.90964
2020-10-19 21:00:00,0.90963,0.91099,0.90550,0.90698
2020-10-20 21:00:00,0.90694,0.90703,0.90303,0.90532
2020-10-21 21:00:00,0.90530,0.90802,0.90406,0.90701
2020-10-22 21:00:00,0.90695,0.90919,0.90340,0.90408
2020-10-25 22:00:00,0.90416,0.90804,0.90398,0.90769
2020-10-26 22:00:00,0.90769,0.90978,0.90614,0.90894
2020-10-27 22:00:00,0.90894,0.91276,0.90849,0.91034
2020-10-28 22:00:00,0.91034,0.91724,0.90888,0.91539
2020-10-29 22:00:00,0.91539,0.91725,0.91379,0.91667
2020-11-01 22:00:00,0.91546,0.92074,0.91546,0.91848
2020-11-02 22:00:00,0.91845,0.91917,0.91167,0.91275
2020-11-03 22:00:00,0.91272,0.91962,0.90888,0.91161
2020-11-04 22:00:00,0.91106,0.91332,0.90364,0.90388
2020-11-05 22:00:00,0.90385,0.90565,0.89823,0.90028
2020-11-08 22:00:00,0.89762,0.91432,0.89750,0.91225
2020-11-09 22:00:00,0.91348,0.91755,0.91153,0.91529
2020-11-10 22:00:00,0.91530,0.91917,0.91233,0.91704
2020-11-11 22:00:00,0.91681,0.91706,0.91314,0.91488
2020-11-12 22:00:00,0.91488,0.91589,0.91256,0.91261
2020-11-15 22:00:00,0.91236,0.91514,0.90976,0.91239
2020-11-16 22:00:00,0.91243,0.91283,0.90881,0.91154
2020-11-17 22:00:00,0.91134,0.91226,0.90919,0.91143
2020-11-18 22:00:00,0.91098,0.91392,0.90996,0.91045
2020-11-19 22:00:00,0.91048,0.91234,0.90917,0.91090
2020-11-22 22:00:00,0.91046,0.91479,0.90762,0.91277
2020-11-23 22:00:00,0.91225,0.91363,0.90975,0.91112
2020-11-24 22:00:00,0.91113,0.91389,0.90780,0.90818
2020-11-25 22:00:00,0.90788,0.90936,0.90597,0.90626
2020-11-26 22:00:00,0.90629,0.90826,0.90404,0.90451
2020-11-29 22:00:00,0.90363,0.90928,0.90192,0.90862
2020-11-30 22:00:00,0.90863,0.90874,0.89940,0.89971
2020-12-01 22:00:00,0.89934,0.90134,0.89431,0.89453
2020-12-02 22:00:00,0.89453,0.89540,0.88914,0.89054
2020-12-03 22:00:00,0.89137,0.89228,0.88855,0.89188
2020-12-06 22:00:00,0.88953,0.89467,0.88753,0.89049
2020-12-07 22:00:00,0.89046,0.89144,0.88818,0.88881
2020-12-08 22:00:00,0.88878,0.89147,0.88713,0.88931
2020-12-09 22:00:00,0.88939,0.89018,0.88519,0.88596
2020-12-10 22:00:00,0.88596,0.89093,0.88512,0.88958
2020-12-13 22:00:00,0.88807,0.88957,0.88501,0.88663
2020-12-14 22:00:00,0.88655,0.88805,0.88504,0.88548
2020-12-15 22:00:00,0.88544,0.88918,0.88259,0.88520
2020-12-16 22:00:00,0.88519,0.88581,0.88227,0.88432
2020-12-17 22:00:00,0.88445,0.88683,0.88255,0.88316
2020-12-20 22:00:00,0.88436,0.89193,0.88419,0.88547
2020-12-21 22:00:00,0.88554,0.89046,0.88454,0.88941
2020-12-22 22:00:00,0.88943,0.89112,0.88678,0.88794
2020-12-23 22:00:00,0.88795,0.89181,0.88686,0.89135
2020-12-27 22:00:00,0.88810,0.89188,0.88762,0.88887
2020-12-28 22:00:00,0.88909,0.88922,0.88306,0.88392
2020-12-29 22:00:00,0.88377,0.88542,0.88117,0.88117
2020-12-30 22:00:00,0.88110,0.88561,0.87938,0.88522
2021-01-03 22:00:00,0.88219,0.88457,0.87847,0.88121
2021-01-04 22:00:00,0.88117,0.88167,0.87757,0.87826
2021-01-05 22:00:00,0.87825,0.88216,0.87577,0.87827
2021-01-06 22:00:00,0.87796,0.88607,0.87746,0.88492
2021-01-07 22:00:00,0.88492,0.88848,0.88227,0.88531
2021-01-10 22:00:00,0.88551,0.89204,0.88454,0.89017
2021-01-11 22:00:00,0.89016,0.89163,0.88609,0.88615
2021-01-12 22:00:00,0.88615,0.88895,0.88495,0.88756
2021-01-13 22:00:00,0.88740,0.89173,0.88560,0.88811
2021-01-14 22:00:00,0.88817,0.89149,0.88693,0.89135
2021-01-17 22:00:00,0.88961,0.89258,0.88872,0.89045
2021-01-18 22:00:00,0.89090,0.89166,0.88641,0.88819
2021-01-19 22:00:00,0.88822,0.89204,0.88671,0.88921
2021-01-20 22:00:00,0.88929,0.88997,0.88477,0.88489
2021-01-21 22:00:00,0.88480,0.88662,0.88385,0.88515
2021-01-24 22:00:00,0.88421,0.88927,0.88421,0.88806
2021-01-25 22:00:00,0.88803,0.88957,0.88608,0.88660
2021-01-26 22:00:00,0.88648,0.89173,0.88609,0.88873
2021-01-27 22:00:00,0.88877,0.89187,0.88700,0.88859
2021-01-28 22:00:00,0.88864,0.89116,0.88706,0.89084
2021-01-31 22:00:00,0.88893,0.89728,0.88893,0.89675
2021-02-01 22:00:00,0.89669,0.89950,0.89469,0.89711
2021-02-02 22:00:00,0.89706,0.90027,0.89698,0.89879
2021-02-03 22:00:00,0.89879,0.90448,0.89838,0.90399
2021-02-04 22:00:00,0.90383,0.90458,0.89888,0.89897
2021-02-07 22:00:00,0.89829,0.90197,0.89805,0.89851
2021-02-08 22:00:00,0.89849,0.89904,0.89193,0.89227
2021-02-09 22:00:00,0.89228,0.89314,0.88903,0.88990
2021-02-10 22:00:00,0.89000,0.89103,0.88920,0.89003
2021-02-11 22:00:00,0.89002,0.89398,0.88928,0.89190
2021-02-14 22:00:00,0.89040,0.89248,0.88962,0.88998
2021-02-15 22:00:00,0.89005,0.89307,0.88710,0.89221
2021-02-16 22:00:00,0.89215,0.89920,0.89150,0.89878
2021-02-17 22:00:00,0.89846,0.89955,0.89569,0.89569
2021-02-18 22:00:00,0.89569,0.89726,0.89335,0.89654
2021-02-21 22:00:00,0.89606,0.90234,0.89485,0.89573
2021-02-22 22:00:00,0.89571,0.90569,0.89488,0.90482
2021-02-23 22:00:00,0.90477,0.90947,0.90206,0.90637
2021-02-24 22:00:00,0.90638,0.90817,0.90280,0.90465
2021-02-25 22:00:00,0.90462,0.91019,0.90268,0.90861
2021-02-28 22:00:00,0.90823,0.91595,0.90708,0.91481
2021-03-01 22:00:00,0.91482,0.91934,0.91362,0.91434
2021-03-02 22:00:00,0.91409,0.92000,0.91404,0.91973
2021-03-03 22:00:00,0.91973,0.92976,0.91873,0.92861
2021-03-04 22:00:00,0.92854,0.93189,0.92574,0.93123
2021-03-07 22:00:00,0.92814,0.93695,0.92724,0.93616
2021-03-08 22:00:00,0.93617,0.93755,0.92757,0.92757
2021-03-09 22:00:00,0.92757,0.93227,0.92714,0.92953
2021-03-10 22:00:00,0.92951,0.93090,0.92344,0.92408
2021-03-11 22:00:00,0.92410,0.93250,0.92326,0.92910
2021-03-14 22:00:00,0.92874,0.93126,0.92608,0.92716
2021-03-15 22:00:00,0.92718,0.92872,0.92425,0.92472
2021-03-16 22:00:00,0.92472,0.92962,0.92135,0.92226
2021-03-17 22:00:00,0.92226,0.93053,0.92189,0.92729
2021-03-18 22:00:00,0.92730,0.93199,0.92513,0.92916
2021-03-21 22:00:00,0.92910,0.93095,0.92227,0.92278
2021-03-22 22:00:00,0.92281,0.93470,0.92281,0.93378
2021-03-23 22:00:00,0.93381,0.93698,0.93367,0.93528
2021-03-24 22:00:00,0.93529,0.94022,0.93493,0.93960
2021-03-25 22:00:00,0.93960,0.94180,0.93824,0.93876
2021-03-28 21:00:00,0.93808,0.94048,0.93703,0.93888
2021-03-29 21:00:00,0.93880,0.94388,0.93813,0.94200
2021-03-30 21:00:00,0.94199,0.94585,0.94036,0.94352
2021-03-31 21:00:00,0.94349,0.94727,0.94044,0.94156
2021-04-01 21:00:00,0.94154,0.94339,0.94049,0.94204
2021-04-04 21:00:00,0.94169,0.94385,0.93540,0.93615
2021-04-05 21:00:00,0.93611,0.93958,0.93027,0.93078
2021-04-06 21:00:00,0.93076,0.93178,0.92682,0.92949
2021-04-07 21:00:00,0.92946,0.93026,0.92323,0.92375
2021-04-08 21:00:00,0.92402,0.92816,0.92312,0.92451
2021-04-11 21:00:00,0.92418,0.92685,0.92129,0.92208
2021-04-12 21:00:00,0.92195,0.92597,0.91979,0.92051
2021-04-13 21:00:00,0.92051,0.92341,0.91865,0.92240
2021-04-14 21:00:00,0.92239,0.92458,0.92064,0.92219
2021-04-15 21:00:00,0.92216,0.92350,0.91792,0.91983
2021-04-18 21:00:00,0.91889,0.92149,0.91287,0.91479
2021-04-19 21:00:00,0.91479,0.91698,0.91350,0.91561
2021-04-20 21:00:00,0.91556,0.91955,0.91489,0.91656
2021-04-21 21:00:00,0.91658,0.91912,0.91436,0.91668
2021-04-22 21:00:00,0.91692,0.91769,0.91277,0.91360
2021-04-25 21:00:00,0.91302,0.91660,0.91215,0.91393
2021-04-26 21:00:00,0.91387,0.91716,0.91236,0.91337
2021-04-27 21:00:00,0.91337,0.91817,0.90884,0.90941
2021-04-28 21:00:00,0.90940,0.91194,0.90791,0.90845
2021-04-29 21:00:00,0.90845,0.91401,0.90803,0.91302
2021-05-02 21:00:00,0.91188,0.91477,0.90930,0.91112
2021-05-03 21:00:00,0.91068,0.91608,0.90963,0.91315
2021-05-04 21:00:00,0.91332,0.91643,0.91212,0.91265
2021-05-05 21:00:00,0.91265,0.91447,0.90703,0.90710
2021-05-06 21:00:00,0.90706,0.90937,0.90038,0.90048
2021-05-09 21:00:00,0.90032,0.90190,0.89856,0.90108
2021-05-10 21:00:00,0.90101,0.90391,0.90013,0.90354
2021-05-11 21:00:00,0.90354,0.90939,0.90272,0.90892
2021-05-12 21:00:00,0.90891,0.90930,0.90511,0.90571
2021-05-13 21:00:00,0.90575,0.90638,0.90123,0.90156
2021-05-16 21:00:00,0.90102,0.90328,0.90023,0.90316
2021-05-17 21:00:00,0.90313,0.90349,0.89604,0.89762
2021-05-18 21:00:00,0.89755,0.90476,0.89680,0.90371
2021-05-19 21:00:00,0.90369,0.90472,0.89716,0.89722
2021-05-20 21:00:00,0.89719,0.90004,0.89537,0.89767
2021-05-23 21:00:00,0.89771,0.90024,0.89567,0.89677
2021-05-24 21:00:00,0.89688,0.89747,0.89308,0.89478
2021-05-25 21:00:00,0.89522,0.89879,0.89334,0.89779
2021-05-26 21:00:00,0.89778,0.90088,0.89607,0.89654
2021-05-27 21:00:00,0.89656,0.90298,0.89638,0.90013
2021-05-30 21:00:00,0.89884,0.90127,0.89841,0.89867
2021-05-31 21:00:00,0.89867,0.89988,0.89470,0.89704
2021-06-01 21:00:00,0.89705,0.90244,0.89657,0.89762
2021-06-02 21:00:00,0.89761,0.90519,0.89750,0.90332
2021-06-03 21:00:00,0.90332,0.90539,0.89821,0.89912
2021-06-06 21:00:00,0.89876,0.90101,0.89675,0.89757
2021-06-07 21:00:00,0.89748,0.89894,0.89521,0.89669
2021-06-08 21:00:00,0.89670,0.89716,0.89261,0.89538
2021-06-09 21:00:00,0.89536,0.89927,0.89404,0.89442
2021-06-10 21:00:00,0.89432,0.90000,0.89329,0.89807
2021-06-13 21:00:00,0.89784,0.90016,0.89773,0.89950
2021-06-14 21:00:00,0.89941,0.90079,0.89653,0.89823
2021-06-15 21:00:00,0.89823,0.90881,0.89736,0.90853
2021-06-16 21:00:00,0.90856,0.91878,0.90758,0.91763
2021-06-17 21:00:00,0.91759,0.92387,0.91663,0.92331
2021-06-20 21:00:00,0.92018,0.92372,0.91753,0.91786
2021-06-21 21:00:00,0.91786,0.92129,0.91728,0.91796
2021-06-22 21:00:00,0.91794,0.91998,0.91536,0.91825
2021-06-23 21:00:00,0.91820,0.92002,0.91738,0.91769
2021-06-24 21:00:00,0.91763,0.91825,0.91424,0.91676
2021-06-27 21:00:00,0.91684,0.92146,0.91660,0.91942
2021-06-28 21:00:00,0.91940,0.92332,0.91895,0.92104
2021-06-29 21:00:00,0.92104,0.92619,0.92013,0.92494
2021-06-30 21:00:00,0.92494,0.92716,0.92357,0.92538
2021-07-01 21:00:00,0.92533,0.92748,0.92001,0.92064
2021-07-04 21:00:00,0.91999,0.92326,0.91999,0.92240
2021-07-05 21:00:00,0.92210,0.92517,0.91936,0.92419
2021-07-06 21:00:00,0.92415,0.92677,0.92226,0.92552
2021-07-07 21:00:00,0.92539,0.92622,0.91335,0.91509
2021-07-08 21:00:00,0.91496,0.91752,0.91359,0.91373
2021-07-11 21:00:00,0.91352,0.91710,0.91320,0.91495
2021-07-12 21:00:00,0.91494,0.92004,0.91427,0.91850
2021-07-13 21:00:00,0.91848,0.91986,0.91421,0.91437
2021-07-14 21:00:00,0.91430,0.91929,0.91176,0.91769
2021-07-15 21:00:00,0.91770,0.92035,0.91655,0.91942
2021-07-18 21:00:00,0.91798,0.92216,0.91628,0.91780
2021-07-19 21:00:00,0.91780,0.92325,0.91638,0.92136
2021-07-20 21:00:00,0.92127,0.92310,0.91696,0.91754
2021-07-21 21:00:00,0.91755,0.92015,0.91549,0.91884
2021-07-22 21:00:00,0.91882,0.92219,0.91862,0.91971
2021-07-25 21:00:00,0.91854,0.92024,0.91486,0.91564
2021-07-26 21:00:00,0.91574,0.91861,0.91290,0.91425
2021-07-27 21:00:00,0.91421,0.91673,0.90993,0.90993
2021-07-28 21:00:00,0.90993,0.91014,0.90540,0.90607
2021-07-29 21:00:00,0.90596,0.90755,0.90390,0.90506
2021-08-01 21:00:00,0.90439,0.90686,0.90375,0.90530
2021-08-02 21:00:00,0.90528,0.90574,0.90228,0.90372
2021-08-03 21:00:00,0.90352,0.90759,0.90183,0.90649
2021-08-04 21:00:00,0.90642,0.90776,0.90513,0.90676
2021-08-05 21:00:00,0.90666,0.91560,0.90617,0.91499
2021-08-08 21:00:00,0.91364,0.92071,0.91349,0.91977
2021-08-09 21:00:00,0.91975,0.92342,0.91909,0.92224
2021-08-10 21:00:00,0.92227,0.92421,0.92022,0.92189
2021-08-11 21:00:00,0.92180,0.92396,0.92101,0.92320
2021-08-12 21:00:00,0.92313,0.92392,0.91509,0.91523
2021-08-15 21:00:00,0.91494,0.91696,0.91093,0.91219
2021-08-16 21:00:00,0.91215,0.91514,0.90994,0.91449
2021-08-17 21:00:00,0.91445,0.91963,0.91270,0.91682
2021-08-18 21:00:00,0.91678,0.92067,0.91454,0.91861
2021-08-19 21:00:00,0.91852,0.91896,0.91586,0.91689
2021-08-22 21:00:00,0.91594,0.91782,0.91223,0.91230
2021-08-23 21:00:00,0.91220,0.91393,0.91103,0.91256
2021-08-24 21:00:00,0.91243,0.91576,0.91172,0.91368
2021-08-25 21:00:00,0.91367,0.91920,0.91224,0.91765
2021-08-26 21:00:00,0.91743,0.91997,0.91061,0.91105
2021-08-29 21:00:00,0.91084,0.91850,0.91009,0.91683
2021-08-30 21:00:00,0.91678,0.91734,0.91145,0.91501
2021-08-31 21:00:00,0.91482,0.91891,0.91390,0.91517
2021-09-01 21:00:00,0.91516,0.91679,0.91401,0.91419
2021-09-02 21:00:00,0.91415,0.91594,0.91154,0.91393
2021-09-05 21:00:00,0.91229,0.91683,0.91184,0.91504
2021-09-06 21:00:00,0.91470,0.91989,0.91326,0.91949
2021-09-07 21:00:00,0.91942,0.92348,0.91821,0.92170
2021-09-08 21:00:00,0.92161,0.92229,0.91609,0.91677
2021-09-09 21:00:00,0.91661,0.91847,0.91501,0.91811
2021-09-12 21:00:00,0.91747,0.92409,0.91721,0.92216
2021-09-13 21:00:00,0.92193,0.92281,0.91810,0.92042
2021-09-14 21:00:00,0.92005,0.92053,0.91635,0.91963
2021-09-15 21:00:00,0.91956,0.92775,0.91843,0.92753
2021-09-16 21:00:00,0.92736,0.93246,0.92595,0.93221
2021-09-19 21:00:00,0.93144,0.93330,0.92707,0.92775
2021-09-20 21:00:00,0.92731,0.92834,0.92252,0.92346
2021-09-21 21:00:00,0.92345,0.92727,0.92151,0.92610
2021-09-22 21:00:00,0.92498,0.92734,0.92173,0.92424
2021-09-23 21:00:00,0.92409,0.92606,0.92224,0.92433
2021-09-26 21:00:00,0.92344,0.92909,0.92344,0.92568
2021-09-27 21:00:00,0.92567,0.93017,0.92499,0.92922
2021-09-28 21:00:00,0.92914,0.93553,0.92776,0.93439
2021-09-29 21:00:00,0.93411,0.93683,0.93145,0.93149
2021-09-30 21:00:00,0.93160,0.93375,0.92816,0.93043
2021-10-03 21:00:00,0.93040,0.93111,0.92304,0.92473
2021-10-04 21:00:00,0.92443,0.92883,0.92390,0.92790
2021-10-05 21:00:00,0.92775,0.93076,0.92713,0.92722
2021-10-06 21:00:00,0.92720,0.92919,0.92526,0.92856
2021-10-07 21:00:00,0.92845,0.93057,0.92590,0.92710
2021-10-10 21:00:00,0.92612,0.92877,0.92502,0.92756
2021-10-11 21:00:00,0.92747,0.93132,0.92567,0.93058
2021-10-12 21:00:00,0.93027,0.93083,0.92353,0.92400
2021-10-13 21:00:00,0.92395,0.92441,0.91945,0.92340
2021-10-14 21:00:00,0.92319,0.92638,0.92215,0.92301
2021-10-17 21:00:00,0.92294,0.92732,0.92232,0.92375
2021-10-18 21:00:00,0.92369,0.92388,0.91849,0.92291
2021-10-19 21:00:00,0.92284,0.92524,0.91862,0.91880
2021-10-20 21:00:00,0.91867,0.92061,0.91703,0.91820
2021-10-21 21:00:00,0.91812,0.91854,0.91509,0.91600
2021-10-24 21:00:00,0.91514,0.92025,0.91500,0.91980
2021-10-25 21:00:00,0.91974,0.92263,0.91841,0.91990
2021-10-26 21:00:00,0.91964,0.92037,0.91646,0.91805
2021-10-27 21:00:00,0.91799,0.91948,0.91153,0.91183
2021-10-28 21:00:00,0.91182,0.91760,0.91024,0.91506
2021-10-31 22:00:00,0.91482,0.91714,0.90871,0.90921
2021-11-01 22:00:00,0.90888,0.91504,0.90877,0.91440
2021-11-02 22:00:00,0.91410,0.91511,0.91043,0.91177
2021-11-03 22:00:00,0.91151,0.91452,0.91109,0.91264
2021-11-04 22:00:00,0.91242,0.91750,0.91127,0.91209
2021-11-07 22:00:00,0.91174,0.91577,0.91166,0.91325
2021-11-08 22:00:00,0.91308,0.91539,0.91015,0.91115
2021-11-09 22:00:00,0.91081,0.91865,0.91049,0.91806
2021-11-10 22:00:00,0.91779,0.92243,0.91717,0.92079
2021-11-11 22:00:00,0.92053,0.92378,0.92022,0.92112
2021-11-14 22:00:00,0.92014,0.92571,0.91869,0.92507
2021-11-15 22:00:00,0.92500,0.93116,0.92370,0.92992
2021-11-16 22:00:00,0.92972,0.93297,0.92757,0.92824
2021-11-17 22:00:00,0.92794,0.92920,0.92509,0.92558
2021-11-18 22:00:00,0.92539,0.92900,0.92494,0.92883
2021-11-21 22:00:00,0.92764,0.93348,0.92670,0.93299
2021-11-22 22:00:00,0.93298,0.93444,0.92951,0.93310
2021-11-23 22:00:00,0.93302,0.93737,0.93129,0.93399
2021-11-24 22:00:00,0.93374,0.93614,0.93242,0.93575
2021-11-25 22:00:00,0.93551,0.93592,0.92113,0.92440
2021-11-28 22:00:00,0.92209,0.92729,0.92198,0.92283
2021-11-29 22:00:00,0.92237,0.92664,0.91574,0.91846
2021-11-30 22:00:00,0.91829,0.92179,0.91693,0.92024
2021-12-01 22:00:00,0.92019,0.92215,0.91784,0.92020
2021-12-02 22:00:00,0.92013,0.92177,0.91655,0.91789
2021-12-05 22:00:00,0.91719,0.92690,0.91692,0.92540
2021-12-06 22:00:00,0.92495,0.92753,0.92306,0.92499
2021-12-07 22:00:00,0.92467,0.92524,0.91953,0.92046
2021-12-08 22:00:00,0.92043,0.92648,0.91872,0.92350
2021-12-09 22:00:00,0.92327,0.92536,0.91992,0.92061
2021-12-12 22:00:00,0.92099,0.92564,0.91994,0.92249
2021-12-13 22:00:00,0.92279,0.92448,0.91884,0.92393
2021-12-14 22:00:00,0.92291,0.92941,0.92219,0.92431
2021-12-15 22:00:00,0.92414,0.92564,0.91895,0.91915
2021-12-16 22:00:00,0.91888,0.92461,0.91746,0.92413
2021-12-19 22:00:00,0.92384,0.92505,0.91923,0.92138
2021-12-20 22:00:00,0.92127,0.92541,0.91937,0.92315
2021-12-21 22:00:00,0.92335,0.92524,0.91899,0.91949
2021-12-22 22:00:00,0.91983,0.92190,0.91749,0.91819
2021-12-23 22:00:00,0.91803,0.91963,0.91663,0.91833
2021-12-26 22:00:00,0.91743,0.91999,0.91711,0.91749
2021-12-27 22:00:00,0.91743,0.91904,0.91592,0.91735
2021-12-28 22:00:00,0.91712,0.92014,0.91269,0.91457
2021-12-29 22:00:00,0.91430,0.91812,0.91321,0.91353
2021-12-30 22:00:00,0.91321,0.91480,0.91022,0.91218
2022-01-02 22:00:00,0.91106,0.92001,0.90981,0.91877
2022-01-03 22:00:00,0.91874,0.91928,0.91364,0.91594
2022-01-04 22:00:00,0.91594,0.91834,0.91408,0.91700
2022-01-05 22:00:00,0.91700,0.92239,0.91609,0.92105
2022-01-06 22:00:00,0.92098,0.92323,0.91818,0.91837
2022-01-09 22:00:00,0.91794,0.92750,0.91794,0.92713
2022-01-10 22:00:00,0.92709,0.92778,0.92324,0.92326
2022-01-11 22:00:00,0.92298,0.92444,0.91302,0.91425
2022-01-12 22:00:00,0.91413,0.91485,0.90912,0.91099
2022-01-13 22:00:00,0.91094,0.91419,0.90947,0.91377
2022-01-16 22:00:00,0.91219,0.91586,0.91219,0.91400
2022-01-17 22:00:00,0.91399,0.91792,0.91262,0.91731
2022-01-18 22:00:00,0.91714,0.91776,0.91445,0.91592
2022-01-19 22:00:00,0.91539,0.91810,0.91389,0.91705
2022-01-20 22:00:00,0.91683,0.91737,0.91076,0.91197
2022-01-23 22:00:00,0.91084,0.91587,0.91084,0.91389
2022-01-24 22:00:00,0.91383,0.92037,0.91202,0.91809
2022-01-25 22:00:00,0.91798,0.92463,0.91670,0.92381
2022-01-26 22:00:00,0.92364,0.93376,0.92271,0.93058
2022-01-27 22:00:00,0.93058,0.93294,0.92900,0.93098
2022-01-30 22:00:00,0.93033,0.93427,0.92513,0.92708
2022-01-31 22:00:00,0.92681,0.92771,0.92041,0.92118
2022-02-01 22:00:00,0.92138,0.92222,0.91776,0.91865
2022-02-02 22:00:00,0.91848,0.92360,0.91771,0.91975
2022-02-03 22:00:00,0.91969,0.92588,0.91927,0.92546
2022-02-06 22:00:00,0.92372,0.92618,0.92216,0.92375
2022-02-07 22:00:00,0.92364,0.92627,0.92258,0.92506
2022-02-08 22:00:00,0.92463,0.92544,0.92217,0.92435
2022-02-09 22:00:00,0.92382,0.92967,0.92268,0.92519
2022-02-10 22:00:00,0.92514,0.92870,0.92373,0.92421
2022-02-13 22:00:00,0.92406,0.92721,0.92363,0.92434
2022-02-14 22:00:00,0.92406,0.92740,0.92266,0.92534
2022-02-15 22:00:00,0.92527,0.92612,0.92063,0.92262
2022-02-16 22:00:00,0.92231,0.92291,0.91881,0.92047
2022-02-17 22:00:00,0.92016,0.92180,0.91917,0.92116
2022-02-20 22:00:00,0.91997,0.92208,0.91502,0.91576
2022-02-21 22:00:00,0.91569,0.92277,0.91511,0.92134
2022-02-22 22:00:00,0.92123,0.92188,0.91678,0.91817
2022-02-23 22:00:00,0.91776,0.92891,0.91702,0.92539
2022-02-24 22:00:00,0.92523,0.92840,0.92284,0.92533
2022-02-27 22:00:00,0.92537,0.92772,0.91658,0.91674
2022-02-28 22:00:00,0.91664,0.92052,0.91500,0.91829
2022-03-01 22:00:00,0.91816,0.92394,0.91664,0.92012
2022-03-02 22:00:00,0.92005,0.92166,0.91709,0.91710
2022-03-03 22:00:00,0.91706,0.92101,0.91623,0.91684
