datetime,open,high,low,close
2012-12-03 22:00:00,82.173,82.206,81.711,81.888
2012-12-04 22:00:00,81.890,82.473,81.789,82.415
2012-12-05 22:00:00,82.416,82.610,82.193,82.405
2012-12-06 22:00:00,82.406,82.818,82.182,82.478
2012-12-09 22:00:00,82.548,82.630,82.111,82.341
2012-12-10 22:00:00,82.342,82.567,82.296,82.533
2012-12-11 22:00:00,82.534,83.289,82.494,83.180
2012-12-12 22:00:00,83.179,83.667,83.154,83.614
2012-12-13 22:00:00,83.615,83.957,83.310,83.500
2012-12-16 22:00:00,84.145,84.205,83.605,83.872
2012-12-17 22:00:00,83.872,84.281,83.814,84.266
2012-12-18 22:00:00,84.266,84.610,83.933,84.091
2012-12-19 22:00:00,84.092,84.450,83.853,84.341
2012-12-20 22:00:00,84.338,84.436,83.851,84.234
2012-12-23 22:00:00,84.377,84.865,84.318,84.772
2012-12-25 22:00:00,85.275,85.715,85.247,85.485
2012-12-26 22:00:00,85.488,86.317,85.477,86.281
2012-12-27 22:00:00,86.269,86.625,85.865,85.865
2012-12-30 22:00:00,85.819,86.680,85.814,86.610
2012-12-31 22:00:00,86.658,86.842,86.627,86.765
2013-01-01 22:00:00,86.765,87.342,86.535,87.324
2013-01-02 22:00:00,87.324,87.546,86.763,87.431
2013-01-03 22:00:00,87.431,88.397,87.399,88.140
2013-01-06 22:00:00,88.322,88.322,87.351,87.456
2013-01-07 22:00:00,87.457,87.788,86.823,86.841
2013-01-08 22:00:00,86.843,88.065,86.824,88.034
2013-01-09 22:00:00,88.030,89.030,87.964,88.923
2013-01-10 22:00:00,88.925,89.435,88.734,89.176
2013-01-13 22:00:00,89.487,89.638,89.078,89.476
2013-01-14 22:00:00,89.474,89.623,88.292,88.819
2013-01-15 22:00:00,88.818,88.849,87.790,88.568
2013-01-16 22:00:00,88.567,90.105,88.129,89.953
2013-01-17 22:00:00,89.952,90.182,89.632,90.083
2013-01-20 22:00:00,90.148,90.228,89.336,89.813
2013-01-21 22:00:00,89.814,90.118,88.364,88.752
2013-01-22 22:00:00,88.751,88.789,88.056,88.538
2013-01-23 22:00:00,88.535,90.531,88.416,90.420
2013-01-24 22:00:00,90.422,91.192,90.285,90.877
2013-01-27 22:00:00,91.059,91.248,90.559,90.652
2013-01-28 22:00:00,90.648,91.008,90.324,90.753
2013-01-29 22:00:00,90.755,91.401,90.712,91.066
2013-01-30 22:00:00,91.065,91.797,90.742,91.733
2013-01-31 22:00:00,91.732,92.952,91.613,92.789
2013-02-03 22:00:00,92.830,93.178,91.976,92.095
2013-02-04 22:00:00,92.092,93.777,92.071,93.709
2013-02-05 22:00:00,93.710,94.045,93.277,93.517
2013-02-06 22:00:00,93.518,93.912,93.082,93.714
2013-02-07 22:00:00,93.713,93.725,92.167,92.672
2013-02-10 22:00:00,92.564,94.431,92.448,94.238
2013-02-11 22:00:00,94.239,94.403,92.964,93.221
2013-02-12 22:00:00,93.222,93.772,92.819,93.221
2013-02-13 22:00:00,93.222,93.707,92.676,92.882
2013-02-14 22:00:00,92.881,93.834,92.220,93.505
2013-02-17 22:00:00,93.878,94.208,93.708,93.904
2013-02-18 22:00:00,93.906,93.943,93.292,93.568
2013-02-19 22:00:00,93.564,94.029,93.136,93.699
2013-02-20 22:00:00,93.698,93.856,92.771,92.976
2013-02-21 22:00:00,92.975,93.506,92.922,93.405
2013-02-24 22:00:00,94.203,94.303,90.929,92.171
2013-02-25 22:00:00,92.171,92.743,91.125,91.968
2013-02-26 22:00:00,91.969,92.431,91.137,92.203
2013-02-27 22:00:00,92.203,92.843,92.009,92.623
2013-02-28 22:00:00,92.622,93.680,92.438,93.579
2013-03-03 22:00:00,93.547,93.721,93.173,93.482
2013-03-04 22:00:00,93.482,93.507,92.914,93.350
2013-03-05 22:00:00,93.350,94.110,93.009,93.984
2013-03-06 22:00:00,93.985,95.088,93.788,94.918
2013-03-07 22:00:00,94.919,96.551,94.845,95.987
2013-03-10 22:00:00,96.163,96.652,95.962,96.616
2013-03-11 22:00:00,96.617,96.707,95.639,95.881
2013-03-12 22:00:00,95.880,96.252,95.444,96.039
2013-03-13 22:00:00,96.039,96.586,95.680,96.063
2013-03-14 22:00:00,96.059,96.273,95.076,95.280
2013-03-17 22:00:00,94.887,95.594,94.308,95.370
2013-03-18 22:00:00,95.370,95.742,94.721,95.019
2013-03-19 22:00:00,95.017,96.129,94.827,96.065
2013-03-20 22:00:00,96.067,96.088,94.554,95.077
2013-03-21 22:00:00,95.077,95.088,94.195,94.421
2013-03-24 22:00:00,94.621,94.959,93.524,94.222
2013-03-25 22:00:00,94.224,94.632,93.862,94.628
2013-03-26 22:00:00,94.627,94.906,94.021,94.350
2013-03-27 22:00:00,94.350,94.431,93.875,94.282
2013-03-28 22:00:00,94.290,94.291,93.905,94.150
2013-03-31 21:00:00,94.252,94.371,93.056,93.196
2013-04-01 21:00:00,93.198,93.557,92.568,93.367
2013-04-02 21:00:00,93.366,93.685,92.713,93.078
2013-04-03 21:00:00,93.080,96.412,92.728,96.371
2013-04-04 21:00:00,96.362,97.829,95.797,97.520
2013-04-07 21:00:00,98.235,99.495,98.073,99.475
2013-04-08 21:00:00,99.473,99.660,98.587,99.174
2013-04-09 21:00:00,99.173,99.870,98.908,99.813
2013-04-10 21:00:00,99.813,99.944,99.127,99.794
2013-04-11 21:00:00,99.792,99.792,98.088,98.338
2013-04-14 21:00:00,98.337,98.709,95.792,96.571
2013-04-15 21:00:00,96.574,98.152,96.513,97.776
2013-04-16 21:00:00,97.776,98.428,97.205,98.256
2013-04-17 21:00:00,98.261,98.527,97.628,98.217
2013-04-18 21:00:00,98.217,99.680,98.105,99.480
2013-04-21 21:00:00,99.776,99.879,98.980,99.296
2013-04-22 21:00:00,99.297,99.531,98.483,99.379
2013-04-23 21:00:00,99.379,99.757,99.184,99.524
2013-04-24 21:00:00,99.524,99.562,98.981,99.321
2013-04-25 21:00:00,99.320,99.411,97.553,97.998
2013-04-28 21:00:00,97.953,98.197,97.347,97.832
2013-04-29 21:00:00,97.831,98.121,97.005,97.381
2013-04-30 21:00:00,97.383,97.674,97.022,97.285
2013-05-01 21:00:00,97.285,98.390,97.086,97.913
2013-05-02 21:00:00,97.913,99.265,97.885,98.956
2013-05-05 21:00:00,99.143,99.452,99.057,99.329
2013-05-06 21:00:00,99.330,99.431,98.826,98.961
2013-05-07 21:00:00,98.965,99.148,98.580,98.941
2013-05-08 21:00:00,98.938,100.788,98.647,100.633
2013-05-09 21:00:00,100.635,101.982,100.538,101.589
2013-05-12 21:00:00,101.782,102.151,101.515,101.762
2013-05-13 21:00:00,101.764,102.429,101.260,102.265
2013-05-14 21:00:00,102.270,102.763,101.852,102.253
2013-05-15 21:00:00,102.260,102.683,101.832,102.222
2013-05-16 21:00:00,102.226,103.306,102.080,103.178
2013-05-19 21:00:00,102.661,102.917,102.162,102.256
2013-05-20 21:00:00,102.256,102.884,102.069,102.503
2013-05-21 21:00:00,102.501,103.733,102.347,103.120
2013-05-22 21:00:00,103.117,103.570,100.832,101.985
2013-05-23 21:00:00,101.992,102.583,100.663,101.254
2013-05-26 21:00:00,101.241,101.295,100.745,101.071
2013-05-27 21:00:00,101.071,102.501,101.046,102.270
2013-05-28 21:00:00,102.275,102.525,100.716,101.131
2013-05-29 21:00:00,101.131,101.801,100.467,100.766
2013-05-30 21:00:00,100.778,101.277,100.222,100.433
2013-06-02 21:00:00,100.544,100.721,98.862,99.443
2013-06-03 21:00:00,99.447,100.413,99.333,100.048
2013-06-04 21:00:00,100.047,100.460,98.966,99.146
2013-06-05 21:00:00,99.053,99.461,95.909,96.964
2013-06-06 21:00:00,96.963,97.779,94.982,97.533
2013-06-09 21:00:00,97.850,99.278,97.709,98.755
2013-06-10 21:00:00,98.755,99.036,95.600,96.012
2013-06-11 21:00:00,96.011,97.013,95.138,96.008
2013-06-12 21:00:00,96.007,96.072,93.788,95.362
2013-06-13 21:00:00,95.610,95.728,93.992,94.055
2013-06-16 21:00:00,94.192,95.216,94.178,94.670
2013-06-17 21:00:00,94.672,95.763,94.445,95.395
2013-06-18 21:00:00,95.391,97.031,94.833,96.284
2013-06-19 21:00:00,96.283,98.286,96.205,97.313
2013-06-20 21:00:00,97.324,98.133,96.864,97.881
2013-06-23 21:00:00,97.975,98.700,97.222,97.718
2013-06-24 21:00:00,97.718,98.058,96.965,97.953
2013-06-25 21:00:00,97.962,98.234,97.238,97.780
2013-06-26 21:00:00,97.707,98.565,97.563,98.337
2013-06-27 21:00:00,98.345,99.443,98.336,99.121
2013-06-30 21:00:00,99.212,99.861,99.178,99.616
2013-07-01 21:00:00,99.622,100.725,99.508,100.627
2013-07-02 21:00:00,100.627,100.853,99.261,99.955
2013-07-03 21:00:00,99.952,100.159,99.493,100.113
2013-07-04 21:00:00,100.115,101.223,99.889,101.180
2013-07-07 21:00:00,101.280,101.531,100.787,100.886
2013-07-08 21:00:00,100.888,101.298,100.769,101.075
2013-07-09 21:00:00,101.074,101.214,99.417,99.537
2013-07-10 21:00:00,99.536,99.644,98.248,98.991
2013-07-11 21:00:00,98.989,99.693,98.675,99.169
2013-07-14 21:00:00,99.305,100.483,99.076,99.953
2013-07-15 21:00:00,99.948,100.068,98.893,99.156
2013-07-16 21:00:00,99.155,99.945,99.042,99.584
2013-07-17 21:00:00,99.584,100.653,99.465,100.522
2013-07-18 21:00:00,100.512,100.864,99.806,100.617
2013-07-21 21:00:00,100.390,100.618,99.285,99.613
2013-07-22 21:00:00,99.613,100.180,99.144,99.473
2013-07-23 21:00:00,99.474,100.438,99.383,100.267
2013-07-24 21:00:00,100.270,100.453,98.888,99.258
2013-07-25 21:00:00,99.270,99.392,97.961,98.224
2013-07-28 21:00:00,98.296,98.296,97.633,97.917
2013-07-29 21:00:00,97.917,98.462,97.758,98.038
2013-07-30 21:00:00,98.037,98.516,97.584,97.803
2013-07-31 21:00:00,97.808,99.570,97.654,99.499
2013-08-01 21:00:00,99.501,99.948,98.662,98.920
2013-08-04 21:00:00,98.972,99.149,98.189,98.251
2013-08-05 21:00:00,98.251,98.584,97.512,97.772
2013-08-06 21:00:00,97.770,97.777,96.322,96.372
2013-08-07 21:00:00,96.372,96.934,95.809,96.603
2013-08-08 21:00:00,96.601,96.969,96.127,96.218
2013-08-11 21:00:00,96.302,97.149,95.924,97.094
2013-08-12 21:00:00,97.098,98.341,97.049,98.240
2013-08-13 21:00:00,98.265,98.427,97.864,98.014
2013-08-14 21:00:00,98.014,98.649,97.078,97.276
2013-08-15 21:00:00,97.263,97.773,97.051,97.521
2013-08-18 21:00:00,97.619,98.123,97.357,97.621
2013-08-19 21:00:00,97.622,97.862,96.912,97.310
2013-08-20 21:00:00,97.309,97.981,97.122,97.702
2013-08-21 21:00:00,97.707,98.811,97.691,98.760
2013-08-22 21:00:00,98.760,99.147,98.389,98.671
2013-08-25 21:00:00,98.611,98.842,98.268,98.434
2013-08-26 21:00:00,98.447,98.530,96.985,97.033
2013-08-27 21:00:00,97.034,97.837,96.817,97.705
2013-08-28 21:00:00,97.705,98.520,97.448,98.331
2013-08-29 21:00:00,98.331,98.476,97.884,98.116
2013-09-01 21:00:00,98.321,99.428,98.274,99.368
2013-09-02 21:00:00,99.368,99.860,99.169,99.558
2013-09-03 21:00:00,99.562,99.813,99.328,99.755
2013-09-04 21:00:00,99.755,100.194,99.567,100.169
2013-09-05 21:00:00,100.167,100.224,98.541,99.094
2013-09-08 21:00:00,99.780,100.106,99.335,99.612
2013-09-09 21:00:00,99.613,100.466,99.478,100.383
2013-09-10 21:00:00,100.384,100.608,99.794,99.972
2013-09-11 21:00:00,99.966,99.984,99.011,99.489
2013-09-12 21:00:00,99.487,99.975,99.192,99.361
2013-09-15 21:00:00,98.832,99.182,98.644,99.088
2013-09-16 21:00:00,99.088,99.381,99.005,99.121
2013-09-17 21:00:00,99.128,99.335,97.763,98.159
2013-09-18 21:00:00,98.149,99.615,97.986,99.405
2013-09-19 21:00:00,99.404,99.667,99.174,99.284
2013-09-22 21:00:00,99.272,99.357,98.648,98.794
2013-09-23 21:00:00,98.803,99.174,98.474,98.731
2013-09-24 21:00:00,98.731,98.813,98.384,98.438
2013-09-25 21:00:00,98.439,99.133,98.267,98.971
2013-09-26 21:00:00,98.977,99.038,98.094,98.220
2013-09-29 21:00:00,97.790,98.460,97.499,98.240
2013-09-30 21:00:00,98.245,98.726,97.656,98.027
2013-10-01 21:00:00,98.030,98.084,97.147,97.387
2013-10-02 21:00:00,97.387,97.870,96.931,97.226
2013-10-03 21:00:00,97.227,97.482,96.952,97.457
2013-10-06 21:00:00,97.288,97.328,96.567,96.689
2013-10-07 21:00:00,96.700,97.249,96.598,96.881
2013-10-08 21:00:00,96.882,97.641,96.826,97.369
2013-10-09 21:00:00,97.367,98.327,97.353,98.281
2013-10-10 21:00:00,98.281,98.594,97.921,98.556
2013-10-13 21:00:00,98.233,98.688,98.095,98.650
2013-10-14 21:00:00,98.648,98.702,97.994,98.210
2013-10-15 21:00:00,98.215,98.969,98.133,98.787
2013-10-16 21:00:00,98.788,99.003,97.739,97.897
2013-10-17 21:00:00,97.897,98.156,97.557,97.734
2013-10-20 21:00:00,97.951,98.240,97.833,98.175
2013-10-21 21:00:00,98.177,98.482,97.872,98.107
2013-10-22 21:00:00,98.109,98.193,97.158,97.326
2013-10-23 21:00:00,97.326,97.617,97.175,97.323
2013-10-24 21:00:00,97.328,97.490,96.944,97.408
2013-10-27 22:00:00,97.523,97.789,97.445,97.682
2013-10-28 22:00:00,97.681,98.275,97.463,98.163
2013-10-29 22:00:00,98.163,98.677,98.055,98.509
2013-10-30 22:00:00,98.509,98.570,98.088,98.353
2013-10-31 22:00:00,98.354,98.849,97.810,98.597
2013-11-03 22:00:00,98.689,98.844,98.535,98.657
2013-11-04 22:00:00,98.654,98.664,98.168,98.534
2013-11-05 22:00:00,98.536,98.754,98.410,98.632
2013-11-06 22:00:00,98.633,99.408,97.633,98.191
2013-11-07 22:00:00,98.191,99.221,97.981,99.044
2013-11-10 22:00:00,99.171,99.299,98.925,99.162
2013-11-11 22:00:00,99.161,99.797,99.104,99.626
2013-11-12 22:00:00,99.626,99.672,99.103,99.291
2013-11-13 22:00:00,99.283,100.149,99.135,100.069
2013-11-14 22:00:00,100.071,100.433,99.939,100.169
2013-11-17 22:00:00,100.270,100.390,99.789,99.929
2013-11-18 22:00:00,99.930,100.256,99.571,100.198
2013-11-19 22:00:00,100.197,100.239,99.788,100.054
2013-11-20 22:00:00,100.054,101.183,100.036,101.176
2013-11-21 22:00:00,101.177,101.353,100.956,101.273
2013-11-24 22:00:00,101.273,101.917,101.139,101.527
2013-11-25 22:00:00,101.531,101.651,101.146,101.300
2013-11-26 22:00:00,101.298,102.277,101.184,102.232
2013-11-27 22:00:00,102.242,102.373,101.936,102.291
2013-11-28 22:00:00,102.294,102.612,102.117,102.405
2013-12-01 22:00:00,102.499,103.127,102.227,102.934
2013-12-02 22:00:00,102.941,103.378,101.977,102.434
2013-12-03 22:00:00,102.436,102.836,101.819,102.331
2013-12-04 22:00:00,102.333,102.440,101.624,101.790
2013-12-05 22:00:00,101.792,102.962,101.631,102.893
2013-12-08 22:00:00,103.137,103.329,102.890,103.281
2013-12-09 22:00:00,103.283,103.393,102.576,102.876
2013-12-10 22:00:00,102.876,102.947,102.156,102.472
2013-12-11 22:00:00,102.470,103.619,102.407,103.561
2013-12-12 22:00:00,103.579,103.921,102.991,103.186
2013-12-15 22:00:00,103.155,103.290,102.643,103.091
2013-12-16 22:00:00,103.091,103.107,102.502,102.579
2013-12-17 22:00:00,102.574,104.361,102.555,104.260
2013-12-18 22:00:00,104.263,104.363,103.780,104.228
2013-12-19 22:00:00,104.225,104.635,103.859,104.008
2013-12-22 22:00:00,104.050,104.233,103.773,104.193
2013-12-23 22:00:00,104.190,104.411,104.133,104.254
2013-12-25 22:00:00,104.777,104.832,104.684,104.809
2013-12-26 22:00:00,104.812,105.182,104.649,105.147
2013-12-29 22:00:00,105.304,105.412,104.957,105.072
2013-12-30 22:00:00,105.071,105.299,104.861,105.252
2013-12-31 22:00:00,105.237,105.380,105.217,105.361
2014-01-01 22:00:00,105.358,105.440,104.547,104.831
2014-01-02 22:00:00,104.835,104.880,104.075,104.844
2014-01-05 22:00:00,104.845,104.949,103.912,104.230
2014-01-06 22:00:00,104.230,104.734,104.178,104.683
2014-01-07 22:00:00,104.681,105.123,104.626,104.881
2014-01-08 22:00:00,104.878,105.057,104.580,104.829
2014-01-09 22:00:00,104.828,105.334,103.828,104.154
2014-01-12 22:00:00,104.079,104.119,102.854,103.065
2014-01-13 22:00:00,103.060,104.290,103.020,104.252
2014-01-14 22:00:00,104.240,104.695,104.091,104.568
2014-01-15 22:00:00,104.570,104.921,104.151,104.331
2014-01-16 22:00:00,104.344,104.474,104.196,104.239
2014-01-19 22:00:00,104.298,104.299,103.862,104.178
2014-01-20 22:00:00,104.178,104.748,104.025,104.299
2014-01-21 22:00:00,104.300,104.571,103.970,104.538
2014-01-22 22:00:00,104.535,104.840,102.975,103.358
2014-01-23 22:00:00,103.363,103.584,102.001,102.257
2014-01-26 22:00:00,102.069,102.929,101.918,102.646
2014-01-27 22:00:00,102.645,103.441,102.525,103.362
2014-01-28 22:00:00,103.372,103.417,101.842,102.158
2014-01-29 22:00:00,102.159,102.889,102.086,102.785
2014-01-30 22:00:00,102.788,102.932,101.918,101.932
2014-02-02 22:00:00,102.142,102.410,100.776,101.121
2014-02-03 22:00:00,101.095,101.684,100.755,101.625
2014-02-04 22:00:00,101.622,101.764,100.801,101.498
2014-02-05 22:00:00,101.495,102.170,101.241,101.973
2014-02-06 22:00:00,101.974,102.578,101.438,102.323
2014-02-09 22:00:00,102.609,102.640,101.992,102.217
2014-02-10 22:00:00,102.210,102.700,102.075,102.623
2014-02-11 22:00:00,102.624,102.646,102.223,102.540
2014-02-12 22:00:00,102.536,102.539,101.695,102.250
2014-02-13 22:00:00,102.258,102.403,101.567,101.783
2014-02-16 22:00:00,101.724,101.985,101.385,101.952
2014-02-17 22:00:00,101.953,102.742,101.757,102.400
2014-02-18 22:00:00,102.402,102.465,101.849,102.317
2014-02-19 22:00:00,102.318,102.417,101.668,102.350
2014-02-20 22:00:00,102.349,102.827,102.295,102.482
2014-02-23 22:00:00,102.557,102.679,102.165,102.483
2014-02-24 22:00:00,102.483,102.625,102.007,102.205
2014-02-25 22:00:00,102.209,102.608,102.103,102.363
2014-02-26 22:00:00,102.364,102.443,101.722,102.174
2014-02-27 22:00:00,102.175,102.291,101.555,101.779
2014-03-02 22:00:00,101.480,101.570,101.199,101.433
2014-03-03 22:00:00,101.429,102.285,101.394,102.252
2014-03-04 22:00:00,102.258,102.549,102.116,102.364
2014-03-05 22:00:00,102.361,103.167,102.328,103.081
2014-03-06 22:00:00,103.081,103.759,102.840,103.248
2014-03-09 22:00:00,103.172,103.405,102.935,103.299
2014-03-10 22:00:00,103.297,103.426,102.845,102.948
2014-03-11 22:00:00,102.947,103.099,102.549,102.727
2014-03-12 22:00:00,102.729,102.861,101.541,101.863
2014-03-13 22:00:00,101.863,101.863,101.207,101.345
2014-03-16 22:00:00,101.351,101.871,101.293,101.810
2014-03-17 22:00:00,101.808,101.939,101.277,101.381
2014-03-18 22:00:00,101.383,102.681,101.298,102.370
2014-03-19 22:00:00,102.369,102.547,102.211,102.388
2014-03-20 22:00:00,102.390,102.426,102.014,102.270
2014-03-23 22:00:00,102.222,102.646,102.128,102.220
2014-03-24 22:00:00,102.213,102.488,102.093,102.290
2014-03-25 22:00:00,102.288,102.472,101.872,102.044
2014-03-26 22:00:00,102.042,102.431,101.718,102.194
2014-03-27 22:00:00,102.195,102.978,102.033,102.820
2014-03-30 21:00:00,102.885,103.438,102.793,103.224
2014-03-31 21:00:00,103.224,103.710,103.087,103.685
2014-04-01 21:00:00,103.685,103.934,103.583,103.860
2014-04-02 21:00:00,103.860,104.112,103.811,103.922
2014-04-03 21:00:00,103.922,104.127,103.197,103.263
2014-04-06 21:00:00,103.341,103.389,102.993,103.067
2014-04-07 21:00:00,103.069,103.117,101.550,101.866
2014-04-08 21:00:00,101.864,102.161,101.719,101.987
2014-04-09 21:00:00,101.989,102.134,101.330,101.443
2014-04-10 21:00:00,101.443,101.866,101.324,101.622
2014-04-13 21:00:00,101.607,102.011,101.416,101.858
2014-04-14 21:00:00,101.859,101.992,101.501,101.844
2014-04-15 21:00:00,101.850,102.364,101.809,102.228
2014-04-16 21:00:00,102.231,102.466,101.864,102.398
2014-04-17 21:00:00,102.396,102.570,102.210,102.399
2014-04-20 21:00:00,102.436,102.705,102.392,102.621
2014-04-21 21:00:00,102.622,102.723,102.413,102.591
2014-04-22 21:00:00,102.593,102.691,102.165,102.532
2014-04-23 21:00:00,102.529,102.644,102.087,102.276
2014-04-24 21:00:00,102.276,102.495,101.961,102.175
2014-04-27 21:00:00,102.135,102.624,102.045,102.487
2014-04-28 21:00:00,102.488,102.780,102.466,102.651
2014-04-29 21:00:00,102.648,102.652,102.027,102.217
2014-04-30 21:00:00,102.222,102.356,102.156,102.317
2014-05-01 21:00:00,102.318,103.018,102.131,102.178
2014-05-04 21:00:00,102.254,102.254,101.863,102.153
2014-05-05 21:00:00,102.153,102.188,101.497,101.740
2014-05-06 21:00:00,101.738,102.006,101.429,101.871
2014-05-07 21:00:00,101.871,101.955,101.460,101.655
2014-05-08 21:00:00,101.647,101.856,101.545,101.856
2014-05-11 21:00:00,101.839,102.182,101.814,102.145
2014-05-12 21:00:00,102.143,102.362,102.060,102.263
2014-05-13 21:00:00,102.263,102.275,101.719,101.841
2014-05-14 21:00:00,101.844,102.114,101.313,101.577
2014-05-15 21:00:00,101.576,101.665,101.358,101.499
2014-05-18 21:00:00,101.510,101.593,101.098,101.476
2014-05-19 21:00:00,101.476,101.594,101.182,101.311
2014-05-20 21:00:00,101.311,101.606,100.821,101.422
2014-05-21 21:00:00,101.420,101.814,101.353,101.750
2014-05-22 21:00:00,101.751,102.000,101.593,101.961
2014-05-25 21:00:00,101.971,102.046,101.835,101.926
2014-05-26 21:00:00,101.925,102.134,101.720,102.014
2014-05-27 21:00:00,102.016,102.024,101.632,101.811
2014-05-28 21:00:00,101.810,101.828,101.424,101.721
2014-05-29 21:00:00,101.725,101.840,101.492,101.746
2014-06-01 21:00:00,101.811,102.480,101.748,102.372
2014-06-02 21:00:00,102.379,102.550,102.269,102.533
2014-06-03 21:00:00,102.535,102.794,102.437,102.724
2014-06-04 21:00:00,102.723,102.731,102.336,102.418
2014-06-05 21:00:00,102.417,102.609,102.116,102.466
2014-06-08 21:00:00,102.553,102.648,102.375,102.550
2014-06-09 21:00:00,102.548,102.569,102.214,102.351
2014-06-10 21:00:00,102.350,102.390,101.860,101.989
2014-06-11 21:00:00,101.988,102.137,101.600,101.741
2014-06-12 21:00:00,101.742,102.131,101.653,102.031
2014-06-15 21:00:00,102.016,102.039,101.720,101.818
2014-06-16 21:00:00,101.816,102.240,101.816,102.159
2014-06-17 21:00:00,102.161,102.345,101.878,101.930
2014-06-18 21:00:00,101.930,101.998,101.738,101.932
2014-06-19 21:00:00,101.934,102.193,101.813,102.068
2014-06-22 21:00:00,102.065,102.134,101.815,101.909
2014-06-23 21:00:00,101.911,102.165,101.817,101.964
2014-06-24 21:00:00,101.962,101.967,101.624,101.833
2014-06-25 21:00:00,101.833,101.855,101.486,101.676
2014-06-26 21:00:00,101.675,101.715,101.312,101.373
2014-06-29 21:00:00,101.429,101.470,101.233,101.299
2014-06-30 21:00:00,101.301,101.589,101.285,101.547
2014-07-01 21:00:00,101.549,101.841,101.405,101.768
2014-07-02 21:00:00,101.769,102.266,101.759,102.202
2014-07-03 21:00:00,102.203,102.219,101.972,102.061
2014-07-06 21:00:00,102.067,102.197,101.785,101.871
2014-07-07 21:00:00,101.873,101.887,101.486,101.544
2014-07-08 21:00:00,101.544,101.851,101.445,101.637
2014-07-09 21:00:00,101.636,101.638,101.065,101.320
2014-07-10 21:00:00,101.319,101.387,101.216,101.339
2014-07-13 21:00:00,101.335,101.620,101.328,101.545
2014-07-14 21:00:00,101.545,101.748,101.438,101.679
2014-07-15 21:00:00,101.679,101.788,101.634,101.656
2014-07-16 21:00:00,101.659,101.666,101.118,101.149
2014-07-17 21:00:00,101.149,101.445,101.084,101.343
2014-07-20 21:00:00,101.332,101.412,101.191,101.404
2014-07-21 21:00:00,101.404,101.601,101.330,101.465
2014-07-22 21:00:00,101.464,101.553,101.312,101.539
2014-07-23 21:00:00,101.537,101.855,101.412,101.803
2014-07-24 21:00:00,101.801,101.934,101.708,101.708
2014-07-27 21:00:00,101.789,101.903,101.744,101.839
2014-07-28 21:00:00,101.840,102.154,101.819,102.112
2014-07-29 21:00:00,102.113,103.079,102.032,102.803
2014-07-30 21:00:00,102.805,103.002,102.671,102.798
2014-07-31 21:00:00,102.800,103.023,102.334,102.552
2014-08-03 21:00:00,102.573,102.724,102.401,102.549
2014-08-04 21:00:00,102.552,102.920,102.456,102.614
2014-08-05 21:00:00,102.614,102.636,101.777,102.116
2014-08-06 21:00:00,102.117,102.454,101.993,102.097
2014-08-07 21:00:00,102.095,102.138,101.505,102.020
2014-08-10 21:00:00,102.106,102.221,102.018,102.186
2014-08-11 21:00:00,102.185,102.359,102.086,102.244
2014-08-12 21:00:00,102.249,102.539,102.218,102.417
2014-08-13 21:00:00,102.421,102.650,102.304,102.475
2014-08-14 21:00:00,102.477,102.712,102.133,102.350
2014-08-17 21:00:00,102.366,102.590,102.241,102.563
2014-08-18 21:00:00,102.564,102.931,102.515,102.917
2014-08-19 21:00:00,102.918,103.842,102.899,103.700
2014-08-20 21:00:00,103.703,103.953,103.595,103.825
2014-08-21 21:00:00,103.826,104.189,103.496,103.938
2014-08-24 21:00:00,104.191,104.268,103.857,104.041
2014-08-25 21:00:00,104.040,104.167,103.744,104.085
2014-08-26 21:00:00,104.085,104.157,103.774,103.871
2014-08-27 21:00:00,103.876,103.916,103.551,103.714
2014-08-28 21:00:00,103.716,104.111,103.655,104.084
2014-08-31 21:00:00,104.144,104.345,104.096,104.317
2014-09-01 21:00:00,104.316,105.209,104.294,105.092
2014-09-02 21:00:00,105.092,105.304,104.742,104.856
2014-09-03 21:00:00,104.853,105.366,104.760,105.309
2014-09-04 21:00:00,105.309,105.706,104.684,105.091
2014-09-07 21:00:00,105.137,106.086,104.992,105.968
2014-09-08 21:00:00,105.969,106.473,105.945,106.204
2014-09-09 21:00:00,106.206,106.880,106.042,106.837
2014-09-10 21:00:00,106.837,107.194,106.636,107.016
2014-09-11 21:00:00,107.021,107.393,107.014,107.315
2014-09-14 21:00:00,107.287,107.365,107.010,107.192
2014-09-15 21:00:00,107.191,107.332,106.810,107.142
2014-09-16 21:00:00,107.143,108.531,107.101,108.481
2014-09-17 21:00:00,108.478,108.960,108.374,108.763
2014-09-18 21:00:00,108.764,109.460,108.593,109.022
2014-09-21 21:00:00,109.024,109.194,108.660,108.817
2014-09-22 21:00:00,108.820,108.993,108.253,108.862
2014-09-23 21:00:00,108.863,109.152,108.460,109.072
2014-09-24 21:00:00,109.072,109.375,108.522,108.744
2014-09-25 21:00:00,108.747,109.536,108.478,109.284
2014-09-28 21:00:00,109.343,109.746,109.131,109.449
2014-09-29 21:00:00,109.450,109.849,109.185,109.606
2014-09-30 21:00:00,109.610,110.088,108.868,108.984
2014-10-01 21:00:00,108.983,109.116,108.008,108.397
2014-10-02 21:00:00,108.397,109.904,108.368,109.758
2014-10-05 21:00:00,109.752,109.850,108.651,108.732
2014-10-06 21:00:00,108.729,109.235,107.818,108.152
2014-10-07 21:00:00,108.152,108.744,107.751,108.135
2014-10-08 21:00:00,108.137,108.317,107.529,107.812
2014-10-09 21:00:00,107.814,108.155,107.623,107.647
2014-10-12 21:00:00,107.531,107.575,106.758,106.989
2014-10-13 21:00:00,106.989,107.311,106.672,107.133
2014-10-14 21:00:00,107.133,107.497,105.197,106.060
2014-10-15 21:00:00,106.052,106.463,105.506,106.286
2014-10-16 21:00:00,106.287,106.937,106.132,106.874
2014-10-19 21:00:00,107.044,107.386,106.775,106.961
2014-10-20 21:00:00,106.961,107.107,106.245,107.080
2014-10-21 21:00:00,107.077,107.372,106.783,107.201
2014-10-22 21:00:00,107.201,108.347,107.100,108.298
2014-10-23 21:00:00,108.296,108.296,107.779,108.147
2014-10-26 22:00:00,108.175,108.213,107.601,107.840
2014-10-27 22:00:00,107.843,108.181,107.687,108.101
2014-10-28 22:00:00,108.100,108.956,107.936,108.794
2014-10-29 22:00:00,108.794,109.460,108.743,109.342
2014-10-30 22:00:00,109.342,112.469,109.168,112.315
2014-11-02 22:00:00,112.939,114.210,112.567,113.765
2014-11-03 22:00:00,113.764,113.828,113.160,113.437
2014-11-04 22:00:00,113.437,114.840,113.416,114.718
2014-11-05 22:00:00,114.715,115.512,114.055,115.212
2014-11-06 22:00:00,115.213,115.602,114.247,114.589
2014-11-09 22:00:00,114.459,114.903,113.851,114.820
2014-11-10 22:00:00,114.824,116.100,114.630,115.825
2014-11-11 22:00:00,115.825,115.913,114.880,115.583
2014-11-12 22:00:00,115.582,115.878,115.304,115.755
2014-11-13 22:00:00,115.757,116.791,115.720,116.252
2014-11-16 22:00:00,116.604,117.047,115.450,116.652
2014-11-17 22:00:00,116.649,117.012,116.333,116.907
2014-11-18 22:00:00,116.910,118.243,116.807,118.160
2014-11-19 22:00:00,118.161,118.974,117.739,118.254
2014-11-20 22:00:00,118.246,118.363,117.351,117.775
2014-11-23 22:00:00,117.868,118.478,117.580,118.269
2014-11-24 22:00:00,118.257,118.568,117.686,117.965
2014-11-25 22:00:00,117.964,117.971,117.434,117.718
2014-11-26 22:00:00,117.738,117.876,117.232,117.693
2014-11-27 22:00:00,117.720,118.766,117.707,118.584
2014-11-30 22:00:00,118.741,119.135,117.860,118.387
2014-12-01 22:00:00,118.384,119.279,118.216,119.207
2014-12-02 22:00:00,119.218,119.858,119.124,119.784
2014-12-03 22:00:00,119.782,120.246,119.335,119.777
2014-12-04 22:00:00,119.740,121.681,119.700,121.462
2014-12-07 22:00:00,121.566,121.843,120.202,120.674
2014-12-08 22:00:00,120.627,121.001,117.944,119.691
2014-12-09 22:00:00,119.620,119.914,117.710,117.809
2014-12-10 22:00:00,117.786,119.554,117.435,118.598
2014-12-11 22:00:00,118.626,119.199,118.050,118.743
2014-12-14 22:00:00,118.586,119.057,117.562,117.721
2014-12-15 22:00:00,117.789,118.004,115.564,116.320
2014-12-16 22:00:00,116.349,118.899,116.291,118.635
2014-12-17 22:00:00,118.600,119.310,118.257,118.826
2014-12-18 22:00:00,118.817,119.623,118.800,119.504
2014-12-21 22:00:00,119.525,120.083,119.312,120.046
2014-12-22 22:00:00,120.049,120.822,119.958,120.678
2014-12-23 22:00:00,120.676,120.760,120.277,120.459
2014-12-25 22:00:00,120.218,120.462,120.210,120.332
2014-12-28 22:00:00,120.341,120.730,120.225,120.651
2014-12-29 22:00:00,120.656,120.683,118.862,119.462
2014-12-30 22:00:00,119.345,119.936,119.246,119.836
2015-01-01 22:00:00,120.401,120.741,119.808,120.419
2015-01-04 22:00:00,120.363,120.643,119.373,119.626
2015-01-05 22:00:00,119.592,119.639,118.053,118.290
2015-01-06 22:00:00,118.290,119.647,118.290,119.241
2015-01-07 22:00:00,119.240,119.956,119.152,119.619
2015-01-08 22:00:00,119.559,119.875,118.376,118.376
2015-01-11 22:00:00,118.317,119.317,118.101,118.339
2015-01-12 22:00:00,118.339,118.847,117.536,117.921
2015-01-13 22:00:00,117.921,117.957,116.068,117.317
2015-01-14 22:00:00,117.319,117.940,116.139,116.147
2015-01-15 22:00:00,116.147,117.756,115.850,117.614
2015-01-18 22:00:00,117.476,117.776,116.916,117.540
2015-01-19 22:00:00,117.568,118.858,117.556,118.792
2015-01-20 22:00:00,118.793,118.818,117.173,117.948
2015-01-21 22:00:00,117.961,118.658,117.245,118.465
2015-01-22 22:00:00,118.481,118.807,117.539,117.733
2015-01-25 22:00:00,117.506,118.494,117.257,118.446
2015-01-26 22:00:00,118.452,118.651,117.334,117.862
2015-01-27 22:00:00,117.865,118.259,117.250,117.521
2015-01-28 22:00:00,117.531,118.484,117.381,118.268
2015-01-29 22:00:00,118.296,118.453,117.296,117.470
2015-02-01 22:00:00,116.930,117.873,116.930,117.581
2015-02-02 22:00:00,117.530,117.741,116.872,117.557
2015-02-03 22:00:00,117.573,117.996,117.070,117.266
2015-02-04 22:00:00,117.270,117.593,117.019,117.518
2015-02-05 22:00:00,117.517,119.218,117.152,119.098
2015-02-08 22:00:00,119.021,119.091,118.329,118.623
2015-02-09 22:00:00,118.634,119.612,118.398,119.420
2015-02-10 22:00:00,119.421,120.471,119.283,120.445
2015-02-11 22:00:00,120.443,120.465,118.509,119.102
2015-02-12 22:00:00,119.101,119.195,118.410,118.652
2015-02-15 22:00:00,118.443,118.772,118.277,118.470
2015-02-16 22:00:00,118.469,119.413,118.233,119.241
2015-02-17 22:00:00,119.239,119.408,118.541,118.780
2015-02-18 22:00:00,118.781,119.175,118.432,118.939
2015-02-19 22:00:00,118.940,119.186,118.301,118.993
2015-02-22 22:00:00,119.097,119.351,118.736,118.809
2015-02-23 22:00:00,118.812,119.817,118.764,118.966
2015-02-24 22:00:00,118.962,119.063,118.624,118.856
2015-02-25 22:00:00,118.849,119.499,118.678,119.411
2015-02-26 22:00:00,119.412,119.795,119.115,119.622
2015-03-01 22:00:00,119.698,120.189,119.629,120.126
2015-03-02 22:00:00,120.126,120.262,119.381,119.719
2015-03-03 22:00:00,119.724,119.823,119.469,119.668
2015-03-04 22:00:00,119.667,120.393,119.627,120.126
2015-03-05 22:00:00,120.127,121.275,119.902,120.835
2015-03-08 22:00:00,120.803,121.410,120.609,121.200
2015-03-09 22:00:00,121.201,122.021,120.921,121.173
2015-03-10 22:00:00,121.185,121.622,120.852,121.482
2015-03-11 22:00:00,121.482,121.666,120.655,121.283
2015-03-12 22:00:00,121.288,121.568,121.131,121.367
2015-03-15 22:00:00,121.375,121.458,121.088,121.367
2015-03-16 22:00:00,121.400,121.515,121.111,121.342
2015-03-17 22:00:00,121.357,121.406,119.293,120.211
2015-03-18 22:00:00,120.202,121.027,119.674,120.784
2015-03-19 22:00:00,120.787,121.197,119.895,120.014
2015-03-22 22:00:00,119.838,120.159,119.581,119.692
2015-03-23 22:00:00,119.697,119.978,119.217,119.722
2015-03-24 22:00:00,119.723,119.821,119.231,119.465
2015-03-25 22:00:00,119.466,119.568,118.324,119.218
2015-03-26 22:00:00,119.219,119.485,118.929,119.128
2015-03-29 21:00:00,119.128,120.223,119.109,120.054
2015-03-30 21:00:00,120.056,120.360,119.773,120.113
2015-03-31 21:00:00,120.092,120.324,119.410,119.753
2015-04-01 21:00:00,119.747,119.890,119.448,119.710
2015-04-02 21:00:00,119.718,119.942,118.716,118.939
2015-04-05 21:00:00,118.939,119.676,118.797,119.526
2015-04-06 21:00:00,119.523,120.444,119.435,120.257
2015-04-07 21:00:00,120.265,120.344,119.639,120.124
2015-04-08 21:00:00,120.126,120.736,119.856,120.569
2015-04-09 21:00:00,120.565,120.621,120.052,120.184
2015-04-12 21:00:00,120.184,120.841,119.692,120.120
2015-04-13 21:00:00,120.133,120.169,119.068,119.386
2015-04-14 21:00:00,119.382,119.741,118.786,119.164
2015-04-15 21:00:00,119.164,119.464,118.791,118.938
2015-04-16 21:00:00,118.938,119.255,118.566,118.931
2015-04-19 21:00:00,118.931,119.432,118.526,119.198
2015-04-20 21:00:00,119.198,119.827,119.161,119.630
2015-04-21 21:00:00,119.630,119.957,119.339,119.858
2015-04-22 21:00:00,119.858,120.089,119.421,119.580
2015-04-23 21:00:00,119.580,119.654,118.822,118.992
2015-04-26 21:00:00,118.877,119.429,118.771,119.033
2015-04-27 21:00:00,119.023,119.193,118.770,118.889
2015-04-28 21:00:00,118.850,119.357,118.604,119.029
2015-04-29 21:00:00,119.028,119.890,118.492,119.395
2015-04-30 21:00:00,119.386,120.287,119.371,120.114
2015-05-03 21:00:00,120.232,120.270,119.992,120.136
2015-05-04 21:00:00,120.098,120.501,119.723,119.864
2015-05-05 21:00:00,119.826,120.046,119.212,119.431
2015-05-06 21:00:00,119.426,119.856,119.057,119.729
2015-05-07 21:00:00,119.728,120.229,119.587,119.729
2015-05-10 21:00:00,119.674,120.148,119.674,120.071
2015-05-11 21:00:00,120.070,120.271,119.785,119.856
2015-05-12 21:00:00,119.854,120.015,119.033,119.137
2015-05-13 21:00:00,119.137,119.334,118.886,119.157
2015-05-14 21:00:00,119.137,119.920,119.137,119.379
2015-05-17 21:00:00,119.269,120.028,119.252,119.973
2015-05-18 21:00:00,119.966,120.730,119.825,120.685
2015-05-19 21:00:00,120.675,121.466,120.575,121.320
2015-05-20 21:00:00,121.306,121.372,120.840,121.020
2015-05-21 21:00:00,121.031,121.565,120.634,121.543
2015-05-24 21:00:00,121.485,121.769,121.439,121.548
2015-05-25 21:00:00,121.553,123.315,121.495,123.081
2015-05-26 21:00:00,123.058,124.062,122.770,123.641
2015-05-27 21:00:00,123.616,124.448,123.487,123.946
2015-05-28 21:00:00,123.937,124.176,123.600,124.112
2015-05-31 21:00:00,124.096,124.909,123.852,124.763
2015-06-01 21:00:00,124.761,125.046,123.747,124.100
2015-06-02 21:00:00,124.083,124.678,123.784,124.240
2015-06-03 21:00:00,124.242,124.679,123.777,124.348
2015-06-04 21:00:00,124.348,125.853,124.336,125.570
2015-06-07 21:00:00,125.586,125.675,124.291,124.471
2015-06-08 21:00:00,124.475,124.734,123.858,124.330
2015-06-09 21:00:00,124.322,124.617,122.456,122.651
2015-06-10 21:00:00,122.618,124.116,122.617,123.406
2015-06-11 21:00:00,123.405,123.813,123.127,123.417
2015-06-14 21:00:00,123.163,123.657,123.141,123.403
2015-06-15 21:00:00,123.394,123.798,123.287,123.351
2015-06-16 21:00:00,123.348,124.435,123.207,123.416
2015-06-17 21:00:00,123.414,123.608,122.471,122.948
2015-06-18 21:00:00,122.944,123.213,122.555,122.674
2015-06-21 21:00:00,122.927,123.415,122.556,123.349
2015-06-22 21:00:00,123.346,124.180,123.337,123.934
2015-06-23 21:00:00,123.929,124.372,123.712,123.831
2015-06-24 21:00:00,123.835,123.952,123.315,123.617
2015-06-25 21:00:00,123.618,123.984,123.220,123.837
2015-06-28 21:00:00,122.741,123.187,122.099,122.525
2015-06-29 21:00:00,122.530,122.720,121.935,122.487
2015-06-30 21:00:00,122.483,123.232,122.352,123.163
2015-07-01 21:00:00,123.154,123.719,122.952,123.044
2015-07-02 21:00:00,123.049,123.179,122.597,122.870
2015-07-05 21:00:00,121.985,122.926,121.841,122.561
2015-07-06 21:00:00,122.560,122.880,122.002,122.521
2015-07-07 21:00:00,122.517,122.561,120.408,120.695
2015-07-08 21:00:00,120.695,121.573,120.456,121.323
2015-07-09 21:00:00,121.321,122.876,121.272,122.751
2015-07-12 21:00:00,122.305,123.530,122.305,123.414
2015-07-13 21:00:00,123.416,123.728,122.912,123.381
2015-07-14 21:00:00,123.380,123.966,123.256,123.751
2015-07-15 21:00:00,123.749,124.173,123.718,124.140
2015-07-16 21:00:00,124.141,124.227,123.911,124.047
2015-07-19 21:00:00,124.029,124.370,124.023,124.275
2015-07-20 21:00:00,124.268,124.471,123.757,123.860
2015-07-21 21:00:00,123.847,124.145,123.566,123.940
2015-07-22 21:00:00,123.947,124.184,123.671,123.885
2015-07-23 21:00:00,123.851,124.092,123.593,123.821
2015-07-26 21:00:00,123.753,123.833,123.006,123.235
2015-07-27 21:00:00,123.233,123.790,123.072,123.543
2015-07-28 21:00:00,123.548,124.022,123.328,123.935
2015-07-29 21:00:00,123.902,124.577,123.865,124.134
2015-07-30 21:00:00,124.119,124.371,123.516,123.850
2015-08-02 21:00:00,123.866,124.267,123.852,124.026
2015-08-03 21:00:00,124.017,124.398,123.797,124.371
2015-08-04 21:00:00,124.372,125.009,124.014,124.842
2015-08-05 21:00:00,124.836,124.959,124.538,124.722
2015-08-06 21:00:00,124.708,125.064,124.100,124.203
2015-08-09 21:00:00,124.145,124.779,124.145,124.601
2015-08-10 21:00:00,124.607,125.203,124.516,125.035
2015-08-11 21:00:00,125.096,125.276,123.788,124.124
2015-08-12 21:00:00,124.184,124.624,124.064,124.378
2015-08-13 21:00:00,124.396,124.530,124.052,124.313
2015-08-16 21:00:00,124.213,124.571,124.170,124.356
2015-08-17 21:00:00,124.356,124.511,124.177,124.370
2015-08-18 21:00:00,124.372,124.466,123.685,123.690
2015-08-19 21:00:00,123.758,124.153,123.326,123.375
2015-08-20 21:00:00,123.380,123.493,121.811,122.049
2015-08-23 21:00:00,121.863,122.021,116.131,118.345
2015-08-24 21:00:00,118.364,120.393,118.246,118.843
2015-08-25 21:00:00,118.828,120.010,118.446,119.827
2015-08-26 21:00:00,119.868,121.394,119.788,120.992
2015-08-27 21:00:00,120.992,121.741,120.648,121.712
2015-08-30 21:00:00,121.635,121.635,120.878,121.215
2015-08-31 21:00:00,121.191,121.262,119.249,119.359
2015-09-01 21:00:00,119.329,120.462,119.215,120.320
2015-09-02 21:00:00,120.318,120.694,119.637,120.046
2015-09-03 21:00:00,120.057,120.183,118.591,119.017
2015-09-06 21:00:00,118.892,119.585,118.795,119.260
2015-09-07 21:00:00,119.229,120.223,118.849,119.798
2015-09-08 21:00:00,119.774,121.193,119.769,120.515
2015-09-09 21:00:00,120.448,121.326,119.973,120.603
2015-09-10 21:00:00,120.587,120.964,120.358,120.568
2015-09-13 21:00:00,120.490,120.839,119.849,120.191
2015-09-14 21:00:00,120.213,120.649,119.396,120.405
2015-09-15 21:00:00,120.405,120.724,120.104,120.555
2015-09-16 21:00:00,120.551,120.989,119.789,119.996
2015-09-17 21:00:00,119.986,120.408,119.051,119.962
2015-09-20 21:00:00,120.114,120.655,119.722,120.551
2015-09-21 21:00:00,120.537,120.605,119.691,120.144
2015-09-22 21:00:00,120.132,120.540,119.622,120.262
2015-09-23 21:00:00,120.248,120.387,119.222,120.041
2015-09-24 21:00:00,120.106,121.230,120.020,120.577
2015-09-27 21:00:00,120.496,120.588,119.693,119.913
2015-09-28 21:00:00,119.911,120.157,119.246,119.725
2015-09-29 21:00:00,119.727,120.346,119.545,119.872
2015-09-30 21:00:00,119.871,120.272,119.489,119.911
2015-10-01 21:00:00,119.912,120.401,118.676,119.903
2015-10-04 21:00:00,119.985,120.547,119.865,120.451
2015-10-05 21:00:00,120.453,120.564,120.104,120.220
2015-10-06 21:00:00,120.202,120.358,119.744,120.001
2015-10-07 21:00:00,119.996,120.105,119.621,119.924
2015-10-08 21:00:00,119.910,120.344,119.833,120.211
2015-10-11 21:00:00,120.163,120.260,119.890,120.024
2015-10-12 21:00:00,120.019,120.076,119.549,119.725
2015-10-13 21:00:00,119.722,119.796,118.628,118.826
2015-10-14 21:00:00,118.821,119.165,118.058,118.890
2015-10-15 21:00:00,118.873,119.659,118.826,119.459
2015-10-18 21:00:00,119.377,119.608,119.135,119.495
2015-10-19 21:00:00,119.482,119.959,119.396,119.842
2015-10-20 21:00:00,119.825,120.089,119.753,119.923
2015-10-21 21:00:00,119.913,120.768,119.610,120.685
2015-10-22 21:00:00,120.677,121.481,120.223,121.439
2015-10-25 22:00:00,121.468,121.485,120.595,120.986
2015-10-26 22:00:00,120.986,121.072,120.159,120.383
2015-10-27 22:00:00,120.383,121.257,120.019,121.101
2015-10-28 22:00:00,121.101,121.181,120.584,121.050
2015-10-29 22:00:00,121.051,121.483,120.275,120.603
2015-11-01 22:00:00,120.385,120.807,120.252,120.748
2015-11-02 22:00:00,120.748,121.227,120.594,121.059
2015-11-03 22:00:00,121.054,121.715,120.997,121.541
2015-11-04 22:00:00,121.549,122.000,121.383,121.738
2015-11-05 22:00:00,121.740,123.264,121.629,123.218
2015-11-08 22:00:00,123.256,123.601,122.973,123.178
2015-11-09 22:00:00,123.159,123.433,123.024,123.157
2015-11-10 22:00:00,123.128,123.219,122.734,122.853
2015-11-11 22:00:00,122.828,123.068,122.549,122.586
2015-11-12 22:00:00,122.580,122.986,122.435,122.606
2015-11-15 22:00:00,122.238,123.275,122.221,123.164
2015-11-16 22:00:00,123.164,123.484,123.164,123.436
2015-11-17 22:00:00,123.427,123.751,123.217,123.619
2015-11-18 22:00:00,123.624,123.629,122.618,122.863
2015-11-19 22:00:00,122.846,123.048,122.720,122.783
2015-11-22 22:00:00,122.821,123.255,122.778,122.819
2015-11-23 22:00:00,122.814,122.958,122.304,122.527
2015-11-24 22:00:00,122.545,122.931,122.254,122.709
2015-11-25 22:00:00,122.646,122.733,122.498,122.591
2015-11-26 22:00:00,122.577,122.876,122.302,122.709
2015-11-29 22:00:00,122.810,123.338,122.683,123.100
2015-11-30 22:00:00,123.100,123.271,122.637,122.871
2015-12-01 22:00:00,122.824,123.667,122.798,123.235
2015-12-02 22:00:00,123.236,123.557,122.294,122.598
2015-12-03 22:00:00,122.553,123.370,122.472,123.099
2015-12-06 22:00:00,123.208,123.473,123.148,123.366
2015-12-07 22:00:00,123.357,123.390,122.718,122.927
2015-12-08 22:00:00,122.915,123.042,121.071,121.438
2015-12-09 22:00:00,121.427,121.863,121.242,121.583
2015-12-10 22:00:00,121.563,122.226,120.576,120.959
2015-12-13 22:00:00,121.102,121.349,120.339,120.999
2015-12-14 22:00:00,121.018,121.789,120.572,121.677
2015-12-15 22:00:00,121.654,122.429,121.377,122.194
2015-12-16 22:00:00,122.185,122.872,122.184,122.547
2015-12-17 22:00:00,122.538,123.559,121.053,121.126
2015-12-20 22:00:00,121.212,121.500,120.835,121.166
2015-12-21 22:00:00,121.167,121.305,120.720,121.061
2015-12-22 22:00:00,121.047,121.132,120.809,120.905
2015-12-23 22:00:00,120.912,120.990,120.247,120.320
2015-12-27 22:00:00,120.103,120.626,120.103,120.379
2015-12-28 22:00:00,120.385,120.504,120.232,120.446
2015-12-29 22:00:00,120.430,120.650,120.348,120.508
2015-12-30 22:00:00,120.503,120.575,119.999,120.207
2016-01-03 22:00:00,120.196,120.462,118.699,119.447
2016-01-04 22:00:00,119.429,119.698,118.790,119.043
2016-01-05 22:00:00,119.039,119.166,118.247,118.457
2016-01-06 22:00:00,118.454,118.753,117.325,117.654
2016-01-07 22:00:00,117.645,118.838,117.223,117.229
2016-01-10 22:00:00,117.097,118.022,116.691,117.748
2016-01-11 22:00:00,117.735,118.068,117.223,117.638
2016-01-12 22:00:00,117.614,118.376,117.614,117.660
2016-01-13 22:00:00,117.658,118.275,117.288,118.041
2016-01-14 22:00:00,118.044,118.267,116.505,116.997
2016-01-17 22:00:00,116.650,117.435,116.650,117.323
2016-01-18 22:00:00,117.299,118.109,117.229,117.613
2016-01-19 22:00:00,117.609,117.681,115.970,116.920
2016-01-20 22:00:00,116.918,117.804,116.467,117.693
2016-01-21 22:00:00,117.678,118.876,117.534,118.769
2016-01-24 22:00:00,118.637,118.852,118.167,118.285
2016-01-25 22:00:00,118.293,118.618,117.651,118.406
2016-01-26 22:00:00,118.403,119.067,118.039,118.666
2016-01-27 22:00:00,118.643,118.987,118.411,118.798
2016-01-28 22:00:00,118.799,121.686,118.395,121.119
2016-01-31 22:00:00,121.314,121.482,120.675,120.961
2016-02-01 22:00:00,120.952,121.032,119.833,119.949
2016-02-02 22:00:00,119.931,120.040,117.049,117.880
2016-02-03 22:00:00,117.875,118.234,116.524,116.760
2016-02-04 22:00:00,116.767,117.428,116.290,116.819
2016-02-07 22:00:00,116.783,117.520,115.170,115.835
2016-02-08 22:00:00,115.832,115.843,114.204,115.126
2016-02-09 22:00:00,115.107,115.255,113.115,113.317
2016-02-10 22:00:00,113.315,113.593,110.979,112.405
2016-02-11 22:00:00,112.402,113.536,111.657,113.209
2016-02-14 22:00:00,113.357,114.727,113.267,114.558
2016-02-15 22:00:00,114.568,114.871,113.591,114.032
2016-02-16 22:00:00,114.065,114.500,113.370,114.066
2016-02-17 22:00:00,114.062,114.317,113.139,113.216
2016-02-18 22:00:00,113.246,113.375,112.301,112.531
2016-02-21 22:00:00,112.572,113.383,112.422,112.905
2016-02-22 22:00:00,112.803,113.050,111.768,112.093
2016-02-23 22:00:00,112.075,112.262,111.039,112.169
2016-02-24 22:00:00,112.152,113.020,111.893,112.981
2016-02-25 22:00:00,112.962,113.988,112.558,113.984
2016-02-28 22:00:00,113.947,113.979,112.649,112.669
2016-02-29 22:00:00,112.666,114.180,112.153,113.974
2016-03-01 22:00:00,113.977,114.550,113.212,113.476
2016-03-02 22:00:00,113.470,114.264,113.293,113.667
2016-03-03 22:00:00,113.665,114.254,113.116,113.769
2016-03-06 22:00:00,113.922,113.925,113.221,113.430
2016-03-07 22:00:00,113.408,113.517,112.419,112.611
2016-03-08 22:00:00,112.612,113.449,112.223,113.315
2016-03-09 22:00:00,113.314,114.443,112.603,113.211
2016-03-10 22:00:00,113.168,113.913,112.749,113.795
2016-03-13 22:00:00,113.912,114.002,113.503,113.789
2016-03-14 22:00:00,113.794,114.143,112.627,113.188
2016-03-15 22:00:00,113.190,113.814,112.328,112.663
2016-03-16 22:00:00,112.662,112.952,110.664,111.418
2016-03-17 22:00:00,111.419,111.753,110.817,111.520
2016-03-20 22:00:00,111.524,111.973,111.215,111.959
2016-03-21 22:00:00,111.954,112.485,111.377,112.379
2016-03-22 22:00:00,112.379,112.901,112.137,112.387
2016-03-23 22:00:00,112.382,113.002,112.290,112.821
2016-03-24 22:00:00,112.819,113.319,112.747,113.048
2016-03-27 21:00:00,113.156,113.684,113.113,113.435
2016-03-28 21:00:00,113.428,113.799,112.607,112.673
2016-03-29 21:00:00,112.659,112.802,112.012,112.434
2016-03-30 21:00:00,112.413,112.657,112.105,112.571
2016-03-31 21:00:00,112.549,112.580,111.583,111.610
2016-04-03 21:00:00,111.585,111.792,111.093,111.314
2016-04-04 21:00:00,111.298,111.352,109.948,110.322
2016-04-05 21:00:00,110.300,110.639,109.335,109.778
2016-04-06 21:00:00,109.771,109.901,107.665,108.177
2016-04-07 21:00:00,108.175,109.094,107.990,108.022
2016-04-10 21:00:00,107.965,108.437,107.625,107.941
2016-04-11 21:00:00,107.918,108.782,107.866,108.522
2016-04-12 21:00:00,108.526,109.401,108.502,109.325
2016-04-13 21:00:00,109.323,109.542,108.891,109.400
2016-04-14 21:00:00,109.351,109.729,108.596,108.728
2016-04-17 21:00:00,108.199,108.985,107.832,108.803
2016-04-18 21:00:00,108.793,109.482,108.746,109.184
2016-04-19 21:00:00,109.183,109.875,108.758,109.818
2016-04-20 21:00:00,109.818,109.894,109.319,109.453
2016-04-21 21:00:00,109.442,111.802,109.256,111.748
2016-04-24 21:00:00,111.853,111.860,110.837,111.193
2016-04-25 21:00:00,111.188,111.472,110.666,111.298
2016-04-26 21:00:00,111.296,111.751,111.024,111.428
2016-04-27 21:00:00,111.408,111.880,107.860,108.087
2016-04-28 21:00:00,108.078,108.196,106.274,106.334
2016-05-01 21:00:00,106.223,106.815,106.136,106.392
2016-05-02 21:00:00,106.411,106.674,105.545,106.598
2016-05-03 21:00:00,106.585,107.453,106.243,106.982
2016-05-04 21:00:00,106.972,107.495,106.799,107.249
2016-05-05 21:00:00,107.238,107.416,106.430,107.074
2016-05-08 21:00:00,107.070,108.601,107.068,108.318
2016-05-09 21:00:00,108.309,109.346,108.270,109.256
2016-05-10 21:00:00,109.244,109.369,108.364,108.394
2016-05-11 21:00:00,108.391,109.391,108.222,108.993
2016-05-12 21:00:00,108.979,109.550,108.509,108.607
2016-05-15 21:00:00,108.605,109.092,108.460,109.019
2016-05-16 21:00:00,109.004,109.649,108.837,109.122
2016-05-17 21:00:00,109.102,110.252,108.718,110.190
2016-05-18 21:00:00,110.175,110.380,109.694,109.947
2016-05-19 21:00:00,109.948,110.584,109.846,110.102
2016-05-22 21:00:00,110.103,110.238,109.106,109.220
2016-05-23 21:00:00,109.230,110.127,109.166,109.980
2016-05-24 21:00:00,109.981,110.443,109.860,110.196
2016-05-25 21:00:00,110.136,110.226,109.414,109.762
2016-05-26 21:00:00,109.752,110.443,109.469,110.242
2016-05-29 21:00:00,110.419,111.445,110.310,111.120
2016-05-30 21:00:00,111.111,111.345,110.497,110.707
2016-05-31 21:00:00,110.707,110.827,109.047,109.531
2016-06-01 21:00:00,109.523,109.580,108.520,108.866
2016-06-02 21:00:00,108.855,109.132,106.505,106.532
2016-06-05 21:00:00,106.543,107.651,106.363,107.546
2016-06-06 21:00:00,107.528,107.898,107.150,107.334
2016-06-07 21:00:00,107.350,107.383,106.587,106.982
2016-06-08 21:00:00,106.977,107.172,106.249,107.075
2016-06-09 21:00:00,107.073,107.258,106.550,106.912
2016-06-12 21:00:00,106.793,106.852,105.733,106.242
2016-06-13 21:00:00,106.208,106.417,105.623,106.095
2016-06-14 21:00:00,106.095,106.392,105.436,105.999
2016-06-15 21:00:00,105.990,106.023,103.547,104.244
2016-06-16 21:00:00,104.237,104.824,104.042,104.042
2016-06-19 21:00:00,104.099,104.839,103.783,103.919
2016-06-20 21:00:00,103.888,105.053,103.575,104.748
2016-06-21 21:00:00,104.726,104.847,104.311,104.376
2016-06-22 21:00:00,104.378,106.149,104.021,106.120
2016-06-23 21:00:00,106.123,106.805,98.935,102.195
2016-06-26 21:00:00,101.495,102.467,101.395,101.991
2016-06-27 21:00:00,101.951,102.836,101.553,102.735
2016-06-28 21:00:00,102.723,102.931,102.167,102.819
2016-06-29 21:00:00,102.764,103.289,102.351,103.176
2016-06-30 21:00:00,103.190,103.391,102.438,102.529
2016-07-03 21:00:00,102.617,102.801,102.415,102.521
2016-07-04 21:00:00,102.512,102.585,101.446,101.737
2016-07-05 21:00:00,101.685,101.761,100.194,101.295
2016-07-06 21:00:00,101.295,101.395,100.593,100.745
2016-07-07 21:00:00,100.772,101.273,99.988,100.401
2016-07-10 21:00:00,100.602,102.890,100.511,102.781
2016-07-11 21:00:00,102.768,104.980,102.445,104.659
2016-07-12 21:00:00,104.660,104.873,103.906,104.492
2016-07-13 21:00:00,104.437,105.932,103.973,105.332
2016-07-14 21:00:00,105.337,106.311,104.624,104.808
2016-07-17 21:00:00,105.336,106.260,105.268,106.145
2016-07-18 21:00:00,106.141,106.528,105.642,106.097
2016-07-19 21:00:00,106.118,107.016,105.825,106.871
2016-07-20 21:00:00,106.868,107.488,105.419,105.805
2016-07-21 21:00:00,105.798,106.396,105.562,106.025
2016-07-24 21:00:00,106.106,106.719,105.736,105.801
2016-07-25 21:00:00,105.786,105.886,103.988,104.621
2016-07-26 21:00:00,104.613,106.535,104.555,105.385
2016-07-27 21:00:00,105.386,105.499,104.479,105.253
2016-07-28 21:00:00,105.233,105.645,101.968,102.040
2016-07-31 21:00:00,102.212,102.679,102.004,102.393
2016-08-01 21:00:00,102.390,102.828,100.675,100.879
2016-08-02 21:00:00,100.855,101.567,100.744,101.231
2016-08-03 21:00:00,101.229,101.662,100.856,101.207
2016-08-04 21:00:00,101.205,102.058,100.867,101.800
2016-08-07 21:00:00,101.928,102.651,101.852,102.447
2016-08-08 21:00:00,102.432,102.525,101.785,101.858
2016-08-09 21:00:00,101.849,101.953,100.961,101.266
2016-08-10 21:00:00,101.262,102.050,101.007,101.935
2016-08-11 21:00:00,101.920,102.267,100.829,101.283
2016-08-14 21:00:00,101.113,101.450,100.865,101.247
2016-08-15 21:00:00,101.252,101.287,99.536,100.295
2016-08-16 21:00:00,100.284,101.159,100.031,100.259
2016-08-17 21:00:00,100.260,100.497,99.640,99.871
2016-08-18 21:00:00,99.875,100.454,99.868,100.217
2016-08-21 21:00:00,100.681,100.928,100.208,100.320
2016-08-22 21:00:00,100.315,100.385,99.937,100.230
2016-08-23 21:00:00,100.228,100.605,100.092,100.438
2016-08-24 21:00:00,100.438,100.612,100.297,100.510
2016-08-25 21:00:00,100.490,101.939,100.059,101.739
2016-08-28 21:00:00,102.070,102.387,101.827,101.908
2016-08-29 21:00:00,101.901,103.131,101.744,102.959
2016-08-30 21:00:00,102.937,103.528,102.854,103.414
2016-08-31 21:00:00,103.410,103.994,103.057,103.219
2016-09-01 21:00:00,103.189,104.316,102.794,103.746
2016-09-04 21:00:00,104.065,104.132,103.141,103.401
2016-09-05 21:00:00,103.400,103.804,101.928,102.012
2016-09-06 21:00:00,102.001,102.124,101.193,101.720
2016-09-07 21:00:00,101.723,102.592,101.409,102.497
2016-09-08 21:00:00,102.479,103.051,101.961,102.562
2016-09-11 21:00:00,102.550,102.663,101.558,101.824
2016-09-12 21:00:00,101.833,102.744,101.417,102.543
2016-09-13 21:00:00,102.550,103.353,102.245,102.423
2016-09-14 21:00:00,102.380,102.752,101.922,102.076
2016-09-15 21:00:00,102.061,102.457,101.735,102.232
2016-09-18 21:00:00,102.112,102.411,101.574,101.917
2016-09-19 21:00:00,101.922,102.060,101.531,101.714
2016-09-20 21:00:00,101.691,102.780,100.294,100.319
2016-09-21 21:00:00,100.306,100.928,100.094,100.745
2016-09-22 21:00:00,100.736,101.238,100.670,100.865
2016-09-25 21:00:00,100.924,101.070,100.244,100.318
2016-09-26 21:00:00,100.298,100.983,100.081,100.413
2016-09-27 21:00:00,100.403,100.813,100.256,100.670
2016-09-28 21:00:00,100.664,101.835,100.644,101.008
2016-09-29 21:00:00,100.998,101.777,100.741,101.322
2016-10-02 21:00:00,101.208,101.668,101.125,101.632
2016-10-03 21:00:00,101.632,102.962,101.566,102.905
2016-10-04 21:00:00,102.882,103.665,102.664,103.488
2016-10-05 21:00:00,103.484,104.157,103.344,103.941
2016-10-06 21:00:00,103.923,104.019,102.853,102.876
2016-10-09 21:00:00,103.230,103.784,102.805,103.607
2016-10-10 21:00:00,103.580,104.067,103.168,103.520
2016-10-11 21:00:00,103.490,104.477,103.273,104.189
2016-10-12 21:00:00,104.203,104.630,103.329,103.670
2016-10-13 21:00:00,103.690,104.475,103.603,104.046
2016-10-16 21:00:00,104.315,104.366,103.784,103.878
2016-10-17 21:00:00,103.884,104.196,103.677,103.862
2016-10-18 21:00:00,103.854,103.944,103.161,103.439
2016-10-19 21:00:00,103.420,104.100,103.339,103.936
2016-10-20 21:00:00,103.928,104.202,103.517,103.689
2016-10-23 21:00:00,103.816,104.317,103.717,104.170
2016-10-24 21:00:00,104.160,104.870,104.108,104.210
2016-10-25 21:00:00,104.208,104.614,104.016,104.461
2016-10-26 21:00:00,104.455,105.345,104.293,105.276
2016-10-27 21:00:00,105.270,105.528,104.461,104.725
2016-10-30 22:00:00,104.563,105.229,104.520,104.761
2016-10-31 22:00:00,104.760,105.114,103.794,104.063
2016-11-01 22:00:00,104.062,104.162,103.015,103.330
2016-11-02 22:00:00,103.331,103.437,102.544,102.961
2016-11-03 22:00:00,102.960,103.350,102.825,103.093
2016-11-06 22:00:00,103.963,104.627,103.759,104.461
2016-11-07 22:00:00,104.465,105.187,104.292,105.157
2016-11-08 22:00:00,105.130,105.884,101.186,105.664
2016-11-09 22:00:00,105.647,106.942,104.954,106.788
2016-11-10 22:00:00,106.784,106.929,106.026,106.620
2016-11-13 22:00:00,106.842,108.539,106.728,108.405
2016-11-14 22:00:00,108.397,109.333,107.765,109.169
2016-11-15 22:00:00,109.165,109.752,108.788,109.054
2016-11-16 22:00:00,109.058,110.172,108.548,110.095
2016-11-17 22:00:00,110.114,110.948,109.796,110.867
2016-11-20 22:00:00,112.004,112.004,110.450,110.791
2016-11-21 22:00:00,110.741,111.350,110.264,111.119
2016-11-22 22:00:00,111.134,112.969,110.848,112.476
2016-11-23 22:00:00,112.478,113.529,112.366,113.292
2016-11-24 22:00:00,113.271,113.895,112.548,113.213
2016-11-27 22:00:00,112.796,112.968,111.353,111.924
2016-11-28 22:00:00,111.916,113.336,111.614,112.385
2016-11-29 22:00:00,112.371,114.534,112.051,114.444
2016-11-30 22:00:00,114.406,114.821,113.826,114.055
2016-12-01 22:00:00,114.064,114.200,113.324,113.439
2016-12-04 22:00:00,113.195,114.769,112.859,113.850
2016-12-05 22:00:00,113.817,114.182,113.497,113.999
2016-12-06 22:00:00,113.977,114.398,113.409,113.743
2016-12-07 22:00:00,113.738,114.370,113.120,114.026
2016-12-08 22:00:00,113.999,115.363,113.978,115.219
2016-12-11 22:00:00,115.375,116.118,114.847,115.012
2016-12-12 22:00:00,115.009,115.473,114.731,115.175
2016-12-13 22:00:00,115.163,117.387,114.766,117.024
2016-12-14 22:00:00,117.014,118.659,117.004,118.159
2016-12-15 22:00:00,118.182,118.423,117.467,117.776
2016-12-18 22:00:00,117.936,117.956,116.543,117.074
2016-12-19 22:00:00,117.096,118.238,116.983,117.835
2016-12-20 22:00:00,117.826,118.065,117.103,117.534
2016-12-21 22:00:00,117.526,117.872,117.263,117.504
2016-12-22 22:00:00,117.506,117.604,117.166,117.198
2016-12-25 22:00:00,117.034,117.216,116.862,117.061
2016-12-26 22:00:00,117.050,117.613,117.015,117.411
2016-12-27 22:00:00,117.385,117.809,117.051,117.242
2016-12-28 22:00:00,117.157,117.242,116.227,116.539
2016-12-29 22:00:00,116.508,117.192,116.037,116.814
2017-01-01 22:00:00,116.780,117.651,116.634,117.478
2017-01-02 22:00:00,117.461,118.602,117.210,117.731
2017-01-03 22:00:00,117.720,118.182,117.047,117.214
2017-01-04 22:00:00,117.215,117.425,115.213,115.339
2017-01-05 22:00:00,115.328,117.175,115.065,116.942
2017-01-08 22:00:00,116.993,117.528,115.949,116.005
2017-01-09 22:00:00,115.999,116.340,115.192,115.759
2017-01-10 22:00:00,115.743,116.870,114.239,115.399
2017-01-11 22:00:00,115.401,115.502,113.750,114.703
2017-01-12 22:00:00,114.674,115.440,114.154,114.338
2017-01-15 22:00:00,114.221,114.462,113.617,114.174
2017-01-16 22:00:00,114.174,114.279,112.591,112.609
2017-01-17 22:00:00,112.611,114.754,112.566,114.631
2017-01-18 22:00:00,114.630,115.616,114.397,114.842
2017-01-19 22:00:00,114.838,115.382,114.206,114.464
2017-01-22 22:00:00,114.313,114.414,112.680,112.686
2017-01-23 22:00:00,112.679,113.891,112.519,113.789
2017-01-24 22:00:00,113.747,113.985,113.033,113.258
2017-01-25 22:00:00,113.233,114.853,113.044,114.505
2017-01-26 22:00:00,114.508,115.372,114.386,115.028
2017-01-29 22:00:00,114.761,114.946,113.442,113.750
2017-01-30 22:00:00,113.733,113.961,112.076,112.784
2017-01-31 22:00:00,112.771,113.948,112.636,113.224
2017-02-01 22:00:00,113.230,113.360,112.048,112.783
2017-02-02 22:00:00,112.782,113.470,112.311,112.443
2017-02-05 22:00:00,112.384,112.772,111.618,111.726
2017-02-06 22:00:00,111.708,112.573,111.588,112.375
2017-02-07 22:00:00,112.354,112.540,111.627,111.924
2017-02-08 22:00:00,111.921,113.342,111.731,113.247
2017-02-09 22:00:00,113.236,113.854,112.853,113.065
2017-02-12 22:00:00,113.513,114.164,113.435,113.724
2017-02-13 22:00:00,113.721,114.495,113.245,114.238
2017-02-14 22:00:00,114.218,114.953,113.859,114.140
2017-02-15 22:00:00,114.144,114.305,113.081,113.214
2017-02-16 22:00:00,113.240,113.497,112.614,112.697
2017-02-19 22:00:00,112.886,113.234,112.786,113.068
2017-02-20 22:00:00,113.077,113.773,113.011,113.669
2017-02-21 22:00:00,113.654,113.726,112.904,113.315
2017-02-22 22:00:00,113.302,113.451,112.547,112.601
2017-02-23 22:00:00,112.569,112.952,111.931,112.006
2017-02-26 22:00:00,112.120,112.837,111.913,112.683
2017-02-27 22:00:00,112.678,112.895,111.685,112.752
2017-02-28 22:00:00,112.733,114.044,112.714,113.712
2017-03-01 22:00:00,113.696,114.588,113.678,114.409
2017-03-02 22:00:00,114.406,114.745,113.807,113.886
2017-03-05 22:00:00,113.879,114.132,113.555,113.881
2017-03-06 22:00:00,113.848,114.152,113.726,113.968
2017-03-07 22:00:00,113.935,114.755,113.604,114.317
2017-03-08 22:00:00,114.312,114.997,114.297,114.932
2017-03-09 22:00:00,114.933,115.500,114.650,114.717
2017-03-12 22:00:00,114.764,114.915,114.478,114.843
2017-03-13 22:00:00,114.844,115.191,114.515,114.730
2017-03-14 22:00:00,114.729,114.881,113.169,113.457
2017-03-15 22:00:00,113.459,113.544,112.900,113.294
2017-03-16 22:00:00,113.294,113.488,112.560,112.702
2017-03-19 22:00:00,112.639,112.894,112.453,112.495
2017-03-20 22:00:00,112.498,112.865,111.540,111.776
2017-03-21 22:00:00,111.775,111.788,110.728,111.260
2017-03-22 22:00:00,111.260,111.576,110.625,110.973
2017-03-23 22:00:00,110.971,111.478,110.623,111.217
2017-03-26 21:00:00,110.919,111.043,110.106,110.652
2017-03-27 21:00:00,110.633,111.198,110.174,111.129
2017-03-28 21:00:00,111.133,111.313,110.712,111.032
2017-03-29 21:00:00,111.006,111.942,110.938,111.899
2017-03-30 21:00:00,111.890,112.193,111.239,111.264
2017-04-02 21:00:00,111.355,111.584,110.852,110.884
2017-04-03 21:00:00,110.880,110.928,110.265,110.724
2017-04-04 21:00:00,110.709,111.451,110.534,110.693
2017-04-05 21:00:00,110.682,111.138,110.286,110.794
2017-04-06 21:00:00,110.779,111.362,110.126,110.971
2017-04-09 21:00:00,111.016,111.576,110.802,110.929
2017-04-10 21:00:00,110.928,110.928,109.590,109.602
2017-04-11 21:00:00,109.610,109.863,108.955,109.009
2017-04-12 21:00:00,108.999,109.389,108.720,109.085
2017-04-13 21:00:00,109.096,109.219,108.542,108.542
2017-04-16 21:00:00,108.738,109.050,108.129,108.896
2017-04-17 21:00:00,108.901,109.217,108.317,108.401
2017-04-18 21:00:00,108.401,109.178,108.377,108.854
2017-04-19 21:00:00,108.839,109.484,108.716,109.312
2017-04-20 21:00:00,109.312,109.419,108.878,108.979
2017-04-23 21:00:00,110.489,110.501,109.655,109.744
2017-04-24 21:00:00,109.740,111.185,109.590,111.082
2017-04-25 21:00:00,111.058,111.774,110.869,111.050
2017-04-26 21:00:00,111.040,111.596,110.990,111.244
2017-04-27 21:00:00,111.235,111.713,111.068,111.528
2017-04-30 21:00:00,111.207,111.923,111.202,111.835
2017-05-01 21:00:00,111.810,112.301,111.778,111.996
2017-05-02 21:00:00,111.965,112.772,111.957,112.751
2017-05-03 21:00:00,112.728,113.044,112.314,112.457
2017-05-04 21:00:00,112.452,112.796,112.085,112.598
2017-05-07 21:00:00,112.938,113.291,112.393,113.253
2017-05-08 21:00:00,113.250,114.325,113.129,113.968
2017-05-09 21:00:00,113.969,114.365,113.623,114.264
2017-05-10 21:00:00,114.264,114.365,113.453,113.851
2017-05-11 21:00:00,113.851,113.949,113.196,113.323
2017-05-14 21:00:00,113.161,113.852,113.161,113.773
2017-05-15 21:00:00,113.775,113.787,112.928,113.111
2017-05-16 21:00:00,113.111,113.123,110.789,110.801
2017-05-17 21:00:00,110.801,111.740,110.231,111.475
2017-05-18 21:00:00,111.470,111.697,111.041,111.228
2017-05-21 21:00:00,111.022,111.603,110.875,111.295
2017-05-22 21:00:00,111.295,111.855,110.855,111.765
2017-05-23 21:00:00,111.763,112.125,111.475,111.491
2017-05-24 21:00:00,111.491,111.948,111.480,111.832
2017-05-25 21:00:00,111.832,111.844,110.875,111.253
2017-05-28 21:00:00,111.210,111.465,111.165,111.244
2017-05-29 21:00:00,111.244,111.310,110.661,110.829
2017-05-30 21:00:00,110.829,111.223,110.477,110.777
2017-05-31 21:00:00,110.777,111.478,110.673,111.351
2017-06-01 21:00:00,111.353,111.706,110.326,110.351
2017-06-04 21:00:00,110.343,110.728,110.226,110.474
2017-06-05 21:00:00,110.442,110.523,109.223,109.408
2017-06-06 21:00:00,109.408,109.879,109.111,109.815
2017-06-07 21:00:00,109.815,110.381,109.378,110.037
2017-06-08 21:00:00,109.811,110.808,109.720,110.304
2017-06-11 21:00:00,110.284,110.436,109.629,109.938
2017-06-12 21:00:00,109.921,110.267,109.819,110.058
2017-06-13 21:00:00,110.035,110.339,108.805,109.568
2017-06-14 21:00:00,109.553,110.976,109.265,110.943
2017-06-15 21:00:00,110.895,111.414,110.642,110.824
2017-06-18 21:00:00,110.842,111.597,110.719,111.521
2017-06-19 21:00:00,111.521,111.783,111.305,111.441
2017-06-20 21:00:00,111.435,111.736,111.065,111.365
2017-06-21 21:00:00,111.365,111.444,110.946,111.312
2017-06-22 21:00:00,111.303,111.427,111.150,111.226
2017-06-25 21:00:00,111.118,111.941,111.118,111.856
2017-06-26 21:00:00,111.821,112.462,111.459,112.352
2017-06-27 21:00:00,112.324,112.411,111.826,112.323
2017-06-28 21:00:00,112.261,112.922,111.807,112.166
2017-06-29 21:00:00,112.166,112.599,111.725,112.361
2017-07-02 21:00:00,112.112,113.467,112.112,113.439
2017-07-03 21:00:00,113.341,113.439,112.735,113.273
2017-07-04 21:00:00,113.254,113.682,112.820,113.237
2017-07-05 21:00:00,113.240,113.466,112.882,113.186
2017-07-06 21:00:00,113.170,114.175,113.100,113.859
2017-07-09 21:00:00,113.909,114.298,113.837,114.027
2017-07-10 21:00:00,114.014,114.490,113.713,113.923
2017-07-11 21:00:00,113.923,113.971,112.923,113.123
2017-07-12 21:00:00,113.143,113.521,112.857,113.263
2017-07-13 21:00:00,113.262,113.575,112.256,112.528
2017-07-16 21:00:00,112.461,112.863,112.324,112.615
2017-07-17 21:00:00,112.603,112.686,111.682,112.030
2017-07-18 21:00:00,112.030,112.230,111.550,111.873
2017-07-19 21:00:00,111.909,112.413,111.475,111.872
2017-07-20 21:00:00,111.895,112.074,111.008,111.122
2017-07-23 21:00:00,111.097,111.316,110.618,111.110
2017-07-24 21:00:00,111.083,111.953,110.825,111.939
2017-07-25 21:00:00,111.865,112.196,111.056,111.140
2017-07-26 21:00:00,111.149,111.706,110.776,111.300
2017-07-27 21:00:00,111.268,111.326,110.544,110.640
2017-07-30 21:00:00,110.614,110.769,110.210,110.253
2017-07-31 21:00:00,110.243,110.586,109.915,110.378
2017-08-01 21:00:00,110.379,110.980,110.278,110.741
2017-08-02 21:00:00,110.664,110.824,109.851,109.979
2017-08-03 21:00:00,110.020,111.046,109.840,110.675
2017-08-06 21:00:00,110.708,110.916,110.642,110.749
2017-08-07 21:00:00,110.733,110.823,110.244,110.345
2017-08-08 21:00:00,110.350,110.351,109.555,110.032
2017-08-09 21:00:00,110.032,110.176,109.148,109.226
2017-08-10 21:00:00,109.176,109.398,108.724,109.163
2017-08-13 21:00:00,109.142,109.796,109.032,109.654
2017-08-14 21:00:00,109.692,110.843,109.602,110.685
2017-08-15 21:00:00,110.685,110.945,110.026,110.185
2017-08-16 21:00:00,110.185,110.365,109.442,109.583
2017-08-17 21:00:00,109.566,109.594,108.600,109.144
2017-08-20 21:00:00,109.331,109.417,108.632,108.991
2017-08-21 21:00:00,108.960,109.652,108.871,109.560
2017-08-22 21:00:00,109.552,109.821,108.916,109.026
2017-08-23 21:00:00,109.022,109.601,108.844,109.563
2017-08-24 21:00:00,109.563,109.840,109.109,109.348
2017-08-27 21:00:00,109.199,109.409,109.020,109.255
2017-08-28 21:00:00,109.230,109.896,108.264,109.631
2017-08-29 21:00:00,109.631,110.434,109.537,110.325
2017-08-30 21:00:00,110.325,110.667,109.876,109.955
2017-08-31 21:00:00,109.978,110.440,109.559,110.247
2017-09-03 21:00:00,109.573,109.930,109.378,109.673
2017-09-04 21:00:00,109.673,109.830,108.627,108.764
2017-09-05 21:00:00,108.695,109.392,108.446,109.271
2017-09-06 21:00:00,109.271,109.271,108.044,108.529
2017-09-07 21:00:00,108.443,108.529,107.314,107.834
2017-09-10 21:00:00,108.139,109.496,108.134,109.486
2017-09-11 21:00:00,109.377,110.252,109.235,110.161
2017-09-12 21:00:00,110.168,110.691,109.903,110.475
2017-09-13 21:00:00,110.475,111.038,110.065,110.235
2017-09-14 21:00:00,110.235,111.334,109.550,110.837
2017-09-17 21:00:00,111.045,111.663,110.994,111.564
2017-09-18 21:00:00,111.564,111.881,111.201,111.588
2017-09-19 21:00:00,111.588,112.530,111.103,112.212
2017-09-20 21:00:00,112.212,112.717,112.134,112.457
2017-09-21 21:00:00,112.457,112.555,111.652,111.963
2017-09-24 21:00:00,112.218,112.528,111.472,111.728
2017-09-25 21:00:00,111.728,112.476,111.498,112.218
2017-09-26 21:00:00,112.218,113.256,112.213,112.825
2017-09-27 21:00:00,112.825,113.209,112.251,112.338
2017-09-28 21:00:00,112.338,112.736,112.214,112.445
2017-10-01 21:00:00,112.505,113.059,112.449,112.752
2017-10-02 21:00:00,112.752,113.195,112.639,112.845
2017-10-03 21:00:00,112.845,112.938,112.322,112.751
2017-10-04 21:00:00,112.751,112.920,112.413,112.810
2017-10-05 21:00:00,112.810,113.439,112.599,112.599
2017-10-08 21:00:00,112.555,112.745,112.328,112.689
2017-10-09 21:00:00,112.689,112.827,111.988,112.436
2017-10-10 21:00:00,112.437,112.585,112.080,112.483
2017-10-11 21:00:00,112.477,112.521,112.125,112.272
2017-10-12 21:00:00,112.273,112.304,111.686,111.799
2017-10-15 21:00:00,111.782,112.287,111.653,112.186
2017-10-16 21:00:00,112.186,112.479,112.035,112.196
2017-10-17 21:00:00,112.196,113.049,112.133,112.927
2017-10-18 21:00:00,112.927,113.146,112.296,112.534
2017-10-19 21:00:00,112.535,113.568,112.512,113.495
2017-10-22 21:00:00,113.868,114.097,113.243,113.431
2017-10-23 21:00:00,113.430,114.023,113.247,113.892
2017-10-24 21:00:00,113.891,114.244,113.480,113.740
2017-10-25 21:00:00,113.740,114.077,113.339,113.970
2017-10-26 21:00:00,113.971,114.451,113.639,113.666
2017-10-29 22:00:00,113.718,113.834,113.028,113.174
2017-10-30 22:00:00,113.174,113.732,112.955,113.634
2017-10-31 22:00:00,113.629,114.280,113.603,114.175
2017-11-01 22:00:00,114.176,114.217,113.733,114.078
2017-11-02 22:00:00,114.078,114.426,113.631,114.045
2017-11-05 22:00:00,113.968,114.734,113.694,113.696
2017-11-06 22:00:00,113.696,114.340,113.694,114.001
2017-11-07 22:00:00,113.988,114.011,113.394,113.865
2017-11-08 22:00:00,113.865,114.069,113.091,113.469
2017-11-09 22:00:00,113.459,113.634,113.220,113.516
2017-11-12 22:00:00,113.485,113.712,113.243,113.617
2017-11-13 22:00:00,113.617,113.909,113.309,113.453
2017-11-14 22:00:00,113.453,113.495,112.475,112.872
2017-11-15 22:00:00,112.872,113.329,112.734,113.048
2017-11-16 22:00:00,113.033,113.143,111.944,112.082
2017-11-19 22:00:00,112.097,112.718,111.885,112.618
2017-11-20 22:00:00,112.618,112.703,112.173,112.431
2017-11-21 22:00:00,112.431,112.491,111.140,111.206
2017-11-22 22:00:00,111.206,111.379,111.067,111.200
2017-11-23 22:00:00,111.200,111.621,111.192,111.490
2017-11-26 22:00:00,111.515,111.690,110.841,111.085
2017-11-27 22:00:00,111.085,111.638,110.931,111.470
2017-11-28 22:00:00,111.470,112.150,111.363,111.918
2017-11-29 22:00:00,111.918,112.637,111.735,112.527
2017-11-30 22:00:00,112.527,112.873,111.401,112.144
2017-12-03 22:00:00,112.739,113.090,112.363,112.387
2017-12-04 22:00:00,112.387,112.866,112.378,112.564
2017-12-05 22:00:00,112.564,112.625,111.990,112.279
2017-12-06 22:00:00,112.270,113.158,112.218,113.080
2017-12-07 22:00:00,113.080,113.589,113.077,113.473
2017-12-10 22:00:00,113.530,113.690,113.242,113.548
2017-12-11 22:00:00,113.548,113.750,113.370,113.541
2017-12-12 22:00:00,113.541,113.573,112.458,112.539
2017-12-13 22:00:00,112.533,112.883,112.064,112.378
2017-12-14 22:00:00,112.378,112.744,112.031,112.616
2017-12-17 22:00:00,112.712,112.829,112.296,112.540
2017-12-18 22:00:00,112.540,113.078,112.509,112.884
2017-12-19 22:00:00,112.884,113.465,112.839,113.387
2017-12-20 22:00:00,113.387,113.636,113.198,113.324
2017-12-21 22:00:00,113.324,113.448,113.252,113.285
2017-12-25 22:00:00,113.272,113.330,113.117,113.224
2017-12-26 22:00:00,113.228,113.377,113.147,113.344
2017-12-27 22:00:00,113.344,113.345,112.663,112.849
2017-12-28 22:00:00,112.849,112.968,112.472,112.695
2018-01-01 22:00:00,112.503,112.784,112.055,112.268
2018-01-02 22:00:00,112.268,112.607,112.170,112.504
2018-01-03 22:00:00,112.503,112.863,112.464,112.728
2018-01-04 22:00:00,112.732,113.303,112.719,113.062
2018-01-07 22:00:00,113.137,113.386,112.880,113.079
2018-01-08 22:00:00,113.080,113.178,112.365,112.631
2018-01-09 22:00:00,112.631,112.783,111.269,111.425
2018-01-10 22:00:00,111.428,111.874,111.043,111.241
2018-01-11 22:00:00,111.241,111.694,110.912,111.053
2018-01-14 22:00:00,111.070,111.184,110.327,110.517
2018-01-15 22:00:00,110.517,110.982,110.245,110.434
2018-01-16 22:00:00,110.434,111.343,110.190,111.286
2018-01-17 22:00:00,111.260,111.481,110.693,111.088
2018-01-18 22:00:00,111.088,111.127,110.490,110.827
2018-01-21 22:00:00,110.552,111.223,110.496,110.917
2018-01-22 22:00:00,110.910,111.176,110.250,110.302
2018-01-23 22:00:00,110.304,110.335,108.967,109.219
2018-01-24 22:00:00,109.219,109.700,108.499,109.403
2018-01-25 22:00:00,109.399,109.769,108.282,108.583
2018-01-28 22:00:00,108.693,109.201,108.507,108.949
2018-01-29 22:00:00,108.949,109.205,108.412,108.775
2018-01-30 22:00:00,108.775,109.444,108.594,109.185
2018-01-31 22:00:00,109.184,109.750,109.093,109.385
2018-02-01 22:00:00,109.388,110.482,109.278,110.171
2018-02-04 22:00:00,110.171,110.289,108.989,109.060
2018-02-05 22:00:00,109.076,109.653,108.453,109.555
2018-02-06 22:00:00,109.555,109.711,108.918,109.298
2018-02-07 22:00:00,109.298,109.783,108.580,108.738
2018-02-08 22:00:00,108.738,109.309,108.044,108.796
2018-02-11 22:00:00,108.852,108.888,108.436,108.637
2018-02-12 22:00:00,108.637,108.777,107.407,107.808
2018-02-13 22:00:00,107.808,107.901,106.721,106.987
2018-02-14 22:00:00,106.987,107.005,106.034,106.114
2018-02-15 22:00:00,106.114,106.397,105.545,106.254
2018-02-18 22:00:00,106.320,106.725,106.092,106.584
2018-02-19 22:00:00,106.584,107.375,106.556,107.322
2018-02-20 22:00:00,107.321,107.904,107.278,107.768
2018-02-21 22:00:00,107.769,107.770,106.593,106.744
2018-02-22 22:00:00,106.746,107.133,106.511,106.880
2018-02-25 22:00:00,107.092,107.141,106.374,106.903
2018-02-26 22:00:00,106.903,107.673,106.783,107.326
2018-02-27 22:00:00,107.323,107.525,106.564,106.662
2018-02-28 22:00:00,106.662,107.203,106.162,106.222
2018-03-01 22:00:00,106.222,106.298,105.248,105.730
2018-03-04 22:00:00,105.489,106.236,105.350,106.192
2018-03-05 22:00:00,106.192,106.463,105.852,106.108
2018-03-06 22:00:00,106.114,106.220,105.453,106.055
2018-03-07 22:00:00,106.055,106.312,105.891,106.178
2018-03-08 22:00:00,106.178,107.046,106.151,106.806
2018-03-11 22:00:00,106.753,106.971,106.314,106.438
2018-03-12 22:00:00,106.438,107.292,106.253,106.459
2018-03-13 22:00:00,106.457,106.746,106.063,106.313
2018-03-14 22:00:00,106.313,106.412,105.783,106.336
2018-03-15 22:00:00,106.339,106.363,105.601,105.983
2018-03-18 22:00:00,105.960,106.306,105.676,106.026
2018-03-19 22:00:00,106.026,106.605,105.927,106.527
2018-03-20 22:00:00,106.527,106.637,105.878,106.063
2018-03-21 22:00:00,106.063,106.070,105.259,105.311
2018-03-22 22:00:00,105.311,105.324,104.638,104.734
2018-03-25 21:00:00,104.651,105.479,104.628,105.403
2018-03-26 21:00:00,105.398,105.903,105.318,105.327
2018-03-27 21:00:00,105.328,107.010,105.323,106.845
2018-03-28 21:00:00,106.842,106.932,106.264,106.419
2018-03-29 21:00:00,106.420,106.532,106.118,106.279
2018-04-01 21:00:00,106.165,106.448,105.656,105.879
2018-04-02 21:00:00,105.879,106.656,105.690,106.603
2018-04-03 21:00:00,106.603,106.846,105.989,106.772
2018-04-04 21:00:00,106.770,107.491,106.710,107.380
2018-04-05 21:00:00,107.385,107.458,106.775,106.944
2018-04-08 21:00:00,106.935,107.202,106.616,106.745
2018-04-09 21:00:00,106.754,107.397,106.618,107.197
2018-04-10 21:00:00,107.197,107.250,106.650,106.785
2018-04-11 21:00:00,106.779,107.430,106.699,107.301
2018-04-12 21:00:00,107.292,107.777,107.202,107.372
2018-04-15 21:00:00,107.451,107.605,107.035,107.113
2018-04-16 21:00:00,107.106,107.212,106.880,106.999
2018-04-17 21:00:00,106.996,107.385,106.985,107.229
2018-04-18 21:00:00,107.222,107.515,107.180,107.360
2018-04-19 21:00:00,107.354,107.856,107.353,107.655
2018-04-22 21:00:00,107.761,108.752,107.657,108.700
2018-04-23 21:00:00,108.698,109.199,108.542,108.812
2018-04-24 21:00:00,108.812,109.454,108.784,109.422
2018-04-25 21:00:00,109.414,109.468,109.064,109.295
2018-04-26 21:00:00,109.283,109.536,108.966,109.051
2018-04-29 21:00:00,109.051,109.452,109.019,109.327
2018-04-30 21:00:00,109.341,109.886,109.233,109.857
2018-05-01 21:00:00,109.853,110.034,109.594,109.836
2018-05-02 21:00:00,109.836,109.883,108.929,109.188
2018-05-03 21:00:00,109.188,109.271,108.645,109.072
2018-05-06 21:00:00,109.102,109.396,108.757,109.088
2018-05-07 21:00:00,109.088,109.350,108.828,109.121
2018-05-08 21:00:00,109.121,109.832,108.994,109.740
2018-05-09 21:00:00,109.740,110.018,109.312,109.385
2018-05-10 21:00:00,109.385,109.567,109.151,109.386
2018-05-13 21:00:00,109.328,109.669,109.207,109.647
2018-05-14 21:00:00,109.645,110.453,109.645,110.340
2018-05-15 21:00:00,110.340,110.402,110.039,110.392
2018-05-16 21:00:00,110.386,110.856,110.072,110.747
2018-05-17 21:00:00,110.743,111.079,110.609,110.759
2018-05-20 21:00:00,110.864,111.395,110.820,111.037
2018-05-21 21:00:00,111.008,111.183,110.795,110.893
2018-05-22 21:00:00,110.893,110.917,109.556,110.069
2018-05-23 21:00:00,110.047,110.082,108.952,109.241
2018-05-24 21:00:00,109.241,109.743,109.050,109.382
2018-05-27 21:00:00,109.727,109.831,109.230,109.404
2018-05-28 21:00:00,109.399,109.466,108.111,108.753
2018-05-29 21:00:00,108.753,109.072,108.350,108.903
2018-05-30 21:00:00,108.903,109.003,108.384,108.802
2018-05-31 21:00:00,108.802,109.734,108.720,109.529
2018-06-03 21:00:00,109.420,109.851,109.369,109.812
2018-06-04 21:00:00,109.807,110.002,109.471,109.773
2018-06-05 21:00:00,109.769,110.264,109.769,110.177
2018-06-06 21:00:00,110.176,110.220,109.472,109.690
2018-06-07 21:00:00,109.683,109.851,109.197,109.543
2018-06-10 21:00:00,109.292,110.116,109.292,110.032
2018-06-11 21:00:00,110.032,110.492,109.955,110.364
2018-06-12 21:00:00,110.359,110.845,110.270,110.331
2018-06-13 21:00:00,110.315,110.692,109.917,110.619
2018-06-14 21:00:00,110.612,110.903,110.383,110.659
2018-06-17 21:00:00,110.683,110.733,110.298,110.538
2018-06-18 21:00:00,110.538,110.571,109.549,110.049
2018-06-19 21:00:00,110.060,110.450,109.852,110.354
2018-06-20 21:00:00,110.350,110.756,109.840,109.947
2018-06-21 21:00:00,109.960,110.216,109.800,109.974
2018-06-24 21:00:00,109.855,110.038,109.366,109.736
2018-06-25 21:00:00,109.742,110.218,109.368,110.008
2018-06-26 21:00:00,110.008,110.489,109.682,110.253
2018-06-27 21:00:00,110.252,110.647,109.964,110.485
2018-06-28 21:00:00,110.480,110.943,110.372,110.756
2018-07-01 21:00:00,110.585,111.061,110.551,110.894
2018-07-02 21:00:00,110.894,111.132,110.507,110.555
2018-07-03 21:00:00,110.553,110.599,110.275,110.428
2018-07-04 21:00:00,110.404,110.726,110.286,110.584
2018-07-05 21:00:00,110.604,110.785,110.380,110.460
2018-07-08 21:00:00,110.379,110.900,110.348,110.845
2018-07-09 21:00:00,110.818,111.352,110.758,110.992
2018-07-10 21:00:00,111.007,112.171,110.765,111.989
2018-07-11 21:00:00,111.984,112.624,111.910,112.530
2018-07-12 21:00:00,112.455,112.800,112.275,112.337
2018-07-15 21:00:00,112.199,112.561,112.155,112.268
2018-07-16 21:00:00,112.268,112.924,112.220,112.862
2018-07-17 21:00:00,112.857,113.135,112.706,112.843
2018-07-18 21:00:00,112.828,113.167,112.044,112.439
2018-07-19 21:00:00,112.446,112.621,111.381,111.444
2018-07-22 21:00:00,111.364,111.540,110.747,111.337
2018-07-23 21:00:00,111.339,111.509,110.956,111.195
2018-07-24 21:00:00,111.194,111.380,110.660,110.967
2018-07-25 21:00:00,110.960,111.244,110.584,111.217
2018-07-26 21:00:00,111.207,111.245,110.793,111.007
2018-07-29 21:00:00,110.930,111.162,110.887,111.059
2018-07-30 21:00:00,111.021,111.955,110.743,111.862
2018-07-31 21:00:00,111.814,112.147,111.384,111.716
2018-08-01 21:00:00,111.705,111.733,111.310,111.652
2018-08-02 21:00:00,111.654,111.876,111.097,111.267
2018-08-05 21:00:00,111.214,111.522,111.147,111.399
2018-08-06 21:00:00,111.396,111.474,110.988,111.375
2018-08-07 21:00:00,111.370,111.435,110.833,110.976
2018-08-08 21:00:00,110.989,111.180,110.703,111.077
2018-08-09 21:00:00,111.085,111.166,110.507,110.806
2018-08-12 21:00:00,110.422,110.934,110.107,110.717
2018-08-13 21:00:00,110.644,111.311,110.584,111.139
2018-08-14 21:00:00,111.142,111.427,110.429,110.734
2018-08-15 21:00:00,110.731,111.119,110.455,110.888
2018-08-16 21:00:00,110.865,111.048,110.312,110.489
2018-08-19 21:00:00,110.579,110.681,110.014,110.063
2018-08-20 21:00:00,110.059,110.544,109.770,110.271
2018-08-21 21:00:00,110.220,110.612,110.023,110.545
2018-08-22 21:00:00,110.555,111.313,110.515,111.265
2018-08-23 21:00:00,111.239,111.484,111.100,111.234
2018-08-26 21:00:00,111.306,111.343,110.932,111.071
2018-08-27 21:00:00,111.042,111.353,110.950,111.185
2018-08-28 21:00:00,111.185,111.823,111.118,111.674
2018-08-29 21:00:00,111.687,111.753,110.950,110.970
2018-08-30 21:00:00,110.960,111.135,110.681,111.089
2018-09-02 21:00:00,111.051,111.184,110.846,111.033
2018-09-03 21:00:00,110.995,111.530,110.897,111.356
2018-09-04 21:00:00,111.366,111.754,111.323,111.522
2018-09-05 21:00:00,111.513,111.527,110.517,110.744
2018-09-06 21:00:00,110.739,111.243,110.376,111.039
2018-09-09 21:00:00,111.028,111.244,110.846,111.101
2018-09-10 21:00:00,111.101,111.638,111.059,111.624
2018-09-11 21:00:00,111.593,111.646,111.110,111.252
2018-09-12 21:00:00,111.257,111.995,111.155,111.915
2018-09-13 21:00:00,111.919,112.165,111.750,112.054
2018-09-16 21:00:00,112.013,112.118,111.757,111.840
2018-09-17 21:00:00,111.838,112.385,111.660,112.359
2018-09-18 21:00:00,112.353,112.443,112.157,112.266
2018-09-19 21:00:00,112.275,112.580,112.038,112.483
2018-09-20 21:00:00,112.485,112.870,112.423,112.512
2018-09-23 21:00:00,112.426,112.835,112.411,112.794
2018-09-24 21:00:00,112.795,112.976,112.737,112.971
2018-09-25 21:00:00,112.957,113.132,112.628,112.707
2018-09-26 21:00:00,112.718,113.465,112.557,113.354
2018-09-27 21:00:00,113.352,113.703,113.308,113.671
2018-09-30 21:00:00,113.696,114.057,113.695,113.890
2018-10-01 21:00:00,113.873,114.013,113.525,113.637
2018-10-02 21:00:00,113.614,114.539,113.517,114.530
2018-10-03 21:00:00,114.510,114.546,113.630,113.897
2018-10-04 21:00:00,113.892,114.098,113.554,113.687
2018-10-07 21:00:00,113.780,113.938,112.818,113.225
2018-10-08 21:00:00,113.217,113.388,112.867,112.947
2018-10-09 21:00:00,112.942,113.282,112.250,112.265
2018-10-10 21:00:00,112.267,112.532,111.828,112.156
2018-10-11 21:00:00,112.118,112.493,111.875,112.181
2018-10-14 21:00:00,112.129,112.231,111.622,111.762
2018-10-15 21:00:00,111.761,112.334,111.728,112.245
2018-10-16 21:00:00,112.252,112.671,112.012,112.632
2018-10-17 21:00:00,112.636,112.725,111.943,112.181
2018-10-18 21:00:00,112.183,112.644,112.138,112.527
2018-10-21 21:00:00,112.574,112.882,112.345,112.811
2018-10-22 21:00:00,112.810,112.837,111.948,112.436
2018-10-23 21:00:00,112.437,112.739,112.086,112.244
2018-10-24 21:00:00,112.206,112.670,111.816,112.401
2018-10-25 21:00:00,112.398,112.443,111.374,111.877
2018-10-28 22:00:00,111.890,112.558,111.771,112.353
2018-10-29 22:00:00,112.352,113.160,112.300,113.083
2018-10-30 22:00:00,113.084,113.380,112.801,112.928
2018-10-31 22:00:00,112.928,112.998,112.602,112.650
2018-11-01 22:00:00,112.650,113.318,112.555,113.187
2018-11-04 22:00:00,113.127,113.334,113.071,113.187
2018-11-05 22:00:00,113.180,113.500,113.097,113.424
2018-11-06 22:00:00,113.416,113.815,112.942,113.491
2018-11-07 22:00:00,113.530,114.083,113.469,114.062
2018-11-08 22:00:00,114.062,114.080,113.634,113.790
2018-11-11 22:00:00,113.797,114.203,113.656,113.832
2018-11-12 22:00:00,113.831,114.142,113.577,113.799
2018-11-13 22:00:00,113.799,114.006,113.293,113.609
2018-11-14 22:00:00,113.609,113.702,113.095,113.619
2018-11-15 22:00:00,113.619,113.636,112.638,112.809
2018-11-18 22:00:00,112.762,112.870,112.415,112.544
2018-11-19 22:00:00,112.546,112.839,112.300,112.752
2018-11-20 22:00:00,112.752,113.144,112.640,113.049
2018-11-21 22:00:00,113.042,113.197,112.881,112.929
2018-11-22 22:00:00,112.929,113.006,112.657,112.935
2018-11-25 22:00:00,112.909,113.647,112.873,113.573
2018-11-26 22:00:00,113.578,113.839,113.410,113.775
2018-11-27 22:00:00,113.775,114.033,113.437,113.672
2018-11-28 22:00:00,113.678,113.678,113.185,113.478
2018-11-29 22:00:00,113.471,113.716,113.277,113.471
2018-12-02 22:00:00,113.689,113.817,113.371,113.643
2018-12-03 22:00:00,113.645,113.653,112.572,112.769
2018-12-04 22:00:00,112.766,113.240,112.645,113.185
2018-12-05 22:00:00,113.192,113.209,112.227,112.664
2018-12-06 22:00:00,112.664,112.923,112.549,112.680
2018-12-09 22:00:00,112.573,113.372,112.237,113.325
2018-12-10 22:00:00,113.326,113.461,113.004,113.366
2018-12-11 22:00:00,113.363,113.515,113.136,113.278
2018-12-12 22:00:00,113.275,113.704,113.166,113.618
2018-12-13 22:00:00,113.620,113.670,113.209,113.379
2018-12-16 22:00:00,113.334,113.517,112.676,112.826
2018-12-17 22:00:00,112.821,112.851,112.245,112.512
2018-12-18 22:00:00,112.510,112.661,112.085,112.469
2018-12-19 22:00:00,112.477,112.599,110.808,111.280
2018-12-20 22:00:00,111.282,111.456,110.929,111.201
2018-12-23 22:00:00,111.195,111.195,110.264,110.329
2018-12-25 22:00:00,110.413,111.405,110.275,111.360
2018-12-26 22:00:00,111.360,111.360,110.452,110.970
2018-12-27 22:00:00,110.975,111.019,110.140,110.285
2018-12-30 22:00:00,110.256,110.471,109.553,109.603
2019-01-01 22:00:00,109.424,109.458,108.703,108.870
2019-01-02 22:00:00,108.868,108.888,104.720,107.666
2019-01-03 22:00:00,107.631,108.585,107.508,108.504
2019-01-06 22:00:00,108.489,108.743,108.014,108.706
2019-01-07 22:00:00,108.706,109.083,108.436,108.731
2019-01-08 22:00:00,108.729,109.000,107.971,108.150
2019-01-09 22:00:00,108.148,108.517,107.768,108.423
2019-01-10 22:00:00,108.423,108.594,108.140,108.539
2019-01-13 22:00:00,108.506,108.545,107.982,108.154
2019-01-14 22:00:00,108.159,108.763,108.127,108.663
2019-01-15 22:00:00,108.686,109.192,108.366,109.088
2019-01-16 22:00:00,109.086,109.394,108.682,109.241
2019-01-17 22:00:00,109.239,109.887,109.052,109.767
2019-01-20 22:00:00,109.672,109.757,109.470,109.655
2019-01-21 22:00:00,109.652,109.691,109.142,109.365
2019-01-22 22:00:00,109.364,109.995,109.317,109.603
2019-01-23 22:00:00,109.609,109.796,109.416,109.631
2019-01-24 22:00:00,109.632,109.947,109.451,109.541
2019-01-27 22:00:00,109.537,109.581,109.157,109.333
2019-01-28 22:00:00,109.329,109.538,109.126,109.386
2019-01-29 22:00:00,109.364,109.740,108.806,109.027
2019-01-30 22:00:00,109.043,109.064,108.492,108.853
2019-01-31 22:00:00,108.851,109.575,108.720,109.483
2019-02-03 22:00:00,109.509,110.158,109.428,109.862
2019-02-04 22:00:00,109.897,110.037,109.773,109.952
2019-02-05 22:00:00,109.958,110.049,109.554,109.959
2019-02-06 22:00:00,109.970,110.084,109.601,109.796
2019-02-07 22:00:00,109.814,109.894,109.644,109.759
2019-02-10 22:00:00,109.729,110.465,109.729,110.361
2019-02-11 22:00:00,110.380,110.649,110.328,110.468
2019-02-12 22:00:00,110.479,111.051,110.417,110.990
2019-02-13 22:00:00,110.999,111.124,110.440,110.459
2019-02-14 22:00:00,110.475,110.641,110.252,110.434
2019-02-17 22:00:00,110.435,110.648,110.435,110.583
2019-02-18 22:00:00,110.596,110.819,110.448,110.607
2019-02-19 22:00:00,110.598,110.946,110.524,110.836
2019-02-20 22:00:00,110.845,110.858,110.560,110.688
2019-02-21 22:00:00,110.703,110.902,110.554,110.654
2019-02-24 22:00:00,110.642,111.231,110.574,111.049
2019-02-25 22:00:00,111.057,111.076,110.418,110.567
2019-02-26 22:00:00,110.574,111.069,110.350,110.982
2019-02-27 22:00:00,110.987,111.490,110.656,111.373
2019-02-28 22:00:00,111.378,112.072,111.320,111.922
2019-03-03 22:00:00,111.852,112.010,111.636,111.730
2019-03-04 22:00:00,111.744,112.132,111.705,111.872
2019-03-05 22:00:00,111.878,111.918,111.611,111.752
2019-03-06 22:00:00,111.768,111.855,111.478,111.547
2019-03-07 22:00:00,111.581,111.647,110.767,111.152
2019-03-10 22:00:00,111.145,111.304,110.874,111.210
2019-03-11 22:00:00,111.210,111.463,111.105,111.338
2019-03-12 22:00:00,111.340,111.461,111.002,111.271
2019-03-13 22:00:00,111.272,111.829,111.141,111.649
2019-03-14 22:00:00,111.648,111.897,111.380,111.450
2019-03-17 22:00:00,111.471,111.626,111.292,111.435
2019-03-18 22:00:00,111.435,111.471,111.154,111.394
2019-03-19 22:00:00,111.394,111.691,110.531,110.626
2019-03-20 22:00:00,110.624,110.955,110.294,110.844
2019-03-21 22:00:00,110.844,110.894,109.737,109.928
2019-03-24 22:00:00,110.000,110.237,109.704,109.973
2019-03-25 22:00:00,109.972,110.686,109.951,110.611
2019-03-26 22:00:00,110.611,110.711,110.231,110.448
2019-03-27 22:00:00,110.447,110.828,110.015,110.628
2019-03-28 22:00:00,110.628,110.945,110.529,110.810
2019-03-31 21:00:00,110.994,111.440,110.804,111.336
2019-04-01 21:00:00,111.352,111.451,111.244,111.305
2019-04-02 21:00:00,111.310,111.574,111.204,111.476
2019-04-03 21:00:00,111.487,111.669,111.331,111.654
2019-04-04 21:00:00,111.653,111.819,111.545,111.700
2019-04-07 21:00:00,111.627,111.748,111.278,111.456
2019-04-08 21:00:00,111.492,111.575,110.975,111.124
2019-04-09 21:00:00,111.140,111.276,110.839,110.996
2019-04-10 21:00:00,111.008,111.693,110.890,111.639
2019-04-11 21:00:00,111.638,112.088,111.582,112.003
2019-04-14 21:00:00,111.961,112.091,111.882,112.024
2019-04-15 21:00:00,112.028,112.040,111.842,111.997
2019-04-16 21:00:00,112.014,112.161,111.917,112.050
2019-04-17 21:00:00,112.067,112.067,111.760,111.971
2019-04-18 21:00:00,111.962,112.002,111.891,111.905
2019-04-21 21:00:00,111.905,111.986,111.841,111.925
2019-04-22 21:00:00,111.932,112.030,111.648,111.852
2019-04-23 21:00:00,111.858,112.396,111.677,112.177
2019-04-24 21:00:00,112.189,112.235,111.364,111.614
2019-04-25 21:00:00,111.609,112.028,111.424,111.558
2019-04-28 21:00:00,111.525,111.894,111.525,111.635
2019-04-29 21:00:00,111.634,111.686,111.231,111.419
2019-04-30 21:00:00,111.428,111.608,111.046,111.371
2019-05-01 21:00:00,111.378,111.661,111.345,111.502
2019-05-02 21:00:00,111.500,111.691,111.065,111.091
2019-05-05 21:00:00,110.621,110.955,110.278,110.761
2019-05-06 21:00:00,110.858,110.858,110.165,110.234
2019-05-07 21:00:00,110.240,110.290,109.900,110.085
2019-05-08 21:00:00,110.094,110.129,109.467,109.770
2019-05-09 21:00:00,109.757,110.045,109.472,109.963
2019-05-12 21:00:00,109.755,109.831,109.016,109.292
2019-05-13 21:00:00,109.299,109.768,109.140,109.598
2019-05-14 21:00:00,109.596,109.699,109.150,109.586
2019-05-15 21:00:00,109.580,109.963,109.331,109.834
2019-05-16 21:00:00,109.841,110.190,109.489,110.039
2019-05-19 21:00:00,110.101,110.315,109.804,110.053
2019-05-20 21:00:00,110.056,110.668,110.013,110.484
2019-05-21 21:00:00,110.480,110.622,110.237,110.340
2019-05-22 21:00:00,110.351,110.360,109.453,109.593
2019-05-23 21:00:00,109.594,109.741,109.269,109.286
2019-05-26 21:00:00,109.319,109.581,109.275,109.512
2019-05-27 21:00:00,109.485,109.625,109.206,109.362
2019-05-28 21:00:00,109.364,109.695,109.145,109.582
2019-05-29 21:00:00,109.584,109.922,109.468,109.611
2019-05-30 21:00:00,109.613,109.622,108.274,108.276
2019-06-02 21:00:00,108.270,108.442,107.879,108.057
2019-06-03 21:00:00,108.050,108.355,107.841,108.135
2019-06-04 21:00:00,108.144,108.481,107.811,108.447
2019-06-05 21:00:00,108.449,108.559,108.020,108.395
2019-06-06 21:00:00,108.384,108.613,107.876,108.192
2019-06-09 21:00:00,108.468,108.711,108.308,108.433
2019-06-10 21:00:00,108.432,108.797,108.345,108.509
2019-06-11 21:00:00,108.517,108.563,108.212,108.494
2019-06-12 21:00:00,108.501,108.533,108.160,108.385
2019-06-13 21:00:00,108.376,108.583,108.155,108.539
2019-06-16 21:00:00,108.490,108.719,108.469,108.540
2019-06-17 21:00:00,108.537,108.673,108.055,108.445
2019-06-18 21:00:00,108.445,108.613,107.896,108.100
2019-06-19 21:00:00,108.100,108.138,107.208,107.291
2019-06-20 21:00:00,107.285,107.731,107.044,107.326
2019-06-23 21:00:00,107.302,107.533,107.244,107.294
2019-06-24 21:00:00,107.290,107.405,106.774,107.177
2019-06-25 21:00:00,107.177,107.846,107.097,107.786
2019-06-26 21:00:00,107.780,108.157,107.644,107.793
2019-06-27 21:00:00,107.784,107.928,107.558,107.917
2019-06-30 21:00:00,107.914,108.529,107.914,108.438
2019-07-01 21:00:00,108.433,108.471,107.763,107.881
2019-07-02 21:00:00,107.884,107.910,107.529,107.810
2019-07-03 21:00:00,107.811,107.839,107.703,107.812
2019-07-04 21:00:00,107.809,108.634,107.765,108.457
2019-07-07 21:00:00,108.425,108.802,108.276,108.717
2019-07-08 21:00:00,108.716,108.962,108.676,108.851
2019-07-09 21:00:00,108.849,108.989,108.346,108.461
2019-07-10 21:00:00,108.455,108.529,107.857,108.488
2019-07-11 21:00:00,108.487,108.607,107.800,107.888
2019-07-14 21:00:00,107.846,108.107,107.796,107.906
2019-07-15 21:00:00,107.906,108.375,107.819,108.238
2019-07-16 21:00:00,108.238,108.325,107.934,107.941
2019-07-17 21:00:00,107.939,108.015,107.209,107.287
2019-07-18 21:00:00,107.287,107.977,107.215,107.694
2019-07-21 21:00:00,107.766,108.068,107.698,107.862
2019-07-22 21:00:00,107.862,108.286,107.824,108.217
2019-07-23 21:00:00,108.212,108.273,107.935,108.177
2019-07-24 21:00:00,108.177,108.754,108.037,108.627
2019-07-25 21:00:00,108.628,108.827,108.560,108.654
2019-07-28 21:00:00,108.619,108.899,108.418,108.775
2019-07-29 21:00:00,108.777,108.946,108.451,108.598
2019-07-30 21:00:00,108.606,108.999,108.489,108.750
2019-07-31 21:00:00,108.769,109.317,107.251,107.335
2019-08-01 21:00:00,107.337,107.566,106.507,106.597
2019-08-04 21:00:00,106.572,106.680,105.784,105.945
2019-08-05 21:00:00,105.944,107.088,105.519,106.473
2019-08-06 21:00:00,106.472,106.473,105.493,106.265
2019-08-07 21:00:00,106.264,106.300,105.891,106.072
2019-08-08 21:00:00,106.071,106.090,105.267,105.649
2019-08-11 21:00:00,105.544,105.690,105.047,105.294
2019-08-12 21:00:00,105.296,106.973,105.064,106.743
2019-08-13 21:00:00,106.743,106.766,105.649,105.904
2019-08-14 21:00:00,105.906,106.776,105.700,106.121
2019-08-15 21:00:00,106.122,106.492,105.991,106.369
2019-08-18 21:00:00,106.276,106.695,106.245,106.630
2019-08-19 21:00:00,106.628,106.689,106.160,106.222
2019-08-20 21:00:00,106.222,106.644,106.213,106.614
2019-08-21 21:00:00,106.612,106.651,106.250,106.438
2019-08-22 21:00:00,106.434,106.732,105.254,105.411
2019-08-25 21:00:00,104.996,106.412,104.449,106.119
2019-08-26 21:00:00,106.144,106.157,105.588,105.747
2019-08-27 21:00:00,105.747,106.228,105.649,106.118
2019-08-28 21:00:00,106.114,106.680,105.827,106.515
2019-08-29 21:00:00,106.508,106.542,106.099,106.253
2019-09-01 21:00:00,106.027,106.398,105.925,106.212
2019-09-02 21:00:00,106.209,106.383,105.735,105.928
2019-09-03 21:00:00,105.927,106.442,105.826,106.383
2019-09-04 21:00:00,106.383,107.228,106.323,106.938
2019-09-05 21:00:00,106.930,107.099,106.620,106.902
2019-09-08 21:00:00,106.796,107.271,106.759,107.237
2019-09-09 21:00:00,107.235,107.584,107.179,107.541
2019-09-10 21:00:00,107.530,107.852,107.494,107.810
2019-09-11 21:00:00,107.805,108.186,107.518,108.095
2019-09-12 21:00:00,108.098,108.258,107.903,108.073
2019-09-15 21:00:00,108.066,108.165,107.494,108.129
2019-09-16 21:00:00,108.131,108.368,108.018,108.113
2019-09-17 21:00:00,108.112,108.475,108.083,108.442
2019-09-18 21:00:00,108.440,108.470,107.786,108.021
2019-09-19 21:00:00,108.020,108.084,107.518,107.554
2019-09-22 21:00:00,107.715,107.766,107.309,107.539
2019-09-23 21:00:00,107.533,107.796,106.959,107.062
2019-09-24 21:00:00,107.054,107.881,106.999,107.768
2019-09-25 21:00:00,107.761,107.957,107.423,107.829
2019-09-26 21:00:00,107.829,108.178,107.655,107.929
2019-09-29 21:00:00,107.956,108.176,107.742,108.070
2019-09-30 21:00:00,108.070,108.468,107.625,107.739
2019-10-01 21:00:00,107.727,107.890,107.045,107.176
2019-10-02 21:00:00,107.168,107.296,106.480,106.910
2019-10-03 21:00:00,106.898,107.132,106.562,106.900
2019-10-06 21:00:00,106.670,107.464,106.651,107.241
2019-10-07 21:00:00,107.241,107.443,106.801,107.072
2019-10-08 21:00:00,107.066,107.625,106.932,107.472
2019-10-09 21:00:00,107.469,108.015,107.032,107.956
2019-10-10 21:00:00,107.954,108.628,107.846,108.420
2019-10-13 21:00:00,108.339,108.521,108.028,108.390
2019-10-14 21:00:00,108.388,108.897,108.154,108.851
2019-10-15 21:00:00,108.851,108.864,108.557,108.754
2019-10-16 21:00:00,108.742,108.937,108.452,108.637
2019-10-17 21:00:00,108.642,108.719,108.375,108.378
2019-10-20 21:00:00,108.391,108.662,108.290,108.598
2019-10-21 21:00:00,108.597,108.727,108.439,108.480
2019-10-22 21:00:00,108.474,108.702,108.247,108.690
2019-10-23 21:00:00,108.689,108.752,108.495,108.598
2019-10-24 21:00:00,108.598,108.772,108.509,108.665
2019-10-27 22:00:00,108.708,109.037,108.657,108.974
2019-10-28 22:00:00,108.974,109.068,108.749,108.884
2019-10-29 22:00:00,108.885,109.285,108.718,108.853
2019-10-30 22:00:00,108.853,108.878,107.925,108.019
2019-10-31 22:00:00,108.019,108.322,107.884,108.169
2019-11-03 22:00:00,108.212,108.648,108.162,108.572
2019-11-04 22:00:00,108.572,109.240,108.547,109.143
2019-11-05 22:00:00,109.130,109.182,108.816,108.964
2019-11-06 22:00:00,108.963,109.486,108.645,109.281
2019-11-07 22:00:00,109.271,109.474,109.074,109.220
2019-11-10 22:00:00,109.230,109.252,108.895,109.040
2019-11-11 22:00:00,109.041,109.291,108.922,108.989
2019-11-12 22:00:00,108.989,109.148,108.654,108.812
2019-11-13 22:00:00,108.811,108.861,108.232,108.407
2019-11-14 22:00:00,108.407,108.855,108.371,108.771
2019-11-17 22:00:00,108.786,109.070,108.511,108.674
2019-11-18 22:00:00,108.674,108.835,108.451,108.533
2019-11-19 22:00:00,108.532,108.737,108.344,108.604
2019-11-20 22:00:00,108.586,108.696,108.275,108.615
2019-11-21 22:00:00,108.615,108.730,108.475,108.639
2019-11-24 22:00:00,108.626,108.975,108.596,108.917
2019-11-25 22:00:00,108.902,109.207,108.874,109.026
2019-11-26 22:00:00,109.021,109.608,109.008,109.538
2019-11-27 22:00:00,109.538,109.554,109.331,109.503
2019-11-28 22:00:00,109.505,109.669,109.396,109.487
2019-12-01 22:00:00,109.517,109.726,108.924,108.970
2019-12-02 22:00:00,108.970,109.206,108.482,108.632
2019-12-03 22:00:00,108.622,108.961,108.426,108.852
2019-12-04 22:00:00,108.852,108.999,108.653,108.750
2019-12-05 22:00:00,108.750,108.922,108.476,108.565
2019-12-08 22:00:00,108.626,108.677,108.429,108.553
2019-12-09 22:00:00,108.553,108.765,108.512,108.716
2019-12-10 22:00:00,108.707,108.854,108.463,108.552
2019-12-11 22:00:00,108.550,109.449,108.453,109.278
2019-12-12 22:00:00,109.283,109.706,108.921,109.346
2019-12-15 22:00:00,109.302,109.675,109.276,109.533
2019-12-16 22:00:00,109.535,109.632,109.441,109.472
2019-12-17 22:00:00,109.467,109.626,109.399,109.548
2019-12-18 22:00:00,109.538,109.685,109.180,109.366
2019-12-19 22:00:00,109.360,109.524,109.255,109.447
2019-12-22 22:00:00,109.428,109.536,109.338,109.395
2019-12-23 22:00:00,109.388,109.440,109.325,109.354
2019-12-25 22:00:00,109.544,109.682,109.527,109.633
2019-12-26 22:00:00,109.623,109.623,109.388,109.458
2019-12-29 22:00:00,109.385,109.484,108.765,108.873
2019-12-30 22:00:00,108.873,108.884,108.467,108.658
2020-01-01 22:00:00,108.705,108.864,108.210,108.566
2020-01-02 22:00:00,108.555,108.627,107.839,108.101
2020-01-05 22:00:00,107.884,108.504,107.769,108.365
2020-01-06 22:00:00,108.362,108.628,108.259,108.439
2020-01-07 22:00:00,108.439,109.243,107.647,109.103
2020-01-08 22:00:00,109.103,109.580,109.010,109.514
2020-01-09 22:00:00,109.513,109.688,109.432,109.500
2020-01-12 22:00:00,109.520,109.944,109.501,109.942
2020-01-13 22:00:00,109.939,110.212,109.850,109.982
2020-01-14 22:00:00,109.973,110.008,109.788,109.892
2020-01-15 22:00:00,109.883,110.178,109.848,110.151
2020-01-16 22:00:00,110.136,110.287,110.046,110.161
2020-01-19 22:00:00,110.105,110.215,110.102,110.178
2020-01-20 22:00:00,110.178,110.220,109.760,109.859
2020-01-21 22:00:00,109.857,110.099,109.827,109.834
2020-01-22 22:00:00,109.829,109.860,109.264,109.485
2020-01-23 22:00:00,109.485,109.650,109.170,109.278
2020-01-26 22:00:00,108.968,109.135,108.729,108.883
2020-01-27 22:00:00,108.884,109.200,108.754,109.137
2020-01-28 22:00:00,109.137,109.264,108.974,109.009
2020-01-29 22:00:00,109.009,109.064,108.579,108.949
2020-01-30 22:00:00,108.950,109.134,108.305,108.346
2020-02-02 22:00:00,108.431,108.797,108.311,108.667
2020-02-03 22:00:00,108.680,109.543,108.547,109.518
2020-02-04 22:00:00,109.517,109.842,109.302,109.815
2020-02-05 22:00:00,109.814,110.005,109.747,109.986
2020-02-06 22:00:00,109.985,110.020,109.531,109.776
2020-02-09 22:00:00,109.685,109.876,109.559,109.771
2020-02-10 22:00:00,109.765,109.961,109.729,109.782
2020-02-11 22:00:00,109.781,110.134,109.756,110.097
2020-02-12 22:00:00,110.095,110.095,109.616,109.815
2020-02-13 22:00:00,109.787,109.910,109.696,109.772
2020-02-16 22:00:00,109.803,109.960,109.717,109.871
2020-02-17 22:00:00,109.866,109.946,109.655,109.866
2020-02-18 22:00:00,109.866,111.589,109.834,111.362
2020-02-19 22:00:00,111.356,112.225,111.110,112.071
2020-02-20 22:00:00,112.072,112.185,111.469,111.566
2020-02-23 22:00:00,111.315,111.681,110.330,110.708
2020-02-24 22:00:00,110.697,111.039,109.888,110.190
2020-02-25 22:00:00,110.189,110.699,110.128,110.419
2020-02-26 22:00:00,110.418,110.453,109.565,109.576
2020-02-27 22:00:00,109.574,109.678,107.506,108.062
2020-03-01 22:00:00,107.513,108.576,107.361,108.292
2020-03-02 22:00:00,108.336,108.532,106.929,107.127
2020-03-03 22:00:00,107.129,107.687,106.842,107.514
2020-03-04 22:00:00,107.515,107.739,105.964,106.150
2020-03-05 22:00:00,106.149,106.340,104.992,105.348
2020-03-08 22:00:00,104.425,104.580,101.177,102.262
2020-03-09 22:00:00,102.262,105.914,102.001,105.245
2020-03-10 22:00:00,105.245,105.374,104.088,104.429
2020-03-11 22:00:00,104.429,106.100,103.089,104.829
2020-03-12 22:00:00,104.820,108.496,104.503,107.998
2020-03-15 22:00:00,106.906,107.564,105.137,105.877
2020-03-16 22:00:00,105.882,107.861,105.879,107.632
2020-03-17 22:00:00,107.632,108.651,106.751,108.016
2020-03-18 22:00:00,108.013,110.954,107.973,110.834
2020-03-19 22:00:00,110.834,111.504,109.326,110.854
2020-03-22 22:00:00,110.779,111.596,109.663,111.227
2020-03-23 22:00:00,111.227,111.711,110.081,111.288
2020-03-24 22:00:00,111.288,111.676,110.752,111.133
2020-03-25 22:00:00,111.133,111.241,109.204,109.405
2020-03-26 22:00:00,109.400,109.472,107.756,107.975
2020-03-29 21:00:00,107.676,108.293,107.120,107.700
2020-03-30 21:00:00,107.693,108.725,107.458,107.485
2020-03-31 21:00:00,107.547,107.936,106.918,107.152
2020-04-01 21:00:00,107.150,108.091,107.013,107.857
2020-04-02 21:00:00,107.857,108.676,107.797,108.456
2020-04-05 21:00:00,108.346,109.379,108.339,109.211
2020-04-06 21:00:00,109.216,109.276,108.668,108.738
2020-04-07 21:00:00,108.741,109.095,108.502,108.812
2020-04-08 21:00:00,108.812,109.062,108.206,108.411
2020-04-09 21:00:00,108.408,108.587,108.327,108.421
2020-04-12 21:00:00,108.421,108.524,107.499,107.750
2020-04-13 21:00:00,107.748,107.761,106.978,107.206
2020-04-14 21:00:00,107.203,107.868,106.925,107.425
2020-04-15 21:00:00,107.422,108.081,107.162,107.916
2020-04-16 21:00:00,107.920,108.084,107.297,107.551
2020-04-19 21:00:00,107.396,107.946,107.390,107.606
2020-04-20 21:00:00,107.612,107.891,107.279,107.758
2020-04-21 21:00:00,107.784,107.937,107.513,107.735
2020-04-22 21:00:00,107.743,108.042,107.344,107.556
2020-04-23 21:00:00,107.564,107.758,107.368,107.487
2020-04-26 21:00:00,107.541,107.620,106.991,107.206
2020-04-27 21:00:00,107.176,107.338,106.558,106.859
2020-04-28 21:00:00,106.857,106.893,106.356,106.607
2020-04-29 21:00:00,106.600,107.496,106.403,107.130
2020-04-30 21:00:00,107.118,107.403,106.603,106.914
2020-05-03 21:00:00,106.776,107.067,106.630,106.674
2020-05-04 21:00:00,106.671,106.892,106.414,106.486
2020-05-05 21:00:00,106.471,106.667,105.985,106.068
2020-05-06 21:00:00,106.059,106.653,105.988,106.248
2020-05-07 21:00:00,106.240,106.745,106.220,106.682
2020-05-10 21:00:00,106.502,107.766,106.482,107.601
2020-05-11 21:00:00,107.594,107.691,107.115,107.115
2020-05-12 21:00:00,107.109,107.275,106.741,107.014
2020-05-13 21:00:00,107.020,107.363,106.773,107.234
2020-05-14 21:00:00,107.234,107.431,106.854,107.164
2020-05-17 21:00:00,107.083,107.503,107.065,107.295
2020-05-18 21:00:00,107.290,108.085,107.247,107.695
2020-05-19 21:00:00,107.688,107.981,107.334,107.484
2020-05-20 21:00:00,107.382,107.847,107.382,107.598
2020-05-21 21:00:00,107.582,107.762,107.321,107.607
2020-05-24 21:00:00,107.557,107.779,107.547,107.655
2020-05-25 21:00:00,107.649,107.921,107.399,107.504
2020-05-26 21:00:00,107.484,107.944,107.364,107.730
2020-05-27 21:00:00,107.697,107.899,107.571,107.614
2020-05-28 21:00:00,107.599,107.893,107.077,107.785
2020-05-31 21:00:00,107.674,107.854,107.381,107.580
2020-06-01 21:00:00,107.578,108.770,107.511,108.659
2020-06-02 21:00:00,108.655,108.980,108.422,108.892
2020-06-03 21:00:00,108.869,109.195,108.613,109.137
2020-06-04 21:00:00,109.134,109.848,109.043,109.587
2020-06-07 21:00:00,109.547,109.689,108.232,108.422
2020-06-08 21:00:00,108.421,108.540,107.618,107.743
2020-06-09 21:00:00,107.744,107.871,106.984,107.110
2020-06-10 21:00:00,107.083,107.231,106.569,106.857
2020-06-11 21:00:00,106.859,107.552,106.583,107.348
2020-06-14 21:00:00,107.291,107.565,106.998,107.328
2020-06-15 21:00:00,107.327,107.637,107.209,107.321
2020-06-16 21:00:00,107.310,107.440,106.949,106.997
2020-06-17 21:00:00,106.998,107.126,106.666,106.970
2020-06-18 21:00:00,106.969,107.056,106.764,106.870
2020-06-21 21:00:00,106.773,107.009,106.748,106.898
2020-06-22 21:00:00,106.900,107.219,106.071,106.517
2020-06-23 21:00:00,106.515,107.068,106.382,107.040
2020-06-24 21:00:00,107.040,107.451,106.954,107.181
2020-06-25 21:00:00,107.206,107.358,106.798,107.219
2020-06-28 21:00:00,107.060,107.882,107.038,107.573
2020-06-29 21:00:00,107.570,107.981,107.519,107.923
2020-06-30 21:00:00,107.924,108.161,107.358,107.464
2020-07-01 21:00:00,107.463,107.721,107.329,107.499
2020-07-02 21:00:00,107.500,107.566,107.427,107.488
2020-07-05 21:00:00,107.439,107.771,107.254,107.327
2020-07-06 21:00:00,107.317,107.790,107.244,107.515
2020-07-07 21:00:00,107.549,107.710,107.201,107.253
2020-07-08 21:00:00,107.251,107.396,107.096,107.196
2020-07-09 21:00:00,107.197,107.263,106.639,106.914
2020-07-12 21:00:00,106.866,107.317,106.786,107.291
2020-07-13 21:00:00,107.290,107.430,107.117,107.231
2020-07-14 21:00:00,107.222,107.306,106.663,106.930
2020-07-15 21:00:00,106.933,107.399,106.831,107.242
2020-07-16 21:00:00,107.251,107.360,106.937,107.016
2020-07-19 21:00:00,107.013,107.533,107.007,107.251
2020-07-20 21:00:00,107.256,107.365,106.681,106.795
2020-07-21 21:00:00,106.795,107.287,106.708,107.153
2020-07-22 21:00:00,107.153,107.228,106.709,106.856
2020-07-23 21:00:00,106.854,106.891,105.679,106.121
2020-07-26 21:00:00,106.012,106.107,105.114,105.368
2020-07-27 21:00:00,105.369,105.683,104.954,105.090
2020-07-28 21:00:00,105.035,105.239,104.769,104.914
2020-07-29 21:00:00,104.916,105.292,104.678,104.723
2020-07-30 21:00:00,104.704,106.054,104.185,105.927
2020-08-02 21:00:00,105.769,106.470,105.578,105.948
2020-08-03 21:00:00,105.941,106.193,105.635,105.711
2020-08-04 21:00:00,105.709,105.870,105.319,105.594
2020-08-05 21:00:00,105.548,105.695,105.298,105.547
2020-08-06 21:00:00,105.543,106.052,105.479,105.917
2020-08-09 21:00:00,105.841,106.201,105.705,105.958
2020-08-10 21:00:00,105.955,106.680,105.905,106.486
2020-08-11 21:00:00,106.497,107.012,106.438,106.907
2020-08-12 21:00:00,106.898,107.047,106.561,106.922
2020-08-13 21:00:00,106.924,107.036,106.434,106.570
2020-08-16 21:00:00,106.512,106.653,105.941,105.999
2020-08-17 21:00:00,105.976,106.053,105.281,105.401
2020-08-18 21:00:00,105.423,106.150,105.099,106.098
2020-08-19 21:00:00,106.109,106.213,105.741,105.797
2020-08-20 21:00:00,105.776,106.069,105.441,105.814
2020-08-23 21:00:00,105.764,105.995,105.686,105.971
2020-08-24 21:00:00,105.971,106.574,105.870,106.382
2020-08-25 21:00:00,106.372,106.558,105.954,105.982
2020-08-26 21:00:00,105.989,106.697,105.601,106.559
2020-08-27 21:00:00,106.563,106.944,105.200,105.340
2020-08-30 21:00:00,105.429,106.094,105.289,105.898
2020-08-31 21:00:00,105.900,106.151,105.590,105.950
2020-09-01 21:00:00,105.956,106.298,105.848,106.180
2020-09-02 21:00:00,106.135,106.550,106.000,106.183
2020-09-03 21:00:00,106.184,106.503,106.055,106.234
2020-09-06 21:00:00,106.251,106.384,106.130,106.268
2020-09-07 21:00:00,106.282,106.381,105.858,106.023
2020-09-08 21:00:00,106.014,106.271,105.788,106.173
2020-09-09 21:00:00,106.191,106.299,105.978,106.127
2020-09-10 21:00:00,106.138,106.261,106.056,106.144
2020-09-13 21:00:00,106.097,106.164,105.546,105.724
2020-09-14 21:00:00,105.723,105.812,105.299,105.439
2020-09-15 21:00:00,105.436,105.436,104.799,104.945
2020-09-16 21:00:00,104.945,105.171,104.523,104.738
2020-09-17 21:00:00,104.737,104.869,104.270,104.561
2020-09-20 21:00:00,104.507,104.887,103.999,104.641
2020-09-21 21:00:00,104.638,105.078,104.403,104.923
2020-09-22 21:00:00,104.926,105.494,104.859,105.383
2020-09-23 21:00:00,105.394,105.529,105.204,105.413
2020-09-24 21:00:00,105.412,105.698,105.240,105.548
2020-09-27 21:00:00,105.488,105.681,105.263,105.479
2020-09-28 21:00:00,105.479,105.733,105.343,105.648
2020-09-29 21:00:00,105.647,105.803,105.402,105.445
2020-09-30 21:00:00,105.519,105.727,105.403,105.519
2020-10-01 21:00:00,105.519,105.665,104.941,105.328
2020-10-04 21:00:00,105.263,105.792,105.263,105.745
2020-10-05 21:00:00,105.750,105.786,105.470,105.627
2020-10-06 21:00:00,105.625,106.106,105.595,105.975
2020-10-07 21:00:00,105.965,106.107,105.924,106.022
2020-10-08 21:00:00,106.022,106.040,105.579,105.625
2020-10-11 21:00:00,105.770,105.788,105.241,105.340
2020-10-12 21:00:00,105.340,105.627,105.265,105.472
2020-10-13 21:00:00,105.470,105.517,105.035,105.166
2020-10-14 21:00:00,105.164,105.492,105.082,105.422
2020-10-15 21:00:00,105.422,105.462,105.189,105.398
2020-10-18 21:00:00,105.372,105.502,105.301,105.436
2020-10-19 21:00:00,105.428,105.746,105.345,105.493
2020-10-20 21:00:00,105.495,105.533,104.340,104.580
2020-10-21 21:00:00,104.588,104.921,104.476,104.861
2020-10-22 21:00:00,104.855,104.936,104.546,104.710
2020-10-25 22:00:00,104.667,105.055,104.653,104.835
2020-10-26 22:00:00,104.835,104.889,104.388,104.460
2020-10-27 22:00:00,104.460,104.555,104.113,104.301
2020-10-28 22:00:00,104.298,104.726,104.023,104.598
2020-10-29 22:00:00,104.598,104.742,104.124,104.667
2020-11-01 22:00:00,104.488,104.947,104.486,104.728
2020-11-02 22:00:00,104.730,104.845,104.432,104.453
2020-11-03 22:00:00,104.453,105.344,104.150,104.521
2020-11-04 22:00:00,104.522,104.535,103.440,103.464
2020-11-05 22:00:00,103.465,103.762,103.175,103.367
2020-11-08 22:00:00,103.296,105.647,103.182,105.356
2020-11-09 22:00:00,105.364,105.487,104.820,105.295
2020-11-10 22:00:00,105.281,105.676,105.004,105.427
2020-11-11 22:00:00,105.426,105.476,105.070,105.129
2020-11-12 22:00:00,105.121,105.159,104.564,104.612
2020-11-15 22:00:00,104.716,105.132,104.362,104.572
2020-11-16 22:00:00,104.572,104.599,104.070,104.191
2020-11-17 22:00:00,104.205,104.205,103.651,103.825
2020-11-18 22:00:00,103.827,104.215,103.717,103.740
2020-11-19 22:00:00,103.736,103.910,103.687,103.827
2020-11-22 22:00:00,103.746,104.635,103.683,104.497
2020-11-23 22:00:00,104.496,104.760,104.146,104.446
2020-11-24 22:00:00,104.439,104.598,104.253,104.461
2020-11-25 22:00:00,104.453,104.464,104.216,104.256
2020-11-26 22:00:00,104.266,104.281,103.905,104.090
2020-11-29 22:00:00,103.995,104.410,103.827,104.315
2020-11-30 22:00:00,104.306,104.579,104.182,104.314
2020-12-01 22:00:00,104.312,104.751,104.225,104.408
2020-12-02 22:00:00,104.414,104.536,103.672,103.834
2020-12-03 22:00:00,103.832,104.243,103.738,104.188
2020-12-06 22:00:00,104.116,104.312,103.920,104.045
2020-12-07 22:00:00,104.064,104.205,103.954,104.161
2020-12-08 22:00:00,104.161,104.406,104.053,104.225
2020-12-09 22:00:00,104.211,104.579,104.173,104.246
2020-12-10 22:00:00,104.245,104.267,103.823,104.025
2020-12-13 22:00:00,103.958,104.103,103.512,104.032
2020-12-14 22:00:00,104.047,104.152,103.608,103.668
2020-12-15 22:00:00,103.674,103.918,103.261,103.465
2020-12-16 22:00:00,103.468,103.561,102.875,103.092
2020-12-17 22:00:00,103.083,103.596,103.037,103.313
2020-12-20 22:00:00,103.535,103.889,103.251,103.319
2020-12-21 22:00:00,103.326,103.734,103.279,103.640
2020-12-22 22:00:00,103.634,103.653,103.357,103.545
2020-12-23 22:00:00,103.537,103.765,103.487,103.671
2020-12-27 22:00:00,103.497,103.898,103.403,103.778
2020-12-28 22:00:00,103.788,103.815,103.463,103.568
2020-12-29 22:00:00,103.571,103.586,102.961,103.182
2020-12-30 22:00:00,103.180,103.316,102.995,103.253
2021-01-03 22:00:00,103.121,103.316,102.712,103.126
2021-01-04 22:00:00,103.100,103.191,102.605,102.711
2021-01-05 22:00:00,102.701,103.444,102.591,103.036
2021-01-06 22:00:00,103.032,103.957,102.951,103.795
2021-01-07 22:00:00,103.796,104.092,103.604,103.967
2021-01-10 22:00:00,103.843,104.400,103.832,104.255
2021-01-11 22:00:00,104.261,104.333,103.720,103.752
2021-01-12 22:00:00,103.753,103.995,103.526,103.878
2021-01-13 22:00:00,103.880,104.198,103.564,103.799
2021-01-14 22:00:00,103.799,103.913,103.616,103.869
2021-01-17 22:00:00,103.795,103.930,103.638,103.687
2021-01-18 22:00:00,103.686,104.086,103.651,103.901
2021-01-19 22:00:00,103.899,103.928,103.447,103.538
2021-01-20 22:00:00,103.530,103.668,103.328,103.496
2021-01-21 22:00:00,103.493,103.887,103.480,103.770
2021-01-24 22:00:00,103.775,103.937,103.673,103.745
2021-01-25 22:00:00,103.733,103.828,103.555,103.620
2021-01-26 22:00:00,103.614,104.201,103.587,104.091
2021-01-27 22:00:00,104.088,104.463,104.024,104.229
2021-01-28 22:00:00,104.229,104.940,104.165,104.723
2021-01-31 22:00:00,104.765,105.035,104.608,104.922
2021-02-01 22:00:00,104.928,105.175,104.829,104.968
2021-02-02 22:00:00,104.970,105.106,104.921,105.029
2021-02-03 22:00:00,105.025,105.565,104.973,105.520
2021-02-04 22:00:00,105.514,105.768,105.334,105.382
2021-02-07 22:00:00,105.301,105.671,105.151,105.208
2021-02-08 22:00:00,105.207,105.264,104.498,104.562
2021-02-09 22:00:00,104.563,104.845,104.408,104.588
2021-02-10 22:00:00,104.588,104.804,104.550,104.719
2021-02-11 22:00:00,104.743,105.181,104.711,104.924
2021-02-14 22:00:00,104.896,105.417,104.891,105.368
2021-02-15 22:00:00,105.367,106.075,105.180,106.038
2021-02-16 22:00:00,106.034,106.224,105.779,105.861
2021-02-17 22:00:00,105.863,105.924,105.600,105.702
2021-02-18 22:00:00,105.703,105.743,105.238,105.421
2021-02-21 22:00:00,105.377,105.844,104.981,105.071
2021-02-22 22:00:00,105.070,105.430,104.922,105.240
2021-02-23 22:00:00,105.249,106.104,105.162,105.873
2021-02-24 22:00:00,105.869,106.405,105.813,106.199
2021-02-25 22:00:00,106.199,106.695,105.848,106.552
2021-02-28 22:00:00,106.476,106.889,106.365,106.757
2021-03-01 22:00:00,106.761,106.958,106.655,106.684
2021-03-02 22:00:00,106.687,107.152,106.668,107.002
2021-03-03 22:00:00,106.997,107.986,106.941,107.970
2021-03-04 22:00:00,107.932,108.645,107.819,108.379
2021-03-07 22:00:00,108.275,108.942,108.245,108.866
2021-03-08 22:00:00,108.867,109.235,108.414,108.477
2021-03-09 22:00:00,108.471,108.920,108.338,108.372
2021-03-10 22:00:00,108.369,108.812,108.345,108.499
2021-03-11 22:00:00,108.499,109.164,108.486,109.027
2021-03-14 22:00:00,108.998,109.365,108.913,109.134
2021-03-15 22:00:00,109.139,109.288,108.771,108.994
2021-03-16 22:00:00,108.993,109.326,108.742,108.847
2021-03-17 22:00:00,108.844,109.302,108.625,108.929
2021-03-18 22:00:00,108.929,109.129,108.609,108.879
2021-03-21 22:00:00,108.671,108.955,108.605,108.831
2021-03-22 22:00:00,108.832,108.873,108.407,108.614
2021-03-23 22:00:00,108.614,108.956,108.451,108.725
2021-03-24 22:00:00,108.723,109.237,108.712,109.165
2021-03-25 22:00:00,109.163,109.847,109.131,109.676
2021-03-28 21:00:00,109.707,109.845,109.373,109.803
2021-03-29 21:00:00,109.794,110.428,109.721,110.351
2021-03-30 21:00:00,110.357,110.966,110.273,110.708
2021-03-31 21:00:00,110.703,110.847,110.545,110.604
2021-04-01 21:00:00,110.595,110.749,110.374,110.623
2021-04-04 21:00:00,110.595,110.749,109.962,110.173
2021-04-05 21:00:00,110.174,110.553,109.668,109.743
2021-04-06 21:00:00,109.743,109.942,109.578,109.832
2021-04-07 21:00:00,109.846,109.904,108.999,109.270
2021-04-08 21:00:00,109.268,109.960,109.203,109.658
2021-04-11 21:00:00,109.605,109.769,109.245,109.378
2021-04-12 21:00:00,109.384,109.752,109.018,109.059
2021-04-13 21:00:00,109.054,109.095,108.751,108.916
2021-04-14 21:00:00,108.912,108.965,108.611,108.762
2021-04-15 21:00:00,108.762,108.964,108.610,108.793
2021-04-18 21:00:00,108.726,108.833,108.009,108.153
2021-04-19 21:00:00,108.138,108.546,107.970,108.101
2021-04-20 21:00:00,108.099,108.281,107.874,108.069
2021-04-21 21:00:00,108.052,108.232,107.814,107.962
2021-04-22 21:00:00,107.962,108.145,107.477,107.875
2021-04-25 21:00:00,107.887,108.197,107.643,108.090
2021-04-26 21:00:00,108.083,108.777,108.055,108.691
2021-04-27 21:00:00,108.667,109.075,108.571,108.589
2021-04-28 21:00:00,108.596,109.223,108.436,108.912
2021-04-29 21:00:00,108.925,109.342,108.711,109.329
2021-05-02 21:00:00,109.261,109.696,108.894,109.071
2021-05-03 21:00:00,109.066,109.487,109.022,109.315
2021-05-04 21:00:00,109.323,109.480,109.143,109.188
2021-05-05 21:00:00,109.188,109.427,109.001,109.090
2021-05-06 21:00:00,109.089,109.287,108.338,108.604
2021-05-09 21:00:00,108.545,109.056,108.465,108.810
2021-05-10 21:00:00,108.792,108.982,108.348,108.615
2021-05-11 21:00:00,108.609,109.706,108.548,109.699
2021-05-12 21:00:00,109.664,109.785,109.405,109.453
2021-05-13 21:00:00,109.448,109.656,109.186,109.362
2021-05-16 21:00:00,109.254,109.501,109.073,109.209
2021-05-17 21:00:00,109.209,109.283,108.834,108.888
2021-05-18 21:00:00,108.895,109.337,108.571,109.227
2021-05-19 21:00:00,109.218,109.308,108.748,108.767
2021-05-20 21:00:00,108.773,109.003,108.610,108.945
2021-05-23 21:00:00,108.891,108.996,108.696,108.740
2021-05-24 21:00:00,108.740,109.070,108.558,108.747
2021-05-25 21:00:00,108.746,109.178,108.722,109.139
2021-05-26 21:00:00,109.136,109.923,109.037,109.808
2021-05-27 21:00:00,109.808,110.200,109.728,109.872
2021-05-30 21:00:00,109.746,109.933,109.354,109.556
2021-05-31 21:00:00,109.557,109.707,109.329,109.467
2021-06-01 21:00:00,109.467,109.885,109.381,109.547
2021-06-02 21:00:00,109.547,110.321,109.507,110.276
2021-06-03 21:00:00,110.276,110.329,109.363,109.524
2021-06-06 21:00:00,109.576,109.637,109.186,109.238
2021-06-07 21:00:00,109.238,109.557,109.199,109.492
2021-06-08 21:00:00,109.485,109.657,109.225,109.618
2021-06-09 21:00:00,109.607,109.797,109.305,109.319
2021-06-10 21:00:00,109.316,109.844,109.294,109.682
2021-06-13 21:00:00,109.627,110.098,109.610,110.071
2021-06-14 21:00:00,110.070,110.168,109.987,110.056
2021-06-15 21:00:00,110.053,110.721,109.804,110.708
2021-06-16 21:00:00,110.706,110.823,110.166,110.221
2021-06-17 21:00:00,110.220,110.332,109.941,110.211
2021-06-20 21:00:00,110.095,110.352,109.716,110.314
2021-06-21 21:00:00,110.313,110.791,110.211,110.658
2021-06-22 21:00:00,110.657,111.102,110.567,110.949
2021-06-23 21:00:00,110.948,111.115,110.687,110.874
2021-06-24 21:00:00,110.872,110.984,110.480,110.778
2021-06-27 21:00:00,110.726,110.977,110.497,110.614
2021-06-28 21:00:00,110.617,110.760,110.430,110.538
2021-06-29 21:00:00,110.528,111.121,110.417,111.101
2021-06-30 21:00:00,111.101,111.638,111.027,111.521
2021-07-01 21:00:00,111.519,111.659,110.951,111.020
2021-07-04 21:00:00,110.946,111.190,110.796,110.962
2021-07-05 21:00:00,110.950,110.976,110.521,110.610
2021-07-06 21:00:00,110.613,110.815,110.395,110.608
2021-07-07 21:00:00,110.605,110.683,109.532,109.748
2021-07-08 21:00:00,109.747,110.258,109.703,110.102
2021-07-11 21:00:00,110.076,110.401,109.976,110.349
2021-07-12 21:00:00,110.348,110.647,110.198,110.627
2021-07-13 21:00:00,110.617,110.698,109.934,109.950
2021-07-14 21:00:00,109.937,110.089,109.714,109.831
2021-07-15 21:00:00,109.809,110.341,109.732,110.081
2021-07-18 21:00:00,110.004,110.097,109.065,109.447
2021-07-19 21:00:00,109.451,109.956,109.297,109.843
2021-07-20 21:00:00,109.837,110.386,109.767,110.286
2021-07-21 21:00:00,110.279,110.359,110.013,110.149
2021-07-22 21:00:00,110.148,110.593,110.086,110.547
2021-07-25 21:00:00,110.448,110.584,110.116,110.381
2021-07-26 21:00:00,110.366,110.392,109.581,109.774
2021-07-27 21:00:00,109.755,110.286,109.714,109.909
2021-07-28 21:00:00,109.904,109.946,109.421,109.470
2021-07-29 21:00:00,109.455,109.827,109.360,109.656
2021-08-01 21:00:00,109.624,109.770,109.186,109.305
2021-08-02 21:00:00,109.294,109.339,108.877,109.042
2021-08-03 21:00:00,109.021,109.676,108.721,109.473
2021-08-04 21:00:00,109.473,109.788,109.403,109.761
2021-08-05 21:00:00,109.753,110.355,109.697,110.217
2021-08-08 21:00:00,110.196,110.354,110.025,110.267
2021-08-09 21:00:00,110.255,110.598,110.250,110.560
2021-08-10 21:00:00,110.550,110.800,110.308,110.428
2021-08-11 21:00:00,110.401,110.546,110.316,110.386
2021-08-12 21:00:00,110.386,110.456,109.545,109.592
2021-08-15 21:00:00,109.535,109.751,109.113,109.243
2021-08-16 21:00:00,109.258,109.656,109.118,109.595
2021-08-17 21:00:00,109.569,110.066,109.471,109.763
2021-08-18 21:00:00,109.754,110.228,109.482,109.763
2021-08-19 21:00:00,109.735,109.885,109.569,109.799
2021-08-22 21:00:00,109.686,110.147,109.616,109.694
2021-08-23 21:00:00,109.680,109.881,109.413,109.679
2021-08-24 21:00:00,109.676,110.124,109.474,110.023
2021-08-25 21:00:00,109.951,110.227,109.926,110.081
2021-08-26 21:00:00,110.083,110.267,109.779,109.850
2021-08-29 21:00:00,109.849,109.963,109.703,109.913
2021-08-30 21:00:00,109.907,110.079,109.586,110.007
2021-08-31 21:00:00,109.991,110.418,109.880,110.025
2021-09-01 21:00:00,110.008,110.120,109.916,109.937
2021-09-02 21:00:00,109.921,110.073,109.592,109.712
2021-09-05 21:00:00,109.647,109.947,109.645,109.845
2021-09-06 21:00:00,109.818,110.317,109.686,110.282
2021-09-07 21:00:00,110.267,110.447,110.141,110.257
2021-09-08 21:00:00,110.225,110.272,109.620,109.718
2021-09-09 21:00:00,109.722,109.991,109.633,109.904
2021-09-12 21:00:00,109.829,110.159,109.787,110.004
2021-09-13 21:00:00,109.988,110.162,109.526,109.683
2021-09-14 21:00:00,109.682,109.742,109.113,109.368
2021-09-15 21:00:00,109.358,109.829,109.213,109.727
2021-09-16 21:00:00,109.722,110.082,109.666,109.969
2021-09-19 21:00:00,109.886,110.036,109.322,109.400
2021-09-20 21:00:00,109.378,109.707,109.183,109.212
2021-09-21 21:00:00,109.213,109.900,109.119,109.783
2021-09-22 21:00:00,109.766,110.346,109.716,110.322
2021-09-23 21:00:00,110.320,110.793,110.252,110.735
2021-09-26 21:00:00,110.676,111.066,110.534,111.007
2021-09-27 21:00:00,110.973,111.639,110.934,111.496
2021-09-28 21:00:00,111.496,112.048,111.207,111.965
2021-09-29 21:00:00,111.958,112.081,111.237,111.293
2021-09-30 21:00:00,111.242,111.488,110.905,111.066
2021-10-03 21:00:00,111.055,111.303,110.821,110.921
2021-10-04 21:00:00,110.912,111.563,110.864,111.463
2021-10-05 21:00:00,111.456,111.788,111.202,111.405
2021-10-06 21:00:00,111.382,111.650,111.230,111.621
2021-10-07 21:00:00,111.606,112.249,111.509,112.225
2021-10-10 21:00:00,112.103,113.413,112.103,113.307
2021-10-11 21:00:00,113.287,113.787,113.002,113.606
2021-10-12 21:00:00,113.582,113.804,113.226,113.245
2021-10-13 21:00:00,113.243,113.718,113.208,113.673
2021-10-14 21:00:00,113.668,114.466,113.642,114.249
2021-10-17 21:00:00,114.252,114.451,114.014,114.317
2021-10-18 21:00:00,114.313,114.394,113.878,114.367
2021-10-19 21:00:00,114.351,114.698,114.079,114.243
2021-10-20 21:00:00,114.243,114.413,113.651,113.996
2021-10-21 21:00:00,113.995,114.207,113.411,113.487
2021-10-24 21:00:00,113.551,113.924,113.458,113.708
2021-10-25 21:00:00,113.695,114.312,113.675,114.147
2021-10-26 21:00:00,114.126,114.221,113.388,113.823
2021-10-27 21:00:00,113.790,113.867,113.255,113.570
2021-10-28 21:00:00,113.551,114.096,113.390,113.961
2021-10-31 22:00:00,114.102,114.444,113.939,114.006
2021-11-01 22:00:00,113.992,114.134,113.463,113.950
2021-11-02 22:00:00,113.942,114.219,113.720,113.990
2021-11-03 22:00:00,113.975,114.278,113.507,113.753
2021-11-04 22:00:00,113.746,114.028,113.299,113.387
2021-11-07 22:00:00,113.321,113.666,113.079,113.217
2021-11-08 22:00:00,113.193,113.288,112.725,112.869
2021-11-09 22:00:00,112.855,114.015,112.772,113.900
2021-11-10 22:00:00,113.896,114.154,113.805,114.050
2021-11-11 22:00:00,114.053,114.300,113.759,113.919
2021-11-14 22:00:00,113.907,114.217,113.749,114.116
2021-11-15 22:00:00,114.101,114.846,114.047,114.814
2021-11-16 22:00:00,114.803,114.968,113.933,114.090
2021-11-17 22:00:00,114.070,114.487,113.875,114.251
2021-11-18 22:00:00,114.233,114.538,113.585,114.017
2021-11-21 22:00:00,113.914,114.960,113.894,114.872
2021-11-22 22:00:00,114.865,115.192,114.482,115.139
2021-11-23 22:00:00,115.111,115.520,114.823,115.407
2021-11-24 22:00:00,115.393,115.454,115.241,115.360
2021-11-25 22:00:00,115.333,115.366,113.050,113.351
2021-11-28 22:00:00,113.617,113.954,112.991,113.524
2021-11-29 22:00:00,113.510,113.888,112.530,113.160
2021-11-30 22:00:00,113.140,113.630,112.670,112.772
2021-12-01 22:00:00,112.751,113.328,112.619,113.191
2021-12-02 22:00:00,113.180,113.610,112.555,112.831
2021-12-05 22:00:00,112.835,113.555,112.835,113.474
2021-12-06 22:00:00,113.467,113.781,113.396,113.571
2021-12-07 22:00:00,113.612,113.955,113.311,113.698
2021-12-08 22:00:00,113.668,113.810,113.271,113.477
2021-12-09 22:00:00,113.446,113.790,113.222,113.383
2021-12-12 22:00:00,113.277,113.729,113.273,113.580
2021-12-13 22:00:00,113.557,113.756,113.316,113.734
2021-12-14 22:00:00,113.722,114.271,113.620,114.045
2021-12-15 22:00:00,114.021,114.245,113.562,113.696
2021-12-16 22:00:00,113.694,113.853,113.138,113.702
2021-12-19 22:00:00,113.531,113.726,113.327,113.629
2021-12-20 22:00:00,113.621,114.219,113.475,114.083
2021-12-21 22:00:00,114.071,114.369,113.945,114.095
2021-12-22 22:00:00,114.084,114.467,114.044,114.399
2021-12-23 22:00:00,114.388,114.512,114.296,114.346
2021-12-26 22:00:00,114.304,114.913,114.304,114.885
2021-12-27 22:00:00,114.878,114.948,114.705,114.819
2021-12-28 22:00:00,114.800,115.038,114.664,114.960
2021-12-29 22:00:00,114.948,115.206,114.900,115.058
2021-12-30 22:00:00,115.052,115.199,115.000,115.088
2022-01-02 22:00:00,115.058,115.366,114.946,115.327
2022-01-03 22:00:00,115.308,116.349,115.272,116.140
2022-01-04 22:00:00,116.126,116.252,115.619,116.115
2022-01-05 22:00:00,116.079,116.181,115.623,115.839
2022-01-06 22:00:00,115.838,116.048,115.534,115.551
2022-01-09 22:00:00,115.522,115.850,115.041,115.203
2022-01-10 22:00:00,115.184,115.681,115.117,115.289
2022-01-11 22:00:00,115.274,115.468,114.378,114.629
2022-01-12 22:00:00,114.616,114.703,113.998,114.171
2022-01-13 22:00:00,114.160,114.261,113.480,114.198
2022-01-16 22:00:00,114.117,114.649,114.117,114.613
2022-01-17 22:00:00,114.617,115.058,114.449,114.598
2022-01-18 22:00:00,114.589,114.788,114.206,114.323
2022-01-19 22:00:00,114.321,114.548,113.962,114.101
2022-01-20 22:00:00,114.070,114.149,113.602,113.692
2022-01-23 22:00:00,113.626,113.999,113.469,113.954
2022-01-24 22:00:00,113.937,114.157,113.667,113.863
2022-01-25 22:00:00,113.850,114.694,113.778,114.650
2022-01-26 22:00:00,114.627,115.489,114.473,115.357
2022-01-27 22:00:00,115.357,115.687,115.121,115.234
2022-01-30 22:00:00,115.257,115.593,114.924,115.118
2022-01-31 22:00:00,115.091,115.192,114.567,114.680
2022-02-01 22:00:00,114.653,114.805,114.153,114.455
2022-02-02 22:00:00,114.439,114.988,114.325,114.966
2022-02-03 22:00:00,114.951,115.431,114.774,115.182
2022-02-06 22:00:00,115.269,115.379,114.913,115.091
2022-02-07 22:00:00,115.063,115.627,115.047,115.534
2022-02-08 22:00:00,115.516,115.677,115.318,115.529
2022-02-09 22:00:00,115.508,116.342,115.424,115.996
2022-02-10 22:00:00,115.996,116.176,115.012,115.432
2022-02-13 22:00:00,115.324,115.746,115.009,115.540
2022-02-14 22:00:00,115.511,115.874,115.257,115.602
2022-02-15 22:00:00,115.581,115.789,115.352,115.476
2022-02-16 22:00:00,115.446,115.537,114.845,114.931
2022-02-17 22:00:00,114.937,115.296,114.787,115.032
2022-02-20 22:00:00,115.004,115.128,114.713,114.734
2022-02-21 22:00:00,114.720,115.242,114.496,115.076
2022-02-22 22:00:00,115.045,115.201,114.924,115.004
2022-02-23 22:00:00,114.977,115.697,114.407,115.530
2022-02-24 22:00:00,115.500,115.760,115.149,115.526
2022-02-27 22:00:00,115.225,115.782,114.858,114.969
2022-02-28 22:00:00,114.944,115.288,114.698,114.911
2022-03-01 22:00:00,114.891,115.686,114.788,115.514
2022-03-02 22:00:00,115.483,115.807,115.383,115.454
2022-03-03 22:00:00,115.446,115.555,114.649,114.854
