datetime,open,high,low,close
2012-11-13 22:00:00,1724.97,1734.00,1720.68,1726.72
2012-11-14 22:00:00,1726.65,1727.86,1704.68,1716.05
2012-11-15 22:00:00,1717.16,1717.21,1705.75,1713.57
2012-11-18 22:00:00,1714.57,1735.50,1714.29,1731.63
2012-11-19 22:00:00,1731.10,1735.60,1722.11,1727.63
2012-11-20 22:00:00,1727.75,1731.84,1720.50,1728.60
2012-11-21 22:00:00,1729.03,1732.50,1728.43,1729.74
2012-11-22 22:00:00,1728.84,1754.28,1727.95,1751.13
2012-11-25 22:00:00,1750.35,1752.19,1745.86,1748.56
2012-11-26 22:00:00,1749.15,1751.71,1740.37,1742.01
2012-11-27 22:00:00,1741.65,1743.05,1705.59,1719.30
2012-11-28 22:00:00,1719.60,1728.48,1718.00,1725.70
2012-11-29 22:00:00,1725.45,1731.65,1708.43,1714.13
2012-12-02 22:00:00,1714.96,1722.51,1712.51,1715.53
2012-12-03 22:00:00,1716.31,1717.33,1691.21,1697.38
2012-12-04 22:00:00,1696.47,1706.86,1684.75,1693.74
2012-12-05 22:00:00,1693.68,1703.21,1685.90,1699.87
2012-12-06 22:00:00,1699.52,1705.47,1684.01,1703.59
2012-12-09 22:00:00,1703.68,1717.21,1702.61,1712.85
2012-12-10 22:00:00,1712.88,1714.31,1704.75,1709.91
2012-12-11 22:00:00,1710.11,1723.27,1707.11,1711.51
2012-12-12 22:00:00,1709.82,1711.12,1689.39,1697.22
2012-12-13 22:00:00,1696.93,1700.41,1693.18,1695.38
2012-12-16 22:00:00,1699.48,1699.78,1686.49,1698.01
2012-12-17 22:00:00,1698.36,1703.07,1660.87,1670.48
2012-12-18 22:00:00,1672.30,1676.72,1663.22,1666.83
2012-12-19 22:00:00,1666.15,1671.78,1635.48,1647.15
2012-12-20 22:00:00,1647.92,1659.61,1635.44,1657.04
2012-12-23 22:00:00,1657.22,1665.80,1651.81,1658.25
2012-12-25 22:00:00,1655.61,1667.89,1655.23,1659.96
2012-12-26 22:00:00,1658.74,1665.35,1652.54,1663.86
2012-12-27 22:00:00,1664.37,1666.08,1653.49,1655.16
2012-12-30 22:00:00,1656.02,1680.40,1655.82,1676.12
2013-01-01 22:00:00,1673.25,1694.77,1670.10,1686.61
2013-01-02 22:00:00,1686.12,1689.84,1660.56,1663.17
2013-01-03 22:00:00,1663.98,1664.09,1625.80,1655.75
2013-01-06 22:00:00,1658.60,1662.47,1642.67,1646.98
2013-01-07 22:00:00,1647.98,1662.41,1646.44,1658.65
2013-01-08 22:00:00,1659.86,1665.81,1651.34,1657.57
2013-01-09 22:00:00,1657.83,1678.77,1653.72,1674.68
2013-01-10 22:00:00,1675.71,1676.79,1653.26,1662.71
2013-01-13 22:00:00,1661.58,1674.70,1659.88,1667.59
2013-01-14 22:00:00,1667.90,1685.06,1666.33,1679.12
2013-01-15 22:00:00,1679.73,1684.76,1673.39,1679.41
2013-01-16 22:00:00,1680.72,1696.10,1666.69,1687.60
2013-01-17 22:00:00,1687.14,1695.17,1683.31,1683.31
2013-01-20 22:00:00,1688.48,1691.20,1685.81,1689.62
2013-01-21 22:00:00,1690.19,1695.99,1686.59,1691.93
2013-01-22 22:00:00,1693.10,1694.94,1683.62,1685.73
2013-01-23 22:00:00,1684.31,1685.98,1664.86,1667.77
2013-01-24 22:00:00,1668.41,1672.27,1655.87,1658.91
2013-01-27 22:00:00,1659.66,1662.29,1651.89,1655.67
2013-01-28 22:00:00,1654.94,1665.94,1654.73,1663.65
2013-01-29 22:00:00,1663.39,1683.74,1662.65,1676.71
2013-01-30 22:00:00,1675.85,1680.72,1657.77,1663.44
2013-01-31 22:00:00,1663.93,1682.11,1659.85,1667.11
2013-02-03 22:00:00,1668.80,1677.60,1661.48,1674.16
2013-02-04 22:00:00,1674.50,1684.97,1666.62,1672.74
2013-02-05 22:00:00,1672.91,1679.87,1668.31,1677.47
2013-02-06 22:00:00,1677.39,1683.16,1664.16,1671.40
2013-02-07 22:00:00,1672.09,1673.64,1665.03,1666.97
2013-02-10 22:00:00,1667.36,1669.54,1643.77,1647.84
2013-02-11 22:00:00,1647.29,1653.30,1639.21,1650.85
2013-02-12 22:00:00,1652.38,1653.46,1640.48,1642.35
2013-02-13 22:00:00,1641.86,1650.07,1632.79,1634.25
2013-02-14 22:00:00,1634.03,1635.99,1597.87,1609.23
2013-02-17 22:00:00,1609.22,1618.79,1607.03,1609.63
2013-02-18 22:00:00,1610.13,1615.20,1600.72,1604.65
2013-02-19 22:00:00,1604.55,1609.53,1558.65,1563.94
2013-02-20 22:00:00,1567.62,1584.98,1555.04,1575.91
2013-02-21 22:00:00,1577.73,1587.24,1569.85,1580.46
2013-02-24 22:00:00,1580.91,1596.99,1575.17,1593.83
2013-02-25 22:00:00,1592.22,1620.10,1584.44,1613.66
2013-02-26 22:00:00,1613.52,1614.83,1592.15,1597.05
2013-02-27 22:00:00,1596.96,1603.01,1574.99,1579.99
2013-02-28 22:00:00,1580.61,1587.28,1564.81,1576.23
2013-03-03 22:00:00,1580.20,1584.89,1569.38,1573.63
2013-03-04 22:00:00,1574.39,1586.51,1571.95,1575.30
2013-03-05 22:00:00,1575.28,1584.91,1567.39,1583.46
2013-03-06 22:00:00,1584.45,1585.46,1574.91,1578.76
2013-03-07 22:00:00,1578.08,1583.74,1561.41,1578.55
2013-03-10 22:00:00,1578.60,1583.39,1575.50,1581.59
2013-03-11 22:00:00,1582.01,1598.39,1580.02,1592.74
2013-03-12 22:00:00,1593.07,1599.35,1585.63,1587.54
2013-03-13 22:00:00,1589.23,1593.34,1576.31,1590.13
2013-03-14 22:00:00,1590.66,1599.08,1588.52,1591.95
2013-03-17 22:00:00,1604.62,1611.24,1591.67,1605.01
2013-03-18 22:00:00,1605.75,1615.60,1600.02,1612.23
2013-03-19 22:00:00,1613.17,1614.77,1602.90,1605.95
2013-03-20 22:00:00,1606.43,1616.84,1604.49,1614.49
2013-03-21 22:00:00,1615.76,1616.15,1603.52,1608.42
2013-03-24 22:00:00,1608.32,1613.79,1589.65,1605.14
2013-03-25 22:00:00,1604.08,1606.01,1594.61,1599.22
2013-03-26 22:00:00,1600.65,1608.35,1591.29,1605.11
2013-03-27 22:00:00,1605.01,1607.64,1593.97,1596.10
2013-03-31 21:00:00,1600.84,1601.04,1594.79,1599.50
2013-04-01 21:00:00,1599.28,1603.92,1573.59,1575.96
2013-04-02 21:00:00,1576.18,1577.14,1549.44,1557.20
2013-04-03 21:00:00,1557.26,1559.51,1540.12,1554.66
2013-04-04 21:00:00,1553.80,1581.25,1549.31,1580.79
2013-04-07 21:00:00,1582.24,1582.65,1567.35,1573.53
2013-04-08 21:00:00,1572.43,1590.38,1570.39,1585.19
2013-04-09 21:00:00,1585.01,1588.61,1555.70,1557.91
2013-04-10 21:00:00,1557.75,1568.40,1553.38,1560.99
2013-04-11 21:00:00,1559.95,1564.71,1481.75,1482.33
2013-04-14 21:00:00,1482.82,1495.57,1337.09,1348.00
2013-04-15 21:00:00,1362.17,1403.44,1321.54,1366.31
2013-04-16 21:00:00,1372.33,1395.12,1364.88,1375.74
2013-04-17 21:00:00,1376.33,1402.07,1336.14,1390.50
2013-04-18 21:00:00,1394.58,1425.11,1385.80,1403.53
2013-04-21 21:00:00,1405.88,1439.05,1403.60,1425.50
2013-04-22 21:00:00,1426.06,1432.84,1404.93,1414.16
2013-04-23 21:00:00,1413.42,1433.37,1412.23,1431.45
2013-04-24 21:00:00,1430.77,1469.19,1427.08,1466.52
2013-04-25 21:00:00,1466.07,1485.21,1447.91,1461.01
2013-04-28 21:00:00,1466.69,1478.76,1462.14,1474.77
2013-04-29 21:00:00,1474.78,1479.94,1461.00,1476.59
2013-04-30 21:00:00,1475.67,1478.07,1440.41,1457.02
2013-05-01 21:00:00,1457.65,1473.87,1448.84,1466.96
2013-05-02 21:00:00,1466.32,1488.08,1456.11,1470.45
2013-05-05 21:00:00,1470.21,1478.85,1464.48,1469.15
2013-05-06 21:00:00,1469.37,1470.65,1441.37,1452.07
2013-05-07 21:00:00,1451.43,1476.68,1447.67,1473.65
2013-05-08 21:00:00,1472.38,1475.82,1453.33,1457.13
2013-05-09 21:00:00,1457.32,1462.18,1419.74,1447.39
2013-05-12 21:00:00,1445.98,1446.74,1425.87,1430.81
2013-05-13 21:00:00,1430.66,1445.47,1421.23,1425.56
2013-05-14 21:00:00,1425.51,1430.80,1388.37,1392.86
2013-05-15 21:00:00,1395.60,1398.31,1369.62,1386.09
2013-05-16 21:00:00,1384.84,1393.06,1355.26,1358.89
2013-05-19 21:00:00,1364.59,1399.54,1337.95,1393.41
2013-05-20 21:00:00,1393.33,1401.66,1359.70,1376.38
2013-05-21 21:00:00,1376.41,1414.31,1354.44,1369.50
2013-05-22 21:00:00,1369.42,1398.07,1356.61,1390.80
2013-05-23 21:00:00,1391.37,1398.45,1382.36,1385.79
2013-05-26 21:00:00,1387.90,1396.83,1384.33,1394.40
2013-05-27 21:00:00,1393.86,1399.48,1373.69,1380.98
2013-05-28 21:00:00,1381.97,1395.35,1380.09,1393.51
2013-05-29 21:00:00,1393.21,1418.05,1388.78,1413.95
2013-05-30 21:00:00,1412.93,1421.90,1384.72,1387.64
2013-06-02 21:00:00,1389.50,1417.04,1388.97,1411.29
2013-06-03 21:00:00,1410.80,1415.07,1389.07,1399.40
2013-06-04 21:00:00,1399.20,1410.52,1395.81,1403.74
2013-06-05 21:00:00,1402.06,1423.89,1391.78,1413.53
2013-06-06 21:00:00,1413.11,1417.97,1377.78,1381.96
2013-06-09 21:00:00,1379.18,1388.95,1375.79,1386.28
2013-06-10 21:00:00,1386.30,1387.53,1365.29,1377.88
2013-06-11 21:00:00,1378.26,1394.63,1373.12,1388.46
2013-06-12 21:00:00,1388.08,1394.88,1374.46,1385.12
2013-06-13 21:00:00,1386.32,1392.34,1378.43,1390.25
2013-06-16 21:00:00,1389.19,1391.93,1380.47,1385.09
2013-06-17 21:00:00,1384.87,1386.06,1361.13,1367.92
2013-06-18 21:00:00,1368.24,1376.66,1349.01,1351.03
2013-06-19 21:00:00,1350.93,1351.15,1276.13,1284.42
2013-06-20 21:00:00,1281.77,1302.47,1269.43,1295.57
2013-06-23 21:00:00,1298.87,1301.51,1276.05,1282.52
2013-06-24 21:00:00,1282.54,1289.56,1271.72,1277.47
2013-06-25 21:00:00,1277.08,1277.97,1221.58,1226.89
2013-06-26 21:00:00,1224.69,1244.63,1196.48,1200.29
2013-06-27 21:00:00,1202.43,1235.14,1180.17,1234.86
2013-06-30 21:00:00,1235.51,1261.74,1225.05,1252.20
2013-07-01 21:00:00,1254.16,1267.47,1239.55,1243.18
2013-07-02 21:00:00,1244.34,1260.02,1236.82,1252.93
2013-07-03 21:00:00,1251.81,1257.88,1244.79,1249.45
2013-07-04 21:00:00,1249.75,1250.54,1208.14,1222.92
2013-07-07 21:00:00,1223.59,1238.76,1215.65,1236.73
2013-07-08 21:00:00,1236.78,1260.57,1233.58,1251.14
2013-07-09 21:00:00,1251.21,1265.88,1243.97,1257.61
2013-07-10 21:00:00,1265.34,1298.83,1265.12,1285.80
2013-07-11 21:00:00,1286.44,1288.57,1267.84,1285.31
2013-07-14 21:00:00,1288.52,1294.77,1273.92,1284.53
2013-07-15 21:00:00,1283.20,1295.62,1277.17,1291.93
2013-07-16 21:00:00,1292.27,1300.55,1270.27,1275.24
2013-07-17 21:00:00,1275.94,1288.70,1274.10,1284.11
2013-07-18 21:00:00,1284.39,1297.89,1282.37,1295.75
2013-07-21 21:00:00,1296.70,1339.58,1296.42,1335.54
2013-07-22 21:00:00,1335.30,1346.68,1326.53,1342.55
2013-07-23 21:00:00,1345.58,1346.60,1313.19,1322.07
2013-07-24 21:00:00,1321.71,1337.72,1308.90,1333.97
2013-07-25 21:00:00,1333.87,1340.72,1312.40,1333.06
2013-07-28 21:00:00,1333.38,1338.29,1322.88,1328.09
2013-07-29 21:00:00,1327.33,1330.13,1317.25,1326.16
2013-07-30 21:00:00,1326.47,1339.07,1305.61,1325.06
2013-07-31 21:00:00,1324.21,1331.09,1307.67,1310.73
2013-08-01 21:00:00,1306.18,1318.46,1283.10,1312.43
2013-08-04 21:00:00,1312.02,1320.72,1297.52,1302.85
2013-08-05 21:00:00,1303.55,1306.98,1279.33,1283.08
2013-08-06 21:00:00,1282.12,1289.43,1272.80,1287.24
2013-08-07 21:00:00,1286.71,1314.32,1282.93,1312.92
2013-08-08 21:00:00,1312.54,1317.25,1304.84,1314.24
2013-08-11 21:00:00,1317.59,1344.10,1316.41,1337.07
2013-08-12 21:00:00,1337.85,1341.34,1318.79,1321.41
2013-08-13 21:00:00,1321.35,1336.08,1315.89,1335.53
2013-08-14 21:00:00,1335.83,1370.10,1318.90,1365.61
2013-08-15 21:00:00,1365.78,1379.57,1357.74,1376.56
2013-08-18 21:00:00,1378.68,1384.40,1362.34,1365.90
2013-08-19 21:00:00,1365.69,1377.61,1352.35,1371.13
2013-08-20 21:00:00,1369.10,1379.17,1359.84,1366.56
2013-08-21 21:00:00,1366.98,1381.74,1355.10,1375.72
2013-08-22 21:00:00,1376.98,1400.01,1368.66,1397.68
2013-08-25 21:00:00,1398.85,1406.97,1389.45,1404.39
2013-08-26 21:00:00,1404.39,1423.76,1395.79,1414.40
2013-08-27 21:00:00,1417.50,1433.73,1413.37,1417.73
2013-08-28 21:00:00,1417.71,1418.33,1402.47,1407.53
2013-08-29 21:00:00,1406.19,1411.20,1392.18,1394.81
2013-09-01 21:00:00,1391.41,1398.30,1373.80,1391.84
2013-09-02 21:00:00,1390.94,1416.35,1384.50,1412.69
2013-09-03 21:00:00,1411.85,1414.98,1384.71,1391.28
2013-09-04 21:00:00,1392.61,1399.88,1364.74,1367.94
2013-09-05 21:00:00,1366.25,1393.33,1359.91,1391.13
2013-09-08 21:00:00,1389.90,1391.95,1382.07,1386.84
2013-09-09 21:00:00,1386.78,1391.11,1357.78,1363.67
2013-09-10 21:00:00,1364.58,1368.58,1356.68,1365.09
2013-09-11 21:00:00,1365.52,1365.81,1320.59,1322.01
2013-09-12 21:00:00,1323.63,1330.88,1304.91,1326.15
2013-09-15 21:00:00,1329.26,1334.71,1303.86,1310.68
2013-09-16 21:00:00,1311.25,1323.95,1306.19,1310.41
2013-09-17 21:00:00,1310.33,1367.38,1291.79,1364.02
2013-09-18 21:00:00,1365.21,1375.08,1358.64,1366.09
2013-09-19 21:00:00,1365.68,1368.21,1324.67,1325.65
2013-09-22 21:00:00,1325.71,1331.87,1313.36,1322.32
2013-09-23 21:00:00,1322.91,1329.32,1305.80,1323.04
2013-09-24 21:00:00,1322.68,1338.09,1316.66,1334.03
2013-09-25 21:00:00,1332.89,1339.23,1318.82,1323.79
2013-09-26 21:00:00,1323.93,1344.09,1319.72,1336.46
2013-09-29 21:00:00,1347.77,1347.77,1322.60,1328.65
2013-09-30 21:00:00,1327.47,1337.67,1282.30,1288.68
2013-10-01 21:00:00,1289.15,1323.88,1277.81,1316.07
2013-10-02 21:00:00,1316.76,1322.03,1301.97,1316.72
2013-10-03 21:00:00,1316.65,1324.39,1305.75,1310.51
2013-10-06 21:00:00,1313.89,1328.97,1308.56,1322.60
2013-10-07 21:00:00,1323.04,1330.09,1315.52,1319.18
2013-10-08 21:00:00,1318.36,1321.45,1294.76,1304.64
2013-10-09 21:00:00,1306.20,1311.78,1282.49,1286.74
2013-10-10 21:00:00,1285.59,1294.58,1262.13,1272.08
2013-10-13 21:00:00,1273.80,1289.30,1268.71,1271.90
2013-10-14 21:00:00,1272.45,1288.11,1251.67,1282.95
2013-10-15 21:00:00,1282.15,1288.30,1269.30,1282.52
2013-10-16 21:00:00,1282.21,1324.41,1274.54,1320.20
2013-10-17 21:00:00,1319.57,1327.19,1311.76,1316.08
2013-10-20 21:00:00,1315.07,1324.15,1313.24,1315.92
2013-10-21 21:00:00,1314.88,1344.73,1310.19,1340.09
2013-10-22 21:00:00,1339.89,1342.27,1329.27,1333.40
2013-10-23 21:00:00,1330.99,1352.07,1330.36,1346.60
2013-10-24 21:00:00,1347.87,1355.80,1336.66,1350.44
2013-10-27 22:00:00,1352.65,1361.77,1346.43,1352.85
2013-10-28 22:00:00,1352.04,1360.61,1340.29,1344.85
2013-10-29 22:00:00,1344.09,1359.59,1334.81,1344.35
2013-10-30 22:00:00,1341.25,1342.03,1319.15,1322.87
2013-10-31 22:00:00,1323.33,1327.45,1306.15,1315.85
2013-11-03 22:00:00,1314.57,1322.54,1311.19,1314.30
2013-11-04 22:00:00,1314.11,1320.14,1305.95,1311.15
2013-11-05 22:00:00,1312.02,1322.05,1309.19,1317.69
2013-11-06 22:00:00,1317.41,1326.34,1296.77,1307.41
2013-11-07 22:00:00,1308.05,1313.74,1281.07,1287.80
2013-11-10 22:00:00,1288.43,1288.63,1279.09,1283.71
2013-11-11 22:00:00,1282.21,1285.27,1261.33,1268.87
2013-11-12 22:00:00,1266.12,1279.66,1265.80,1273.35
2013-11-13 22:00:00,1283.86,1294.25,1278.12,1287.65
2013-11-14 22:00:00,1287.56,1291.13,1280.37,1287.97
2013-11-17 22:00:00,1288.78,1289.54,1269.98,1273.64
2013-11-18 22:00:00,1274.96,1278.79,1269.15,1274.11
2013-11-19 22:00:00,1274.79,1276.35,1241.05,1244.35
2013-11-20 22:00:00,1243.85,1250.37,1236.71,1243.18
2013-11-21 22:00:00,1243.78,1248.90,1241.08,1243.15
2013-11-24 22:00:00,1237.81,1253.83,1226.77,1248.74
2013-11-25 22:00:00,1250.82,1257.87,1239.60,1242.89
2013-11-26 22:00:00,1242.91,1254.63,1236.28,1237.99
2013-11-27 22:00:00,1238.15,1245.65,1234.72,1244.33
2013-11-28 22:00:00,1244.65,1254.75,1240.74,1252.92
2013-12-01 22:00:00,1249.50,1249.75,1217.77,1219.77
2013-12-02 22:00:00,1221.03,1226.12,1215.19,1223.12
2013-12-03 22:00:00,1223.50,1251.49,1211.71,1243.48
2013-12-04 22:00:00,1242.42,1242.69,1217.04,1224.81
2013-12-05 22:00:00,1225.22,1244.53,1212.70,1228.61
2013-12-08 22:00:00,1231.01,1243.03,1225.24,1240.34
2013-12-09 22:00:00,1239.55,1267.76,1237.85,1260.87
2013-12-10 22:00:00,1261.59,1263.28,1251.08,1251.08
2013-12-11 22:00:00,1253.61,1256.92,1223.89,1225.35
2013-12-12 22:00:00,1225.85,1238.65,1220.54,1238.41
2013-12-15 22:00:00,1237.69,1251.86,1227.75,1241.16
2013-12-16 22:00:00,1240.02,1248.00,1227.41,1230.89
2013-12-17 22:00:00,1230.25,1244.45,1216.06,1217.81
2013-12-18 22:00:00,1217.33,1226.46,1187.14,1189.70
2013-12-19 22:00:00,1189.77,1207.43,1188.76,1202.93
2013-12-22 22:00:00,1203.57,1206.12,1192.65,1198.56
2013-12-23 22:00:00,1197.99,1203.02,1196.10,1202.91
2013-12-25 22:00:00,1204.44,1215.78,1204.13,1210.39
2013-12-26 22:00:00,1211.31,1219.02,1208.94,1213.13
2013-12-29 22:00:00,1215.12,1216.11,1195.12,1196.29
2013-12-30 22:00:00,1197.61,1214.54,1182.42,1206.79
2014-01-01 22:00:00,1225.12,1230.78,1213.57,1224.56
2014-01-02 22:00:00,1223.18,1240.14,1223.06,1236.05
2014-01-05 22:00:00,1237.32,1248.33,1214.21,1237.71
2014-01-06 22:00:00,1237.74,1245.25,1224.90,1231.71
2014-01-07 22:00:00,1231.36,1232.34,1218.43,1225.28
2014-01-08 22:00:00,1225.89,1231.32,1223.49,1227.65
2014-01-09 22:00:00,1227.98,1248.84,1227.16,1247.78
2014-01-12 22:00:00,1250.10,1254.99,1243.57,1252.93
2014-01-13 22:00:00,1252.61,1255.19,1241.64,1245.06
2014-01-14 22:00:00,1244.88,1244.89,1234.21,1241.60
2014-01-15 22:00:00,1241.63,1245.30,1236.31,1242.10
2014-01-16 22:00:00,1242.91,1254.87,1237.72,1253.75
2014-01-19 22:00:00,1257.35,1259.81,1250.15,1250.81
2014-01-20 22:00:00,1255.06,1255.68,1235.58,1241.05
2014-01-21 22:00:00,1242.06,1243.54,1235.89,1236.50
2014-01-22 22:00:00,1236.49,1265.43,1231.48,1264.43
2014-01-23 22:00:00,1263.84,1272.48,1256.85,1269.22
2014-01-26 22:00:00,1270.50,1278.93,1251.92,1256.64
2014-01-27 22:00:00,1255.23,1261.88,1248.83,1256.28
2014-01-28 22:00:00,1249.56,1270.10,1248.91,1267.59
2014-01-29 22:00:00,1266.80,1267.67,1238.00,1243.44
2014-01-30 22:00:00,1243.84,1254.86,1238.45,1243.85
2014-02-02 22:00:00,1243.65,1266.23,1240.76,1257.41
2014-02-03 22:00:00,1257.39,1260.91,1247.21,1254.66
2014-02-04 22:00:00,1254.47,1274.27,1252.37,1258.01
2014-02-05 22:00:00,1258.40,1266.75,1252.75,1257.66
2014-02-06 22:00:00,1257.03,1271.83,1256.16,1267.35
2014-02-09 22:00:00,1269.36,1277.83,1265.10,1274.59
2014-02-10 22:00:00,1274.35,1293.78,1273.68,1291.52
2014-02-11 22:00:00,1290.74,1296.25,1283.93,1290.83
2014-02-12 22:00:00,1290.91,1302.83,1286.18,1302.72
2014-02-13 22:00:00,1301.44,1321.10,1299.77,1318.14
2014-02-16 22:00:00,1320.16,1329.71,1319.06,1328.33
2014-02-17 22:00:00,1330.02,1331.99,1312.61,1321.43
2014-02-18 22:00:00,1322.51,1322.82,1308.86,1311.47
2014-02-19 22:00:00,1311.81,1324.93,1307.28,1322.56
2014-02-20 22:00:00,1322.74,1328.43,1316.03,1324.09
2014-02-23 22:00:00,1324.66,1338.87,1318.76,1336.73
2014-02-24 22:00:00,1335.21,1343.57,1331.21,1340.41
2014-02-25 22:00:00,1340.46,1345.32,1322.38,1330.90
2014-02-26 22:00:00,1330.65,1336.13,1323.80,1330.96
2014-02-27 22:00:00,1331.07,1333.24,1319.77,1326.21
2014-03-02 22:00:00,1335.44,1354.66,1330.65,1350.44
2014-03-03 22:00:00,1350.08,1352.48,1331.18,1334.71
2014-03-04 22:00:00,1335.09,1341.74,1332.59,1336.84
2014-03-05 22:00:00,1336.74,1353.52,1331.11,1351.02
2014-03-06 22:00:00,1349.96,1352.88,1327.97,1340.17
2014-03-09 22:00:00,1338.85,1344.53,1328.07,1339.22
2014-03-10 22:00:00,1340.04,1352.50,1337.56,1348.43
2014-03-11 22:00:00,1348.61,1370.76,1345.38,1363.65
2014-03-12 22:00:00,1366.54,1374.95,1364.44,1366.30
2014-03-13 22:00:00,1371.00,1387.90,1367.80,1382.27
2014-03-16 22:00:00,1388.30,1388.91,1361.88,1366.68
2014-03-17 22:00:00,1366.12,1367.49,1350.66,1355.44
2014-03-18 22:00:00,1356.38,1359.61,1327.68,1327.90
2014-03-19 22:00:00,1327.77,1334.56,1320.48,1327.56
2014-03-20 22:00:00,1330.63,1342.32,1329.11,1333.55
2014-03-23 22:00:00,1330.15,1334.19,1307.84,1308.58
2014-03-24 22:00:00,1309.38,1317.26,1305.67,1310.86
2014-03-25 22:00:00,1310.22,1316.29,1298.59,1304.27
2014-03-26 22:00:00,1304.10,1306.73,1288.99,1291.13
2014-03-27 22:00:00,1291.75,1298.62,1285.68,1294.83
2014-03-30 21:00:00,1293.58,1298.47,1282.38,1283.82
2014-03-31 21:00:00,1284.67,1287.91,1277.63,1279.17
2014-04-01 21:00:00,1279.48,1294.43,1279.48,1289.77
2014-04-02 21:00:00,1290.52,1293.82,1281.54,1286.49
2014-04-03 21:00:00,1286.64,1306.68,1284.12,1303.90
2014-04-06 21:00:00,1302.75,1304.09,1295.55,1297.16
2014-04-07 21:00:00,1297.17,1314.28,1296.86,1308.41
2014-04-08 21:00:00,1308.72,1314.98,1300.79,1311.47
2014-04-09 21:00:00,1312.35,1324.42,1310.70,1318.89
2014-04-10 21:00:00,1318.25,1323.79,1314.12,1318.16
2014-04-13 21:00:00,1322.41,1331.04,1318.67,1327.06
2014-04-14 21:00:00,1327.00,1328.18,1284.61,1302.33
2014-04-15 21:00:00,1302.54,1307.00,1293.49,1302.54
2014-04-16 21:00:00,1302.01,1304.06,1293.08,1294.74
2014-04-20 21:00:00,1294.38,1301.69,1281.82,1289.80
2014-04-21 21:00:00,1290.09,1292.78,1277.42,1283.96
2014-04-22 21:00:00,1283.86,1288.90,1280.79,1283.52
2014-04-23 21:00:00,1283.86,1298.58,1268.41,1292.98
2014-04-24 21:00:00,1293.91,1305.00,1290.31,1302.55
2014-04-27 21:00:00,1304.11,1306.40,1291.90,1296.49
2014-04-28 21:00:00,1296.13,1301.29,1286.20,1295.76
2014-04-29 21:00:00,1295.37,1298.07,1284.88,1291.08
2014-04-30 21:00:00,1291.30,1292.80,1277.21,1283.97
2014-05-01 21:00:00,1284.64,1304.54,1273.21,1300.05
2014-05-04 21:00:00,1301.12,1315.55,1299.36,1310.06
2014-05-05 21:00:00,1309.49,1313.95,1304.28,1308.07
2014-05-06 21:00:00,1308.03,1314.38,1286.50,1289.97
2014-05-07 21:00:00,1290.10,1295.27,1284.91,1289.05
2014-05-08 21:00:00,1290.39,1294.28,1285.41,1288.62
2014-05-11 21:00:00,1288.65,1303.84,1277.58,1295.80
2014-05-12 21:00:00,1295.47,1298.68,1288.96,1293.32
2014-05-13 21:00:00,1294.23,1308.92,1291.50,1305.90
2014-05-14 21:00:00,1305.01,1307.03,1290.80,1295.93
2014-05-15 21:00:00,1295.79,1298.20,1287.68,1293.28
2014-05-18 21:00:00,1290.95,1305.34,1290.49,1292.90
2014-05-19 21:00:00,1292.61,1296.79,1285.83,1294.02
2014-05-20 21:00:00,1294.04,1296.23,1283.26,1291.83
2014-05-21 21:00:00,1292.19,1303.60,1289.97,1293.58
2014-05-22 21:00:00,1293.51,1295.40,1286.58,1292.13
2014-05-25 21:00:00,1291.90,1294.07,1290.76,1291.34
2014-05-26 21:00:00,1292.23,1293.32,1264.28,1264.77
2014-05-27 21:00:00,1264.57,1267.10,1255.86,1258.23
2014-05-28 21:00:00,1259.35,1260.40,1251.43,1255.59
2014-05-29 21:00:00,1255.73,1260.31,1242.15,1249.23
2014-06-01 21:00:00,1249.56,1250.70,1240.93,1243.83
2014-06-02 21:00:00,1243.86,1247.59,1240.56,1244.75
2014-06-03 21:00:00,1244.88,1248.94,1242.77,1243.53
2014-06-04 21:00:00,1244.23,1257.53,1240.99,1253.66
2014-06-05 21:00:00,1253.41,1257.68,1245.80,1253.04
2014-06-08 21:00:00,1251.96,1256.92,1251.46,1252.43
2014-06-09 21:00:00,1252.22,1263.41,1250.31,1260.00
2014-06-10 21:00:00,1259.39,1265.20,1258.51,1260.99
2014-06-11 21:00:00,1261.03,1274.76,1259.80,1272.63
2014-06-12 21:00:00,1273.32,1277.81,1270.68,1276.63
2014-06-15 21:00:00,1277.84,1284.82,1270.58,1272.07
2014-06-16 21:00:00,1271.19,1273.20,1258.54,1270.46
2014-06-17 21:00:00,1271.20,1278.35,1266.23,1277.46
2014-06-18 21:00:00,1278.29,1321.51,1275.87,1319.67
2014-06-19 21:00:00,1321.47,1321.88,1306.37,1314.90
2014-06-22 21:00:00,1314.38,1318.49,1309.87,1317.37
2014-06-23 21:00:00,1317.70,1325.88,1313.77,1317.81
2014-06-24 21:00:00,1318.13,1324.77,1310.49,1319.08
2014-06-25 21:00:00,1318.45,1319.68,1306.17,1316.76
2014-06-26 21:00:00,1316.37,1322.19,1312.61,1315.88
2014-06-29 21:00:00,1315.92,1329.34,1310.28,1327.17
2014-06-30 21:00:00,1326.64,1332.26,1323.69,1325.71
2014-07-01 21:00:00,1326.08,1331.93,1321.23,1326.41
2014-07-02 21:00:00,1327.12,1327.37,1309.25,1319.61
2014-07-03 21:00:00,1319.93,1323.18,1318.54,1319.60
2014-07-06 21:00:00,1319.70,1319.84,1311.41,1319.57
2014-07-07 21:00:00,1319.65,1324.75,1313.40,1319.26
2014-07-08 21:00:00,1319.25,1332.10,1317.73,1327.75
2014-07-09 21:00:00,1327.58,1345.05,1326.32,1335.04
2014-07-10 21:00:00,1335.54,1339.04,1333.57,1337.83
2014-07-13 21:00:00,1338.97,1338.97,1302.39,1306.79
2014-07-14 21:00:00,1307.24,1313.59,1291.97,1294.51
2014-07-15 21:00:00,1294.92,1303.58,1293.83,1298.44
2014-07-16 21:00:00,1298.78,1323.83,1297.53,1318.93
2014-07-17 21:00:00,1319.17,1324.53,1304.41,1310.34
2014-07-20 21:00:00,1309.86,1318.23,1307.31,1312.18
2014-07-21 21:00:00,1312.04,1315.69,1301.86,1307.14
2014-07-22 21:00:00,1307.32,1311.21,1302.98,1304.72
2014-07-23 21:00:00,1304.26,1305.01,1287.51,1293.44
2014-07-24 21:00:00,1293.91,1308.42,1290.77,1307.03
2014-07-27 21:00:00,1305.59,1309.06,1301.21,1303.91
2014-07-28 21:00:00,1303.97,1312.04,1296.02,1298.67
2014-07-29 21:00:00,1299.27,1303.48,1291.65,1295.90
2014-07-30 21:00:00,1296.16,1297.15,1280.48,1282.96
2014-07-31 21:00:00,1283.12,1296.99,1279.37,1292.90
2014-08-03 21:00:00,1293.13,1295.29,1285.97,1288.03
2014-08-04 21:00:00,1288.15,1293.83,1282.38,1288.49
2014-08-05 21:00:00,1288.22,1309.40,1287.31,1305.72
2014-08-06 21:00:00,1305.98,1314.67,1301.79,1312.00
2014-08-07 21:00:00,1312.32,1322.53,1305.61,1310.35
2014-08-10 21:00:00,1309.02,1311.30,1305.01,1307.97
2014-08-11 21:00:00,1307.92,1317.67,1305.56,1309.19
2014-08-12 21:00:00,1308.23,1314.84,1304.71,1312.05
2014-08-13 21:00:00,1312.23,1319.19,1308.59,1313.12
2014-08-14 21:00:00,1311.91,1314.98,1292.41,1304.40
2014-08-17 21:00:00,1301.74,1303.47,1295.39,1298.37
2014-08-18 21:00:00,1298.43,1302.15,1293.68,1295.41
2014-08-19 21:00:00,1295.44,1297.74,1287.63,1291.44
2014-08-20 21:00:00,1290.75,1290.95,1272.61,1276.41
2014-08-21 21:00:00,1276.88,1282.75,1274.06,1279.80
2014-08-24 21:00:00,1278.17,1280.73,1273.52,1276.63
2014-08-25 21:00:00,1276.05,1290.76,1275.26,1281.40
2014-08-26 21:00:00,1280.84,1287.22,1279.97,1282.31
2014-08-27 21:00:00,1282.36,1296.30,1281.97,1288.86
2014-08-28 21:00:00,1289.72,1291.17,1283.24,1286.66
2014-08-31 21:00:00,1287.47,1289.71,1284.32,1285.77
2014-09-01 21:00:00,1286.34,1287.35,1262.34,1265.19
2014-09-02 21:00:00,1265.88,1271.46,1261.08,1269.07
2014-09-03 21:00:00,1269.40,1277.17,1260.40,1260.94
2014-09-04 21:00:00,1261.39,1273.56,1257.12,1268.65
2014-09-07 21:00:00,1269.21,1271.63,1251.29,1254.87
2014-09-08 21:00:00,1256.82,1257.98,1247.38,1255.12
2014-09-09 21:00:00,1254.52,1257.58,1243.62,1249.41
2014-09-10 21:00:00,1249.09,1249.98,1234.80,1240.49
2014-09-11 21:00:00,1240.23,1241.45,1225.70,1229.12
2014-09-14 21:00:00,1228.94,1238.34,1225.43,1232.98
2014-09-15 21:00:00,1232.49,1241.89,1231.60,1235.24
2014-09-16 21:00:00,1234.07,1239.05,1221.26,1222.37
2014-09-17 21:00:00,1221.77,1227.78,1215.58,1224.52
2014-09-18 21:00:00,1225.50,1228.44,1213.64,1215.33
2014-09-21 21:00:00,1215.83,1220.28,1207.82,1214.45
2014-09-22 21:00:00,1214.86,1234.99,1213.42,1223.72
2014-09-23 21:00:00,1222.42,1225.92,1215.52,1216.59
2014-09-24 21:00:00,1216.67,1224.31,1206.77,1221.50
2014-09-25 21:00:00,1220.80,1231.14,1212.13,1217.49
2014-09-28 21:00:00,1217.89,1223.12,1214.75,1215.78
2014-09-29 21:00:00,1214.89,1219.96,1204.31,1207.83
2014-09-30 21:00:00,1208.21,1219.17,1204.46,1213.46
2014-10-01 21:00:00,1213.09,1222.28,1208.48,1213.91
2014-10-02 21:00:00,1213.53,1215.08,1189.82,1191.77
2014-10-05 21:00:00,1187.27,1208.93,1182.77,1206.72
2014-10-06 21:00:00,1206.28,1213.31,1202.81,1208.60
2014-10-07 21:00:00,1209.04,1223.91,1204.79,1221.10
2014-10-08 21:00:00,1219.81,1233.19,1218.62,1224.28
2014-10-09 21:00:00,1223.82,1225.32,1217.20,1222.75
2014-10-12 21:00:00,1227.15,1237.58,1224.90,1235.46
2014-10-13 21:00:00,1235.97,1238.13,1230.81,1231.74
2014-10-14 21:00:00,1232.34,1249.51,1221.70,1241.85
2014-10-15 21:00:00,1239.82,1245.07,1235.28,1238.27
2014-10-16 21:00:00,1238.10,1241.57,1231.53,1238.31
2014-10-19 21:00:00,1237.21,1248.61,1234.54,1246.81
2014-10-20 21:00:00,1246.72,1255.13,1245.22,1248.32
2014-10-21 21:00:00,1248.82,1249.61,1239.73,1241.35
2014-10-22 21:00:00,1241.50,1244.48,1226.14,1231.22
2014-10-23 21:00:00,1232.01,1234.14,1228.54,1230.09
2014-10-26 22:00:00,1228.38,1231.92,1224.42,1224.77
2014-10-27 22:00:00,1226.17,1235.39,1222.38,1227.12
2014-10-28 22:00:00,1228.17,1230.44,1208.20,1210.77
2014-10-29 22:00:00,1210.76,1215.53,1195.78,1197.97
2014-10-30 22:00:00,1200.10,1202.55,1161.42,1171.52
2014-11-02 22:00:00,1167.31,1173.66,1161.49,1165.70
2014-11-03 22:00:00,1165.19,1174.51,1163.75,1168.31
2014-11-04 22:00:00,1168.75,1169.53,1137.58,1141.25
2014-11-05 22:00:00,1142.05,1149.47,1137.96,1141.32
2014-11-06 22:00:00,1140.60,1178.58,1131.44,1176.24
2014-11-09 22:00:00,1174.45,1177.14,1147.18,1151.32
2014-11-10 22:00:00,1151.19,1173.10,1145.95,1164.10
2014-11-11 22:00:00,1164.04,1170.00,1157.15,1162.31
2014-11-12 22:00:00,1161.68,1167.96,1153.79,1162.02
2014-11-13 22:00:00,1162.36,1193.45,1146.72,1188.33
2014-11-16 22:00:00,1184.70,1194.06,1181.22,1186.13
2014-11-17 22:00:00,1186.59,1204.52,1183.23,1197.11
2014-11-18 22:00:00,1195.79,1202.08,1174.94,1182.78
2014-11-19 22:00:00,1182.28,1196.96,1176.65,1193.41
2014-11-20 22:00:00,1192.95,1207.63,1186.71,1201.13
2014-11-23 22:00:00,1201.54,1204.08,1192.62,1196.81
2014-11-24 22:00:00,1198.00,1202.82,1190.22,1200.72
2014-11-25 22:00:00,1201.40,1201.53,1192.82,1197.56
2014-11-26 22:00:00,1197.05,1199.47,1185.49,1190.62
2014-11-27 22:00:00,1188.92,1190.64,1165.06,1165.88
2014-11-30 22:00:00,1158.49,1220.80,1141.74,1210.80
2014-12-01 22:00:00,1211.04,1212.51,1191.85,1198.50
2014-12-02 22:00:00,1197.07,1214.96,1194.22,1209.47
2014-12-03 22:00:00,1208.55,1213.28,1201.17,1205.45
2014-12-04 22:00:00,1204.78,1207.37,1186.15,1191.87
2014-12-07 22:00:00,1187.34,1208.71,1186.96,1203.22
2014-12-08 22:00:00,1203.03,1238.09,1199.26,1230.62
2014-12-09 22:00:00,1235.60,1238.25,1224.62,1226.72
2014-12-10 22:00:00,1226.11,1232.72,1215.88,1227.57
2014-12-11 22:00:00,1227.21,1228.08,1214.29,1222.36
2014-12-14 22:00:00,1221.51,1224.03,1190.46,1192.14
2014-12-15 22:00:00,1193.08,1223.34,1187.34,1196.30
2014-12-16 22:00:00,1195.53,1202.81,1183.40,1188.83
2014-12-17 22:00:00,1188.80,1213.69,1188.66,1197.92
2014-12-18 22:00:00,1197.88,1201.15,1193.39,1195.19
2014-12-21 22:00:00,1194.02,1203.21,1170.48,1175.50
2014-12-22 22:00:00,1176.58,1184.77,1172.47,1175.75
2014-12-23 22:00:00,1176.54,1180.95,1172.71,1174.38
2014-12-25 22:00:00,1186.39,1198.92,1185.31,1195.13
2014-12-28 22:00:00,1196.12,1197.37,1178.82,1182.94
2014-12-29 22:00:00,1182.69,1210.69,1180.63,1200.19
2014-12-30 22:00:00,1199.84,1203.71,1182.63,1188.37
2015-01-01 22:00:00,1186.94,1195.03,1167.33,1188.82
2015-01-04 22:00:00,1187.73,1207.28,1178.00,1204.32
2015-01-05 22:00:00,1202.87,1222.92,1201.52,1218.35
2015-01-06 22:00:00,1217.66,1218.48,1208.85,1210.52
2015-01-07 22:00:00,1210.97,1216.54,1204.42,1208.69
2015-01-08 22:00:00,1207.50,1223.91,1206.16,1222.36
2015-01-11 22:00:00,1223.90,1235.74,1217.40,1233.25
2015-01-12 22:00:00,1231.85,1244.02,1227.14,1230.77
2015-01-13 22:00:00,1231.54,1244.24,1224.89,1228.89
2015-01-14 22:00:00,1229.28,1266.64,1225.87,1262.31
2015-01-15 22:00:00,1262.97,1282.01,1254.87,1280.04
2015-01-18 22:00:00,1278.61,1279.03,1271.89,1276.66
2015-01-20 22:00:00,1294.74,1305.07,1284.48,1293.47
2015-01-21 22:00:00,1291.97,1307.53,1279.29,1301.38
2015-01-22 22:00:00,1300.63,1302.07,1284.29,1293.76
2015-01-25 22:00:00,1294.62,1299.00,1275.71,1281.22
2015-01-26 22:00:00,1280.55,1297.42,1272.07,1292.25
2015-01-27 22:00:00,1292.29,1293.80,1279.57,1284.72
2015-01-28 22:00:00,1284.66,1285.75,1251.88,1257.30
2015-01-29 22:00:00,1258.23,1284.63,1256.95,1283.56
2015-02-01 22:00:00,1280.42,1283.27,1266.30,1274.98
2015-02-02 22:00:00,1274.76,1285.55,1255.38,1259.87
2015-02-03 22:00:00,1261.74,1272.33,1256.54,1269.31
2015-02-04 22:00:00,1270.01,1273.82,1256.18,1264.52
2015-02-05 22:00:00,1266.87,1268.62,1228.21,1233.12
2015-02-08 22:00:00,1237.11,1243.65,1235.04,1239.27
2015-02-09 22:00:00,1238.60,1245.82,1230.84,1233.22
2015-02-10 22:00:00,1234.04,1238.59,1216.41,1217.18
2015-02-11 22:00:00,1218.30,1232.82,1218.02,1222.17
2015-02-12 22:00:00,1223.45,1234.82,1222.71,1228.99
2015-02-15 22:00:00,1228.34,1236.59,1228.02,1230.79
2015-02-16 22:00:00,1231.86,1233.84,1203.64,1209.18
2015-02-17 22:00:00,1208.90,1213.30,1197.42,1211.83
2015-02-18 22:00:00,1212.47,1222.81,1205.25,1206.77
2015-02-19 22:00:00,1207.31,1215.29,1198.19,1201.66
2015-02-22 22:00:00,1202.87,1210.22,1190.61,1201.03
2015-02-23 22:00:00,1202.16,1204.42,1190.30,1199.81
2015-02-24 22:00:00,1201.16,1211.77,1200.99,1204.51
2015-02-25 22:00:00,1204.67,1219.84,1203.49,1209.12
2015-02-26 22:00:00,1209.56,1219.17,1204.34,1212.78
2015-03-01 22:00:00,1213.85,1223.18,1204.54,1206.79
2015-03-02 22:00:00,1205.89,1214.76,1195.34,1203.40
2015-03-03 22:00:00,1204.71,1209.01,1198.21,1200.13
2015-03-04 22:00:00,1200.25,1209.35,1196.35,1198.47
2015-03-05 22:00:00,1199.08,1200.66,1163.81,1167.13
2015-03-08 22:00:00,1168.52,1175.29,1165.66,1166.60
2015-03-09 22:00:00,1161.56,1170.45,1154.93,1161.63
2015-03-10 22:00:00,1162.40,1165.19,1147.42,1154.43
2015-03-11 22:00:00,1154.95,1166.58,1148.57,1153.52
2015-03-12 22:00:00,1154.14,1161.83,1151.32,1158.18
2015-03-15 22:00:00,1156.68,1163.97,1150.23,1154.52
2015-03-16 22:00:00,1154.64,1159.74,1142.70,1149.24
2015-03-17 22:00:00,1149.37,1175.50,1145.84,1167.43
2015-03-18 22:00:00,1167.70,1177.71,1159.49,1170.81
2015-03-19 22:00:00,1170.66,1187.88,1168.65,1182.22
2015-03-22 22:00:00,1185.80,1191.47,1179.23,1189.32
2015-03-23 22:00:00,1189.57,1194.91,1185.34,1193.10
2015-03-24 22:00:00,1192.18,1199.57,1186.52,1195.17
2015-03-25 22:00:00,1195.13,1219.57,1194.39,1204.54
2015-03-26 22:00:00,1204.32,1206.05,1192.45,1198.09
2015-03-29 21:00:00,1197.39,1198.30,1182.23,1185.61
2015-03-30 21:00:00,1186.04,1190.62,1178.29,1183.57
2015-03-31 21:00:00,1183.76,1208.51,1180.74,1204.14
2015-04-01 21:00:00,1203.83,1207.21,1194.75,1202.07
2015-04-02 21:00:00,1201.41,1201.45,1199.64,1199.64
2015-04-05 21:00:00,1215.64,1224.13,1213.82,1214.39
2015-04-06 21:00:00,1214.56,1215.66,1207.34,1208.91
2015-04-07 21:00:00,1208.49,1212.21,1197.34,1202.03
2015-04-08 21:00:00,1202.79,1203.18,1192.52,1194.15
2015-04-09 21:00:00,1194.59,1210.59,1193.19,1207.24
2015-04-12 21:00:00,1207.15,1209.41,1196.32,1198.39
2015-04-13 21:00:00,1198.93,1201.34,1183.87,1192.30
2015-04-14 21:00:00,1192.77,1204.48,1188.78,1202.35
2015-04-15 21:00:00,1202.37,1209.08,1194.63,1198.23
2015-04-16 21:00:00,1198.92,1207.60,1197.30,1204.27
2015-04-19 21:00:00,1205.29,1209.02,1191.27,1195.69
2015-04-20 21:00:00,1196.64,1204.15,1192.97,1202.05
2015-04-21 21:00:00,1202.45,1204.71,1185.68,1186.88
2015-04-22 21:00:00,1187.53,1197.91,1184.26,1193.80
2015-04-23 21:00:00,1194.03,1195.88,1175.14,1179.24
2015-04-26 21:00:00,1179.54,1207.12,1178.57,1201.79
2015-04-27 21:00:00,1201.77,1214.96,1199.16,1212.06
2015-04-28 21:00:00,1212.17,1213.99,1201.32,1204.92
2015-04-29 21:00:00,1205.37,1207.22,1177.00,1183.97
2015-04-30 21:00:00,1184.55,1185.13,1169.66,1178.40
2015-05-03 21:00:00,1179.89,1192.76,1177.65,1188.28
2015-05-04 21:00:00,1188.30,1199.86,1185.65,1192.83
2015-05-05 21:00:00,1193.37,1197.55,1188.16,1192.01
2015-05-06 21:00:00,1191.51,1192.72,1178.77,1184.22
2015-05-07 21:00:00,1184.15,1193.46,1181.60,1188.38
2015-05-10 21:00:00,1188.64,1191.67,1178.83,1183.66
2015-05-11 21:00:00,1183.82,1196.98,1180.73,1193.65
2015-05-12 21:00:00,1193.35,1218.80,1191.22,1215.69
2015-05-13 21:00:00,1215.14,1227.08,1212.26,1220.86
2015-05-14 21:00:00,1221.20,1226.09,1210.94,1223.78
2015-05-17 21:00:00,1223.74,1232.22,1221.53,1225.35
2015-05-18 21:00:00,1225.29,1225.39,1205.67,1207.63
2015-05-19 21:00:00,1208.53,1213.30,1203.19,1209.74
2015-05-20 21:00:00,1209.34,1212.67,1201.38,1206.03
2015-05-21 21:00:00,1206.27,1214.82,1201.36,1206.26
2015-05-24 21:00:00,1204.88,1209.15,1202.73,1206.55
2015-05-25 21:00:00,1206.48,1207.45,1185.53,1187.18
2015-05-26 21:00:00,1187.16,1190.86,1183.53,1187.98
2015-05-27 21:00:00,1187.41,1192.14,1180.30,1188.13
2015-05-28 21:00:00,1187.83,1193.95,1185.58,1190.42
2015-05-31 21:00:00,1190.47,1204.20,1184.50,1189.15
2015-06-01 21:00:00,1189.12,1196.25,1185.92,1192.77
2015-06-02 21:00:00,1193.30,1195.48,1179.37,1184.81
2015-06-03 21:00:00,1185.22,1186.17,1172.86,1176.43
2015-06-04 21:00:00,1177.14,1178.53,1162.63,1171.52
2015-06-07 21:00:00,1169.98,1177.57,1169.05,1173.78
2015-06-08 21:00:00,1174.09,1182.87,1172.40,1176.79
2015-06-09 21:00:00,1176.78,1192.23,1175.19,1185.85
2015-06-10 21:00:00,1186.50,1187.89,1175.55,1182.04
2015-06-11 21:00:00,1181.71,1183.91,1176.96,1181.47
2015-06-14 21:00:00,1182.17,1190.37,1172.73,1186.11
2015-06-15 21:00:00,1185.69,1187.84,1175.98,1182.04
2015-06-16 21:00:00,1181.79,1189.05,1174.56,1184.82
2015-06-17 21:00:00,1184.22,1205.68,1183.54,1201.95
2015-06-18 21:00:00,1202.07,1204.11,1198.28,1200.19
2015-06-21 21:00:00,1200.69,1200.88,1182.10,1185.78
2015-06-22 21:00:00,1185.66,1188.02,1176.14,1178.42
2015-06-23 21:00:00,1178.51,1180.22,1169.82,1175.07
2015-06-24 21:00:00,1174.88,1178.05,1171.54,1172.74
2015-06-25 21:00:00,1173.71,1178.57,1168.50,1175.18
2015-06-28 21:00:00,1186.25,1187.90,1173.76,1179.32
2015-06-29 21:00:00,1180.04,1180.47,1166.69,1171.83
2015-06-30 21:00:00,1174.14,1175.00,1167.53,1168.48
2015-07-01 21:00:00,1168.35,1169.51,1155.98,1165.63
2015-07-02 21:00:00,1165.68,1170.18,1164.65,1168.58
2015-07-05 21:00:00,1172.00,1174.67,1162.84,1170.05
2015-07-06 21:00:00,1170.33,1170.33,1147.84,1156.74
2015-07-07 21:00:00,1153.25,1164.64,1147.13,1157.40
2015-07-08 21:00:00,1159.08,1167.69,1155.93,1159.73
2015-07-09 21:00:00,1159.63,1165.33,1157.39,1163.59
2015-07-12 21:00:00,1162.73,1164.13,1151.07,1157.78
2015-07-13 21:00:00,1158.07,1159.75,1152.88,1155.35
2015-07-14 21:00:00,1155.65,1156.71,1143.21,1149.34
2015-07-15 21:00:00,1149.02,1149.39,1142.22,1145.23
2015-07-16 21:00:00,1145.08,1145.68,1131.06,1134.23
2015-07-19 21:00:00,1132.56,1133.10,1069.72,1096.70
2015-07-20 21:00:00,1098.26,1109.82,1096.91,1100.92
2015-07-21 21:00:00,1102.66,1103.33,1087.02,1094.01
2015-07-22 21:00:00,1094.43,1105.72,1087.23,1090.63
2015-07-23 21:00:00,1091.23,1101.48,1077.20,1099.08
2015-07-26 21:00:00,1095.58,1104.93,1088.34,1094.13
2015-07-27 21:00:00,1094.68,1098.94,1091.55,1095.23
2015-07-28 21:00:00,1095.09,1101.89,1090.36,1096.78
2015-07-29 21:00:00,1096.11,1098.57,1082.47,1088.53
2015-07-30 21:00:00,1088.65,1103.46,1079.98,1095.48
2015-08-02 21:00:00,1095.72,1097.68,1085.79,1086.66
2015-08-03 21:00:00,1085.32,1094.78,1080.94,1087.61
2015-08-04 21:00:00,1087.31,1092.48,1082.92,1084.77
2015-08-05 21:00:00,1084.82,1094.00,1083.46,1089.33
2015-08-06 21:00:00,1089.77,1099.43,1082.74,1094.17
2015-08-09 21:00:00,1093.04,1108.84,1089.58,1104.43
2015-08-10 21:00:00,1104.32,1119.32,1093.75,1108.75
2015-08-11 21:00:00,1108.83,1125.75,1101.74,1123.91
2015-08-12 21:00:00,1125.26,1126.71,1113.60,1115.09
2015-08-13 21:00:00,1115.18,1121.01,1111.69,1114.82
2015-08-16 21:00:00,1114.70,1122.74,1113.48,1117.34
2015-08-17 21:00:00,1117.40,1121.12,1109.63,1117.49
2015-08-18 21:00:00,1118.00,1134.56,1116.24,1134.19
2015-08-19 21:00:00,1133.46,1153.95,1132.58,1152.08
2015-08-20 21:00:00,1153.80,1168.16,1148.91,1160.54
2015-08-23 21:00:00,1164.32,1170.01,1145.63,1154.97
2015-08-24 21:00:00,1153.47,1156.53,1134.58,1140.50
2015-08-25 21:00:00,1140.32,1146.36,1117.68,1124.77
2015-08-26 21:00:00,1125.89,1129.19,1118.23,1124.56
2015-08-27 21:00:00,1125.45,1140.76,1123.72,1134.02
2015-08-30 21:00:00,1133.77,1136.56,1125.64,1134.71
2015-08-31 21:00:00,1134.60,1147.85,1134.31,1139.97
2015-09-01 21:00:00,1139.71,1142.36,1132.03,1133.78
2015-09-02 21:00:00,1133.68,1134.24,1121.83,1125.11
2015-09-03 21:00:00,1125.09,1132.86,1116.72,1122.33
2015-09-06 21:00:00,1122.99,1124.73,1116.04,1118.94
2015-09-07 21:00:00,1120.17,1126.67,1118.58,1121.27
2015-09-08 21:00:00,1121.64,1125.32,1101.23,1107.35
2015-09-09 21:00:00,1106.98,1114.97,1103.79,1110.37
2015-09-10 21:00:00,1111.03,1112.83,1098.71,1107.68
2015-09-13 21:00:00,1107.44,1110.40,1103.46,1108.77
2015-09-14 21:00:00,1108.47,1109.31,1102.15,1105.24
2015-09-15 21:00:00,1105.26,1124.11,1103.92,1119.15
2015-09-16 21:00:00,1119.21,1135.13,1115.35,1132.34
2015-09-17 21:00:00,1130.88,1141.68,1127.47,1139.04
2015-09-20 21:00:00,1139.11,1139.81,1129.56,1133.30
2015-09-21 21:00:00,1132.95,1136.51,1121.28,1124.30
2015-09-22 21:00:00,1124.80,1134.14,1121.79,1129.98
2015-09-23 21:00:00,1130.72,1156.65,1130.31,1153.98
2015-09-24 21:00:00,1149.55,1151.14,1140.71,1145.56
2015-09-27 21:00:00,1145.33,1148.14,1127.95,1132.17
2015-09-28 21:00:00,1132.01,1134.63,1124.17,1127.11
2015-09-29 21:00:00,1127.25,1128.08,1111.30,1114.47
2015-09-30 21:00:00,1115.56,1119.13,1110.99,1113.52
2015-10-01 21:00:00,1113.48,1141.21,1104.59,1138.72
2015-10-04 21:00:00,1136.78,1141.92,1130.06,1135.43
2015-10-05 21:00:00,1135.63,1151.18,1134.92,1146.97
2015-10-06 21:00:00,1146.93,1153.57,1141.72,1145.32
2015-10-07 21:00:00,1145.09,1151.21,1136.56,1139.07
2015-10-08 21:00:00,1138.96,1159.61,1138.91,1156.53
2015-10-11 21:00:00,1155.83,1168.90,1154.73,1163.78
2015-10-12 21:00:00,1163.52,1168.60,1151.74,1168.09
2015-10-13 21:00:00,1168.08,1189.70,1163.35,1184.58
2015-10-14 21:00:00,1184.54,1191.44,1174.23,1182.70
2015-10-15 21:00:00,1182.06,1184.34,1174.24,1177.14
2015-10-18 21:00:00,1176.54,1178.13,1167.59,1170.20
2015-10-19 21:00:00,1170.01,1180.67,1167.31,1176.35
2015-10-20 21:00:00,1176.19,1179.13,1163.61,1166.95
2015-10-21 21:00:00,1167.62,1171.72,1162.55,1165.43
2015-10-22 21:00:00,1166.00,1179.29,1158.88,1164.37
2015-10-25 22:00:00,1162.90,1169.59,1162.04,1163.00
2015-10-26 22:00:00,1163.79,1168.63,1160.73,1166.50
2015-10-27 22:00:00,1167.11,1182.86,1152.26,1155.77
2015-10-28 22:00:00,1157.37,1162.59,1144.63,1145.78
2015-10-29 22:00:00,1145.64,1149.97,1139.23,1141.74
2015-11-01 22:00:00,1141.45,1142.94,1131.75,1133.46
2015-11-02 22:00:00,1133.72,1138.25,1114.33,1117.61
2015-11-03 22:00:00,1118.11,1122.76,1106.35,1107.51
2015-11-04 22:00:00,1107.94,1111.45,1102.90,1103.57
2015-11-05 22:00:00,1104.55,1110.38,1085.39,1088.62
2015-11-08 22:00:00,1090.33,1095.59,1088.31,1091.95
2015-11-09 22:00:00,1092.27,1094.79,1085.22,1089.60
2015-11-10 22:00:00,1089.88,1093.58,1083.63,1085.84
2015-11-11 22:00:00,1086.50,1089.52,1074.08,1084.90
2015-11-12 22:00:00,1085.00,1088.54,1079.57,1083.54
2015-11-15 22:00:00,1088.11,1098.01,1081.06,1082.68
2015-11-16 22:00:00,1083.85,1085.01,1065.44,1070.06
2015-11-17 22:00:00,1071.57,1075.39,1064.64,1070.87
2015-11-18 22:00:00,1071.57,1087.38,1069.46,1082.04
2015-11-19 22:00:00,1081.90,1088.01,1075.76,1077.98
2015-11-22 22:00:00,1076.15,1076.65,1066.62,1068.92
2015-11-23 22:00:00,1069.07,1081.01,1068.93,1075.31
2015-11-24 22:00:00,1075.69,1080.74,1067.83,1071.10
2015-11-25 22:00:00,1071.18,1074.80,1069.60,1071.65
2015-11-26 22:00:00,1071.76,1073.73,1052.67,1058.04
2015-11-29 22:00:00,1058.29,1069.68,1053.13,1064.37
2015-11-30 22:00:00,1064.81,1074.58,1063.18,1069.24
2015-12-01 22:00:00,1068.87,1071.36,1050.58,1053.49
2015-12-02 22:00:00,1053.84,1065.39,1046.23,1062.10
2015-12-03 22:00:00,1063.35,1088.78,1058.07,1086.76
2015-12-06 22:00:00,1084.82,1086.55,1066.11,1070.76
2015-12-07 22:00:00,1070.96,1079.03,1067.57,1074.52
2015-12-08 22:00:00,1074.53,1085.30,1069.29,1072.67
2015-12-09 22:00:00,1072.20,1076.42,1069.35,1071.21
2015-12-10 22:00:00,1071.75,1079.53,1062.36,1074.66
2015-12-13 22:00:00,1073.72,1077.48,1058.53,1060.12
2015-12-14 22:00:00,1061.16,1068.60,1058.89,1060.80
2015-12-15 22:00:00,1061.21,1078.27,1060.83,1072.18
2015-12-16 22:00:00,1071.97,1072.84,1047.58,1051.55
2015-12-17 22:00:00,1050.92,1071.49,1050.84,1065.85
2015-12-20 22:00:00,1066.16,1081.71,1063.91,1078.28
2015-12-21 22:00:00,1078.06,1080.69,1071.69,1072.60
2015-12-22 22:00:00,1072.87,1075.43,1068.26,1070.20
2015-12-23 22:00:00,1070.36,1076.74,1070.02,1076.05
2015-12-27 22:00:00,1075.86,1076.86,1066.37,1068.90
2015-12-28 22:00:00,1068.80,1075.17,1067.43,1068.62
2015-12-29 22:00:00,1069.01,1072.01,1059.33,1061.08
2015-12-30 22:00:00,1061.37,1063.46,1058.13,1060.91
2016-01-03 22:00:00,1064.88,1083.44,1061.66,1074.43
2016-01-04 22:00:00,1073.15,1081.90,1072.56,1078.07
2016-01-05 22:00:00,1077.75,1095.13,1074.89,1093.01
2016-01-06 22:00:00,1093.59,1110.01,1091.33,1108.93
2016-01-07 22:00:00,1108.62,1113.12,1091.78,1103.85
2016-01-10 22:00:00,1107.40,1108.42,1094.20,1095.40
2016-01-11 22:00:00,1095.19,1099.14,1083.41,1089.48
2016-01-12 22:00:00,1087.48,1095.40,1079.71,1093.65
2016-01-13 22:00:00,1093.24,1095.15,1071.33,1077.18
2016-01-14 22:00:00,1078.22,1097.34,1076.20,1088.72
2016-01-17 22:00:00,1090.14,1093.22,1087.47,1088.88
2016-01-18 22:00:00,1089.43,1094.45,1082.45,1087.18
2016-01-19 22:00:00,1087.77,1109.56,1087.52,1100.83
2016-01-20 22:00:00,1100.93,1104.44,1092.36,1101.16
2016-01-21 22:00:00,1101.12,1102.78,1093.97,1097.78
2016-01-24 22:00:00,1097.73,1108.88,1097.13,1107.67
2016-01-25 22:00:00,1108.26,1122.84,1106.91,1120.09
2016-01-26 22:00:00,1119.87,1127.94,1114.81,1124.76
2016-01-27 22:00:00,1125.57,1125.75,1111.49,1114.28
2016-01-28 22:00:00,1115.33,1118.38,1108.32,1117.99
2016-01-31 22:00:00,1115.86,1129.65,1115.86,1128.37
2016-02-01 22:00:00,1128.08,1131.00,1122.25,1128.62
2016-02-02 22:00:00,1128.12,1145.45,1124.33,1142.34
2016-02-03 22:00:00,1141.56,1157.29,1139.51,1155.36
2016-02-04 22:00:00,1155.50,1174.40,1145.15,1173.06
2016-02-07 22:00:00,1168.46,1200.81,1164.23,1190.02
2016-02-08 22:00:00,1190.68,1198.82,1185.59,1188.76
2016-02-09 22:00:00,1189.41,1197.65,1181.40,1197.41
2016-02-10 22:00:00,1196.72,1263.34,1196.72,1248.70
2016-02-11 22:00:00,1247.92,1248.19,1232.37,1238.13
2016-02-14 22:00:00,1232.00,1234.76,1202.13,1209.07
2016-02-15 22:00:00,1209.06,1216.90,1190.80,1199.53
2016-02-16 22:00:00,1202.54,1213.66,1195.60,1208.31
2016-02-17 22:00:00,1208.01,1239.84,1200.64,1230.65
2016-02-18 22:00:00,1231.06,1234.44,1219.87,1227.29
2016-02-21 22:00:00,1224.92,1226.16,1201.83,1208.42
2016-02-22 22:00:00,1209.07,1228.10,1207.10,1226.44
2016-02-23 22:00:00,1227.03,1253.24,1221.76,1229.17
2016-02-24 22:00:00,1226.79,1242.71,1221.04,1233.20
2016-02-25 22:00:00,1232.34,1240.25,1211.39,1223.32
2016-02-28 22:00:00,1218.98,1241.00,1217.23,1238.30
2016-02-29 22:00:00,1239.05,1248.47,1227.10,1231.57
2016-03-01 22:00:00,1231.35,1243.98,1224.68,1240.09
2016-03-02 22:00:00,1241.45,1268.24,1237.34,1265.51
2016-03-03 22:00:00,1262.38,1279.71,1250.43,1258.78
2016-03-06 22:00:00,1259.79,1273.10,1256.65,1267.22
2016-03-07 22:00:00,1266.42,1278.04,1260.15,1261.50
2016-03-08 22:00:00,1261.61,1264.88,1242.91,1252.88
2016-03-09 22:00:00,1252.70,1273.27,1236.99,1271.98
2016-03-10 22:00:00,1269.91,1283.36,1248.16,1249.23
2016-03-13 22:00:00,1251.44,1261.01,1229.30,1235.00
2016-03-14 22:00:00,1235.18,1238.00,1225.60,1232.44
2016-03-15 22:00:00,1232.78,1263.86,1226.64,1262.04
2016-03-16 22:00:00,1259.46,1270.84,1254.33,1257.72
2016-03-17 22:00:00,1258.68,1266.88,1247.78,1255.04
2016-03-20 22:00:00,1254.55,1255.32,1240.54,1243.44
2016-03-21 22:00:00,1243.57,1260.12,1242.31,1248.00
2016-03-22 22:00:00,1247.72,1249.31,1215.31,1220.13
2016-03-23 22:00:00,1222.61,1223.71,1211.95,1217.12
2016-03-27 21:00:00,1214.30,1223.05,1208.15,1221.34
2016-03-28 21:00:00,1220.80,1242.90,1215.24,1240.72
2016-03-29 21:00:00,1241.41,1243.99,1223.18,1224.46
2016-03-30 21:00:00,1225.85,1240.32,1223.75,1232.44
2016-03-31 21:00:00,1231.56,1235.21,1208.93,1222.16
2016-04-03 21:00:00,1220.30,1222.54,1214.56,1215.55
2016-04-04 21:00:00,1215.70,1236.74,1214.69,1230.47
2016-04-05 21:00:00,1230.41,1232.10,1216.64,1222.03
2016-04-06 21:00:00,1222.95,1243.19,1222.64,1240.60
2016-04-07 21:00:00,1239.37,1242.60,1229.54,1240.49
2016-04-10 21:00:00,1244.78,1258.78,1243.93,1257.51
2016-04-11 21:00:00,1256.15,1262.54,1251.11,1255.41
2016-04-12 21:00:00,1255.62,1256.63,1239.71,1243.16
2016-04-13 21:00:00,1242.43,1244.04,1223.77,1226.33
2016-04-14 21:00:00,1227.36,1235.79,1225.20,1233.73
2016-04-17 21:00:00,1234.66,1241.55,1230.04,1232.57
2016-04-18 21:00:00,1231.77,1256.62,1227.66,1250.21
2016-04-19 21:00:00,1249.69,1257.91,1242.34,1243.70
2016-04-20 21:00:00,1243.77,1270.19,1242.78,1248.77
2016-04-21 21:00:00,1247.66,1252.48,1227.32,1232.73
2016-04-24 21:00:00,1232.22,1242.23,1229.94,1237.50
2016-04-25 21:00:00,1237.83,1244.79,1231.27,1243.68
2016-04-26 21:00:00,1242.81,1252.65,1239.34,1245.98
2016-04-27 21:00:00,1245.40,1269.47,1237.68,1266.29
2016-04-28 21:00:00,1265.94,1296.62,1264.91,1293.68
2016-05-01 21:00:00,1292.65,1303.65,1287.56,1291.24
2016-05-02 21:00:00,1292.09,1301.69,1282.19,1286.33
2016-05-03 21:00:00,1285.54,1289.74,1271.71,1279.71
2016-05-04 21:00:00,1279.62,1286.37,1268.79,1278.09
2016-05-05 21:00:00,1277.49,1295.47,1274.38,1288.80
2016-05-08 21:00:00,1284.19,1287.46,1261.21,1263.09
2016-05-09 21:00:00,1264.03,1269.61,1256.78,1266.15
2016-05-10 21:00:00,1266.06,1279.02,1264.72,1277.12
2016-05-11 21:00:00,1277.49,1280.78,1261.78,1263.42
2016-05-12 21:00:00,1264.09,1276.26,1262.88,1273.30
2016-05-15 21:00:00,1272.72,1288.62,1270.92,1273.62
2016-05-16 21:00:00,1274.08,1282.27,1269.02,1279.26
2016-05-17 21:00:00,1280.28,1281.27,1254.97,1257.88
2016-05-18 21:00:00,1258.63,1261.23,1243.66,1254.20
2016-05-19 21:00:00,1255.67,1260.12,1248.74,1251.91
2016-05-22 21:00:00,1250.34,1255.94,1243.08,1249.00
2016-05-23 21:00:00,1248.74,1252.09,1226.19,1226.70
2016-05-24 21:00:00,1227.47,1230.08,1217.74,1224.33
2016-05-25 21:00:00,1223.38,1234.17,1218.30,1219.62
2016-05-26 21:00:00,1220.13,1223.50,1206.67,1211.64
2016-05-29 21:00:00,1212.93,1213.36,1199.62,1207.40
2016-05-30 21:00:00,1207.08,1218.15,1207.03,1215.08
2016-05-31 21:00:00,1216.02,1220.32,1205.91,1212.57
2016-06-01 21:00:00,1212.84,1217.57,1209.75,1211.03
2016-06-02 21:00:00,1210.32,1244.59,1206.85,1244.51
2016-06-05 21:00:00,1244.00,1248.65,1239.92,1244.89
2016-06-06 21:00:00,1244.94,1246.53,1234.72,1244.29
2016-06-07 21:00:00,1244.63,1264.31,1242.98,1261.84
2016-06-08 21:00:00,1261.60,1271.68,1256.74,1269.32
2016-06-09 21:00:00,1269.28,1278.09,1264.51,1274.07
2016-06-12 21:00:00,1274.69,1287.09,1272.35,1283.87
2016-06-13 21:00:00,1283.26,1289.73,1276.31,1285.87
2016-06-14 21:00:00,1284.83,1296.76,1278.38,1291.51
2016-06-15 21:00:00,1293.17,1315.54,1277.97,1278.75
2016-06-16 21:00:00,1278.98,1299.50,1276.48,1298.55
2016-06-19 21:00:00,1286.09,1292.20,1277.93,1289.75
2016-06-20 21:00:00,1289.73,1294.12,1264.44,1267.18
2016-06-21 21:00:00,1269.60,1270.60,1261.13,1266.06
2016-06-22 21:00:00,1263.54,1271.38,1254.37,1255.96
2016-06-23 21:00:00,1253.05,1358.25,1250.34,1315.67
2016-06-26 21:00:00,1326.11,1335.23,1317.57,1324.88
2016-06-27 21:00:00,1324.04,1325.94,1305.40,1312.01
2016-06-28 21:00:00,1311.83,1327.78,1311.41,1318.60
2016-06-29 21:00:00,1317.62,1324.06,1312.73,1321.58
2016-06-30 21:00:00,1322.58,1344.49,1320.47,1342.28
2016-07-03 21:00:00,1339.61,1357.31,1339.50,1350.83
2016-07-04 21:00:00,1349.21,1357.38,1338.05,1356.03
2016-07-05 21:00:00,1356.93,1375.05,1355.94,1363.68
2016-07-06 21:00:00,1362.58,1370.65,1350.69,1360.28
2016-07-07 21:00:00,1359.21,1370.18,1335.17,1364.93
2016-07-10 21:00:00,1368.43,1374.83,1350.57,1354.57
2016-07-11 21:00:00,1355.19,1357.59,1330.31,1332.68
2016-07-12 21:00:00,1333.88,1345.17,1327.46,1342.48
2016-07-13 21:00:00,1342.93,1347.03,1320.08,1334.53
2016-07-14 21:00:00,1335.38,1338.64,1322.41,1338.29
2016-07-17 21:00:00,1334.11,1335.36,1323.38,1328.37
2016-07-18 21:00:00,1328.15,1334.89,1325.45,1331.93
2016-07-19 21:00:00,1332.17,1338.25,1312.53,1315.34
2016-07-20 21:00:00,1313.87,1333.79,1310.77,1331.12
2016-07-21 21:00:00,1330.84,1333.75,1319.58,1322.39
2016-07-24 21:00:00,1321.77,1323.69,1312.25,1315.76
2016-07-25 21:00:00,1315.22,1324.46,1313.76,1320.20
2016-07-26 21:00:00,1319.27,1342.32,1315.67,1339.46
2016-07-27 21:00:00,1338.41,1345.52,1332.36,1335.32
2016-07-28 21:00:00,1335.37,1354.90,1328.27,1351.11
2016-07-31 21:00:00,1350.61,1354.77,1346.17,1352.73
2016-08-01 21:00:00,1353.03,1367.21,1347.01,1363.67
2016-08-02 21:00:00,1363.17,1366.33,1354.07,1358.15
2016-08-03 21:00:00,1357.65,1364.93,1349.05,1360.96
2016-08-04 21:00:00,1360.97,1364.59,1334.61,1336.87
2016-08-07 21:00:00,1332.89,1338.20,1329.77,1334.97
2016-08-08 21:00:00,1334.94,1342.51,1330.42,1340.45
2016-08-09 21:00:00,1339.96,1357.11,1339.87,1346.00
2016-08-10 21:00:00,1346.97,1353.22,1335.68,1338.46
2016-08-11 21:00:00,1338.02,1356.27,1333.08,1336.58
2016-08-14 21:00:00,1337.13,1343.73,1335.70,1339.20
2016-08-15 21:00:00,1339.60,1357.94,1339.24,1346.37
2016-08-16 21:00:00,1345.52,1351.57,1335.57,1348.44
2016-08-17 21:00:00,1349.59,1355.95,1345.98,1352.17
2016-08-18 21:00:00,1352.11,1352.71,1337.71,1340.92
2016-08-21 21:00:00,1338.34,1339.95,1331.66,1338.63
2016-08-22 21:00:00,1338.84,1344.58,1335.19,1338.06
2016-08-23 21:00:00,1337.75,1339.99,1323.65,1323.90
2016-08-24 21:00:00,1325.32,1326.98,1317.93,1321.46
2016-08-25 21:00:00,1321.86,1342.12,1318.29,1321.85
2016-08-28 21:00:00,1319.53,1324.99,1314.87,1323.25
2016-08-29 21:00:00,1323.31,1325.34,1309.18,1310.36
2016-08-30 21:00:00,1311.35,1315.99,1304.16,1308.81
2016-08-31 21:00:00,1309.79,1315.01,1302.41,1312.94
2016-09-01 21:00:00,1313.77,1329.99,1303.19,1324.80
2016-09-04 21:00:00,1324.73,1328.50,1321.68,1326.81
2016-09-05 21:00:00,1326.20,1352.45,1324.73,1350.26
2016-09-06 21:00:00,1348.18,1352.51,1342.62,1344.74
2016-09-07 21:00:00,1345.04,1349.28,1335.49,1337.65
2016-09-08 21:00:00,1338.24,1339.46,1326.83,1327.83
2016-09-11 21:00:00,1328.49,1330.14,1320.30,1327.38
2016-09-12 21:00:00,1327.41,1331.88,1315.51,1317.84
2016-09-13 21:00:00,1318.84,1325.85,1313.29,1321.98
2016-09-14 21:00:00,1322.67,1327.95,1309.19,1314.41
2016-09-15 21:00:00,1315.24,1317.98,1306.14,1309.66
2016-09-18 21:00:00,1309.83,1318.27,1309.32,1313.21
2016-09-19 21:00:00,1313.18,1317.80,1311.94,1314.86
2016-09-20 21:00:00,1314.81,1335.92,1307.78,1335.92
2016-09-21 21:00:00,1333.89,1343.55,1331.10,1337.72
2016-09-22 21:00:00,1337.43,1340.56,1333.73,1338.72
2016-09-25 21:00:00,1336.59,1342.02,1332.61,1337.86
2016-09-26 21:00:00,1338.21,1339.42,1324.63,1326.87
2016-09-27 21:00:00,1326.78,1327.45,1317.92,1321.47
2016-09-28 21:00:00,1321.69,1325.71,1315.94,1320.40
2016-09-29 21:00:00,1321.27,1327.97,1313.13,1315.89
2016-10-02 21:00:00,1317.19,1319.52,1309.28,1311.73
2016-10-03 21:00:00,1311.76,1312.97,1266.92,1268.45
2016-10-04 21:00:00,1268.35,1277.05,1262.05,1266.69
2016-10-05 21:00:00,1267.70,1269.32,1249.75,1254.39
2016-10-06 21:00:00,1255.20,1265.28,1241.30,1256.54
2016-10-09 21:00:00,1257.40,1264.85,1256.55,1259.47
2016-10-10 21:00:00,1259.29,1262.15,1250.91,1252.59
2016-10-11 21:00:00,1253.15,1258.82,1249.69,1255.24
2016-10-12 21:00:00,1255.59,1262.23,1253.03,1257.68
2016-10-13 21:00:00,1258.03,1259.33,1246.03,1250.43
2016-10-16 21:00:00,1251.17,1257.11,1250.03,1254.92
2016-10-17 21:00:00,1255.23,1264.61,1254.92,1262.52
2016-10-18 21:00:00,1262.70,1273.23,1260.17,1269.58
2016-10-19 21:00:00,1269.27,1274.52,1264.67,1265.66
2016-10-20 21:00:00,1265.70,1267.93,1261.03,1266.79
2016-10-23 21:00:00,1265.89,1271.81,1260.28,1264.16
2016-10-24 21:00:00,1264.49,1276.51,1262.01,1273.87
2016-10-25 21:00:00,1273.73,1276.37,1264.57,1266.48
2016-10-26 21:00:00,1266.51,1272.69,1264.99,1268.52
2016-10-27 21:00:00,1267.98,1284.07,1261.88,1275.71
2016-10-30 22:00:00,1277.21,1279.41,1271.11,1276.87
2016-10-31 22:00:00,1276.63,1291.80,1275.59,1288.04
2016-11-01 22:00:00,1288.31,1307.96,1287.24,1296.69
2016-11-02 22:00:00,1298.27,1306.70,1285.50,1301.84
2016-11-03 22:00:00,1303.98,1307.09,1294.67,1304.27
2016-11-06 22:00:00,1292.27,1295.77,1278.09,1281.38
2016-11-07 22:00:00,1282.47,1290.57,1272.76,1275.54
2016-11-08 22:00:00,1273.10,1337.16,1267.91,1277.11
2016-11-09 22:00:00,1278.44,1292.13,1252.18,1259.29
2016-11-10 22:00:00,1259.14,1265.31,1219.03,1227.24
2016-11-13 22:00:00,1228.97,1231.15,1211.44,1220.09
2016-11-14 22:00:00,1221.37,1231.45,1218.77,1228.35
2016-11-15 22:00:00,1228.05,1232.96,1221.39,1224.81
2016-11-16 22:00:00,1225.33,1231.33,1210.95,1216.73
2016-11-17 22:00:00,1216.54,1217.63,1202.74,1208.51
2016-11-20 22:00:00,1207.44,1217.53,1205.47,1213.94
2016-11-21 22:00:00,1213.33,1220.95,1206.04,1211.85
2016-11-22 22:00:00,1213.11,1214.87,1181.58,1186.87
2016-11-23 22:00:00,1188.36,1190.80,1180.23,1184.03
2016-11-24 22:00:00,1184.90,1193.14,1170.11,1183.71
2016-11-27 22:00:00,1185.72,1197.53,1182.91,1192.84
2016-11-28 22:00:00,1193.28,1194.94,1180.98,1188.15
2016-11-29 22:00:00,1188.19,1194.83,1170.63,1172.62
2016-11-30 22:00:00,1173.73,1176.60,1160.63,1171.29
2016-12-01 22:00:00,1172.43,1178.04,1166.60,1176.87
2016-12-04 22:00:00,1185.41,1187.93,1157.04,1170.03
2016-12-05 22:00:00,1169.85,1175.24,1166.68,1169.44
2016-12-06 22:00:00,1169.38,1180.17,1165.51,1173.50
2016-12-07 22:00:00,1174.18,1178.57,1169.12,1170.35
2016-12-08 22:00:00,1170.07,1171.96,1156.16,1158.35
2016-12-11 22:00:00,1158.46,1165.72,1151.14,1161.83
2016-12-12 22:00:00,1163.08,1164.87,1154.51,1158.06
2016-12-13 22:00:00,1158.47,1165.09,1139.04,1142.94
2016-12-14 22:00:00,1142.16,1144.28,1122.62,1127.96
2016-12-15 22:00:00,1128.33,1141.16,1126.54,1134.65
2016-12-18 22:00:00,1135.79,1142.24,1134.73,1138.47
2016-12-19 22:00:00,1138.46,1139.73,1125.67,1131.73
2016-12-20 22:00:00,1132.56,1137.03,1129.25,1131.59
2016-12-21 22:00:00,1131.34,1134.03,1127.37,1128.20
2016-12-22 22:00:00,1128.30,1135.72,1126.77,1133.39
2016-12-26 22:00:00,1134.39,1150.69,1131.58,1138.86
2016-12-27 22:00:00,1139.11,1144.41,1136.45,1141.55
2016-12-28 22:00:00,1142.37,1159.40,1141.65,1157.83
2016-12-29 22:00:00,1157.87,1163.15,1146.41,1152.12
2017-01-02 22:00:00,1151.67,1164.35,1145.95,1159.09
2017-01-03 22:00:00,1158.75,1167.83,1156.07,1162.64
2017-01-04 22:00:00,1163.10,1184.94,1162.87,1180.30
2017-01-05 22:00:00,1179.64,1182.92,1170.84,1172.59
2017-01-08 22:00:00,1172.87,1186.08,1172.38,1181.01
2017-01-09 22:00:00,1181.87,1190.53,1180.11,1187.41
2017-01-10 22:00:00,1187.53,1198.17,1177.11,1191.44
2017-01-11 22:00:00,1192.25,1206.88,1191.87,1195.38
2017-01-12 22:00:00,1194.36,1201.18,1187.86,1197.33
2017-01-15 22:00:00,1198.74,1208.48,1198.07,1202.50
2017-01-16 22:00:00,1202.95,1218.77,1202.77,1216.56
2017-01-17 22:00:00,1216.48,1217.41,1202.26,1203.59
2017-01-18 22:00:00,1204.57,1206.41,1195.79,1204.73
2017-01-19 22:00:00,1204.60,1214.87,1198.53,1209.94
2017-01-22 22:00:00,1210.98,1219.39,1209.19,1217.80
2017-01-23 22:00:00,1219.00,1219.40,1206.52,1208.67
2017-01-24 22:00:00,1209.31,1209.73,1193.22,1199.60
2017-01-25 22:00:00,1200.67,1202.52,1184.31,1188.38
2017-01-26 22:00:00,1189.02,1191.59,1180.48,1191.49
2017-01-29 22:00:00,1192.87,1199.33,1188.20,1195.20
2017-01-30 22:00:00,1195.28,1215.23,1193.65,1210.36
2017-01-31 22:00:00,1210.48,1213.14,1198.10,1209.70
2017-02-01 22:00:00,1208.91,1225.21,1208.26,1215.74
2017-02-02 22:00:00,1214.92,1221.31,1207.00,1219.95
2017-02-05 22:00:00,1222.26,1235.55,1219.11,1235.45
2017-02-06 22:00:00,1234.33,1235.71,1227.68,1233.49
2017-02-07 22:00:00,1233.76,1244.64,1229.99,1241.68
2017-02-08 22:00:00,1240.85,1244.44,1225.40,1227.53
2017-02-09 22:00:00,1228.48,1237.04,1221.57,1233.68
2017-02-12 22:00:00,1230.76,1232.22,1219.26,1225.20
2017-02-13 22:00:00,1225.23,1234.42,1221.84,1228.57
2017-02-14 22:00:00,1228.39,1233.16,1216.64,1232.81
2017-02-15 22:00:00,1233.43,1242.30,1231.99,1239.01
2017-02-16 22:00:00,1238.66,1243.71,1234.24,1234.83
2017-02-19 22:00:00,1235.66,1238.89,1232.70,1237.42
2017-02-20 22:00:00,1237.07,1238.75,1226.04,1235.75
2017-02-21 22:00:00,1235.82,1240.54,1231.14,1237.45
2017-02-22 22:00:00,1236.83,1251.03,1235.69,1249.19
2017-02-23 22:00:00,1249.35,1260.05,1247.68,1256.98
2017-02-26 22:00:00,1256.22,1263.79,1250.91,1252.70
2017-02-27 22:00:00,1252.56,1258.32,1247.58,1248.00
2017-02-28 22:00:00,1248.50,1250.57,1236.86,1249.23
2017-03-01 22:00:00,1248.49,1248.92,1230.93,1234.17
2017-03-02 22:00:00,1234.20,1236.21,1222.84,1234.42
2017-03-05 22:00:00,1233.17,1236.76,1224.81,1225.18
2017-03-06 22:00:00,1225.58,1227.12,1214.12,1215.72
2017-03-07 22:00:00,1215.85,1218.49,1206.59,1207.75
2017-03-08 22:00:00,1208.26,1208.92,1199.17,1200.24
2017-03-09 22:00:00,1200.80,1206.25,1194.91,1204.43
2017-03-12 22:00:00,1206.11,1211.11,1202.39,1203.70
2017-03-13 22:00:00,1202.07,1207.53,1197.23,1198.47
2017-03-14 22:00:00,1199.11,1221.97,1197.47,1218.59
2017-03-15 22:00:00,1218.88,1233.67,1218.54,1226.01
2017-03-16 22:00:00,1226.43,1231.60,1224.42,1229.25
2017-03-19 22:00:00,1230.53,1235.45,1229.29,1234.12
2017-03-20 22:00:00,1234.42,1247.53,1226.82,1244.85
2017-03-21 22:00:00,1245.36,1251.23,1243.89,1248.78
2017-03-22 22:00:00,1247.43,1253.22,1242.71,1245.37
2017-03-23 22:00:00,1244.78,1251.77,1240.92,1245.57
2017-03-26 21:00:00,1248.09,1260.97,1248.04,1254.09
2017-03-27 21:00:00,1253.61,1258.33,1247.61,1251.47
2017-03-28 21:00:00,1250.94,1254.57,1247.25,1253.07
2017-03-29 21:00:00,1252.74,1253.74,1242.32,1243.43
2017-03-30 21:00:00,1243.57,1250.50,1239.61,1248.96
2017-04-02 21:00:00,1247.94,1253.62,1244.41,1252.80
2017-04-03 21:00:00,1254.15,1261.22,1253.95,1255.98
2017-04-04 21:00:00,1255.73,1257.24,1243.65,1255.21
2017-04-05 21:00:00,1255.76,1258.82,1249.72,1251.77
2017-04-06 21:00:00,1251.71,1270.83,1250.52,1254.30
2017-04-09 21:00:00,1254.60,1257.01,1247.08,1254.63
2017-04-10 21:00:00,1255.08,1275.06,1253.00,1273.93
2017-04-11 21:00:00,1273.74,1286.62,1271.82,1286.55
2017-04-12 21:00:00,1285.10,1288.54,1281.78,1287.44
2017-04-16 21:00:00,1291.28,1295.45,1281.31,1284.84
2017-04-17 21:00:00,1284.47,1292.24,1278.90,1289.80
2017-04-18 21:00:00,1289.49,1290.61,1273.98,1279.14
2017-04-19 21:00:00,1279.44,1283.36,1276.58,1281.43
2017-04-20 21:00:00,1281.47,1288.18,1278.42,1284.29
2017-04-23 21:00:00,1268.39,1277.34,1265.40,1275.39
2017-04-24 21:00:00,1275.49,1278.05,1261.56,1263.32
2017-04-25 21:00:00,1263.39,1270.54,1260.00,1269.20
2017-04-26 21:00:00,1268.83,1269.49,1261.12,1264.23
2017-04-27 21:00:00,1263.98,1268.46,1262.95,1267.99
2017-04-30 21:00:00,1268.56,1271.15,1254.15,1256.87
2017-05-01 21:00:00,1255.78,1257.70,1251.92,1256.75
2017-05-02 21:00:00,1256.23,1256.87,1235.81,1238.55
2017-05-03 21:00:00,1237.87,1241.22,1225.68,1227.46
2017-05-04 21:00:00,1228.61,1235.51,1226.01,1227.56
2017-05-07 21:00:00,1224.98,1236.50,1224.98,1226.21
2017-05-08 21:00:00,1226.40,1228.54,1214.23,1221.26
2017-05-09 21:00:00,1220.91,1225.58,1217.51,1218.99
2017-05-10 21:00:00,1219.10,1227.65,1216.92,1224.83
2017-05-11 21:00:00,1225.34,1231.69,1224.36,1228.48
2017-05-14 21:00:00,1229.93,1237.27,1226.90,1230.08
2017-05-15 21:00:00,1231.09,1239.05,1230.23,1236.95
2017-05-16 21:00:00,1236.57,1261.12,1236.39,1260.41
2017-05-17 21:00:00,1259.85,1265.00,1245.96,1246.56
2017-05-18 21:00:00,1246.43,1256.33,1246.43,1255.33
2017-05-21 21:00:00,1255.04,1262.48,1251.74,1260.09
2017-05-22 21:00:00,1260.32,1263.72,1249.92,1251.33
2017-05-23 21:00:00,1251.49,1258.87,1247.85,1258.33
2017-05-24 21:00:00,1258.01,1259.58,1253.77,1255.69
2017-05-25 21:00:00,1255.56,1269.39,1253.12,1266.94
2017-05-28 21:00:00,1267.29,1269.10,1264.94,1266.50
2017-05-29 21:00:00,1266.75,1270.41,1259.31,1263.10
2017-05-30 21:00:00,1262.52,1274.08,1259.51,1268.70
2017-05-31 21:00:00,1268.67,1270.24,1261.45,1265.62
2017-06-01 21:00:00,1265.68,1279.40,1258.93,1278.56
2017-06-04 21:00:00,1279.53,1283.34,1277.70,1279.43
2017-06-05 21:00:00,1280.07,1296.01,1279.58,1293.92
2017-06-06 21:00:00,1294.18,1294.37,1282.63,1286.83
2017-06-07 21:00:00,1286.59,1288.85,1271.29,1278.69
2017-06-08 21:00:00,1279.93,1280.67,1264.57,1266.60
2017-06-11 21:00:00,1266.50,1270.26,1263.51,1265.66
2017-06-12 21:00:00,1265.67,1268.87,1259.11,1266.26
2017-06-13 21:00:00,1266.44,1280.85,1257.16,1261.83
2017-06-14 21:00:00,1260.02,1266.64,1251.36,1253.91
2017-06-15 21:00:00,1254.32,1257.07,1251.76,1253.38
2017-06-18 21:00:00,1253.34,1255.58,1242.97,1243.25
2017-06-19 21:00:00,1243.86,1248.04,1241.25,1242.82
2017-06-20 21:00:00,1243.70,1247.76,1240.78,1246.08
2017-06-21 21:00:00,1246.32,1254.68,1246.08,1250.40
2017-06-22 21:00:00,1250.99,1258.80,1249.76,1256.61
2017-06-25 21:00:00,1257.36,1258.03,1236.01,1244.30
2017-06-26 21:00:00,1244.29,1253.06,1241.26,1246.80
2017-06-27 21:00:00,1247.07,1254.76,1247.02,1248.85
2017-06-28 21:00:00,1249.29,1253.11,1239.75,1245.10
2017-06-29 21:00:00,1245.86,1248.15,1239.17,1241.43
2017-07-02 21:00:00,1242.12,1242.63,1218.41,1219.46
2017-07-03 21:00:00,1221.50,1226.46,1220.53,1223.38
2017-07-04 21:00:00,1224.02,1228.76,1217.38,1226.83
2017-07-05 21:00:00,1226.91,1229.09,1222.45,1224.60
2017-07-06 21:00:00,1224.79,1228.33,1207.26,1212.20
2017-07-09 21:00:00,1213.48,1215.50,1204.81,1214.25
2017-07-10 21:00:00,1214.40,1217.35,1208.13,1217.21
2017-07-11 21:00:00,1216.70,1225.67,1213.39,1220.14
2017-07-12 21:00:00,1218.45,1224.36,1216.47,1217.50
2017-07-13 21:00:00,1217.39,1232.77,1214.73,1228.81
2017-07-16 21:00:00,1229.55,1235.95,1228.19,1233.61
2017-07-17 21:00:00,1233.94,1244.51,1232.75,1242.03
2017-07-18 21:00:00,1242.79,1243.95,1235.84,1241.13
2017-07-19 21:00:00,1241.05,1247.50,1235.23,1244.62
2017-07-20 21:00:00,1244.22,1255.63,1243.33,1254.70
2017-07-23 21:00:00,1255.30,1258.74,1251.86,1255.31
2017-07-24 21:00:00,1254.62,1257.68,1249.05,1249.71
2017-07-25 21:00:00,1249.71,1263.46,1243.69,1260.84
2017-07-26 21:00:00,1260.10,1265.17,1254.44,1258.42
2017-07-27 21:00:00,1259.16,1270.76,1257.29,1268.91
2017-07-30 21:00:00,1270.54,1271.04,1265.70,1269.37
2017-07-31 21:00:00,1269.47,1274.04,1262.57,1268.92
2017-08-01 21:00:00,1268.61,1272.75,1262.79,1266.18
2017-08-02 21:00:00,1266.13,1270.75,1256.77,1268.85
2017-08-03 21:00:00,1268.41,1270.10,1254.12,1258.73
2017-08-06 21:00:00,1257.14,1259.82,1255.69,1257.67
2017-08-07 21:00:00,1257.07,1265.12,1251.44,1260.74
2017-08-08 21:00:00,1260.91,1278.64,1260.71,1277.39
2017-08-09 21:00:00,1277.32,1287.76,1274.57,1286.25
2017-08-10 21:00:00,1286.13,1291.93,1281.23,1290.41
2017-08-13 21:00:00,1289.31,1289.43,1278.54,1281.30
2017-08-14 21:00:00,1280.97,1281.87,1267.23,1271.52
2017-08-15 21:00:00,1271.35,1283.75,1267.70,1283.08
2017-08-16 21:00:00,1283.65,1290.08,1281.74,1287.74
2017-08-17 21:00:00,1288.59,1300.74,1283.40,1284.62
2017-08-20 21:00:00,1282.99,1293.68,1280.51,1291.59
2017-08-21 21:00:00,1290.75,1292.49,1281.90,1284.96
2017-08-22 21:00:00,1284.55,1291.42,1282.72,1290.44
2017-08-23 21:00:00,1290.36,1291.10,1284.40,1286.15
2017-08-24 21:00:00,1286.06,1294.52,1276.37,1291.47
2017-08-27 21:00:00,1292.48,1312.03,1291.78,1309.61
2017-08-28 21:00:00,1314.13,1325.94,1304.97,1309.48
2017-08-29 21:00:00,1310.24,1313.68,1305.11,1308.15
2017-08-30 21:00:00,1308.40,1323.53,1298.78,1321.41
2017-08-31 21:00:00,1321.85,1328.76,1316.35,1324.59
2017-09-03 21:00:00,1335.18,1339.72,1331.73,1333.96
2017-09-04 21:00:00,1333.49,1344.25,1326.22,1339.95
2017-09-05 21:00:00,1339.61,1342.39,1331.55,1334.01
2017-09-06 21:00:00,1334.05,1349.78,1332.48,1349.31
2017-09-07 21:00:00,1348.58,1357.42,1342.71,1346.48
2017-09-10 21:00:00,1338.93,1339.96,1326.34,1327.25
2017-09-11 21:00:00,1327.45,1331.80,1322.52,1331.26
2017-09-12 21:00:00,1333.21,1334.59,1320.77,1323.00
2017-09-13 21:00:00,1323.07,1330.55,1315.60,1329.56
2017-09-14 21:00:00,1330.58,1334.24,1319.49,1320.29
2017-09-17 21:00:00,1318.33,1319.59,1304.56,1307.19
2017-09-18 21:00:00,1307.67,1311.60,1305.06,1310.90
2017-09-19 21:00:00,1310.63,1315.94,1295.91,1300.08
2017-09-20 21:00:00,1301.41,1301.61,1288.08,1291.22
2017-09-21 21:00:00,1291.63,1298.61,1291.20,1296.89
2017-09-24 21:00:00,1295.97,1311.88,1289.64,1310.28
2017-09-25 21:00:00,1309.55,1313.56,1292.06,1293.80
2017-09-26 21:00:00,1293.26,1296.14,1281.40,1282.16
2017-09-27 21:00:00,1283.22,1288.71,1277.65,1286.98
2017-09-28 21:00:00,1286.63,1290.25,1275.92,1279.37
2017-10-01 21:00:00,1278.95,1279.12,1269.52,1270.95
2017-10-02 21:00:00,1270.67,1274.68,1268.22,1271.54
2017-10-03 21:00:00,1271.44,1282.12,1270.44,1274.64
2017-10-04 21:00:00,1274.97,1278.92,1266.09,1267.57
2017-10-05 21:00:00,1268.72,1276.24,1260.54,1276.17
2017-10-08 21:00:00,1275.91,1285.36,1275.16,1283.94
2017-10-09 21:00:00,1283.73,1294.13,1282.02,1287.92
2017-10-10 21:00:00,1287.85,1293.42,1284.49,1291.32
2017-10-11 21:00:00,1291.53,1297.39,1289.52,1293.27
2017-10-12 21:00:00,1293.66,1303.64,1290.82,1303.30
2017-10-15 21:00:00,1303.33,1305.91,1290.31,1294.57
2017-10-16 21:00:00,1295.88,1296.11,1281.22,1285.14
2017-10-17 21:00:00,1284.93,1288.78,1276.85,1280.81
2017-10-18 21:00:00,1281.37,1290.18,1276.45,1289.36
2017-10-19 21:00:00,1289.44,1290.90,1277.83,1280.11
2017-10-22 21:00:00,1277.23,1283.13,1272.39,1281.93
2017-10-23 21:00:00,1281.54,1283.51,1273.60,1276.47
2017-10-24 21:00:00,1276.32,1279.95,1270.88,1277.36
2017-10-25 21:00:00,1277.97,1282.38,1265.60,1266.90
2017-10-26 21:00:00,1267.59,1273.66,1263.62,1273.43
2017-10-29 22:00:00,1273.28,1278.67,1268.80,1276.01
2017-10-30 22:00:00,1275.99,1278.01,1267.53,1271.00
2017-10-31 22:00:00,1270.32,1280.71,1267.85,1274.52
2017-11-01 22:00:00,1275.35,1283.96,1273.28,1276.15
2017-11-02 22:00:00,1277.25,1280.05,1265.37,1270.03
2017-11-05 22:00:00,1269.42,1282.79,1265.98,1281.49
2017-11-06 22:00:00,1281.09,1281.30,1271.71,1275.23
2017-11-07 22:00:00,1276.68,1287.07,1275.84,1281.16
2017-11-08 22:00:00,1281.48,1288.31,1279.82,1284.63
2017-11-09 22:00:00,1285.26,1286.93,1273.32,1275.60
2017-11-12 22:00:00,1274.95,1279.62,1274.19,1277.94
2017-11-13 22:00:00,1277.89,1283.45,1269.80,1280.32
2017-11-14 22:00:00,1279.84,1289.39,1276.57,1278.34
2017-11-15 22:00:00,1278.37,1281.67,1274.99,1278.30
2017-11-16 22:00:00,1278.52,1296.77,1278.16,1294.11
2017-11-19 22:00:00,1293.14,1294.62,1274.46,1276.65
2017-11-20 22:00:00,1277.74,1284.60,1276.18,1280.37
2017-11-21 22:00:00,1280.68,1294.52,1278.93,1291.94
2017-11-22 22:00:00,1291.58,1293.44,1286.82,1290.93
2017-11-23 22:00:00,1290.91,1293.13,1285.49,1288.27
2017-11-26 22:00:00,1288.10,1299.08,1286.62,1294.26
2017-11-27 22:00:00,1294.55,1297.28,1290.53,1293.75
2017-11-28 22:00:00,1293.42,1296.54,1281.90,1283.24
2017-11-29 22:00:00,1284.25,1285.16,1270.22,1274.70
2017-11-30 22:00:00,1275.02,1289.07,1271.50,1279.88
2017-12-03 22:00:00,1273.95,1277.02,1270.89,1275.94
2017-12-04 22:00:00,1276.38,1276.90,1260.86,1265.66
2017-12-05 22:00:00,1265.99,1269.13,1262.43,1263.12
2017-12-06 22:00:00,1263.66,1264.31,1243.78,1246.64
2017-12-07 22:00:00,1247.58,1252.23,1243.60,1248.04
2017-12-10 22:00:00,1247.73,1251.40,1240.58,1241.54
2017-12-11 22:00:00,1242.10,1246.09,1236.37,1243.77
2017-12-12 22:00:00,1243.80,1256.92,1240.12,1255.51
2017-12-13 22:00:00,1254.01,1258.95,1250.35,1252.50
2017-12-14 22:00:00,1252.95,1261.72,1252.94,1255.33
2017-12-17 22:00:00,1254.14,1263.83,1252.62,1261.62
2017-12-18 22:00:00,1261.66,1265.11,1259.11,1261.64
2017-12-19 22:00:00,1261.44,1267.70,1261.25,1265.37
2017-12-20 22:00:00,1265.76,1268.80,1262.64,1266.52
2017-12-21 22:00:00,1266.21,1276.02,1264.84,1275.28
2017-12-25 22:00:00,1278.14,1283.58,1276.92,1283.08
2017-12-26 22:00:00,1282.27,1288.80,1281.22,1287.01
2017-12-27 22:00:00,1287.32,1295.07,1286.59,1294.86
2017-12-28 22:00:00,1294.06,1307.41,1293.73,1302.54
2018-01-01 22:00:00,1309.81,1318.80,1308.40,1317.82
2018-01-02 22:00:00,1317.27,1321.24,1307.31,1312.78
2018-01-03 22:00:00,1312.74,1325.84,1305.70,1322.69
2018-01-04 22:00:00,1321.96,1323.26,1313.55,1319.90
2018-01-07 22:00:00,1320.69,1322.00,1314.65,1320.27
2018-01-08 22:00:00,1319.49,1320.04,1308.26,1312.61
2018-01-09 22:00:00,1311.82,1327.60,1307.96,1316.59
2018-01-10 22:00:00,1317.13,1323.79,1315.58,1322.34
2018-01-11 22:00:00,1322.35,1339.21,1321.62,1338.17
2018-01-14 22:00:00,1336.05,1344.60,1335.92,1339.93
2018-01-15 22:00:00,1339.42,1342.13,1331.66,1338.37
2018-01-16 22:00:00,1339.20,1343.82,1326.28,1326.61
2018-01-17 22:00:00,1327.51,1332.96,1324.14,1327.04
2018-01-18 22:00:00,1327.54,1337.86,1326.66,1331.43
2018-01-21 22:00:00,1335.05,1335.44,1328.27,1333.87
2018-01-22 22:00:00,1333.40,1341.64,1331.24,1341.11
2018-01-23 22:00:00,1340.92,1362.02,1339.42,1357.97
2018-01-24 22:00:00,1357.25,1365.92,1342.33,1348.22
2018-01-25 22:00:00,1347.00,1356.96,1344.46,1350.00
2018-01-28 22:00:00,1351.03,1352.39,1337.57,1340.32
2018-01-29 22:00:00,1341.30,1348.90,1334.44,1338.59
2018-01-30 22:00:00,1337.42,1347.57,1332.75,1344.94
2018-01-31 22:00:00,1343.39,1350.97,1337.24,1348.39
2018-02-01 22:00:00,1347.81,1350.06,1327.43,1332.57
2018-02-04 22:00:00,1331.64,1341.59,1328.99,1339.56
2018-02-05 22:00:00,1338.91,1346.08,1320.18,1324.40
2018-02-06 22:00:00,1324.64,1332.30,1311.38,1318.29
2018-02-07 22:00:00,1317.34,1322.02,1307.04,1318.34
2018-02-08 22:00:00,1319.11,1322.63,1311.12,1315.64
2018-02-11 22:00:00,1315.38,1326.69,1315.13,1322.86
2018-02-12 22:00:00,1323.63,1331.02,1321.59,1328.99
2018-02-13 22:00:00,1329.72,1355.50,1317.30,1350.14
2018-02-14 22:00:00,1350.64,1357.07,1348.53,1353.07
2018-02-15 22:00:00,1353.79,1361.69,1344.71,1347.43
2018-02-18 22:00:00,1349.69,1351.34,1345.78,1346.60
2018-02-19 22:00:00,1347.90,1348.09,1328.44,1329.33
2018-02-20 22:00:00,1329.49,1336.22,1322.14,1324.37
2018-02-21 22:00:00,1324.39,1332.07,1320.93,1331.85
2018-02-22 22:00:00,1331.78,1332.13,1325.78,1328.78
2018-02-25 22:00:00,1329.83,1341.00,1326.65,1332.93
2018-02-26 22:00:00,1333.30,1336.70,1313.41,1318.29
2018-02-27 22:00:00,1318.39,1322.49,1315.59,1318.08
2018-02-28 22:00:00,1319.02,1321.07,1302.76,1317.16
2018-03-01 22:00:00,1316.47,1325.42,1315.20,1322.12
2018-03-04 22:00:00,1323.71,1327.73,1317.53,1319.88
2018-03-05 22:00:00,1320.55,1338.46,1320.21,1334.30
2018-03-06 22:00:00,1339.55,1340.37,1322.20,1325.35
2018-03-07 22:00:00,1325.64,1329.00,1318.87,1322.14
2018-03-08 22:00:00,1321.32,1325.14,1312.83,1323.36
2018-03-11 22:00:00,1322.86,1324.13,1315.04,1322.70
2018-03-12 22:00:00,1323.54,1328.28,1313.73,1326.31
2018-03-13 22:00:00,1325.85,1330.01,1321.46,1324.74
2018-03-14 22:00:00,1323.80,1327.88,1314.93,1316.44
2018-03-15 22:00:00,1315.92,1321.72,1309.60,1313.47
2018-03-18 22:00:00,1313.14,1319.58,1307.76,1317.02
2018-03-19 22:00:00,1317.30,1318.24,1307.17,1311.06
2018-03-20 22:00:00,1311.54,1336.60,1309.79,1331.80
2018-03-21 22:00:00,1331.83,1334.86,1324.77,1328.61
2018-03-22 22:00:00,1330.61,1350.20,1330.61,1347.51
2018-03-25 21:00:00,1348.15,1355.87,1343.46,1353.44
2018-03-26 21:00:00,1352.90,1356.84,1339.84,1344.59
2018-03-27 21:00:00,1345.61,1346.99,1323.44,1324.83
2018-03-28 21:00:00,1324.36,1328.30,1321.21,1325.04
2018-04-01 21:00:00,1325.80,1344.84,1324.81,1341.04
2018-04-02 21:00:00,1340.61,1342.45,1328.88,1332.54
2018-04-03 21:00:00,1332.58,1348.22,1331.49,1333.24
2018-04-04 21:00:00,1333.10,1334.85,1322.72,1326.37
2018-04-05 21:00:00,1327.25,1335.42,1319.50,1332.69
2018-04-08 21:00:00,1333.49,1337.95,1326.85,1336.06
2018-04-09 21:00:00,1336.61,1342.53,1331.06,1339.08
2018-04-10 21:00:00,1339.54,1365.20,1339.49,1353.08
2018-04-11 21:00:00,1352.57,1353.15,1333.71,1334.87
2018-04-12 21:00:00,1335.54,1347.10,1333.05,1345.07
2018-04-15 21:00:00,1342.69,1350.48,1340.11,1345.59
2018-04-16 21:00:00,1345.89,1349.36,1337.65,1347.17
2018-04-17 21:00:00,1347.12,1355.67,1342.27,1349.21
2018-04-18 21:00:00,1349.17,1354.65,1340.93,1345.70
2018-04-19 21:00:00,1345.68,1346.15,1334.94,1335.44
2018-04-22 21:00:00,1334.69,1335.43,1322.11,1324.76
2018-04-23 21:00:00,1324.78,1332.64,1322.11,1330.77
2018-04-24 21:00:00,1330.06,1332.03,1318.76,1322.88
2018-04-25 21:00:00,1322.09,1326.57,1315.26,1317.01
2018-04-26 21:00:00,1317.36,1325.19,1315.37,1322.91
2018-04-29 21:00:00,1322.78,1324.88,1310.18,1314.98
2018-04-30 21:00:00,1316.11,1316.32,1301.74,1304.00
2018-05-01 21:00:00,1304.61,1313.43,1303.88,1304.92
2018-05-02 21:00:00,1305.61,1318.06,1305.39,1312.19
2018-05-03 21:00:00,1312.34,1315.32,1307.93,1314.60
2018-05-06 21:00:00,1314.89,1318.86,1310.21,1314.20
2018-05-07 21:00:00,1314.30,1317.77,1305.92,1314.67
2018-05-08 21:00:00,1314.99,1317.38,1304.28,1312.36
2018-05-09 21:00:00,1312.19,1322.82,1310.72,1321.05
2018-05-10 21:00:00,1321.28,1325.90,1316.86,1317.93
2018-05-13 21:00:00,1318.11,1322.29,1312.91,1313.13
2018-05-14 21:00:00,1314.14,1314.84,1288.66,1290.77
2018-05-15 21:00:00,1290.69,1296.87,1286.38,1290.48
2018-05-16 21:00:00,1290.96,1294.34,1284.93,1290.77
2018-05-17 21:00:00,1290.49,1294.18,1286.06,1292.48
2018-05-20 21:00:00,1291.52,1293.12,1282.00,1292.48
2018-05-21 21:00:00,1292.62,1296.09,1287.90,1291.02
2018-05-22 21:00:00,1291.23,1298.28,1287.54,1293.18
2018-05-23 21:00:00,1293.90,1306.59,1292.72,1304.25
2018-05-24 21:00:00,1304.84,1307.75,1299.83,1300.52
2018-05-27 21:00:00,1299.41,1300.30,1295.48,1298.02
2018-05-28 21:00:00,1297.64,1306.57,1292.48,1298.64
2018-05-29 21:00:00,1299.68,1304.28,1295.86,1301.55
2018-05-30 21:00:00,1301.70,1306.43,1297.26,1298.24
2018-05-31 21:00:00,1298.89,1300.54,1289.34,1293.27
2018-06-03 21:00:00,1293.04,1298.08,1290.15,1291.81
2018-06-04 21:00:00,1292.18,1300.50,1289.69,1296.49
2018-06-05 21:00:00,1296.84,1301.76,1293.73,1295.95
2018-06-06 21:00:00,1296.61,1303.09,1294.82,1296.71
2018-06-07 21:00:00,1297.30,1300.51,1292.05,1298.60
2018-06-10 21:00:00,1299.10,1302.20,1294.02,1300.35
2018-06-11 21:00:00,1299.92,1300.23,1292.76,1295.52
2018-06-12 21:00:00,1295.44,1301.20,1291.82,1299.46
2018-06-13 21:00:00,1299.85,1309.28,1297.48,1302.25
2018-06-14 21:00:00,1302.16,1303.07,1275.33,1280.19
2018-06-17 21:00:00,1279.13,1282.39,1276.99,1278.20
2018-06-18 21:00:00,1278.88,1283.99,1270.31,1274.46
2018-06-19 21:00:00,1274.94,1276.38,1267.56,1267.56
2018-06-20 21:00:00,1268.05,1270.06,1261.29,1267.24
2018-06-21 21:00:00,1267.38,1271.03,1266.58,1269.21
2018-06-24 21:00:00,1271.37,1272.56,1264.40,1265.32
2018-06-25 21:00:00,1266.04,1267.61,1254.71,1258.45
2018-06-26 21:00:00,1258.44,1260.05,1250.59,1251.79
2018-06-27 21:00:00,1252.31,1254.24,1245.84,1248.14
2018-06-28 21:00:00,1248.01,1255.57,1245.99,1252.74
2018-07-01 21:00:00,1252.73,1254.15,1239.63,1241.49
2018-07-02 21:00:00,1241.89,1256.85,1237.82,1252.78
2018-07-03 21:00:00,1252.47,1261.07,1252.34,1256.47
2018-07-04 21:00:00,1256.24,1259.68,1251.24,1257.17
2018-07-05 21:00:00,1257.20,1258.94,1252.69,1254.56
2018-07-08 21:00:00,1255.25,1265.84,1254.83,1257.41
2018-07-09 21:00:00,1257.64,1260.24,1247.28,1255.93
2018-07-10 21:00:00,1255.70,1256.84,1241.41,1242.18
2018-07-11 21:00:00,1242.46,1248.50,1241.24,1246.94
2018-07-12 21:00:00,1246.83,1248.04,1236.30,1241.06
2018-07-15 21:00:00,1241.27,1245.51,1238.28,1240.80
2018-07-16 21:00:00,1240.73,1244.94,1226.02,1227.28
2018-07-17 21:00:00,1227.67,1229.10,1220.98,1227.50
2018-07-18 21:00:00,1226.98,1228.98,1211.45,1222.86
2018-07-19 21:00:00,1223.75,1232.22,1215.63,1231.59
2018-07-22 21:00:00,1230.39,1235.15,1222.19,1224.42
2018-07-23 21:00:00,1224.75,1229.45,1218.10,1224.45
2018-07-24 21:00:00,1224.42,1234.14,1223.16,1231.57
2018-07-25 21:00:00,1231.46,1235.18,1222.29,1222.84
2018-07-26 21:00:00,1223.57,1227.32,1217.51,1222.81
2018-07-29 21:00:00,1223.34,1225.03,1218.96,1221.28
2018-07-30 21:00:00,1221.54,1228.53,1213.93,1223.94
2018-07-31 21:00:00,1224.13,1224.76,1215.69,1216.05
2018-08-01 21:00:00,1216.52,1221.05,1206.97,1207.72
2018-08-02 21:00:00,1208.68,1219.98,1204.40,1213.14
2018-08-05 21:00:00,1213.61,1217.85,1206.48,1207.10
2018-08-06 21:00:00,1208.09,1216.10,1207.65,1210.58
2018-08-07 21:00:00,1211.01,1215.82,1206.35,1213.38
2018-08-08 21:00:00,1213.62,1217.31,1210.72,1212.16
2018-08-09 21:00:00,1212.55,1217.09,1205.70,1211.38
2018-08-12 21:00:00,1212.51,1213.80,1191.60,1193.64
2018-08-13 21:00:00,1194.01,1198.67,1191.99,1193.93
2018-08-14 21:00:00,1194.26,1194.66,1173.07,1174.65
2018-08-15 21:00:00,1175.55,1182.02,1160.07,1173.93
2018-08-16 21:00:00,1173.69,1185.00,1171.79,1184.17
2018-08-19 21:00:00,1183.46,1190.79,1182.60,1190.36
2018-08-20 21:00:00,1190.37,1196.91,1187.65,1196.12
2018-08-21 21:00:00,1196.05,1201.52,1192.54,1195.42
2018-08-22 21:00:00,1195.89,1196.54,1183.80,1185.27
2018-08-23 21:00:00,1185.30,1208.49,1183.18,1205.88
2018-08-26 21:00:00,1207.20,1212.33,1203.11,1211.07
2018-08-27 21:00:00,1210.81,1214.21,1199.53,1200.96
2018-08-28 21:00:00,1201.47,1207.26,1201.29,1206.53
2018-08-29 21:00:00,1206.91,1207.81,1196.17,1199.61
2018-08-30 21:00:00,1200.00,1208.77,1198.21,1200.78
2018-09-02 21:00:00,1200.68,1203.84,1195.60,1201.25
2018-09-03 21:00:00,1200.67,1201.93,1189.56,1191.03
2018-09-04 21:00:00,1191.72,1198.37,1190.79,1196.48
2018-09-05 21:00:00,1197.13,1206.95,1195.74,1199.97
2018-09-06 21:00:00,1200.33,1203.48,1193.41,1195.83
2018-09-09 21:00:00,1196.35,1198.49,1191.44,1195.57
2018-09-10 21:00:00,1195.46,1199.32,1187.66,1198.37
2018-09-11 21:00:00,1197.99,1208.43,1192.63,1206.06
2018-09-12 21:00:00,1206.47,1212.60,1200.07,1201.26
2018-09-13 21:00:00,1201.63,1208.52,1192.84,1193.43
2018-09-16 21:00:00,1193.67,1204.77,1192.75,1200.93
2018-09-17 21:00:00,1201.38,1203.48,1195.82,1198.04
2018-09-18 21:00:00,1197.95,1206.16,1197.92,1203.68
2018-09-19 21:00:00,1203.81,1208.40,1201.23,1207.07
2018-09-20 21:00:00,1206.75,1211.03,1191.78,1199.10
2018-09-23 21:00:00,1198.88,1204.12,1194.36,1198.66
2018-09-24 21:00:00,1198.93,1203.34,1197.01,1201.06
2018-09-25 21:00:00,1201.33,1202.44,1190.47,1194.22
2018-09-26 21:00:00,1194.83,1198.52,1181.84,1182.52
2018-09-27 21:00:00,1183.34,1193.94,1180.66,1191.51
2018-09-30 21:00:00,1191.89,1192.15,1184.51,1188.66
2018-10-01 21:00:00,1188.81,1208.19,1188.67,1202.74
2018-10-02 21:00:00,1203.98,1208.25,1196.43,1196.85
2018-10-03 21:00:00,1197.97,1206.74,1195.95,1199.72
2018-10-04 21:00:00,1199.65,1205.76,1197.20,1202.75
2018-10-07 21:00:00,1203.18,1204.04,1183.33,1187.96
2018-10-08 21:00:00,1188.20,1191.81,1183.16,1189.48
2018-10-09 21:00:00,1189.46,1194.75,1185.25,1194.03
2018-10-10 21:00:00,1194.18,1226.30,1191.22,1224.82
2018-10-11 21:00:00,1223.21,1223.67,1215.80,1217.76
2018-10-14 21:00:00,1217.78,1233.22,1217.74,1226.81
2018-10-15 21:00:00,1227.19,1232.36,1223.40,1224.42
2018-10-16 21:00:00,1224.87,1229.43,1220.53,1222.21
2018-10-17 21:00:00,1221.96,1230.10,1218.63,1225.75
2018-10-18 21:00:00,1225.47,1230.75,1223.02,1226.38
2018-10-21 21:00:00,1228.00,1229.51,1219.97,1221.86
2018-10-22 21:00:00,1222.05,1239.71,1221.65,1230.34
2018-10-23 21:00:00,1230.87,1233.57,1225.55,1233.33
2018-10-24 21:00:00,1233.92,1239.14,1228.05,1231.86
2018-10-25 21:00:00,1232.08,1243.36,1229.98,1233.53
2018-10-28 22:00:00,1232.96,1235.34,1224.25,1229.47
2018-10-29 22:00:00,1229.55,1230.53,1219.80,1222.97
2018-10-30 22:00:00,1222.40,1222.96,1211.93,1214.48
2018-10-31 22:00:00,1215.30,1237.33,1215.26,1233.04
2018-11-01 22:00:00,1234.29,1236.37,1229.67,1232.75
2018-11-04 22:00:00,1233.14,1235.10,1226.82,1231.36
2018-11-05 22:00:00,1231.31,1235.89,1223.44,1227.03
2018-11-06 22:00:00,1227.19,1236.43,1222.93,1226.36
2018-11-07 22:00:00,1226.39,1227.03,1219.98,1223.37
2018-11-08 22:00:00,1223.25,1223.44,1206.65,1209.32
2018-11-11 22:00:00,1209.41,1211.39,1200.16,1200.16
2018-11-12 22:00:00,1201.10,1205.11,1196.21,1201.99
2018-11-13 22:00:00,1202.63,1216.49,1197.64,1210.54
2018-11-14 22:00:00,1210.99,1216.42,1207.66,1212.69
2018-11-15 22:00:00,1213.25,1225.23,1213.10,1221.20
2018-11-18 22:00:00,1221.94,1225.16,1217.97,1223.85
2018-11-19 22:00:00,1223.83,1228.70,1219.93,1221.52
2018-11-20 22:00:00,1221.85,1230.03,1219.65,1225.82
2018-11-21 22:00:00,1225.42,1229.06,1224.81,1226.96
2018-11-22 22:00:00,1226.98,1228.49,1219.88,1222.51
2018-11-25 22:00:00,1223.38,1228.07,1221.65,1222.15
2018-11-26 22:00:00,1222.38,1225.21,1211.82,1214.47
2018-11-27 22:00:00,1214.92,1226.65,1211.15,1221.06
2018-11-28 22:00:00,1220.51,1228.91,1220.42,1224.03
2018-11-29 22:00:00,1224.08,1225.49,1216.62,1221.96
2018-12-02 22:00:00,1222.91,1234.86,1221.25,1230.84
2018-12-03 22:00:00,1230.67,1241.89,1230.38,1238.54
2018-12-04 22:00:00,1238.54,1239.20,1233.25,1237.06
2018-12-05 22:00:00,1237.26,1244.29,1234.68,1237.76
2018-12-06 22:00:00,1237.72,1249.98,1237.24,1248.41
2018-12-09 22:00:00,1250.40,1250.49,1241.55,1244.09
2018-12-10 22:00:00,1244.78,1249.46,1240.96,1242.83
2018-12-11 22:00:00,1243.15,1247.19,1241.93,1245.39
2018-12-12 22:00:00,1245.73,1246.68,1240.05,1242.00
2018-12-13 22:00:00,1241.71,1242.95,1232.89,1238.00
2018-12-16 22:00:00,1237.33,1248.06,1235.47,1245.80
2018-12-17 22:00:00,1245.69,1250.33,1244.97,1249.37
2018-12-18 22:00:00,1249.78,1257.99,1241.61,1242.98
2018-12-19 22:00:00,1244.23,1266.43,1242.68,1259.69
2018-12-20 22:00:00,1260.51,1262.70,1253.85,1255.38
2018-12-23 22:00:00,1258.48,1269.75,1257.89,1268.30
2018-12-25 22:00:00,1272.38,1279.05,1264.46,1266.78
2018-12-26 22:00:00,1266.65,1278.92,1265.51,1275.50
2018-12-27 22:00:00,1275.35,1282.10,1274.20,1280.59
2018-12-30 22:00:00,1279.92,1284.02,1277.38,1280.23
2019-01-01 22:00:00,1282.21,1288.70,1278.64,1284.60
2019-01-02 22:00:00,1287.68,1294.96,1284.50,1293.97
2019-01-03 22:00:00,1293.66,1298.52,1276.54,1284.53
2019-01-06 22:00:00,1285.34,1295.03,1282.56,1288.72
2019-01-07 22:00:00,1289.16,1290.18,1279.31,1285.04
2019-01-08 22:00:00,1284.62,1293.90,1280.01,1292.93
2019-01-09 22:00:00,1292.98,1297.03,1286.03,1286.10
2019-01-10 22:00:00,1286.75,1295.12,1286.72,1287.39
2019-01-13 22:00:00,1288.04,1295.79,1287.77,1291.37
2019-01-14 22:00:00,1292.40,1294.59,1286.71,1288.92
2019-01-15 22:00:00,1289.58,1294.95,1287.78,1293.62
2019-01-16 22:00:00,1293.70,1295.33,1288.67,1291.78
2019-01-17 22:00:00,1292.24,1292.40,1280.56,1281.18
2019-01-20 22:00:00,1282.53,1283.47,1276.76,1280.03
2019-01-21 22:00:00,1280.14,1285.41,1277.35,1284.97
2019-01-22 22:00:00,1284.90,1286.47,1278.59,1282.42
2019-01-23 22:00:00,1282.78,1284.71,1276.70,1280.75
2019-01-24 22:00:00,1280.33,1303.91,1279.89,1302.79
2019-01-27 22:00:00,1302.27,1304.35,1297.56,1303.21
2019-01-28 22:00:00,1303.12,1311.94,1302.66,1311.66
2019-01-29 22:00:00,1311.51,1323.37,1308.92,1319.59
2019-01-30 22:00:00,1320.30,1326.25,1317.36,1321.05
2019-01-31 22:00:00,1320.95,1323.44,1316.06,1317.71
2019-02-03 22:00:00,1317.60,1317.89,1308.53,1311.96
2019-02-04 22:00:00,1311.76,1316.77,1310.66,1314.87
2019-02-05 22:00:00,1314.60,1315.74,1305.53,1306.33
2019-02-06 22:00:00,1307.41,1311.90,1302.73,1309.95
2019-02-07 22:00:00,1309.96,1315.60,1307.72,1313.95
2019-02-10 22:00:00,1313.14,1314.80,1303.59,1308.10
2019-02-11 22:00:00,1307.39,1314.68,1306.45,1310.57
2019-02-12 22:00:00,1311.12,1318.11,1304.94,1305.88
2019-02-13 22:00:00,1306.46,1314.31,1302.34,1312.21
2019-02-14 22:00:00,1312.61,1322.57,1311.29,1321.26
2019-02-17 22:00:00,1317.36,1327.61,1315.81,1326.06
2019-02-18 22:00:00,1326.23,1341.81,1322.81,1341.16
2019-02-19 22:00:00,1339.91,1346.66,1336.83,1338.20
2019-02-20 22:00:00,1339.03,1341.43,1320.88,1323.30
2019-02-21 22:00:00,1324.22,1333.05,1321.50,1327.56
2019-02-24 22:00:00,1327.47,1332.51,1325.07,1327.24
2019-02-25 22:00:00,1327.22,1330.15,1323.43,1328.69
2019-02-26 22:00:00,1329.03,1329.81,1316.57,1319.62
2019-02-27 22:00:00,1319.99,1327.22,1312.55,1313.08
2019-02-28 22:00:00,1314.15,1315.17,1290.12,1293.42
2019-03-03 22:00:00,1295.06,1296.96,1282.80,1286.46
2019-03-04 22:00:00,1286.88,1289.55,1281.13,1287.38
2019-03-05 22:00:00,1287.23,1290.86,1283.49,1286.15
2019-03-06 22:00:00,1286.52,1288.99,1280.77,1285.33
2019-03-07 22:00:00,1284.52,1300.69,1284.41,1298.23
2019-03-10 22:00:00,1296.85,1299.04,1290.42,1293.27
2019-03-11 22:00:00,1293.04,1302.19,1291.96,1301.15
2019-03-12 22:00:00,1300.91,1311.19,1300.87,1309.10
2019-03-13 22:00:00,1309.79,1310.31,1292.73,1296.08
2019-03-14 22:00:00,1296.09,1306.36,1293.93,1301.92
2019-03-17 22:00:00,1302.24,1306.67,1298.13,1303.41
2019-03-18 22:00:00,1303.35,1310.87,1302.27,1306.41
2019-03-19 22:00:00,1306.63,1316.98,1298.57,1312.34
2019-03-20 22:00:00,1314.15,1320.35,1303.16,1309.28
2019-03-21 22:00:00,1309.15,1314.92,1306.79,1313.07
2019-03-24 22:00:00,1312.19,1324.49,1310.91,1322.01
2019-03-25 22:00:00,1321.89,1323.21,1312.63,1315.10
2019-03-26 22:00:00,1316.56,1319.27,1308.02,1309.63
2019-03-27 22:00:00,1309.31,1312.24,1288.48,1289.87
2019-03-28 22:00:00,1291.03,1299.71,1286.66,1292.16
2019-03-31 21:00:00,1292.15,1296.97,1286.37,1287.30
2019-04-01 21:00:00,1287.35,1292.41,1285.24,1292.34
2019-04-02 21:00:00,1292.19,1294.52,1288.34,1289.66
2019-04-03 21:00:00,1290.39,1294.35,1280.88,1292.38
2019-04-04 21:00:00,1292.74,1293.53,1284.35,1291.49
2019-04-07 21:00:00,1292.17,1303.66,1291.39,1297.49
2019-04-08 21:00:00,1297.78,1306.15,1296.55,1303.90
2019-04-09 21:00:00,1304.36,1310.53,1300.90,1307.94
2019-04-10 21:00:00,1308.05,1309.13,1289.53,1292.26
2019-04-11 21:00:00,1292.42,1295.76,1290.01,1290.46
2019-04-14 21:00:00,1291.22,1291.89,1282.43,1287.57
2019-04-15 21:00:00,1287.82,1288.72,1272.89,1276.69
2019-04-16 21:00:00,1276.72,1279.71,1272.93,1273.76
2019-04-17 21:00:00,1274.26,1277.65,1271.09,1275.47
2019-04-21 21:00:00,1275.72,1279.77,1273.74,1274.70
2019-04-22 21:00:00,1275.25,1276.44,1266.21,1272.10
2019-04-23 21:00:00,1272.14,1278.49,1268.72,1275.50
2019-04-24 21:00:00,1275.62,1282.53,1273.31,1277.18
2019-04-25 21:00:00,1277.33,1288.67,1274.15,1285.95
2019-04-28 21:00:00,1285.92,1286.65,1278.01,1279.49
2019-04-29 21:00:00,1279.91,1286.14,1279.85,1283.29
2019-04-30 21:00:00,1283.13,1287.23,1272.83,1276.48
2019-05-01 21:00:00,1277.06,1277.91,1266.20,1270.48
2019-05-02 21:00:00,1270.52,1282.52,1268.13,1278.97
2019-05-05 21:00:00,1282.56,1285.77,1276.93,1280.20
2019-05-06 21:00:00,1281.33,1286.03,1278.13,1284.28
2019-05-07 21:00:00,1283.91,1291.44,1279.27,1280.49
2019-05-08 21:00:00,1281.23,1288.17,1279.56,1283.40
2019-05-09 21:00:00,1284.43,1289.37,1283.11,1285.66
2019-05-12 21:00:00,1287.13,1301.19,1281.90,1299.79
2019-05-13 21:00:00,1300.59,1303.23,1293.65,1296.76
2019-05-14 21:00:00,1297.04,1300.84,1292.99,1296.35
2019-05-15 21:00:00,1296.45,1298.72,1283.97,1286.31
2019-05-16 21:00:00,1286.54,1288.89,1274.72,1277.48
2019-05-19 21:00:00,1278.29,1278.95,1273.61,1277.63
2019-05-20 21:00:00,1277.54,1277.86,1269.41,1274.69
2019-05-21 21:00:00,1274.50,1277.26,1272.43,1273.41
2019-05-22 21:00:00,1273.64,1287.27,1272.78,1283.56
2019-05-23 21:00:00,1283.49,1285.20,1280.71,1284.80
2019-05-26 21:00:00,1285.21,1287.33,1283.72,1284.95
2019-05-27 21:00:00,1285.20,1286.51,1276.09,1279.40
2019-05-28 21:00:00,1279.39,1285.51,1279.11,1280.20
2019-05-29 21:00:00,1280.00,1289.17,1274.95,1288.41
2019-05-30 21:00:00,1288.29,1306.92,1287.93,1305.13
2019-06-02 21:00:00,1306.59,1327.92,1306.49,1324.48
2019-06-03 21:00:00,1324.89,1329.00,1319.87,1325.59
2019-06-04 21:00:00,1325.24,1344.04,1324.49,1330.09
2019-06-05 21:00:00,1332.17,1339.79,1327.18,1335.52
2019-06-06 21:00:00,1335.90,1348.23,1330.23,1340.24
2019-06-09 21:00:00,1334.62,1337.65,1325.03,1327.84
2019-06-10 21:00:00,1328.06,1329.84,1319.83,1326.65
2019-06-11 21:00:00,1326.87,1338.38,1325.98,1333.23
2019-06-12 21:00:00,1333.66,1343.09,1332.38,1341.81
2019-06-13 21:00:00,1342.27,1358.12,1337.73,1340.82
2019-06-16 21:00:00,1341.76,1343.47,1332.93,1339.48
2019-06-17 21:00:00,1340.04,1354.57,1338.59,1346.51
2019-06-18 21:00:00,1346.14,1362.54,1341.31,1359.64
2019-06-19 21:00:00,1359.47,1393.90,1357.65,1388.35
2019-06-20 21:00:00,1387.40,1411.76,1382.48,1398.68
2019-06-23 21:00:00,1399.87,1421.41,1399.42,1419.11
2019-06-24 21:00:00,1418.00,1439.21,1411.82,1423.19
2019-06-25 21:00:00,1419.69,1422.04,1401.82,1408.67
2019-06-26 21:00:00,1407.94,1412.12,1398.59,1409.10
2019-06-27 21:00:00,1408.70,1424.60,1405.63,1409.91
2019-06-30 21:00:00,1391.67,1397.72,1381.66,1383.75
2019-07-01 21:00:00,1383.94,1420.97,1383.74,1418.00
2019-07-02 21:00:00,1422.59,1437.73,1411.96,1418.41
2019-07-03 21:00:00,1420.14,1421.61,1410.13,1415.29
2019-07-04 21:00:00,1416.39,1424.15,1386.63,1398.09
2019-07-07 21:00:00,1399.09,1407.53,1391.68,1395.28
2019-07-08 21:00:00,1394.69,1399.93,1385.69,1397.51
2019-07-09 21:00:00,1395.68,1418.55,1389.81,1417.87
2019-07-10 21:00:00,1419.07,1427.07,1400.73,1403.73
2019-07-11 21:00:00,1404.51,1416.84,1403.08,1414.83
2019-07-14 21:00:00,1416.52,1419.73,1407.63,1413.70
2019-07-15 21:00:00,1414.44,1418.22,1400.68,1405.82
2019-07-16 21:00:00,1406.48,1426.75,1400.01,1426.21
2019-07-17 21:00:00,1426.30,1448.07,1414.56,1445.65
2019-07-18 21:00:00,1448.13,1452.92,1420.13,1424.96
2019-07-21 21:00:00,1426.44,1429.98,1422.18,1424.67
2019-07-22 21:00:00,1424.71,1430.21,1414.13,1417.60
2019-07-23 21:00:00,1417.19,1429.51,1416.27,1425.11
2019-07-24 21:00:00,1425.24,1433.73,1411.00,1414.11
2019-07-25 21:00:00,1414.84,1424.79,1413.40,1418.31
2019-07-28 21:00:00,1420.75,1428.11,1414.80,1426.62
2019-07-29 21:00:00,1425.73,1433.20,1422.26,1430.61
2019-07-30 21:00:00,1430.57,1434.47,1410.17,1412.23
2019-07-31 21:00:00,1415.85,1445.95,1400.44,1444.89
2019-08-01 21:00:00,1445.59,1447.93,1430.29,1440.32
2019-08-04 21:00:00,1440.29,1469.72,1436.67,1463.72
2019-08-05 21:00:00,1467.57,1474.81,1456.33,1474.27
2019-08-06 21:00:00,1474.58,1510.33,1472.18,1501.25
2019-08-07 21:00:00,1498.84,1509.53,1489.97,1500.88
2019-08-08 21:00:00,1506.34,1508.09,1494.74,1497.02
2019-08-11 21:00:00,1496.05,1519.99,1487.20,1511.72
2019-08-12 21:00:00,1510.51,1534.95,1479.77,1501.35
2019-08-13 21:00:00,1501.62,1524.03,1493.78,1516.18
2019-08-14 21:00:00,1518.59,1526.97,1507.81,1523.42
2019-08-15 21:00:00,1521.85,1527.97,1503.63,1512.10
2019-08-18 21:00:00,1509.43,1512.90,1493.18,1495.79
2019-08-19 21:00:00,1496.54,1508.55,1492.93,1507.36
2019-08-20 21:00:00,1506.52,1508.03,1496.43,1502.31
2019-08-21 21:00:00,1501.86,1504.55,1492.43,1498.16
2019-08-22 21:00:00,1498.54,1530.20,1493.47,1526.25
2019-08-25 21:00:00,1545.74,1555.21,1524.93,1527.38
2019-08-26 21:00:00,1527.27,1544.65,1525.63,1542.63
2019-08-27 21:00:00,1540.96,1546.83,1531.79,1541.01
2019-08-28 21:00:00,1539.02,1550.30,1519.52,1526.87
2019-08-29 21:00:00,1527.53,1533.11,1516.93,1520.55
2019-09-01 21:00:00,1529.39,1533.77,1519.22,1528.96
2019-09-02 21:00:00,1526.91,1549.68,1521.61,1548.70
2019-09-03 21:00:00,1546.53,1556.98,1533.78,1552.60
2019-09-04 21:00:00,1551.44,1552.95,1506.19,1518.89
2019-09-05 21:00:00,1518.45,1527.81,1502.47,1506.38
2019-09-08 21:00:00,1503.51,1515.43,1497.54,1498.81
2019-09-09 21:00:00,1498.32,1500.97,1484.45,1485.77
2019-09-10 21:00:00,1486.28,1498.23,1485.99,1496.52
2019-09-11 21:00:00,1496.74,1524.13,1489.16,1498.97
2019-09-12 21:00:00,1497.62,1508.94,1485.71,1488.55
2019-09-15 21:00:00,1500.71,1512.09,1495.83,1498.40
2019-09-16 21:00:00,1498.49,1507.03,1493.39,1501.32
2019-09-17 21:00:00,1501.47,1511.54,1482.97,1493.24
2019-09-18 21:00:00,1492.89,1504.45,1488.92,1498.47
2019-09-19 21:00:00,1499.19,1517.01,1497.89,1516.27
2019-09-22 21:00:00,1512.63,1526.77,1511.48,1522.12
2019-09-23 21:00:00,1523.09,1535.63,1515.55,1531.17
2019-09-24 21:00:00,1533.29,1535.08,1500.40,1503.64
2019-09-25 21:00:00,1503.66,1512.25,1500.25,1504.56
2019-09-26 21:00:00,1503.95,1507.34,1486.79,1496.61
2019-09-29 21:00:00,1496.25,1500.41,1464.43,1472.29
2019-09-30 21:00:00,1472.93,1487.19,1459.03,1479.38
2019-10-01 21:00:00,1480.06,1505.02,1474.44,1499.92
2019-10-02 21:00:00,1498.96,1519.48,1495.76,1504.83
2019-10-03 21:00:00,1506.04,1515.54,1495.77,1504.50
2019-10-06 21:00:00,1508.53,1509.25,1487.97,1493.27
2019-10-07 21:00:00,1493.37,1509.65,1486.81,1505.48
2019-10-08 21:00:00,1506.45,1512.34,1499.80,1505.42
2019-10-09 21:00:00,1505.70,1516.98,1491.02,1493.39
2019-10-10 21:00:00,1494.46,1503.13,1473.93,1487.93
2019-10-13 21:00:00,1486.43,1497.06,1482.77,1493.03
2019-10-14 21:00:00,1492.37,1498.53,1477.13,1481.00
2019-10-15 21:00:00,1481.09,1491.51,1476.96,1489.52
2019-10-16 21:00:00,1489.99,1497.31,1483.37,1492.23
2019-10-17 21:00:00,1491.98,1494.17,1484.81,1489.93
2019-10-20 21:00:00,1491.65,1495.17,1481.42,1484.06
2019-10-21 21:00:00,1484.53,1488.93,1480.78,1487.77
2019-10-22 21:00:00,1487.93,1496.23,1487.62,1491.75
2019-10-23 21:00:00,1491.33,1503.96,1487.93,1502.90
2019-10-24 21:00:00,1503.03,1517.93,1500.55,1504.16
2019-10-27 22:00:00,1503.29,1508.17,1489.93,1492.54
2019-10-28 22:00:00,1491.81,1494.71,1483.33,1487.90
2019-10-29 22:00:00,1487.39,1496.52,1481.08,1495.60
2019-10-30 22:00:00,1495.77,1514.19,1493.89,1512.13
2019-10-31 22:00:00,1512.49,1516.09,1503.22,1513.90
2019-11-03 22:00:00,1512.69,1514.77,1504.34,1509.48
2019-11-04 22:00:00,1508.83,1509.61,1479.31,1483.78
2019-11-05 22:00:00,1483.71,1494.13,1482.91,1490.14
2019-11-06 22:00:00,1489.79,1492.21,1460.46,1468.52
2019-11-07 22:00:00,1468.11,1472.87,1456.12,1458.72
2019-11-10 22:00:00,1460.22,1466.36,1448.15,1455.65
2019-11-11 22:00:00,1454.99,1460.32,1445.57,1456.30
2019-11-12 22:00:00,1457.29,1467.00,1456.64,1463.26
2019-11-13 22:00:00,1463.99,1474.55,1461.07,1470.97
2019-11-14 22:00:00,1471.22,1471.31,1462.37,1467.37
2019-11-17 22:00:00,1467.85,1473.89,1456.28,1470.78
2019-11-18 22:00:00,1470.65,1475.23,1464.72,1472.31
2019-11-19 22:00:00,1473.67,1478.75,1465.88,1471.05
2019-11-20 22:00:00,1474.90,1475.59,1462.28,1464.32
2019-11-21 22:00:00,1464.37,1473.18,1461.25,1461.81
2019-11-24 22:00:00,1460.39,1462.08,1454.00,1454.94
2019-11-25 22:00:00,1454.94,1462.87,1450.02,1461.30
2019-11-26 22:00:00,1461.11,1461.75,1452.45,1453.93
2019-11-27 22:00:00,1455.75,1458.26,1454.16,1455.74
2019-11-28 22:00:00,1455.39,1466.53,1452.94,1463.83
2019-12-01 22:00:00,1462.43,1465.29,1453.89,1462.45
2019-12-02 22:00:00,1461.61,1481.73,1459.78,1477.32
2019-12-03 22:00:00,1476.47,1484.01,1471.35,1474.33
2019-12-04 22:00:00,1474.37,1480.29,1472.86,1475.76
2019-12-05 22:00:00,1476.04,1479.82,1458.66,1459.53
2019-12-08 22:00:00,1458.58,1465.35,1458.48,1461.71
2019-12-09 22:00:00,1461.41,1469.17,1459.95,1464.35
2019-12-10 22:00:00,1464.16,1478.84,1462.63,1474.72
2019-12-11 22:00:00,1474.89,1486.69,1463.89,1469.40
2019-12-12 22:00:00,1466.57,1478.00,1461.73,1475.44
2019-12-15 22:00:00,1474.85,1479.85,1473.09,1475.90
2019-12-16 22:00:00,1475.89,1480.49,1474.12,1475.99
2019-12-17 22:00:00,1475.76,1479.24,1470.38,1475.45
2019-12-18 22:00:00,1475.30,1481.64,1473.19,1478.70
2019-12-19 22:00:00,1478.94,1480.94,1475.78,1477.93
2019-12-22 22:00:00,1477.96,1486.09,1477.46,1485.38
2019-12-23 22:00:00,1485.20,1500.44,1484.33,1498.99
2019-12-25 22:00:00,1503.27,1512.56,1502.27,1511.04
2019-12-26 22:00:00,1510.77,1515.29,1507.28,1510.63
2019-12-29 22:00:00,1511.16,1516.07,1510.70,1514.96
2019-12-30 22:00:00,1514.63,1525.23,1514.54,1520.21
2020-01-01 22:00:00,1520.26,1531.32,1518.38,1528.77
2020-01-02 22:00:00,1528.25,1553.43,1527.86,1551.44
2020-01-05 22:00:00,1575.89,1582.09,1560.70,1565.63
2020-01-06 22:00:00,1564.53,1577.32,1555.23,1573.24
2020-01-07 22:00:00,1575.99,1611.35,1552.22,1556.36
2020-01-08 22:00:00,1554.75,1561.29,1540.20,1552.08
2020-01-09 22:00:00,1552.91,1563.13,1545.73,1561.76
2020-01-12 22:00:00,1559.55,1560.60,1546.51,1548.34
2020-01-13 22:00:00,1548.13,1548.85,1535.96,1546.25
2020-01-14 22:00:00,1546.37,1558.17,1546.27,1556.22
2020-01-15 22:00:00,1555.18,1558.06,1547.98,1552.46
2020-01-16 22:00:00,1552.29,1561.21,1549.33,1556.83
2020-01-19 22:00:00,1559.00,1562.76,1556.35,1560.50
2020-01-20 22:00:00,1560.88,1568.59,1546.30,1557.91
2020-01-21 22:00:00,1558.01,1559.22,1550.15,1558.60
2020-01-22 22:00:00,1558.55,1567.91,1551.85,1562.80
2020-01-23 22:00:00,1561.79,1575.95,1556.49,1570.90
2020-01-26 22:00:00,1580.71,1588.28,1575.87,1581.88
2020-01-27 22:00:00,1580.91,1583.03,1565.44,1567.78
2020-01-28 22:00:00,1568.65,1578.00,1563.35,1577.11
2020-01-29 22:00:00,1575.25,1585.99,1572.22,1573.85
2020-01-30 22:00:00,1575.06,1590.48,1570.87,1588.83
2020-02-02 22:00:00,1588.65,1592.00,1569.28,1576.30
2020-02-03 22:00:00,1578.56,1579.61,1548.97,1552.74
2020-02-04 22:00:00,1553.18,1562.41,1547.38,1556.41
2020-02-05 22:00:00,1554.67,1568.23,1552.46,1566.46
2020-02-06 22:00:00,1565.81,1574.05,1560.08,1570.00
2020-02-09 22:00:00,1569.27,1577.01,1567.96,1571.87
2020-02-10 22:00:00,1572.09,1574.05,1561.92,1567.63
2020-02-11 22:00:00,1567.49,1570.46,1561.95,1565.73
2020-02-12 22:00:00,1566.13,1578.33,1565.51,1575.98
2020-02-13 22:00:00,1575.91,1585.01,1573.02,1583.69
2020-02-16 22:00:00,1581.25,1583.78,1578.85,1580.86
2020-02-17 22:00:00,1583.69,1605.05,1583.23,1601.35
2020-02-18 22:00:00,1601.17,1612.91,1599.53,1611.34
2020-02-19 22:00:00,1610.97,1623.73,1603.84,1619.26
2020-02-20 22:00:00,1619.70,1649.23,1618.92,1643.73
2020-02-23 22:00:00,1659.37,1689.25,1650.83,1658.50
2020-02-24 22:00:00,1657.47,1658.77,1624.98,1635.26
2020-02-25 22:00:00,1638.13,1654.95,1624.73,1640.50
2020-02-26 22:00:00,1641.12,1660.37,1635.19,1644.23
2020-02-27 22:00:00,1641.91,1649.46,1562.93,1584.70
2020-03-01 22:00:00,1581.79,1610.94,1575.31,1589.75
2020-03-02 22:00:00,1590.45,1649.29,1589.58,1639.48
2020-03-03 22:00:00,1642.09,1653.13,1631.81,1635.73
2020-03-04 22:00:00,1636.57,1674.57,1634.97,1671.58
2020-03-05 22:00:00,1671.61,1692.09,1641.97,1674.06
2020-03-08 22:00:00,1695.92,1703.44,1657.41,1678.15
2020-03-09 22:00:00,1667.73,1671.42,1641.49,1649.37
2020-03-10 22:00:00,1651.93,1671.24,1632.94,1636.63
2020-03-11 22:00:00,1640.10,1650.07,1560.59,1578.63
2020-03-12 22:00:00,1576.30,1597.91,1504.62,1529.78
2020-03-15 22:00:00,1543.04,1562.94,1451.13,1509.09
2020-03-16 22:00:00,1511.75,1553.85,1465.42,1527.80
2020-03-17 22:00:00,1537.29,1543.29,1472.61,1484.63
2020-03-18 22:00:00,1485.30,1500.77,1461.89,1474.34
2020-03-19 22:00:00,1467.47,1515.93,1465.83,1498.64
2020-03-22 22:00:00,1490.20,1561.08,1485.00,1552.39
2020-03-23 22:00:00,1563.45,1632.30,1557.62,1625.33
2020-03-24 22:00:00,1630.56,1638.85,1594.95,1616.35
2020-03-25 22:00:00,1612.40,1644.37,1595.26,1628.93
2020-03-26 22:00:00,1630.20,1631.06,1613.83,1622.55
2020-03-29 21:00:00,1619.97,1632.25,1610.39,1620.31
2020-03-30 21:00:00,1621.75,1622.22,1574.19,1576.78
2020-03-31 21:00:00,1571.41,1599.96,1569.33,1591.26
2020-04-01 21:00:00,1590.36,1620.17,1582.65,1611.66
2020-04-02 21:00:00,1614.39,1626.04,1605.85,1615.70
2020-04-05 21:00:00,1614.62,1669.88,1608.35,1658.19
2020-04-06 21:00:00,1664.81,1674.02,1642.16,1647.94
2020-04-07 21:00:00,1647.27,1656.87,1641.58,1645.40
2020-04-08 21:00:00,1645.41,1690.43,1643.86,1683.56
2020-04-12 21:00:00,1677.47,1723.27,1674.98,1711.98
2020-04-13 21:00:00,1712.25,1747.40,1708.56,1726.54
2020-04-14 21:00:00,1726.54,1731.11,1707.52,1716.50
2020-04-15 21:00:00,1716.49,1738.66,1708.01,1718.38
2020-04-16 21:00:00,1718.48,1718.52,1680.10,1682.14
2020-04-19 21:00:00,1683.02,1702.70,1671.55,1695.28
2020-04-20 21:00:00,1695.40,1697.86,1660.03,1683.54
2020-04-21 21:00:00,1683.79,1718.74,1680.29,1714.87
2020-04-22 21:00:00,1714.66,1738.78,1707.00,1730.31
2020-04-23 21:00:00,1730.56,1736.35,1710.36,1726.41
2020-04-26 21:00:00,1722.32,1727.59,1705.87,1714.94
2020-04-27 21:00:00,1714.90,1716.16,1691.54,1707.65
2020-04-28 21:00:00,1708.02,1717.67,1697.76,1712.89
2020-04-29 21:00:00,1712.95,1721.72,1681.24,1685.98
2020-04-30 21:00:00,1686.02,1705.47,1670.40,1699.60
2020-05-03 21:00:00,1698.03,1713.44,1691.64,1701.00
2020-05-04 21:00:00,1701.13,1712.04,1689.63,1704.71
2020-05-05 21:00:00,1704.51,1708.06,1681.14,1685.19
2020-05-06 21:00:00,1685.19,1722.01,1684.14,1715.25
2020-05-07 21:00:00,1715.52,1723.60,1701.09,1702.09
2020-05-10 21:00:00,1702.38,1711.80,1691.53,1697.64
2020-05-11 21:00:00,1697.67,1710.95,1693.61,1702.26
2020-05-12 21:00:00,1702.09,1718.08,1698.93,1715.30
2020-05-13 21:00:00,1715.31,1736.39,1711.00,1730.06
2020-05-14 21:00:00,1730.06,1751.68,1728.61,1741.85
2020-05-17 21:00:00,1747.36,1765.08,1727.50,1732.20
2020-05-18 21:00:00,1732.05,1748.03,1725.60,1744.24
2020-05-19 21:00:00,1744.07,1753.80,1742.30,1747.21
2020-05-20 21:00:00,1747.24,1748.79,1717.10,1726.76
2020-05-21 21:00:00,1726.70,1740.09,1724.25,1735.45
2020-05-24 21:00:00,1732.11,1733.34,1721.55,1728.22
2020-05-25 21:00:00,1726.06,1735.41,1708.65,1710.31
2020-05-26 21:00:00,1710.41,1715.99,1693.62,1709.57
2020-05-27 21:00:00,1709.27,1727.57,1707.27,1718.68
2020-05-28 21:00:00,1719.54,1737.69,1712.75,1730.41
2020-05-31 21:00:00,1735.40,1744.51,1726.84,1739.48
2020-06-01 21:00:00,1737.81,1745.09,1721.30,1727.45
2020-06-02 21:00:00,1727.04,1731.75,1689.21,1698.26
2020-06-03 21:00:00,1699.17,1721.73,1696.99,1712.80
2020-06-04 21:00:00,1714.75,1716.04,1670.55,1684.30
2020-06-07 21:00:00,1680.52,1700.67,1677.22,1698.39
2020-06-08 21:00:00,1700.09,1720.83,1692.11,1714.16
2020-06-09 21:00:00,1715.38,1739.75,1708.20,1737.83
2020-06-10 21:00:00,1737.94,1744.63,1721.27,1728.56
2020-06-11 21:00:00,1729.22,1743.03,1722.14,1730.57
2020-06-14 21:00:00,1730.76,1734.13,1704.11,1725.24
2020-06-15 21:00:00,1725.27,1732.84,1716.41,1726.41
2020-06-16 21:00:00,1725.00,1730.23,1712.60,1726.19
2020-06-17 21:00:00,1725.79,1737.59,1717.30,1722.48
2020-06-18 21:00:00,1722.81,1745.28,1721.17,1742.26
2020-06-21 21:00:00,1747.68,1763.20,1742.74,1754.55
2020-06-22 21:00:00,1753.97,1771.07,1747.29,1766.95
2020-06-23 21:00:00,1769.08,1779.43,1760.68,1761.28
2020-06-24 21:00:00,1759.56,1768.87,1755.26,1763.63
2020-06-25 21:00:00,1764.15,1772.03,1747.43,1769.57
2020-06-28 21:00:00,1770.32,1775.43,1765.61,1772.60
2020-06-29 21:00:00,1771.90,1785.94,1764.69,1780.54
2020-06-30 21:00:00,1781.61,1789.08,1759.22,1769.84
2020-07-01 21:00:00,1771.40,1779.39,1757.43,1774.97
2020-07-02 21:00:00,1776.49,1777.10,1772.66,1774.90
2020-07-05 21:00:00,1773.37,1787.00,1769.86,1784.25
2020-07-06 21:00:00,1785.22,1797.34,1773.47,1794.60
2020-07-07 21:00:00,1795.13,1817.92,1791.52,1808.45
2020-07-08 21:00:00,1809.37,1815.91,1795.42,1802.32
2020-07-09 21:00:00,1802.06,1810.43,1793.98,1798.57
2020-07-12 21:00:00,1799.11,1813.31,1797.73,1802.27
2020-07-13 21:00:00,1802.13,1810.84,1790.63,1808.99
2020-07-14 21:00:00,1807.97,1815.04,1802.45,1809.97
2020-07-15 21:00:00,1810.53,1813.29,1794.90,1796.84
2020-07-16 21:00:00,1798.09,1811.95,1795.75,1809.68
2020-07-19 21:00:00,1808.04,1820.53,1805.62,1817.21
2020-07-20 21:00:00,1817.92,1843.47,1815.59,1841.48
2020-07-21 21:00:00,1840.95,1872.02,1840.74,1871.22
2020-07-22 21:00:00,1873.97,1898.36,1863.64,1885.97
2020-07-23 21:00:00,1889.65,1906.50,1881.29,1901.63
2020-07-26 21:00:00,1902.64,1945.62,1902.54,1940.96
2020-07-27 21:00:00,1943.28,1981.16,1906.63,1957.98
2020-07-28 21:00:00,1962.16,1980.75,1941.33,1970.82
2020-07-29 21:00:00,1971.04,1971.32,1939.44,1957.54
2020-07-30 21:00:00,1955.50,1983.97,1955.33,1975.02
2020-08-02 21:00:00,1983.53,1984.90,1960.39,1975.98
2020-08-03 21:00:00,1977.36,2019.82,1966.66,2018.53
2020-08-04 21:00:00,2021.19,2055.57,2009.39,2038.96
2020-08-05 21:00:00,2040.28,2069.74,2034.44,2063.25
2020-08-06 21:00:00,2066.55,2074.87,2015.37,2033.15
2020-08-09 21:00:00,2026.31,2049.85,2019.15,2027.61
2020-08-10 21:00:00,2026.64,2029.92,1901.25,1912.57
2020-08-11 21:00:00,1915.36,1949.48,1862.58,1918.98
2020-08-12 21:00:00,1919.72,1966.16,1912.66,1953.64
2020-08-13 21:00:00,1951.38,1962.37,1932.07,1943.57
2020-08-16 21:00:00,1944.91,1990.68,1929.40,1984.43
2020-08-17 21:00:00,1983.17,2015.57,1975.86,2002.22
2020-08-18 21:00:00,2005.10,2006.37,1924.51,1927.66
2020-08-19 21:00:00,1931.52,1955.26,1924.54,1946.17
2020-08-20 21:00:00,1948.08,1955.97,1911.26,1938.98
2020-08-23 21:00:00,1936.69,1961.88,1923.74,1928.38
2020-08-24 21:00:00,1930.34,1937.49,1914.19,1926.87
2020-08-25 21:00:00,1928.28,1954.82,1902.64,1953.14
2020-08-26 21:00:00,1951.92,1976.53,1909.79,1928.32
2020-08-27 21:00:00,1929.98,1973.78,1923.15,1964.34
2020-08-30 21:00:00,1969.07,1976.54,1954.23,1968.22
2020-08-31 21:00:00,1968.35,1992.29,1963.35,1970.63
2020-09-01 21:00:00,1968.21,1973.26,1932.39,1943.08
2020-09-02 21:00:00,1942.01,1950.94,1921.75,1930.45
2020-09-03 21:00:00,1931.28,1948.36,1916.27,1933.09
2020-09-06 21:00:00,1932.07,1941.37,1924.44,1928.29
2020-09-07 21:00:00,1929.54,1940.84,1906.54,1931.51
2020-09-08 21:00:00,1931.59,1950.84,1919.95,1947.37
2020-09-09 21:00:00,1946.30,1966.53,1941.35,1946.01
2020-09-10 21:00:00,1946.32,1954.80,1937.12,1940.48
2020-09-13 21:00:00,1937.74,1962.56,1937.36,1956.52
2020-09-14 21:00:00,1957.68,1972.21,1948.29,1953.34
2020-09-15 21:00:00,1954.52,1973.64,1949.87,1959.15
2020-09-16 21:00:00,1959.47,1960.96,1932.87,1944.20
2020-09-17 21:00:00,1944.43,1960.10,1943.93,1950.42
2020-09-20 21:00:00,1949.75,1955.62,1882.71,1911.92
2020-09-21 21:00:00,1914.34,1920.03,1894.64,1900.34
2020-09-22 21:00:00,1900.62,1905.39,1855.67,1862.74
2020-09-23 21:00:00,1863.96,1877.15,1848.75,1868.66
2020-09-24 21:00:00,1869.77,1875.18,1852.37,1860.14
2020-09-27 21:00:00,1862.90,1882.96,1848.93,1881.84
2020-09-28 21:00:00,1881.24,1899.12,1875.49,1897.48
2020-09-29 21:00:00,1897.69,1902.27,1881.34,1885.23
2020-09-30 21:00:00,1887.32,1912.12,1884.67,1905.94
2020-10-01 21:00:00,1904.72,1917.10,1889.76,1900.58
2020-10-04 21:00:00,1903.47,1918.73,1887.05,1913.65
2020-10-05 21:00:00,1911.96,1921.09,1876.78,1877.56
2020-10-06 21:00:00,1877.88,1898.01,1872.94,1887.83
2020-10-07 21:00:00,1887.27,1900.62,1882.00,1893.50
2020-10-08 21:00:00,1893.93,1930.41,1893.58,1929.87
2020-10-11 21:00:00,1926.89,1933.18,1918.20,1922.63
2020-10-12 21:00:00,1923.88,1925.37,1886.37,1891.07
2020-10-13 21:00:00,1892.95,1912.94,1882.46,1900.49
2020-10-14 21:00:00,1901.54,1908.90,1889.48,1907.92
2020-10-15 21:00:00,1908.74,1913.92,1897.76,1898.76
2020-10-18 21:00:00,1899.71,1918.47,1896.98,1903.44
2020-10-19 21:00:00,1903.50,1914.03,1894.81,1907.53
2020-10-20 21:00:00,1910.14,1931.36,1908.41,1924.60
2020-10-21 21:00:00,1924.65,1925.94,1894.50,1903.67
2020-10-22 21:00:00,1904.81,1914.19,1894.29,1901.41
2020-10-25 22:00:00,1901.37,1908.52,1891.21,1901.68
2020-10-26 22:00:00,1902.06,1911.42,1897.84,1907.35
2020-10-27 22:00:00,1907.75,1910.87,1869.36,1876.81
2020-10-28 22:00:00,1877.70,1884.97,1859.92,1867.11
2020-10-29 22:00:00,1869.10,1889.79,1864.45,1878.37
2020-11-01 22:00:00,1879.27,1896.02,1873.41,1895.06
2020-11-02 22:00:00,1894.95,1910.55,1886.86,1908.94
2020-11-03 22:00:00,1909.17,1916.31,1881.82,1903.27
2020-11-04 22:00:00,1903.22,1952.76,1902.45,1949.17
2020-11-05 22:00:00,1946.29,1960.29,1935.59,1951.81
2020-11-08 22:00:00,1957.18,1965.46,1850.52,1863.13
2020-11-09 22:00:00,1860.97,1890.35,1860.69,1877.39
2020-11-10 22:00:00,1875.53,1884.41,1856.43,1865.50
2020-11-11 22:00:00,1866.76,1883.81,1862.69,1876.71
2020-11-12 22:00:00,1877.12,1896.75,1873.97,1889.28
2020-11-15 22:00:00,1887.89,1899.01,1864.46,1888.66
2020-11-16 22:00:00,1889.50,1893.43,1876.84,1880.19
2020-11-17 22:00:00,1881.56,1884.82,1863.47,1871.97
2020-11-18 22:00:00,1873.83,1874.13,1852.69,1866.84
2020-11-19 22:00:00,1861.33,1879.75,1860.76,1870.90
2020-11-22 22:00:00,1870.86,1876.14,1830.95,1837.49
2020-11-23 22:00:00,1838.68,1838.95,1800.25,1807.71
2020-11-24 22:00:00,1807.66,1817.63,1801.73,1807.07
2020-11-25 22:00:00,1809.01,1818.22,1805.70,1810.20
2020-11-26 22:00:00,1810.24,1813.88,1774.33,1786.76
2020-11-29 22:00:00,1789.31,1789.86,1764.38,1777.64
2020-11-30 22:00:00,1776.97,1817.27,1775.74,1815.42
2020-12-01 22:00:00,1812.97,1832.55,1807.43,1830.72
2020-12-02 22:00:00,1829.36,1843.91,1823.64,1840.98
2020-12-03 22:00:00,1841.28,1848.17,1829.11,1838.60
2020-12-06 22:00:00,1836.86,1868.50,1821.99,1863.10
2020-12-07 22:00:00,1862.91,1875.28,1860.17,1870.83
2020-12-08 22:00:00,1869.35,1870.53,1825.40,1839.41
2020-12-09 22:00:00,1838.49,1849.98,1828.62,1835.96
2020-12-10 22:00:00,1837.03,1847.66,1823.91,1839.91
2020-12-13 22:00:00,1837.07,1839.02,1818.34,1827.82
2020-12-14 22:00:00,1828.40,1855.32,1825.46,1853.67
2020-12-15 22:00:00,1853.88,1865.77,1844.71,1864.06
2020-12-16 22:00:00,1863.46,1896.19,1862.01,1886.04
2020-12-17 22:00:00,1884.71,1889.58,1877.38,1880.55
2020-12-20 22:00:00,1882.51,1906.70,1854.99,1876.25
2020-12-21 22:00:00,1879.31,1884.21,1858.93,1859.91
2020-12-22 22:00:00,1861.01,1878.56,1857.06,1872.63
2020-12-23 22:00:00,1873.39,1883.46,1869.50,1879.30
2020-12-27 22:00:00,1888.40,1900.20,1869.12,1873.05
2020-12-28 22:00:00,1875.23,1886.44,1871.71,1878.17
2020-12-29 22:00:00,1877.31,1894.04,1876.08,1893.81
2020-12-30 22:00:00,1893.47,1900.38,1885.41,1893.68
2021-01-03 22:00:00,1909.07,1944.43,1907.72,1943.23
2021-01-04 22:00:00,1941.49,1953.09,1934.31,1950.03
2021-01-05 22:00:00,1949.89,1959.29,1900.83,1918.79
2021-01-06 22:00:00,1920.94,1927.64,1906.77,1913.51
2021-01-07 22:00:00,1916.18,1917.48,1828.27,1849.04
2021-01-10 22:00:00,1854.74,1855.59,1817.00,1844.45
2021-01-11 22:00:00,1847.51,1863.80,1836.70,1855.31
2021-01-12 22:00:00,1855.04,1862.94,1841.91,1844.68
2021-01-13 22:00:00,1847.51,1857.45,1830.94,1846.46
2021-01-14 22:00:00,1847.79,1856.85,1823.39,1827.65
2021-01-17 22:00:00,1828.39,1840.72,1810.29,1837.52
2021-01-18 22:00:00,1838.41,1845.51,1833.12,1839.63
2021-01-19 22:00:00,1840.51,1871.73,1832.49,1871.42
2021-01-20 22:00:00,1871.58,1875.01,1858.32,1869.80
2021-01-21 22:00:00,1869.76,1870.81,1837.40,1854.67
2021-01-24 22:00:00,1858.02,1867.93,1847.11,1855.94
2021-01-25 22:00:00,1855.26,1861.73,1848.40,1851.43
2021-01-26 22:00:00,1851.58,1853.11,1831.35,1843.83
2021-01-27 22:00:00,1842.66,1864.00,1834.00,1842.61
2021-01-28 22:00:00,1843.12,1875.69,1839.59,1847.59
2021-01-31 22:00:00,1855.57,1871.78,1849.15,1860.55
2021-02-01 22:00:00,1859.37,1864.05,1829.53,1837.65
2021-02-02 22:00:00,1837.38,1844.98,1829.81,1834.21
2021-02-03 22:00:00,1834.12,1834.74,1784.90,1793.12
2021-02-04 22:00:00,1795.17,1815.20,1791.98,1813.40
2021-02-07 22:00:00,1817.35,1839.19,1807.77,1830.13
2021-02-08 22:00:00,1830.87,1848.56,1828.83,1837.64
2021-02-09 22:00:00,1838.59,1855.31,1834.05,1842.35
2021-02-10 22:00:00,1843.91,1847.54,1821.20,1825.47
2021-02-11 22:00:00,1826.11,1830.68,1810.52,1824.17
2021-02-14 22:00:00,1824.88,1827.02,1816.07,1818.72
2021-02-15 22:00:00,1819.62,1826.42,1789.48,1794.56
2021-02-16 22:00:00,1792.65,1795.15,1769.47,1776.70
2021-02-17 22:00:00,1776.95,1789.62,1768.42,1775.44
2021-02-18 22:00:00,1776.46,1791.63,1760.64,1783.05
2021-02-21 22:00:00,1786.78,1812.69,1780.68,1809.04
2021-02-22 22:00:00,1809.40,1816.01,1795.60,1805.07
2021-02-23 22:00:00,1806.60,1813.94,1783.63,1805.33
2021-02-24 22:00:00,1803.65,1804.23,1765.28,1770.25
2021-02-25 22:00:00,1772.25,1775.76,1717.18,1733.84
2021-02-28 22:00:00,1737.79,1759.89,1719.63,1724.79
2021-03-01 22:00:00,1723.03,1738.77,1707.20,1738.77
2021-03-02 22:00:00,1738.15,1740.49,1701.86,1711.71
2021-03-03 22:00:00,1710.88,1723.19,1690.54,1698.60
2021-03-04 22:00:00,1697.83,1707.62,1687.28,1700.76
2021-03-07 22:00:00,1706.24,1714.29,1676.82,1682.53
2021-03-08 22:00:00,1684.52,1720.58,1680.12,1715.59
2021-03-09 22:00:00,1715.33,1726.57,1708.20,1726.33
2021-03-10 22:00:00,1726.56,1739.82,1719.27,1722.38
2021-03-11 22:00:00,1721.63,1727.96,1699.21,1726.92
2021-03-14 22:00:00,1728.56,1734.54,1721.66,1732.11
2021-03-15 22:00:00,1731.86,1741.21,1726.25,1731.85
2021-03-16 22:00:00,1732.35,1751.63,1724.17,1744.54
2021-03-17 22:00:00,1748.74,1755.46,1719.25,1736.49
2021-03-18 22:00:00,1735.77,1746.72,1728.50,1745.14
2021-03-21 22:00:00,1743.80,1744.33,1727.39,1738.68
2021-03-22 22:00:00,1739.58,1742.60,1724.68,1726.89
2021-03-23 22:00:00,1727.15,1738.47,1723.79,1733.83
2021-03-24 22:00:00,1734.91,1745.43,1721.76,1726.98
2021-03-25 22:00:00,1727.94,1736.65,1721.63,1732.70
2021-03-28 21:00:00,1731.17,1732.84,1705.65,1711.81
2021-03-29 21:00:00,1712.68,1714.36,1678.77,1685.06
2021-03-30 21:00:00,1684.83,1715.34,1677.86,1707.70
2021-03-31 21:00:00,1707.40,1730.40,1705.76,1729.49
2021-04-04 21:00:00,1728.66,1733.57,1721.25,1728.36
2021-04-05 21:00:00,1728.71,1745.47,1727.16,1743.06
2021-04-06 21:00:00,1743.28,1744.32,1730.57,1737.57
2021-04-07 21:00:00,1737.56,1758.66,1733.14,1756.14
2021-04-08 21:00:00,1755.65,1757.32,1731.26,1743.46
2021-04-11 21:00:00,1742.71,1745.00,1727.48,1732.34
2021-04-12 21:00:00,1733.23,1748.99,1723.70,1745.39
2021-04-13 21:00:00,1745.66,1749.31,1732.58,1736.25
2021-04-14 21:00:00,1736.26,1769.68,1734.35,1763.50
2021-04-15 21:00:00,1763.97,1783.79,1759.72,1776.67
2021-04-18 21:00:00,1775.67,1790.03,1766.76,1770.78
2021-04-19 21:00:00,1770.90,1780.41,1763.53,1778.55
2021-04-20 21:00:00,1778.16,1797.63,1776.24,1793.92
2021-04-21 21:00:00,1793.95,1797.88,1777.45,1784.36
2021-04-22 21:00:00,1784.16,1795.95,1770.01,1776.48
2021-04-25 21:00:00,1775.48,1783.50,1768.84,1781.39
2021-04-26 21:00:00,1781.27,1785.55,1773.76,1776.70
2021-04-27 21:00:00,1776.99,1782.54,1762.62,1781.47
2021-04-28 21:00:00,1781.96,1789.98,1756.19,1772.28
2021-04-29 21:00:00,1772.61,1773.62,1764.24,1768.97
2021-05-02 21:00:00,1766.81,1797.91,1766.04,1793.04
2021-05-03 21:00:00,1792.58,1799.09,1771.01,1779.28
2021-05-04 21:00:00,1778.34,1787.97,1770.49,1787.66
2021-05-05 21:00:00,1786.80,1818.12,1782.00,1815.22
2021-05-06 21:00:00,1814.64,1843.30,1812.85,1830.85
2021-05-09 21:00:00,1833.04,1845.49,1829.97,1835.54
2021-05-10 21:00:00,1836.07,1841.80,1818.09,1836.80
2021-05-11 21:00:00,1836.83,1843.68,1813.24,1816.11
2021-05-12 21:00:00,1814.87,1828.80,1808.77,1826.93
2021-05-13 21:00:00,1827.12,1845.93,1819.77,1842.56
2021-05-16 21:00:00,1843.52,1868.41,1843.52,1866.65
2021-05-17 21:00:00,1866.69,1875.03,1863.20,1869.64
2021-05-18 21:00:00,1869.12,1890.09,1852.23,1870.15
2021-05-19 21:00:00,1870.06,1883.94,1863.86,1877.28
2021-05-20 21:00:00,1877.79,1889.41,1870.10,1881.74
2021-05-23 21:00:00,1881.41,1887.02,1875.17,1881.35
2021-05-24 21:00:00,1880.78,1900.21,1872.71,1899.18
2021-05-25 21:00:00,1898.77,1912.74,1890.77,1896.50
2021-05-26 21:00:00,1896.45,1903.67,1888.28,1896.43
2021-05-27 21:00:00,1897.40,1905.95,1882.27,1903.18
2021-05-30 21:00:00,1903.74,1910.65,1902.14,1906.62
2021-05-31 21:00:00,1907.26,1916.58,1892.37,1899.87
2021-06-01 21:00:00,1899.65,1909.09,1894.37,1908.66
2021-06-02 21:00:00,1908.45,1909.64,1865.37,1870.70
2021-06-03 21:00:00,1871.33,1896.14,1855.50,1891.51
2021-06-06 21:00:00,1890.19,1900.13,1881.57,1898.78
2021-06-07 21:00:00,1899.10,1903.67,1883.84,1893.06
2021-06-08 21:00:00,1891.72,1898.95,1887.33,1888.89
2021-06-09 21:00:00,1888.89,1899.86,1869.84,1899.64
2021-06-10 21:00:00,1898.15,1903.03,1874.44,1876.16
2021-06-13 21:00:00,1876.07,1877.62,1844.77,1866.31
2021-06-14 21:00:00,1867.53,1869.16,1851.65,1858.89
2021-06-15 21:00:00,1859.13,1862.91,1803.33,1810.21
2021-06-16 21:00:00,1813.54,1825.33,1767.30,1772.78
2021-06-17 21:00:00,1775.49,1797.14,1760.91,1764.52
2021-06-20 21:00:00,1768.64,1786.61,1766.40,1783.25
2021-06-21 21:00:00,1784.05,1790.09,1772.44,1778.63
2021-06-22 21:00:00,1779.76,1794.95,1773.33,1778.40
2021-06-23 21:00:00,1778.61,1787.97,1772.85,1774.96
2021-06-24 21:00:00,1776.26,1790.34,1773.70,1781.11
2021-06-27 21:00:00,1781.24,1785.74,1770.67,1779.03
2021-06-28 21:00:00,1778.60,1778.96,1750.69,1761.08
2021-06-29 21:00:00,1762.09,1774.39,1753.33,1769.65
2021-06-30 21:00:00,1770.03,1782.78,1765.64,1776.52
2021-07-01 21:00:00,1776.28,1795.04,1774.33,1787.33
2021-07-04 21:00:00,1787.11,1794.34,1784.47,1791.73
2021-07-05 21:00:00,1791.27,1814.97,1790.11,1797.05
2021-07-06 21:00:00,1796.31,1809.72,1793.85,1803.59
2021-07-07 21:00:00,1803.68,1818.33,1793.83,1802.35
2021-07-08 21:00:00,1802.94,1812.33,1796.38,1808.04
2021-07-11 21:00:00,1807.97,1810.82,1791.65,1806.17
2021-07-12 21:00:00,1806.26,1817.14,1798.60,1807.14
2021-07-13 21:00:00,1807.95,1829.73,1804.55,1827.99
2021-07-14 21:00:00,1827.44,1834.07,1820.22,1829.45
2021-07-15 21:00:00,1829.87,1832.00,1808.96,1811.51
2021-07-18 21:00:00,1811.29,1817.27,1794.98,1812.61
2021-07-19 21:00:00,1812.65,1824.92,1805.10,1810.24
2021-07-20 21:00:00,1810.40,1813.74,1794.68,1803.42
2021-07-21 21:00:00,1803.83,1808.04,1792.74,1806.42
2021-07-22 21:00:00,1806.98,1810.30,1789.63,1801.93
2021-07-25 21:00:00,1802.26,1811.46,1796.38,1797.65
2021-07-26 21:00:00,1797.99,1805.22,1793.60,1798.47
2021-07-27 21:00:00,1800.52,1809.82,1792.36,1807.11
2021-07-28 21:00:00,1807.34,1832.62,1807.22,1827.79
2021-07-29 21:00:00,1828.79,1831.34,1810.20,1814.28
2021-08-01 21:00:00,1814.60,1819.51,1805.78,1813.11
2021-08-02 21:00:00,1813.49,1814.99,1807.12,1810.12
2021-08-03 21:00:00,1810.26,1831.65,1806.40,1811.60
2021-08-04 21:00:00,1812.03,1814.81,1797.83,1803.73
2021-08-05 21:00:00,1804.65,1804.72,1758.65,1763.18
2021-08-08 21:00:00,1761.08,1762.27,1683.20,1729.58
2021-08-09 21:00:00,1728.91,1738.27,1717.71,1728.74
2021-08-10 21:00:00,1729.71,1754.37,1724.08,1751.50
2021-08-11 21:00:00,1751.32,1758.15,1741.58,1752.86
2021-08-12 21:00:00,1753.17,1779.79,1751.69,1779.70
2021-08-15 21:00:00,1779.08,1789.28,1770.80,1787.24
2021-08-16 21:00:00,1787.22,1795.46,1780.53,1785.80
2021-08-17 21:00:00,1786.30,1793.75,1777.32,1787.68
2021-08-18 21:00:00,1787.37,1792.44,1774.41,1780.00
2021-08-19 21:00:00,1780.14,1788.37,1778.33,1780.94
2021-08-22 21:00:00,1781.52,1806.42,1776.44,1805.18
2021-08-23 21:00:00,1805.41,1809.51,1800.70,1802.83
2021-08-24 21:00:00,1802.42,1802.78,1782.57,1790.33
2021-08-25 21:00:00,1791.03,1798.12,1780.07,1791.69
2021-08-26 21:00:00,1792.42,1819.09,1784.01,1817.85
2021-08-29 21:00:00,1818.18,1823.24,1807.76,1810.13
2021-08-30 21:00:00,1810.00,1819.15,1801.71,1814.26
2021-08-31 21:00:00,1814.47,1820.03,1808.72,1813.77
2021-09-01 21:00:00,1813.97,1817.15,1804.86,1809.55
2021-09-02 21:00:00,1809.49,1833.95,1808.94,1827.59
2021-09-05 21:00:00,1828.29,1830.24,1821.42,1823.14
2021-09-06 21:00:00,1823.53,1827.22,1792.04,1793.92
2021-09-07 21:00:00,1795.12,1802.11,1782.43,1789.29
2021-09-08 21:00:00,1789.54,1800.90,1783.86,1794.36
2021-09-09 21:00:00,1793.87,1803.77,1787.24,1787.81
2021-09-12 21:00:00,1787.35,1798.43,1783.64,1793.37
2021-09-13 21:00:00,1793.38,1808.58,1779.60,1804.69
2021-09-14 21:00:00,1803.86,1806.94,1790.75,1793.73
2021-09-15 21:00:00,1794.12,1796.20,1745.24,1752.72
2021-09-16 21:00:00,1753.57,1767.47,1747.38,1753.92
2021-09-19 21:00:00,1754.22,1767.05,1742.07,1764.82
2021-09-20 21:00:00,1764.46,1781.69,1757.97,1773.89
2021-09-21 21:00:00,1774.86,1787.21,1764.72,1767.99
2021-09-22 21:00:00,1768.62,1776.56,1737.43,1742.48
2021-09-23 21:00:00,1744.64,1757.71,1740.49,1749.72
2021-09-26 21:00:00,1749.81,1760.82,1744.84,1750.15
2021-09-27 21:00:00,1750.67,1754.49,1728.10,1733.53
2021-09-28 21:00:00,1734.20,1745.48,1721.65,1726.46
2021-09-29 21:00:00,1726.64,1764.12,1722.24,1757.16
2021-09-30 21:00:00,1755.82,1764.28,1749.77,1760.15
2021-10-03 21:00:00,1760.79,1770.50,1747.79,1769.35
2021-10-04 21:00:00,1768.61,1769.33,1748.66,1759.87
2021-10-05 21:00:00,1760.02,1765.03,1745.95,1762.87
2021-10-06 21:00:00,1762.95,1766.91,1751.97,1754.91
2021-10-07 21:00:00,1755.94,1781.27,1753.45,1757.10
2021-10-10 21:00:00,1756.97,1760.97,1750.18,1754.11
2021-10-11 21:00:00,1753.79,1769.31,1750.80,1760.19
2021-10-12 21:00:00,1760.70,1796.15,1757.91,1792.75
2021-10-13 21:00:00,1793.03,1800.57,1786.75,1795.92
2021-10-14 21:00:00,1796.02,1796.47,1764.93,1767.42
2021-10-17 21:00:00,1767.18,1772.04,1760.31,1764.53
2021-10-18 21:00:00,1764.93,1785.11,1763.00,1768.99
2021-10-19 21:00:00,1769.43,1788.44,1766.90,1782.06
2021-10-20 21:00:00,1782.65,1789.44,1776.53,1783.32
2021-10-21 21:00:00,1783.37,1813.79,1782.89,1792.67
2021-10-24 21:00:00,1792.93,1809.99,1792.25,1807.43
2021-10-25 21:00:00,1807.45,1808.39,1782.45,1793.00
2021-10-26 21:00:00,1793.08,1799.05,1783.54,1796.89
2021-10-27 21:00:00,1796.75,1810.38,1792.25,1798.81
2021-10-28 21:00:00,1799.49,1801.20,1771.98,1782.98
2021-10-31 22:00:00,1783.36,1795.79,1779.12,1793.20
2021-11-01 22:00:00,1792.82,1796.40,1786.41,1787.84
2021-11-02 22:00:00,1787.63,1788.20,1758.07,1769.89
2021-11-03 22:00:00,1771.35,1798.90,1770.86,1791.71
2021-11-04 22:00:00,1791.11,1818.27,1785.10,1817.84
2021-11-07 22:00:00,1815.69,1826.44,1812.46,1824.14
2021-11-08 22:00:00,1824.28,1832.70,1819.23,1831.68
2021-11-09 22:00:00,1831.60,1868.55,1822.32,1848.97
2021-11-10 22:00:00,1848.98,1866.00,1842.88,1861.77
2021-11-11 22:00:00,1861.75,1868.61,1845.20,1864.35
2021-11-14 22:00:00,1866.79,1870.30,1856.38,1862.71
2021-11-15 22:00:00,1863.07,1877.23,1849.67,1849.98
2021-11-16 22:00:00,1850.24,1868.03,1849.53,1867.39
2021-11-17 22:00:00,1866.24,1870.94,1855.03,1858.81
2021-11-18 22:00:00,1859.19,1865.72,1843.00,1845.70
2021-11-21 22:00:00,1842.19,1849.15,1802.28,1804.77
2021-11-22 22:00:00,1808.00,1812.45,1782.00,1789.28
2021-11-23 22:00:00,1789.10,1796.34,1778.54,1788.64
2021-11-24 22:00:00,1787.93,1795.04,1786.01,1788.42
2021-11-25 22:00:00,1790.47,1815.55,1780.40,1790.86
2021-11-28 22:00:00,1788.53,1799.39,1777.64,1784.96
2021-11-29 22:00:00,1785.12,1808.74,1769.82,1774.43
2021-11-30 22:00:00,1775.91,1794.41,1772.17,1781.88
2021-12-01 22:00:00,1781.48,1783.38,1761.97,1768.40
2021-12-02 22:00:00,1769.67,1786.12,1766.15,1783.88
2021-12-05 22:00:00,1782.00,1787.71,1775.74,1778.37
2021-12-06 22:00:00,1778.93,1787.68,1772.35,1784.16
2021-12-07 22:00:00,1784.60,1793.15,1779.64,1782.49
2021-12-08 22:00:00,1783.08,1787.64,1773.27,1775.13
2021-12-09 22:00:00,1775.99,1789.41,1770.10,1782.82
2021-12-12 22:00:00,1782.77,1791.57,1781.83,1786.99
2021-12-13 22:00:00,1785.95,1789.53,1766.43,1770.58
2021-12-14 22:00:00,1771.44,1780.85,1752.34,1777.09
2021-12-15 22:00:00,1778.34,1799.55,1775.54,1799.02
2021-12-16 22:00:00,1798.39,1814.28,1795.94,1797.98
2021-12-19 22:00:00,1800.31,1804.21,1788.29,1790.30
2021-12-20 22:00:00,1790.80,1800.52,1785.00,1788.63
2021-12-21 22:00:00,1788.87,1804.92,1785.86,1803.54
2021-12-22 22:00:00,1803.13,1810.63,1798.90,1807.76
2021-12-26 22:00:00,1805.97,1813.47,1802.92,1811.82
2021-12-27 22:00:00,1811.55,1820.18,1805.05,1806.13
2021-12-28 22:00:00,1806.56,1807.71,1789.47,1803.90
2021-12-29 22:00:00,1803.71,1817.21,1796.12,1815.08
2021-12-30 22:00:00,1814.64,1828.57,1814.20,1828.27
2022-01-02 22:00:00,1830.63,1831.82,1798.32,1801.20
2022-01-03 22:00:00,1802.46,1816.74,1798.51,1814.36
2022-01-04 22:00:00,1813.84,1829.60,1808.32,1810.53
2022-01-05 22:00:00,1810.06,1811.58,1786.50,1789.72
2022-01-06 22:00:00,1791.18,1798.63,1782.64,1796.30
2022-01-09 22:00:00,1794.95,1802.32,1790.36,1801.69
2022-01-10 22:00:00,1800.41,1823.25,1799.97,1821.43
2022-01-11 22:00:00,1820.14,1828.01,1814.71,1826.14
2022-01-12 22:00:00,1825.78,1828.14,1812.35,1822.71
2022-01-13 22:00:00,1821.49,1829.18,1814.70,1817.54
2022-01-16 22:00:00,1817.35,1823.17,1813.20,1819.11
2022-01-17 22:00:00,1818.27,1822.78,1805.79,1813.70
2022-01-18 22:00:00,1814.08,1843.32,1810.25,1840.63
2022-01-19 22:00:00,1840.20,1847.92,1835.95,1839.53
2022-01-20 22:00:00,1839.26,1843.24,1828.39,1834.63
2022-01-23 22:00:00,1832.90,1844.38,1829.72,1843.16
2022-01-24 22:00:00,1842.85,1853.90,1834.94,1847.69
2022-01-25 22:00:00,1847.49,1850.06,1815.03,1818.84
2022-01-26 22:00:00,1819.89,1822.12,1791.84,1796.70
2022-01-27 22:00:00,1797.30,1799.42,1780.30,1791.58
2022-01-30 22:00:00,1788.96,1799.89,1785.57,1796.88
2022-01-31 22:00:00,1797.51,1808.79,1795.77,1800.90
2022-02-01 22:00:00,1801.02,1810.77,1794.51,1806.86
2022-02-02 22:00:00,1806.94,1808.93,1788.66,1804.88
2022-02-03 22:00:00,1804.80,1814.88,1792.14,1807.84
2022-02-06 22:00:00,1808.53,1823.54,1807.84,1820.48
2022-02-07 22:00:00,1821.20,1828.75,1815.43,1826.03
2022-02-08 22:00:00,1825.75,1835.80,1824.73,1832.87
2022-02-09 22:00:00,1832.74,1841.92,1821.68,1826.75
2022-02-10 22:00:00,1827.28,1865.45,1820.92,1858.98
2022-02-13 22:00:00,1855.86,1874.16,1850.82,1871.74
2022-02-14 22:00:00,1870.57,1879.51,1844.49,1853.36
2022-02-15 22:00:00,1853.83,1872.57,1850.33,1869.00
2022-02-16 22:00:00,1869.85,1901.13,1867.81,1898.25
2022-02-17 22:00:00,1898.69,1902.51,1886.58,1897.34
2022-02-20 22:00:00,1902.54,1908.26,1887.62,1903.46
2022-02-21 22:00:00,1912.00,1913.98,1891.38,1898.50
2022-02-22 22:00:00,1898.91,1910.49,1889.62,1908.08
2022-02-23 22:00:00,1909.79,1974.52,1878.00,1903.77
2022-02-24 22:00:00,1906.50,1921.42,1882.86,1888.25
2022-02-27 22:00:00,1919.79,1926.69,1890.86,1908.26
2022-02-28 22:00:00,1908.30,1950.17,1901.39,1945.17
2022-03-01 22:00:00,1942.98,1947.87,1913.42,1927.61
2022-03-02 22:00:00,1929.27,1941.18,1922.08,1936.62
2022-03-03 22:00:00,1936.72,1970.19,1929.56,1969.74
